condition,pct,seed,dataset,layer,n_ablated_per_layer,freq_auroc,freq_auroc_std,freq_accuracy
clean,0.0,0,emotion,0,0,0.9716446124763705,0.011151516978262879,0.9304347826086955
clean,0.0,0,emotion,1,0,0.9742911153119092,0.010799891763391887,0.9130434782608695
clean,0.0,0,emotion,2,0,0.975803402646503,0.006909514889412871,0.917391304347826
clean,0.0,0,emotion,3,0,0.9758034026465028,0.008055680813861042,0.9217391304347826
clean,0.0,0,emotion,4,0,0.9814744801512287,0.006909514889412917,0.9217391304347826
clean,0.0,0,emotion,5,0,0.980718336483932,0.008143916532528548,0.9304347826086957
clean,0.0,0,emotion,6,0,0.9780718336483932,0.007232940064162188,0.9347826086956521
clean,0.0,0,emotion,7,0,0.9765595463137997,0.007984390201112584,0.9391304347826088
clean,0.0,0,emotion,8,0,0.9792060491493384,0.00560771152143338,0.9521739130434783
clean,0.0,0,emotion,9,0,0.9799621928166351,0.004409037349599469,0.9260869565217392
clean,0.0,0,emotion,10,0,0.9810964083175804,0.007272356923127168,0.9217391304347826
clean,0.0,0,emotion,11,0,0.9814744801512287,0.0025078448320267916,0.9304347826086957
clean,0.0,0,emotion,12,0,0.9795841209829869,0.001852166157113952,0.9260869565217391
clean,0.0,0,emotion,13,0,0.9739130434782609,0.006699449960933603,0.9086956521739131
clean,0.0,0,emotion,14,0,0.9633270321361058,0.01543163072359817,0.8695652173913043
clean,0.0,0,emotion,15,0,0.9262759924385634,0.03463022426481511,0.8304347826086957
circuit,5.0,0,emotion,0,409,0.9716446124763705,0.011151516978262879,0.9304347826086955
circuit,5.0,0,emotion,1,409,0.9742911153119092,0.010799891763391887,0.9130434782608695
circuit,5.0,0,emotion,2,409,0.975803402646503,0.006909514889412871,0.917391304347826
circuit,5.0,0,emotion,3,409,0.9758034026465028,0.008055680813861042,0.9217391304347826
circuit,5.0,0,emotion,4,409,0.9814744801512287,0.006909514889412917,0.9217391304347826
circuit,5.0,0,emotion,5,409,0.980718336483932,0.008143916532528548,0.9304347826086957
circuit,5.0,0,emotion,6,409,0.9780718336483932,0.007232940064162188,0.9347826086956521
circuit,5.0,0,emotion,7,409,0.9765595463137997,0.007984390201112584,0.9391304347826088
circuit,5.0,0,emotion,8,409,0.9792060491493384,0.00560771152143338,0.9521739130434783
circuit,5.0,0,emotion,9,409,0.9799621928166351,0.004409037349599469,0.9260869565217392
circuit,5.0,0,emotion,10,409,0.9810964083175804,0.007272356923127168,0.9217391304347826
circuit,5.0,0,emotion,11,409,0.9841209829867674,0.004871114830519893,0.9260869565217391
circuit,5.0,0,emotion,12,409,0.9750472589792061,0.0038555913146259614,0.9217391304347826
circuit,5.0,0,emotion,13,409,0.9682419659735348,0.005128415866257268,0.8826086956521738
circuit,5.0,0,emotion,14,409,0.947069943289225,0.013579043475287697,0.8565217391304347
circuit,5.0,0,emotion,15,409,0.9247637051039697,0.01738308345190571,0.8130434782608695
circuit,10.0,0,emotion,0,819,0.9716446124763705,0.011151516978262879,0.9304347826086955
circuit,10.0,0,emotion,1,819,0.9742911153119092,0.010799891763391887,0.9130434782608695
circuit,10.0,0,emotion,2,819,0.975803402646503,0.006909514889412871,0.917391304347826
circuit,10.0,0,emotion,3,819,0.9758034026465028,0.008055680813861042,0.9217391304347826
circuit,10.0,0,emotion,4,819,0.9814744801512287,0.006909514889412917,0.9217391304347826
circuit,10.0,0,emotion,5,819,0.980718336483932,0.008143916532528548,0.9304347826086957
circuit,10.0,0,emotion,6,819,0.9780718336483932,0.007232940064162188,0.9347826086956521
circuit,10.0,0,emotion,7,819,0.9765595463137997,0.007984390201112584,0.9391304347826088
circuit,10.0,0,emotion,8,819,0.9792060491493384,0.00560771152143338,0.9521739130434783
circuit,10.0,0,emotion,9,819,0.9799621928166351,0.004409037349599469,0.9260869565217392
circuit,10.0,0,emotion,10,819,0.9810964083175804,0.007272356923127168,0.9217391304347826
circuit,10.0,0,emotion,11,819,0.9829867674858223,0.0057337432469198755,0.9260869565217391
circuit,10.0,0,emotion,12,819,0.9769376181474481,0.002778249235670928,0.9217391304347826
circuit,10.0,0,emotion,13,819,0.9705103969754253,0.005293005671077475,0.8826086956521738
circuit,10.0,0,emotion,14,819,0.9557655954631381,0.015198299616061825,0.8739130434782609
circuit,10.0,0,emotion,15,819,0.9353497164461247,0.01601347340986565,0.8304347826086957
circuit,25.0,0,emotion,0,2048,0.9716446124763705,0.011151516978262879,0.9304347826086955
circuit,25.0,0,emotion,1,2048,0.9742911153119092,0.010799891763391887,0.9130434782608695
circuit,25.0,0,emotion,2,2048,0.975803402646503,0.006909514889412871,0.917391304347826
circuit,25.0,0,emotion,3,2048,0.9758034026465028,0.008055680813861042,0.9217391304347826
circuit,25.0,0,emotion,4,2048,0.9814744801512287,0.006909514889412917,0.9217391304347826
circuit,25.0,0,emotion,5,2048,0.980718336483932,0.008143916532528548,0.9304347826086957
circuit,25.0,0,emotion,6,2048,0.9780718336483932,0.007232940064162188,0.9347826086956521
circuit,25.0,0,emotion,7,2048,0.9765595463137997,0.007984390201112584,0.9391304347826088
circuit,25.0,0,emotion,8,2048,0.9792060491493384,0.00560771152143338,0.9521739130434783
circuit,25.0,0,emotion,9,2048,0.9799621928166351,0.004409037349599469,0.9260869565217392
circuit,25.0,0,emotion,10,2048,0.9810964083175804,0.007272356923127168,0.9217391304347826
circuit,25.0,0,emotion,11,2048,0.982608695652174,0.005399945881695906,0.9304347826086955
circuit,25.0,0,emotion,12,2048,0.9769376181474481,0.004376497883852635,0.9304347826086955
circuit,25.0,0,emotion,13,2048,0.9724007561436674,0.005293005671077469,0.917391304347826
circuit,25.0,0,emotion,14,2048,0.963327032136106,0.0060491493383742646,0.8869565217391304
circuit,25.0,0,emotion,15,2048,0.9580340264650283,0.009368250807836575,0.8652173913043478
circuit,50.0,0,emotion,0,4096,0.9716446124763705,0.011151516978262879,0.9304347826086955
circuit,50.0,0,emotion,1,4096,0.9742911153119092,0.010799891763391887,0.9130434782608695
circuit,50.0,0,emotion,2,4096,0.975803402646503,0.006909514889412871,0.917391304347826
circuit,50.0,0,emotion,3,4096,0.9758034026465028,0.008055680813861042,0.9217391304347826
circuit,50.0,0,emotion,4,4096,0.9814744801512287,0.006909514889412917,0.9217391304347826
circuit,50.0,0,emotion,5,4096,0.980718336483932,0.008143916532528548,0.9304347826086957
circuit,50.0,0,emotion,6,4096,0.9780718336483932,0.007232940064162188,0.9347826086956521
circuit,50.0,0,emotion,7,4096,0.9765595463137997,0.007984390201112584,0.9391304347826088
circuit,50.0,0,emotion,8,4096,0.9792060491493384,0.00560771152143338,0.9521739130434783
circuit,50.0,0,emotion,9,4096,0.9799621928166351,0.004409037349599469,0.9260869565217392
circuit,50.0,0,emotion,10,4096,0.9810964083175804,0.007272356923127168,0.9217391304347826
circuit,50.0,0,emotion,11,4096,0.9829867674858225,0.004929453614519948,0.9391304347826086
circuit,50.0,0,emotion,12,4096,0.9810964083175804,0.004630415392784843,0.9260869565217391
circuit,50.0,0,emotion,13,4096,0.9788279773156899,0.0014146152691016927,0.9260869565217391
circuit,50.0,0,emotion,14,4096,0.9727788279773157,0.007331084850535056,0.8913043478260869
circuit,50.0,0,emotion,15,4096,0.9629489603024576,0.01187169638420233,0.8782608695652174
circuit_pos,5.0,0,emotion,0,409,0.9716446124763705,0.011151516978262879,0.9304347826086955
circuit_pos,5.0,0,emotion,1,409,0.9742911153119092,0.010799891763391887,0.9130434782608695
circuit_pos,5.0,0,emotion,2,409,0.975803402646503,0.006909514889412871,0.917391304347826
circuit_pos,5.0,0,emotion,3,409,0.9758034026465028,0.008055680813861042,0.9217391304347826
circuit_pos,5.0,0,emotion,4,409,0.9814744801512287,0.006909514889412917,0.9217391304347826
circuit_pos,5.0,0,emotion,5,409,0.980718336483932,0.008143916532528548,0.9304347826086957
circuit_pos,5.0,0,emotion,6,409,0.9780718336483932,0.007232940064162188,0.9347826086956521
circuit_pos,5.0,0,emotion,7,409,0.9765595463137997,0.007984390201112584,0.9391304347826088
circuit_pos,5.0,0,emotion,8,409,0.9792060491493384,0.00560771152143338,0.9521739130434783
circuit_pos,5.0,0,emotion,9,409,0.9799621928166351,0.004409037349599469,0.9260869565217392
circuit_pos,5.0,0,emotion,10,409,0.9810964083175804,0.007272356923127168,0.9217391304347826
circuit_pos,5.0,0,emotion,11,409,0.982608695652174,0.004376497883852639,0.9260869565217391
circuit_pos,5.0,0,emotion,12,409,0.9746691871455576,0.002268431001890381,0.9130434782608695
circuit_pos,5.0,0,emotion,13,409,0.9652173913043478,0.003892487765968582,0.8869565217391304
circuit_pos,5.0,0,emotion,14,409,0.9474480151228732,0.013963089083266062,0.8565217391304347
circuit_pos,5.0,0,emotion,15,409,0.906616257088847,0.015569951063874456,0.8173913043478261
circuit_pos,10.0,0,emotion,0,819,0.9716446124763705,0.011151516978262879,0.9304347826086955
circuit_pos,10.0,0,emotion,1,819,0.9742911153119092,0.010799891763391887,0.9130434782608695
circuit_pos,10.0,0,emotion,2,819,0.975803402646503,0.006909514889412871,0.917391304347826
circuit_pos,10.0,0,emotion,3,819,0.9758034026465028,0.008055680813861042,0.9217391304347826
circuit_pos,10.0,0,emotion,4,819,0.9814744801512287,0.006909514889412917,0.9217391304347826
circuit_pos,10.0,0,emotion,5,819,0.980718336483932,0.008143916532528548,0.9304347826086957
circuit_pos,10.0,0,emotion,6,819,0.9780718336483932,0.007232940064162188,0.9347826086956521
circuit_pos,10.0,0,emotion,7,819,0.9765595463137997,0.007984390201112584,0.9391304347826088
circuit_pos,10.0,0,emotion,8,819,0.9792060491493384,0.00560771152143338,0.9521739130434783
circuit_pos,10.0,0,emotion,9,819,0.9799621928166351,0.004409037349599469,0.9260869565217392
circuit_pos,10.0,0,emotion,10,819,0.9810964083175804,0.007272356923127168,0.9217391304347826
circuit_pos,10.0,0,emotion,11,819,0.9810964083175804,0.004929453614519932,0.9304347826086955
circuit_pos,10.0,0,emotion,12,819,0.9731568998109641,0.0027782492356708886,0.9173913043478261
circuit_pos,10.0,0,emotion,13,819,0.9640831758034025,0.0026733715734840583,0.8913043478260871
circuit_pos,10.0,0,emotion,14,819,0.9429111531190927,0.0093682508078366,0.8608695652173914
circuit_pos,10.0,0,emotion,15,819,0.8956521739130435,0.014613344491559663,0.7913043478260869
circuit_pos,25.0,0,emotion,0,2048,0.9716446124763705,0.011151516978262879,0.9304347826086955
circuit_pos,25.0,0,emotion,1,2048,0.9742911153119092,0.010799891763391887,0.9130434782608695
circuit_pos,25.0,0,emotion,2,2048,0.975803402646503,0.006909514889412871,0.917391304347826
circuit_pos,25.0,0,emotion,3,2048,0.9758034026465028,0.008055680813861042,0.9217391304347826
circuit_pos,25.0,0,emotion,4,2048,0.9814744801512287,0.006909514889412917,0.9217391304347826
circuit_pos,25.0,0,emotion,5,2048,0.980718336483932,0.008143916532528548,0.9304347826086957
circuit_pos,25.0,0,emotion,6,2048,0.9780718336483932,0.007232940064162188,0.9347826086956521
circuit_pos,25.0,0,emotion,7,2048,0.9765595463137997,0.007984390201112584,0.9391304347826088
circuit_pos,25.0,0,emotion,8,2048,0.9792060491493384,0.00560771152143338,0.9521739130434783
circuit_pos,25.0,0,emotion,9,2048,0.9799621928166351,0.004409037349599469,0.9260869565217392
circuit_pos,25.0,0,emotion,10,2048,0.9810964083175804,0.007272356923127168,0.9217391304347826
circuit_pos,25.0,0,emotion,11,2048,0.9799621928166353,0.004243845807305009,0.9304347826086955
circuit_pos,25.0,0,emotion,12,2048,0.9731568998109641,0.008403066454023807,0.9260869565217391
circuit_pos,25.0,0,emotion,13,2048,0.9652173913043478,0.008752995767705255,0.9
circuit_pos,25.0,0,emotion,14,2048,0.9417769376181475,0.01495177310645384,0.8652173913043478
circuit_pos,25.0,0,emotion,15,2048,0.8854442344045369,0.018963986697897128,0.7869565217391303
circuit_pos,50.0,0,emotion,0,4096,0.9716446124763705,0.011151516978262879,0.9304347826086955
circuit_pos,50.0,0,emotion,1,4096,0.9742911153119092,0.010799891763391887,0.9130434782608695
circuit_pos,50.0,0,emotion,2,4096,0.975803402646503,0.006909514889412871,0.917391304347826
circuit_pos,50.0,0,emotion,3,4096,0.9758034026465028,0.008055680813861042,0.9217391304347826
circuit_pos,50.0,0,emotion,4,4096,0.9814744801512287,0.006909514889412917,0.9217391304347826
circuit_pos,50.0,0,emotion,5,4096,0.980718336483932,0.008143916532528548,0.9304347826086957
circuit_pos,50.0,0,emotion,6,4096,0.9780718336483932,0.007232940064162188,0.9347826086956521
circuit_pos,50.0,0,emotion,7,4096,0.9765595463137997,0.007984390201112584,0.9391304347826088
circuit_pos,50.0,0,emotion,8,4096,0.9792060491493384,0.00560771152143338,0.9521739130434783
circuit_pos,50.0,0,emotion,9,4096,0.9799621928166351,0.004409037349599469,0.9260869565217392
circuit_pos,50.0,0,emotion,10,4096,0.9810964083175804,0.007272356923127168,0.9217391304347826
circuit_pos,50.0,0,emotion,11,4096,0.9780718336483932,0.0038924877659686206,0.9304347826086955
circuit_pos,50.0,0,emotion,12,4096,0.9742911153119094,0.0063937748677836345,0.9260869565217391
circuit_pos,50.0,0,emotion,13,4096,0.963327032136106,0.009756890662052122,0.9086956521739131
circuit_pos,50.0,0,emotion,14,4096,0.9482041587901702,0.017432350674326653,0.8782608695652174
circuit_pos,50.0,0,emotion,15,4096,0.9073724007561438,0.010626441831799765,0.7956521739130435
circuit_neg,5.0,0,emotion,0,409,0.9716446124763705,0.011151516978262879,0.9304347826086955
circuit_neg,5.0,0,emotion,1,409,0.9742911153119092,0.010799891763391887,0.9130434782608695
circuit_neg,5.0,0,emotion,2,409,0.975803402646503,0.006909514889412871,0.917391304347826
circuit_neg,5.0,0,emotion,3,409,0.9758034026465028,0.008055680813861042,0.9217391304347826
circuit_neg,5.0,0,emotion,4,409,0.9814744801512287,0.006909514889412917,0.9217391304347826
circuit_neg,5.0,0,emotion,5,409,0.980718336483932,0.008143916532528548,0.9304347826086957
circuit_neg,5.0,0,emotion,6,409,0.9780718336483932,0.007232940064162188,0.9347826086956521
circuit_neg,5.0,0,emotion,7,409,0.9765595463137997,0.007984390201112584,0.9391304347826088
circuit_neg,5.0,0,emotion,8,409,0.9792060491493384,0.00560771152143338,0.9521739130434783
circuit_neg,5.0,0,emotion,9,409,0.9799621928166351,0.004409037349599469,0.9260869565217392
circuit_neg,5.0,0,emotion,10,409,0.9810964083175804,0.007272356923127168,0.9217391304347826
circuit_neg,5.0,0,emotion,11,409,0.982608695652174,0.0030245746691871436,0.9260869565217391
circuit_neg,5.0,0,emotion,12,409,0.9803402646502836,0.003506093949147704,0.9347826086956521
circuit_neg,5.0,0,emotion,13,409,0.9769376181474481,0.006371379790681574,0.9217391304347826
circuit_neg,5.0,0,emotion,14,409,0.9724007561436674,0.0037043323142278563,0.8956521739130434
circuit_neg,5.0,0,emotion,15,409,0.9550094517958412,0.018304300093626005,0.8608695652173914
circuit_neg,10.0,0,emotion,0,819,0.9716446124763705,0.011151516978262879,0.9304347826086955
circuit_neg,10.0,0,emotion,1,819,0.9742911153119092,0.010799891763391887,0.9130434782608695
circuit_neg,10.0,0,emotion,2,819,0.975803402646503,0.006909514889412871,0.917391304347826
circuit_neg,10.0,0,emotion,3,819,0.9758034026465028,0.008055680813861042,0.9217391304347826
circuit_neg,10.0,0,emotion,4,819,0.9814744801512287,0.006909514889412917,0.9217391304347826
circuit_neg,10.0,0,emotion,5,819,0.980718336483932,0.008143916532528548,0.9304347826086957
circuit_neg,10.0,0,emotion,6,819,0.9780718336483932,0.007232940064162188,0.9347826086956521
circuit_neg,10.0,0,emotion,7,819,0.9765595463137997,0.007984390201112584,0.9391304347826088
circuit_neg,10.0,0,emotion,8,819,0.9792060491493384,0.00560771152143338,0.9521739130434783
circuit_neg,10.0,0,emotion,9,819,0.9799621928166351,0.004409037349599469,0.9260869565217392
circuit_neg,10.0,0,emotion,10,819,0.9810964083175804,0.007272356923127168,0.9217391304347826
circuit_neg,10.0,0,emotion,11,819,0.9833648393194707,0.0030245746691871353,0.9260869565217391
circuit_neg,10.0,0,emotion,12,819,0.982608695652174,0.0022045186747997564,0.9304347826086955
circuit_neg,10.0,0,emotion,13,819,0.9799621928166353,0.006826264682520929,0.9217391304347826
circuit_neg,10.0,0,emotion,14,819,0.9780718336483932,0.005683665927551207,0.8956521739130434
circuit_neg,10.0,0,emotion,15,819,0.958790170132325,0.015282709210894344,0.8652173913043478
circuit_neg,25.0,0,emotion,0,2048,0.9716446124763705,0.011151516978262879,0.9304347826086955
circuit_neg,25.0,0,emotion,1,2048,0.9742911153119092,0.010799891763391887,0.9130434782608695
circuit_neg,25.0,0,emotion,2,2048,0.975803402646503,0.006909514889412871,0.917391304347826
circuit_neg,25.0,0,emotion,3,2048,0.9758034026465028,0.008055680813861042,0.9217391304347826
circuit_neg,25.0,0,emotion,4,2048,0.9814744801512287,0.006909514889412917,0.9217391304347826
circuit_neg,25.0,0,emotion,5,2048,0.980718336483932,0.008143916532528548,0.9304347826086957
circuit_neg,25.0,0,emotion,6,2048,0.9780718336483932,0.007232940064162188,0.9347826086956521
circuit_neg,25.0,0,emotion,7,2048,0.9765595463137997,0.007984390201112584,0.9391304347826088
circuit_neg,25.0,0,emotion,8,2048,0.9792060491493384,0.00560771152143338,0.9521739130434783
circuit_neg,25.0,0,emotion,9,2048,0.9799621928166351,0.004409037349599469,0.9260869565217392
circuit_neg,25.0,0,emotion,10,2048,0.9810964083175804,0.007272356923127168,0.9217391304347826
circuit_neg,25.0,0,emotion,11,2048,0.9871455576559546,0.003855591314625935,0.9260869565217391
circuit_neg,25.0,0,emotion,12,2048,0.9860113421550094,0.0009260830785569669,0.9347826086956521
circuit_neg,25.0,0,emotion,13,2048,0.9833648393194707,0.009368250807836586,0.9217391304347826
circuit_neg,25.0,0,emotion,14,2048,0.9814744801512287,0.006805293005671061,0.9
circuit_neg,25.0,0,emotion,15,2048,0.9655954631379963,0.011367331855102424,0.8695652173913043
circuit_neg,50.0,0,emotion,0,4096,0.9716446124763705,0.011151516978262879,0.9304347826086955
circuit_neg,50.0,0,emotion,1,4096,0.9742911153119092,0.010799891763391887,0.9130434782608695
circuit_neg,50.0,0,emotion,2,4096,0.975803402646503,0.006909514889412871,0.917391304347826
circuit_neg,50.0,0,emotion,3,4096,0.9758034026465028,0.008055680813861042,0.9217391304347826
circuit_neg,50.0,0,emotion,4,4096,0.9814744801512287,0.006909514889412917,0.9217391304347826
circuit_neg,50.0,0,emotion,5,4096,0.980718336483932,0.008143916532528548,0.9304347826086957
circuit_neg,50.0,0,emotion,6,4096,0.9780718336483932,0.007232940064162188,0.9347826086956521
circuit_neg,50.0,0,emotion,7,4096,0.9765595463137997,0.007984390201112584,0.9391304347826088
circuit_neg,50.0,0,emotion,8,4096,0.9792060491493384,0.00560771152143338,0.9521739130434783
circuit_neg,50.0,0,emotion,9,4096,0.9799621928166351,0.004409037349599469,0.9260869565217392
circuit_neg,50.0,0,emotion,10,4096,0.9810964083175804,0.007272356923127168,0.9217391304347826
circuit_neg,50.0,0,emotion,11,4096,0.9844990548204159,0.0036655424252675555,0.9260869565217391
circuit_neg,50.0,0,emotion,12,4096,0.9841209829867676,0.003506093949147719,0.9260869565217391
circuit_neg,50.0,0,emotion,13,4096,0.9844990548204159,0.008736650289823317,0.9304347826086957
circuit_neg,50.0,0,emotion,14,4096,0.9822306238185256,0.007617936362801482,0.9086956521739131
circuit_neg,50.0,0,emotion,15,4096,0.9761814744801512,0.008161449204129654,0.8913043478260869
random,5.0,0,emotion,0,409,0.9716446124763705,0.011151516978262879,0.9304347826086955
random,5.0,0,emotion,1,409,0.9742911153119092,0.010799891763391887,0.9130434782608695
random,5.0,0,emotion,2,409,0.975803402646503,0.006909514889412871,0.917391304347826
random,5.0,0,emotion,3,409,0.9758034026465028,0.008055680813861042,0.9217391304347826
random,5.0,0,emotion,4,409,0.9814744801512287,0.006909514889412917,0.9217391304347826
random,5.0,0,emotion,5,409,0.980718336483932,0.008143916532528548,0.9304347826086957
random,5.0,0,emotion,6,409,0.9780718336483932,0.007232940064162188,0.9347826086956521
random,5.0,0,emotion,7,409,0.9765595463137997,0.007984390201112584,0.9391304347826088
random,5.0,0,emotion,8,409,0.9792060491493384,0.00560771152143338,0.9521739130434783
random,5.0,0,emotion,9,409,0.9799621928166351,0.004409037349599469,0.9260869565217392
random,5.0,0,emotion,10,409,0.9810964083175804,0.007272356923127168,0.9217391304347826
random,5.0,0,emotion,11,409,0.9822306238185256,0.0028292305382033645,0.9304347826086957
random,5.0,0,emotion,12,409,0.980718336483932,0.0025078448320267543,0.9260869565217391
random,5.0,0,emotion,13,409,0.9761814744801512,0.006393774867783686,0.9043478260869564
random,5.0,0,emotion,14,409,0.9633270321361058,0.016505769340599667,0.8782608695652174
random,5.0,0,emotion,15,409,0.9300567107750473,0.03927218328521104,0.8521739130434781
random,5.0,1,emotion,0,409,0.9716446124763705,0.011151516978262879,0.9304347826086955
random,5.0,1,emotion,1,409,0.9742911153119092,0.010799891763391887,0.9130434782608695
random,5.0,1,emotion,2,409,0.975803402646503,0.006909514889412871,0.917391304347826
random,5.0,1,emotion,3,409,0.9758034026465028,0.008055680813861042,0.9217391304347826
random,5.0,1,emotion,4,409,0.9814744801512287,0.006909514889412917,0.9217391304347826
random,5.0,1,emotion,5,409,0.980718336483932,0.008143916532528548,0.9304347826086957
random,5.0,1,emotion,6,409,0.9780718336483932,0.007232940064162188,0.9347826086956521
random,5.0,1,emotion,7,409,0.9765595463137997,0.007984390201112584,0.9391304347826088
random,5.0,1,emotion,8,409,0.9792060491493384,0.00560771152143338,0.9521739130434783
random,5.0,1,emotion,9,409,0.9799621928166351,0.004409037349599469,0.9260869565217392
random,5.0,1,emotion,10,409,0.9810964083175804,0.007272356923127168,0.9217391304347826
random,5.0,1,emotion,11,409,0.9818525519848771,0.0028292305382033615,0.9304347826086957
random,5.0,1,emotion,12,409,0.9788279773156902,0.0025078448320267612,0.9260869565217391
random,5.0,1,emotion,13,409,0.9746691871455576,0.006049149338374299,0.9260869565217392
random,5.0,1,emotion,14,409,0.9689981096408318,0.01059950530727877,0.8869565217391304
random,5.0,1,emotion,15,409,0.9391304347826086,0.027560373487497274,0.8521739130434783
random,5.0,2,emotion,0,409,0.9716446124763705,0.011151516978262879,0.9304347826086955
random,5.0,2,emotion,1,409,0.9742911153119092,0.010799891763391887,0.9130434782608695
random,5.0,2,emotion,2,409,0.975803402646503,0.006909514889412871,0.917391304347826
random,5.0,2,emotion,3,409,0.9758034026465028,0.008055680813861042,0.9217391304347826
random,5.0,2,emotion,4,409,0.9814744801512287,0.006909514889412917,0.9217391304347826
random,5.0,2,emotion,5,409,0.980718336483932,0.008143916532528548,0.9304347826086957
random,5.0,2,emotion,6,409,0.9780718336483932,0.007232940064162188,0.9347826086956521
random,5.0,2,emotion,7,409,0.9765595463137997,0.007984390201112584,0.9391304347826088
random,5.0,2,emotion,8,409,0.9792060491493384,0.00560771152143338,0.9521739130434783
random,5.0,2,emotion,9,409,0.9799621928166351,0.004409037349599469,0.9260869565217392
random,5.0,2,emotion,10,409,0.9810964083175804,0.007272356923127168,0.9217391304347826
random,5.0,2,emotion,11,409,0.9829867674858225,0.002928531830780669,0.9304347826086957
random,5.0,2,emotion,12,409,0.9799621928166353,0.0019277956573129807,0.9173913043478261
random,5.0,2,emotion,13,409,0.9746691871455578,0.005426351642498024,0.9130434782608695
random,5.0,2,emotion,14,409,0.966351606805293,0.012787549735567344,0.8782608695652174
random,5.0,2,emotion,15,409,0.9349716446124763,0.03123614754742512,0.8347826086956521
random,10.0,0,emotion,0,819,0.9716446124763705,0.011151516978262879,0.9304347826086955
random,10.0,0,emotion,1,819,0.9742911153119092,0.010799891763391887,0.9130434782608695
random,10.0,0,emotion,2,819,0.975803402646503,0.006909514889412871,0.917391304347826
random,10.0,0,emotion,3,819,0.9758034026465028,0.008055680813861042,0.9217391304347826
random,10.0,0,emotion,4,819,0.9814744801512287,0.006909514889412917,0.9217391304347826
random,10.0,0,emotion,5,819,0.980718336483932,0.008143916532528548,0.9304347826086957
random,10.0,0,emotion,6,819,0.9780718336483932,0.007232940064162188,0.9347826086956521
random,10.0,0,emotion,7,819,0.9765595463137997,0.007984390201112584,0.9391304347826088
random,10.0,0,emotion,8,819,0.9792060491493384,0.00560771152143338,0.9521739130434783
random,10.0,0,emotion,9,819,0.9799621928166351,0.004409037349599469,0.9260869565217392
random,10.0,0,emotion,10,819,0.9810964083175804,0.007272356923127168,0.9217391304347826
random,10.0,0,emotion,11,819,0.9822306238185256,0.003704332314227865,0.9260869565217391
random,10.0,0,emotion,12,819,0.9810964083175804,0.0016907886408315904,0.9260869565217391
random,10.0,0,emotion,13,819,0.9765595463137997,0.004409037349599514,0.9086956521739131
random,10.0,0,emotion,14,819,0.9644612476370511,0.01349456960119075,0.8782608695652174
random,10.0,0,emotion,15,819,0.9315689981096409,0.03850768809530806,0.8565217391304347
random,10.0,1,emotion,0,819,0.9716446124763705,0.011151516978262879,0.9304347826086955
random,10.0,1,emotion,1,819,0.9742911153119092,0.010799891763391887,0.9130434782608695
random,10.0,1,emotion,2,819,0.975803402646503,0.006909514889412871,0.917391304347826
random,10.0,1,emotion,3,819,0.9758034026465028,0.008055680813861042,0.9217391304347826
random,10.0,1,emotion,4,819,0.9814744801512287,0.006909514889412917,0.9217391304347826
random,10.0,1,emotion,5,819,0.980718336483932,0.008143916532528548,0.9304347826086957
random,10.0,1,emotion,6,819,0.9780718336483932,0.007232940064162188,0.9347826086956521
random,10.0,1,emotion,7,819,0.9765595463137997,0.007984390201112584,0.9391304347826088
random,10.0,1,emotion,8,819,0.9792060491493384,0.00560771152143338,0.9521739130434783
random,10.0,1,emotion,9,819,0.9799621928166351,0.004409037349599469,0.9260869565217392
random,10.0,1,emotion,10,819,0.9810964083175804,0.007272356923127168,0.9217391304347826
random,10.0,1,emotion,11,819,0.9814744801512287,0.0034650855916490008,0.9391304347826086
random,10.0,1,emotion,12,819,0.9792060491493384,0.0020707847164656355,0.9304347826086955
random,10.0,1,emotion,13,819,0.9724007561436674,0.008670960257980882,0.9217391304347826
random,10.0,1,emotion,14,819,0.9686200378071834,0.007984390201112582,0.8913043478260869
random,10.0,1,emotion,15,819,0.9402646502835538,0.028053847197110238,0.8608695652173912
random,10.0,2,emotion,0,819,0.9716446124763705,0.011151516978262879,0.9304347826086955
random,10.0,2,emotion,1,819,0.9742911153119092,0.010799891763391887,0.9130434782608695
random,10.0,2,emotion,2,819,0.975803402646503,0.006909514889412871,0.917391304347826
random,10.0,2,emotion,3,819,0.9758034026465028,0.008055680813861042,0.9217391304347826
random,10.0,2,emotion,4,819,0.9814744801512287,0.006909514889412917,0.9217391304347826
random,10.0,2,emotion,5,819,0.980718336483932,0.008143916532528548,0.9304347826086957
random,10.0,2,emotion,6,819,0.9780718336483932,0.007232940064162188,0.9347826086956521
random,10.0,2,emotion,7,819,0.9765595463137997,0.007984390201112584,0.9391304347826088
random,10.0,2,emotion,8,819,0.9792060491493384,0.00560771152143338,0.9521739130434783
random,10.0,2,emotion,9,819,0.9799621928166351,0.004409037349599469,0.9260869565217392
random,10.0,2,emotion,10,819,0.9810964083175804,0.007272356923127168,0.9217391304347826
random,10.0,2,emotion,11,819,0.9818525519848773,0.004409037349599471,0.9304347826086957
random,10.0,2,emotion,12,819,0.9780718336483932,0.0019277956573129807,0.9217391304347826
random,10.0,2,emotion,13,819,0.9758034026465028,0.0043764978838526794,0.9130434782608695
random,10.0,2,emotion,14,819,0.9682419659735351,0.01058601134215504,0.8869565217391304
random,10.0,2,emotion,15,819,0.9436672967863894,0.031436849158393086,0.8304347826086955
random,25.0,0,emotion,0,2048,0.9716446124763705,0.011151516978262879,0.9304347826086955
random,25.0,0,emotion,1,2048,0.9742911153119092,0.010799891763391887,0.9130434782608695
random,25.0,0,emotion,2,2048,0.975803402646503,0.006909514889412871,0.917391304347826
random,25.0,0,emotion,3,2048,0.9758034026465028,0.008055680813861042,0.9217391304347826
random,25.0,0,emotion,4,2048,0.9814744801512287,0.006909514889412917,0.9217391304347826
random,25.0,0,emotion,5,2048,0.980718336483932,0.008143916532528548,0.9304347826086957
random,25.0,0,emotion,6,2048,0.9780718336483932,0.007232940064162188,0.9347826086956521
random,25.0,0,emotion,7,2048,0.9765595463137997,0.007984390201112584,0.9391304347826088
random,25.0,0,emotion,8,2048,0.9792060491493384,0.00560771152143338,0.9521739130434783
random,25.0,0,emotion,9,2048,0.9799621928166351,0.004409037349599469,0.9260869565217392
random,25.0,0,emotion,10,2048,0.9810964083175804,0.007272356923127168,0.9217391304347826
random,25.0,0,emotion,11,2048,0.9818525519848771,0.0037043323142278363,0.9304347826086957
random,25.0,0,emotion,12,2048,0.9795841209829869,0.004691748070317911,0.9260869565217391
random,25.0,0,emotion,13,2048,0.9769376181474481,0.004376497883852652,0.9217391304347826
random,25.0,0,emotion,14,2048,0.9659735349716445,0.00836897679439647,0.8869565217391304
random,25.0,0,emotion,15,2048,0.9353497164461247,0.028728484297183922,0.826086956521739
random,25.0,1,emotion,0,2048,0.9716446124763705,0.011151516978262879,0.9304347826086955
random,25.0,1,emotion,1,2048,0.9742911153119092,0.010799891763391887,0.9130434782608695
random,25.0,1,emotion,2,2048,0.975803402646503,0.006909514889412871,0.917391304347826
random,25.0,1,emotion,3,2048,0.9758034026465028,0.008055680813861042,0.9217391304347826
random,25.0,1,emotion,4,2048,0.9814744801512287,0.006909514889412917,0.9217391304347826
random,25.0,1,emotion,5,2048,0.980718336483932,0.008143916532528548,0.9304347826086957
random,25.0,1,emotion,6,2048,0.9780718336483932,0.007232940064162188,0.9347826086956521
random,25.0,1,emotion,7,2048,0.9765595463137997,0.007984390201112584,0.9391304347826088
random,25.0,1,emotion,8,2048,0.9792060491493384,0.00560771152143338,0.9521739130434783
random,25.0,1,emotion,9,2048,0.9799621928166351,0.004409037349599469,0.9260869565217392
random,25.0,1,emotion,10,2048,0.9810964083175804,0.007272356923127168,0.9217391304347826
random,25.0,1,emotion,11,2048,0.980718336483932,0.0038555913146259067,0.9304347826086957
random,25.0,1,emotion,12,2048,0.9795841209829869,0.0007561436672967937,0.9391304347826086
random,25.0,1,emotion,13,2048,0.9716446124763705,0.006868015926119078,0.9086956521739131
random,25.0,1,emotion,14,2048,0.9671077504725897,0.009974220006255523,0.8826086956521738
random,25.0,1,emotion,15,2048,0.934593572778828,0.022984777547932992,0.8434782608695652
random,25.0,2,emotion,0,2048,0.9716446124763705,0.011151516978262879,0.9304347826086955
random,25.0,2,emotion,1,2048,0.9742911153119092,0.010799891763391887,0.9130434782608695
random,25.0,2,emotion,2,2048,0.975803402646503,0.006909514889412871,0.917391304347826
random,25.0,2,emotion,3,2048,0.9758034026465028,0.008055680813861042,0.9217391304347826
random,25.0,2,emotion,4,2048,0.9814744801512287,0.006909514889412917,0.9217391304347826
random,25.0,2,emotion,5,2048,0.980718336483932,0.008143916532528548,0.9304347826086957
random,25.0,2,emotion,6,2048,0.9780718336483932,0.007232940064162188,0.9347826086956521
random,25.0,2,emotion,7,2048,0.9765595463137997,0.007984390201112584,0.9391304347826088
random,25.0,2,emotion,8,2048,0.9792060491493384,0.00560771152143338,0.9521739130434783
random,25.0,2,emotion,9,2048,0.9799621928166351,0.004409037349599469,0.9260869565217392
random,25.0,2,emotion,10,2048,0.9810964083175804,0.007272356923127168,0.9217391304347826
random,25.0,2,emotion,11,2048,0.9818525519848771,0.004568259347294714,0.9260869565217391
random,25.0,2,emotion,12,2048,0.9795841209829869,0.0014146152691016927,0.9304347826086955
random,25.0,2,emotion,13,2048,0.9788279773156899,0.0022045186747997564,0.9217391304347826
random,25.0,2,emotion,14,2048,0.9720226843100189,0.008818074699198937,0.8826086956521738
random,25.0,2,emotion,15,2048,0.9417769376181475,0.03191069617543924,0.8521739130434783
random,50.0,0,emotion,0,4096,0.9716446124763705,0.011151516978262879,0.9304347826086955
random,50.0,0,emotion,1,4096,0.9742911153119092,0.010799891763391887,0.9130434782608695
random,50.0,0,emotion,2,4096,0.975803402646503,0.006909514889412871,0.917391304347826
random,50.0,0,emotion,3,4096,0.9758034026465028,0.008055680813861042,0.9217391304347826
random,50.0,0,emotion,4,4096,0.9814744801512287,0.006909514889412917,0.9217391304347826
random,50.0,0,emotion,5,4096,0.980718336483932,0.008143916532528548,0.9304347826086957
random,50.0,0,emotion,6,4096,0.9780718336483932,0.007232940064162188,0.9347826086956521
random,50.0,0,emotion,7,4096,0.9765595463137997,0.007984390201112584,0.9391304347826088
random,50.0,0,emotion,8,4096,0.9792060491493384,0.00560771152143338,0.9521739130434783
random,50.0,0,emotion,9,4096,0.9799621928166351,0.004409037349599469,0.9260869565217392
random,50.0,0,emotion,10,4096,0.9810964083175804,0.007272356923127168,0.9217391304347826
random,50.0,0,emotion,11,4096,0.9818525519848771,0.0032959538325449313,0.9260869565217391
random,50.0,0,emotion,12,4096,0.9818525519848771,0.004243845807305052,0.9304347826086957
random,50.0,0,emotion,13,4096,0.9822306238185256,0.0032959538325449643,0.9304347826086957
random,50.0,0,emotion,14,4096,0.9746691871455576,0.004409037349599479,0.9130434782608695
random,50.0,0,emotion,15,4096,0.9376181474480152,0.022903790141188606,0.8521739130434783
random,50.0,1,emotion,0,4096,0.9716446124763705,0.011151516978262879,0.9304347826086955
random,50.0,1,emotion,1,4096,0.9742911153119092,0.010799891763391887,0.9130434782608695
random,50.0,1,emotion,2,4096,0.975803402646503,0.006909514889412871,0.917391304347826
random,50.0,1,emotion,3,4096,0.9758034026465028,0.008055680813861042,0.9217391304347826
random,50.0,1,emotion,4,4096,0.9814744801512287,0.006909514889412917,0.9217391304347826
random,50.0,1,emotion,5,4096,0.980718336483932,0.008143916532528548,0.9304347826086957
random,50.0,1,emotion,6,4096,0.9780718336483932,0.007232940064162188,0.9347826086956521
random,50.0,1,emotion,7,4096,0.9765595463137997,0.007984390201112584,0.9391304347826088
random,50.0,1,emotion,8,4096,0.9792060491493384,0.00560771152143338,0.9521739130434783
random,50.0,1,emotion,9,4096,0.9799621928166351,0.004409037349599469,0.9260869565217392
random,50.0,1,emotion,10,4096,0.9810964083175804,0.007272356923127168,0.9217391304347826
random,50.0,1,emotion,11,4096,0.9803402646502836,0.004071958266264252,0.9304347826086957
random,50.0,1,emotion,12,4096,0.9792060491493384,0.0029285318307806832,0.9391304347826086
random,50.0,1,emotion,13,4096,0.9746691871455578,0.009902306883711784,0.9347826086956521
random,50.0,1,emotion,14,4096,0.9674858223062381,0.015514770910157427,0.8956521739130435
random,50.0,1,emotion,15,4096,0.953875236294896,0.011253592488572545,0.8608695652173912
random,50.0,2,emotion,0,4096,0.9716446124763705,0.011151516978262879,0.9304347826086955
random,50.0,2,emotion,1,4096,0.9742911153119092,0.010799891763391887,0.9130434782608695
random,50.0,2,emotion,2,4096,0.975803402646503,0.006909514889412871,0.917391304347826
random,50.0,2,emotion,3,4096,0.9758034026465028,0.008055680813861042,0.9217391304347826
random,50.0,2,emotion,4,4096,0.9814744801512287,0.006909514889412917,0.9217391304347826
random,50.0,2,emotion,5,4096,0.980718336483932,0.008143916532528548,0.9304347826086957
random,50.0,2,emotion,6,4096,0.9780718336483932,0.007232940064162188,0.9347826086956521
random,50.0,2,emotion,7,4096,0.9765595463137997,0.007984390201112584,0.9391304347826088
random,50.0,2,emotion,8,4096,0.9792060491493384,0.00560771152143338,0.9521739130434783
random,50.0,2,emotion,9,4096,0.9799621928166351,0.004409037349599469,0.9260869565217392
random,50.0,2,emotion,10,4096,0.9810964083175804,0.007272356923127168,0.9217391304347826
random,50.0,2,emotion,11,4096,0.9814744801512287,0.0049871100031277475,0.9260869565217391
random,50.0,2,emotion,12,4096,0.9799621928166353,0.003506093949147719,0.9217391304347826
random,50.0,2,emotion,13,4096,0.9780718336483932,0.003892487765968642,0.9217391304347826
random,50.0,2,emotion,14,4096,0.9739130434782609,0.0036655424252675555,0.8913043478260869
random,50.0,2,emotion,15,4096,0.9512287334593573,0.013172968915073227,0.8782608695652174
clean,0.0,0,medical,0,0,0.947107438016529,0.03289214668121058,0.8272727272727274
clean,0.0,0,medical,1,0,0.9867768595041323,0.01342816265229085,0.9272727272727274
clean,0.0,0,medical,2,0,0.9917355371900827,0.01280325073126419,0.9272727272727274
clean,0.0,0,medical,3,0,0.9966942148760329,0.006611570247933907,0.9454545454545455
clean,0.0,0,medical,4,0,0.9983471074380166,0.0033057851239669312,0.9727272727272727
clean,0.0,0,medical,5,0,0.9950413223140495,0.0066115702479339015,0.9727272727272727
clean,0.0,0,medical,6,0,0.9966942148760329,0.006611570247933907,0.9636363636363636
clean,0.0,0,medical,7,0,0.9966942148760332,0.004048743376501108,0.9545454545454547
clean,0.0,0,medical,8,0,0.9966942148760332,0.004048743376501108,0.9727272727272727
clean,0.0,0,medical,9,0,0.9983471074380166,0.0033057851239669312,0.9818181818181818
clean,0.0,0,medical,10,0,1.0,0.0,0.9636363636363636
clean,0.0,0,medical,11,0,0.9983471074380166,0.0033057851239669312,0.990909090909091
clean,0.0,0,medical,12,0,0.9983471074380166,0.0033057851239669312,0.9727272727272727
clean,0.0,0,medical,13,0,0.9933884297520661,0.0061845576640891745,0.9636363636363636
clean,0.0,0,medical,14,0,0.9966942148760332,0.006611570247933907,0.9636363636363636
clean,0.0,0,medical,15,0,0.9851239669421487,0.017648063226498062,0.9272727272727274
circuit,5.0,0,medical,0,409,0.947107438016529,0.03289214668121058,0.8272727272727274
circuit,5.0,0,medical,1,409,0.9867768595041323,0.01342816265229085,0.9272727272727274
circuit,5.0,0,medical,2,409,0.9917355371900827,0.01280325073126419,0.9272727272727274
circuit,5.0,0,medical,3,409,0.9966942148760329,0.006611570247933907,0.9454545454545455
circuit,5.0,0,medical,4,409,0.9983471074380166,0.0033057851239669312,0.9727272727272727
circuit,5.0,0,medical,5,409,0.9950413223140495,0.0066115702479339015,0.9727272727272727
circuit,5.0,0,medical,6,409,0.9966942148760329,0.006611570247933907,0.9636363636363636
circuit,5.0,0,medical,7,409,0.9966942148760332,0.004048743376501108,0.9545454545454547
circuit,5.0,0,medical,8,409,0.9966942148760332,0.004048743376501108,0.9727272727272727
circuit,5.0,0,medical,9,409,0.9983471074380166,0.0033057851239669312,0.9818181818181818
circuit,5.0,0,medical,10,409,1.0,0.0,0.9636363636363636
circuit,5.0,0,medical,11,409,0.9966942148760329,0.006611570247933907,0.9818181818181818
circuit,5.0,0,medical,12,409,0.9950413223140495,0.0066115702479339015,0.9727272727272727
circuit,5.0,0,medical,13,409,0.9867768595041321,0.011210462782025251,0.9545454545454545
circuit,5.0,0,medical,14,409,0.9768595041322314,0.01983471074380167,0.9363636363636363
circuit,5.0,0,medical,15,409,0.9619834710743802,0.026446280991735533,0.8818181818181818
circuit,10.0,0,medical,0,819,0.947107438016529,0.03289214668121058,0.8272727272727274
circuit,10.0,0,medical,1,819,0.9867768595041323,0.01342816265229085,0.9272727272727274
circuit,10.0,0,medical,2,819,0.9917355371900827,0.01280325073126419,0.9272727272727274
circuit,10.0,0,medical,3,819,0.9966942148760329,0.006611570247933907,0.9454545454545455
circuit,10.0,0,medical,4,819,0.9983471074380166,0.0033057851239669312,0.9727272727272727
circuit,10.0,0,medical,5,819,0.9950413223140495,0.0066115702479339015,0.9727272727272727
circuit,10.0,0,medical,6,819,0.9966942148760329,0.006611570247933907,0.9636363636363636
circuit,10.0,0,medical,7,819,0.9966942148760332,0.004048743376501108,0.9545454545454547
circuit,10.0,0,medical,8,819,0.9966942148760332,0.004048743376501108,0.9727272727272727
circuit,10.0,0,medical,9,819,0.9983471074380166,0.0033057851239669312,0.9818181818181818
circuit,10.0,0,medical,10,819,1.0,0.0,0.9636363636363636
circuit,10.0,0,medical,11,819,0.9966942148760329,0.006611570247933907,0.9818181818181818
circuit,10.0,0,medical,12,819,0.9950413223140495,0.0066115702479339015,0.9818181818181818
circuit,10.0,0,medical,13,819,0.9933884297520661,0.0061845576640891745,0.9545454545454545
circuit,10.0,0,medical,14,819,0.9785123966942149,0.017802197709535568,0.9454545454545455
circuit,10.0,0,medical,15,819,0.9586776859504132,0.017335683440828947,0.8727272727272727
circuit,25.0,0,medical,0,2048,0.947107438016529,0.03289214668121058,0.8272727272727274
circuit,25.0,0,medical,1,2048,0.9867768595041323,0.01342816265229085,0.9272727272727274
circuit,25.0,0,medical,2,2048,0.9917355371900827,0.01280325073126419,0.9272727272727274
circuit,25.0,0,medical,3,2048,0.9966942148760329,0.006611570247933907,0.9454545454545455
circuit,25.0,0,medical,4,2048,0.9983471074380166,0.0033057851239669312,0.9727272727272727
circuit,25.0,0,medical,5,2048,0.9950413223140495,0.0066115702479339015,0.9727272727272727
circuit,25.0,0,medical,6,2048,0.9966942148760329,0.006611570247933907,0.9636363636363636
circuit,25.0,0,medical,7,2048,0.9966942148760332,0.004048743376501108,0.9545454545454547
circuit,25.0,0,medical,8,2048,0.9966942148760332,0.004048743376501108,0.9727272727272727
circuit,25.0,0,medical,9,2048,0.9983471074380166,0.0033057851239669312,0.9818181818181818
circuit,25.0,0,medical,10,2048,1.0,0.0,0.9636363636363636
circuit,25.0,0,medical,11,2048,0.9966942148760329,0.006611570247933907,0.9818181818181818
circuit,25.0,0,medical,12,2048,0.9966942148760329,0.006611570247933907,0.9818181818181818
circuit,25.0,0,medical,13,2048,0.9933884297520661,0.009637937016273234,0.9454545454545455
circuit,25.0,0,medical,14,2048,0.9801652892561983,0.018553672992267498,0.9363636363636363
circuit,25.0,0,medical,15,2048,0.971900826446281,0.019275874032546457,0.9363636363636363
circuit,50.0,0,medical,0,4096,0.947107438016529,0.03289214668121058,0.8272727272727274
circuit,50.0,0,medical,1,4096,0.9867768595041323,0.01342816265229085,0.9272727272727274
circuit,50.0,0,medical,2,4096,0.9917355371900827,0.01280325073126419,0.9272727272727274
circuit,50.0,0,medical,3,4096,0.9966942148760329,0.006611570247933907,0.9454545454545455
circuit,50.0,0,medical,4,4096,0.9983471074380166,0.0033057851239669312,0.9727272727272727
circuit,50.0,0,medical,5,4096,0.9950413223140495,0.0066115702479339015,0.9727272727272727
circuit,50.0,0,medical,6,4096,0.9966942148760329,0.006611570247933907,0.9636363636363636
circuit,50.0,0,medical,7,4096,0.9966942148760332,0.004048743376501108,0.9545454545454547
circuit,50.0,0,medical,8,4096,0.9966942148760332,0.004048743376501108,0.9727272727272727
circuit,50.0,0,medical,9,4096,0.9983471074380166,0.0033057851239669312,0.9818181818181818
circuit,50.0,0,medical,10,4096,1.0,0.0,0.9636363636363636
circuit,50.0,0,medical,11,4096,0.9966942148760329,0.006611570247933907,0.9818181818181818
circuit,50.0,0,medical,12,4096,0.9966942148760329,0.006611570247933907,0.990909090909091
circuit,50.0,0,medical,13,4096,0.9950413223140495,0.009917355371900837,0.9636363636363636
circuit,50.0,0,medical,14,4096,0.9950413223140495,0.009917355371900837,0.9545454545454545
circuit,50.0,0,medical,15,4096,0.9818181818181818,0.019834710743801675,0.9272727272727274
circuit_pos,5.0,0,medical,0,409,0.947107438016529,0.03289214668121058,0.8272727272727274
circuit_pos,5.0,0,medical,1,409,0.9867768595041323,0.01342816265229085,0.9272727272727274
circuit_pos,5.0,0,medical,2,409,0.9917355371900827,0.01280325073126419,0.9272727272727274
circuit_pos,5.0,0,medical,3,409,0.9966942148760329,0.006611570247933907,0.9454545454545455
circuit_pos,5.0,0,medical,4,409,0.9983471074380166,0.0033057851239669312,0.9727272727272727
circuit_pos,5.0,0,medical,5,409,0.9950413223140495,0.0066115702479339015,0.9727272727272727
circuit_pos,5.0,0,medical,6,409,0.9966942148760329,0.006611570247933907,0.9636363636363636
circuit_pos,5.0,0,medical,7,409,0.9966942148760332,0.004048743376501108,0.9545454545454547
circuit_pos,5.0,0,medical,8,409,0.9966942148760332,0.004048743376501108,0.9727272727272727
circuit_pos,5.0,0,medical,9,409,0.9983471074380166,0.0033057851239669312,0.9818181818181818
circuit_pos,5.0,0,medical,10,409,1.0,0.0,0.9636363636363636
circuit_pos,5.0,0,medical,11,409,0.9933884297520661,0.009637937016273234,0.9727272727272727
circuit_pos,5.0,0,medical,12,409,0.9950413223140495,0.0066115702479339015,0.9545454545454545
circuit_pos,5.0,0,medical,13,409,0.9818181818181818,0.015149010561837513,0.9545454545454545
circuit_pos,5.0,0,medical,14,409,0.9669421487603305,0.029102176630841373,0.9181818181818182
circuit_pos,5.0,0,medical,15,409,0.9272727272727271,0.03560439541907109,0.8272727272727274
circuit_pos,10.0,0,medical,0,819,0.947107438016529,0.03289214668121058,0.8272727272727274
circuit_pos,10.0,0,medical,1,819,0.9867768595041323,0.01342816265229085,0.9272727272727274
circuit_pos,10.0,0,medical,2,819,0.9917355371900827,0.01280325073126419,0.9272727272727274
circuit_pos,10.0,0,medical,3,819,0.9966942148760329,0.006611570247933907,0.9454545454545455
circuit_pos,10.0,0,medical,4,819,0.9983471074380166,0.0033057851239669312,0.9727272727272727
circuit_pos,10.0,0,medical,5,819,0.9950413223140495,0.0066115702479339015,0.9727272727272727
circuit_pos,10.0,0,medical,6,819,0.9966942148760329,0.006611570247933907,0.9636363636363636
circuit_pos,10.0,0,medical,7,819,0.9966942148760332,0.004048743376501108,0.9545454545454547
circuit_pos,10.0,0,medical,8,819,0.9966942148760332,0.004048743376501108,0.9727272727272727
circuit_pos,10.0,0,medical,9,819,0.9983471074380166,0.0033057851239669312,0.9818181818181818
circuit_pos,10.0,0,medical,10,819,1.0,0.0,0.9636363636363636
circuit_pos,10.0,0,medical,11,819,0.9933884297520661,0.009637937016273234,0.9727272727272727
circuit_pos,10.0,0,medical,12,819,0.9933884297520661,0.009637937016273234,0.9545454545454545
circuit_pos,10.0,0,medical,13,819,0.9768595041322314,0.019133614715355757,0.9454545454545455
circuit_pos,10.0,0,medical,14,819,0.9570247933884298,0.035986018276160735,0.9272727272727274
circuit_pos,10.0,0,medical,15,819,0.912396694214876,0.051638014386159656,0.8272727272727274
circuit_pos,25.0,0,medical,0,2048,0.947107438016529,0.03289214668121058,0.8272727272727274
circuit_pos,25.0,0,medical,1,2048,0.9867768595041323,0.01342816265229085,0.9272727272727274
circuit_pos,25.0,0,medical,2,2048,0.9917355371900827,0.01280325073126419,0.9272727272727274
circuit_pos,25.0,0,medical,3,2048,0.9966942148760329,0.006611570247933907,0.9454545454545455
circuit_pos,25.0,0,medical,4,2048,0.9983471074380166,0.0033057851239669312,0.9727272727272727
circuit_pos,25.0,0,medical,5,2048,0.9950413223140495,0.0066115702479339015,0.9727272727272727
circuit_pos,25.0,0,medical,6,2048,0.9966942148760329,0.006611570247933907,0.9636363636363636
circuit_pos,25.0,0,medical,7,2048,0.9966942148760332,0.004048743376501108,0.9545454545454547
circuit_pos,25.0,0,medical,8,2048,0.9966942148760332,0.004048743376501108,0.9727272727272727
circuit_pos,25.0,0,medical,9,2048,0.9983471074380166,0.0033057851239669312,0.9818181818181818
circuit_pos,25.0,0,medical,10,2048,1.0,0.0,0.9636363636363636
circuit_pos,25.0,0,medical,11,2048,0.9917355371900827,0.010453810446837635,0.9636363636363636
circuit_pos,25.0,0,medical,12,2048,0.9851239669421489,0.015149010561837482,0.9545454545454545
circuit_pos,25.0,0,medical,13,2048,0.9636363636363636,0.02695786186826463,0.9090909090909092
circuit_pos,25.0,0,medical,14,2048,0.9388429752066116,0.04360630068850553,0.8818181818181818
circuit_pos,25.0,0,medical,15,2048,0.887603305785124,0.05644089612880618,0.8181818181818181
circuit_pos,50.0,0,medical,0,4096,0.947107438016529,0.03289214668121058,0.8272727272727274
circuit_pos,50.0,0,medical,1,4096,0.9867768595041323,0.01342816265229085,0.9272727272727274
circuit_pos,50.0,0,medical,2,4096,0.9917355371900827,0.01280325073126419,0.9272727272727274
circuit_pos,50.0,0,medical,3,4096,0.9966942148760329,0.006611570247933907,0.9454545454545455
circuit_pos,50.0,0,medical,4,4096,0.9983471074380166,0.0033057851239669312,0.9727272727272727
circuit_pos,50.0,0,medical,5,4096,0.9950413223140495,0.0066115702479339015,0.9727272727272727
circuit_pos,50.0,0,medical,6,4096,0.9966942148760329,0.006611570247933907,0.9636363636363636
circuit_pos,50.0,0,medical,7,4096,0.9966942148760332,0.004048743376501108,0.9545454545454547
circuit_pos,50.0,0,medical,8,4096,0.9966942148760332,0.004048743376501108,0.9727272727272727
circuit_pos,50.0,0,medical,9,4096,0.9983471074380166,0.0033057851239669312,0.9818181818181818
circuit_pos,50.0,0,medical,10,4096,1.0,0.0,0.9636363636363636
circuit_pos,50.0,0,medical,11,4096,0.9917355371900827,0.010453810446837635,0.9727272727272727
circuit_pos,50.0,0,medical,12,4096,0.9834710743801652,0.018106530826617083,0.9454545454545455
circuit_pos,50.0,0,medical,13,4096,0.9570247933884296,0.023608027862951575,0.9
circuit_pos,50.0,0,medical,14,4096,0.9256198347107437,0.03545059601574745,0.8545454545454547
circuit_pos,50.0,0,medical,15,4096,0.884297520661157,0.05820435326168267,0.8272727272727274
circuit_neg,5.0,0,medical,0,409,0.947107438016529,0.03289214668121058,0.8272727272727274
circuit_neg,5.0,0,medical,1,409,0.9867768595041323,0.01342816265229085,0.9272727272727274
circuit_neg,5.0,0,medical,2,409,0.9917355371900827,0.01280325073126419,0.9272727272727274
circuit_neg,5.0,0,medical,3,409,0.9966942148760329,0.006611570247933907,0.9454545454545455
circuit_neg,5.0,0,medical,4,409,0.9983471074380166,0.0033057851239669312,0.9727272727272727
circuit_neg,5.0,0,medical,5,409,0.9950413223140495,0.0066115702479339015,0.9727272727272727
circuit_neg,5.0,0,medical,6,409,0.9966942148760329,0.006611570247933907,0.9636363636363636
circuit_neg,5.0,0,medical,7,409,0.9966942148760332,0.004048743376501108,0.9545454545454547
circuit_neg,5.0,0,medical,8,409,0.9966942148760332,0.004048743376501108,0.9727272727272727
circuit_neg,5.0,0,medical,9,409,0.9983471074380166,0.0033057851239669312,0.9818181818181818
circuit_neg,5.0,0,medical,10,409,1.0,0.0,0.9636363636363636
circuit_neg,5.0,0,medical,11,409,0.9983471074380166,0.0033057851239669312,0.990909090909091
circuit_neg,5.0,0,medical,12,409,0.9983471074380166,0.0033057851239669312,0.9818181818181818
circuit_neg,5.0,0,medical,13,409,0.9983471074380166,0.0033057851239669312,0.9818181818181818
circuit_neg,5.0,0,medical,14,409,1.0,0.0,0.9727272727272727
circuit_neg,5.0,0,medical,15,409,0.9966942148760329,0.006611570247933907,0.9545454545454545
circuit_neg,10.0,0,medical,0,819,0.947107438016529,0.03289214668121058,0.8272727272727274
circuit_neg,10.0,0,medical,1,819,0.9867768595041323,0.01342816265229085,0.9272727272727274
circuit_neg,10.0,0,medical,2,819,0.9917355371900827,0.01280325073126419,0.9272727272727274
circuit_neg,10.0,0,medical,3,819,0.9966942148760329,0.006611570247933907,0.9454545454545455
circuit_neg,10.0,0,medical,4,819,0.9983471074380166,0.0033057851239669312,0.9727272727272727
circuit_neg,10.0,0,medical,5,819,0.9950413223140495,0.0066115702479339015,0.9727272727272727
circuit_neg,10.0,0,medical,6,819,0.9966942148760329,0.006611570247933907,0.9636363636363636
circuit_neg,10.0,0,medical,7,819,0.9966942148760332,0.004048743376501108,0.9545454545454547
circuit_neg,10.0,0,medical,8,819,0.9966942148760332,0.004048743376501108,0.9727272727272727
circuit_neg,10.0,0,medical,9,819,0.9983471074380166,0.0033057851239669312,0.9818181818181818
circuit_neg,10.0,0,medical,10,819,1.0,0.0,0.9636363636363636
circuit_neg,10.0,0,medical,11,819,1.0,0.0,0.990909090909091
circuit_neg,10.0,0,medical,12,819,0.9983471074380166,0.0033057851239669312,0.990909090909091
circuit_neg,10.0,0,medical,13,819,1.0,0.0,0.9818181818181818
circuit_neg,10.0,0,medical,14,819,1.0,0.0,0.9818181818181818
circuit_neg,10.0,0,medical,15,819,1.0,0.0,0.9636363636363636
circuit_neg,25.0,0,medical,0,2048,0.947107438016529,0.03289214668121058,0.8272727272727274
circuit_neg,25.0,0,medical,1,2048,0.9867768595041323,0.01342816265229085,0.9272727272727274
circuit_neg,25.0,0,medical,2,2048,0.9917355371900827,0.01280325073126419,0.9272727272727274
circuit_neg,25.0,0,medical,3,2048,0.9966942148760329,0.006611570247933907,0.9454545454545455
circuit_neg,25.0,0,medical,4,2048,0.9983471074380166,0.0033057851239669312,0.9727272727272727
circuit_neg,25.0,0,medical,5,2048,0.9950413223140495,0.0066115702479339015,0.9727272727272727
circuit_neg,25.0,0,medical,6,2048,0.9966942148760329,0.006611570247933907,0.9636363636363636
circuit_neg,25.0,0,medical,7,2048,0.9966942148760332,0.004048743376501108,0.9545454545454547
circuit_neg,25.0,0,medical,8,2048,0.9966942148760332,0.004048743376501108,0.9727272727272727
circuit_neg,25.0,0,medical,9,2048,0.9983471074380166,0.0033057851239669312,0.9818181818181818
circuit_neg,25.0,0,medical,10,2048,1.0,0.0,0.9636363636363636
circuit_neg,25.0,0,medical,11,2048,1.0,0.0,0.990909090909091
circuit_neg,25.0,0,medical,12,2048,0.9983471074380166,0.0033057851239669312,0.990909090909091
circuit_neg,25.0,0,medical,13,2048,1.0,0.0,0.990909090909091
circuit_neg,25.0,0,medical,14,2048,1.0,0.0,1.0
circuit_neg,25.0,0,medical,15,2048,1.0,0.0,0.990909090909091
circuit_neg,50.0,0,medical,0,4096,0.947107438016529,0.03289214668121058,0.8272727272727274
circuit_neg,50.0,0,medical,1,4096,0.9867768595041323,0.01342816265229085,0.9272727272727274
circuit_neg,50.0,0,medical,2,4096,0.9917355371900827,0.01280325073126419,0.9272727272727274
circuit_neg,50.0,0,medical,3,4096,0.9966942148760329,0.006611570247933907,0.9454545454545455
circuit_neg,50.0,0,medical,4,4096,0.9983471074380166,0.0033057851239669312,0.9727272727272727
circuit_neg,50.0,0,medical,5,4096,0.9950413223140495,0.0066115702479339015,0.9727272727272727
circuit_neg,50.0,0,medical,6,4096,0.9966942148760329,0.006611570247933907,0.9636363636363636
circuit_neg,50.0,0,medical,7,4096,0.9966942148760332,0.004048743376501108,0.9545454545454547
circuit_neg,50.0,0,medical,8,4096,0.9966942148760332,0.004048743376501108,0.9727272727272727
circuit_neg,50.0,0,medical,9,4096,0.9983471074380166,0.0033057851239669312,0.9818181818181818
circuit_neg,50.0,0,medical,10,4096,1.0,0.0,0.9636363636363636
circuit_neg,50.0,0,medical,11,4096,1.0,0.0,0.990909090909091
circuit_neg,50.0,0,medical,12,4096,0.9983471074380166,0.0033057851239669312,0.990909090909091
circuit_neg,50.0,0,medical,13,4096,1.0,0.0,0.990909090909091
circuit_neg,50.0,0,medical,14,4096,1.0,0.0,1.0
circuit_neg,50.0,0,medical,15,4096,1.0,0.0,0.990909090909091
random,5.0,0,medical,0,409,0.947107438016529,0.03289214668121058,0.8272727272727274
random,5.0,0,medical,1,409,0.9867768595041323,0.01342816265229085,0.9272727272727274
random,5.0,0,medical,2,409,0.9917355371900827,0.01280325073126419,0.9272727272727274
random,5.0,0,medical,3,409,0.9966942148760329,0.006611570247933907,0.9454545454545455
random,5.0,0,medical,4,409,0.9983471074380166,0.0033057851239669312,0.9727272727272727
random,5.0,0,medical,5,409,0.9950413223140495,0.0066115702479339015,0.9727272727272727
random,5.0,0,medical,6,409,0.9966942148760329,0.006611570247933907,0.9636363636363636
random,5.0,0,medical,7,409,0.9966942148760332,0.004048743376501108,0.9545454545454547
random,5.0,0,medical,8,409,0.9966942148760332,0.004048743376501108,0.9727272727272727
random,5.0,0,medical,9,409,0.9983471074380166,0.0033057851239669312,0.9818181818181818
random,5.0,0,medical,10,409,1.0,0.0,0.9636363636363636
random,5.0,0,medical,11,409,0.9983471074380166,0.0033057851239669312,0.990909090909091
random,5.0,0,medical,12,409,0.9966942148760332,0.004048743376501108,0.9727272727272727
random,5.0,0,medical,13,409,0.9966942148760332,0.004048743376501108,0.9727272727272727
random,5.0,0,medical,14,409,0.9933884297520661,0.009637937016273234,0.9545454545454545
random,5.0,0,medical,15,409,0.9884297520661157,0.01927587403254647,0.9181818181818182
random,5.0,1,medical,0,409,0.947107438016529,0.03289214668121058,0.8272727272727274
random,5.0,1,medical,1,409,0.9867768595041323,0.01342816265229085,0.9272727272727274
random,5.0,1,medical,2,409,0.9917355371900827,0.01280325073126419,0.9272727272727274
random,5.0,1,medical,3,409,0.9966942148760329,0.006611570247933907,0.9454545454545455
random,5.0,1,medical,4,409,0.9983471074380166,0.0033057851239669312,0.9727272727272727
random,5.0,1,medical,5,409,0.9950413223140495,0.0066115702479339015,0.9727272727272727
random,5.0,1,medical,6,409,0.9966942148760329,0.006611570247933907,0.9636363636363636
random,5.0,1,medical,7,409,0.9966942148760332,0.004048743376501108,0.9545454545454547
random,5.0,1,medical,8,409,0.9966942148760332,0.004048743376501108,0.9727272727272727
random,5.0,1,medical,9,409,0.9983471074380166,0.0033057851239669312,0.9818181818181818
random,5.0,1,medical,10,409,1.0,0.0,0.9636363636363636
random,5.0,1,medical,11,409,0.9983471074380166,0.0033057851239669312,0.990909090909091
random,5.0,1,medical,12,409,0.9983471074380166,0.0033057851239669312,0.9727272727272727
random,5.0,1,medical,13,409,0.9950413223140495,0.0066115702479339015,0.9727272727272727
random,5.0,1,medical,14,409,0.9933884297520661,0.009637937016273234,0.9454545454545455
random,5.0,1,medical,15,409,0.9917355371900826,0.016528925619834746,0.9181818181818182
random,5.0,2,medical,0,409,0.947107438016529,0.03289214668121058,0.8272727272727274
random,5.0,2,medical,1,409,0.9867768595041323,0.01342816265229085,0.9272727272727274
random,5.0,2,medical,2,409,0.9917355371900827,0.01280325073126419,0.9272727272727274
random,5.0,2,medical,3,409,0.9966942148760329,0.006611570247933907,0.9454545454545455
random,5.0,2,medical,4,409,0.9983471074380166,0.0033057851239669312,0.9727272727272727
random,5.0,2,medical,5,409,0.9950413223140495,0.0066115702479339015,0.9727272727272727
random,5.0,2,medical,6,409,0.9966942148760329,0.006611570247933907,0.9636363636363636
random,5.0,2,medical,7,409,0.9966942148760332,0.004048743376501108,0.9545454545454547
random,5.0,2,medical,8,409,0.9966942148760332,0.004048743376501108,0.9727272727272727
random,5.0,2,medical,9,409,0.9983471074380166,0.0033057851239669312,0.9818181818181818
random,5.0,2,medical,10,409,1.0,0.0,0.9636363636363636
random,5.0,2,medical,11,409,0.9983471074380166,0.0033057851239669312,0.990909090909091
random,5.0,2,medical,12,409,0.9983471074380166,0.0033057851239669312,0.9727272727272727
random,5.0,2,medical,13,409,0.9950413223140497,0.004048743376501108,0.9727272727272727
random,5.0,2,medical,14,409,0.9966942148760332,0.006611570247933907,0.9454545454545455
random,5.0,2,medical,15,409,0.9867768595041323,0.011210462782025246,0.9272727272727274
random,10.0,0,medical,0,819,0.947107438016529,0.03289214668121058,0.8272727272727274
random,10.0,0,medical,1,819,0.9867768595041323,0.01342816265229085,0.9272727272727274
random,10.0,0,medical,2,819,0.9917355371900827,0.01280325073126419,0.9272727272727274
random,10.0,0,medical,3,819,0.9966942148760329,0.006611570247933907,0.9454545454545455
random,10.0,0,medical,4,819,0.9983471074380166,0.0033057851239669312,0.9727272727272727
random,10.0,0,medical,5,819,0.9950413223140495,0.0066115702479339015,0.9727272727272727
random,10.0,0,medical,6,819,0.9966942148760329,0.006611570247933907,0.9636363636363636
random,10.0,0,medical,7,819,0.9966942148760332,0.004048743376501108,0.9545454545454547
random,10.0,0,medical,8,819,0.9966942148760332,0.004048743376501108,0.9727272727272727
random,10.0,0,medical,9,819,0.9983471074380166,0.0033057851239669312,0.9818181818181818
random,10.0,0,medical,10,819,1.0,0.0,0.9636363636363636
random,10.0,0,medical,11,819,0.9966942148760329,0.006611570247933907,0.990909090909091
random,10.0,0,medical,12,819,0.9966942148760332,0.004048743376501108,0.9727272727272727
random,10.0,0,medical,13,819,0.9966942148760332,0.004048743376501108,0.9727272727272727
random,10.0,0,medical,14,819,0.9917355371900826,0.010453810446837635,0.9636363636363636
random,10.0,0,medical,15,819,0.9851239669421487,0.017648063226498062,0.9090909090909092
random,10.0,1,medical,0,819,0.947107438016529,0.03289214668121058,0.8272727272727274
random,10.0,1,medical,1,819,0.9867768595041323,0.01342816265229085,0.9272727272727274
random,10.0,1,medical,2,819,0.9917355371900827,0.01280325073126419,0.9272727272727274
random,10.0,1,medical,3,819,0.9966942148760329,0.006611570247933907,0.9454545454545455
random,10.0,1,medical,4,819,0.9983471074380166,0.0033057851239669312,0.9727272727272727
random,10.0,1,medical,5,819,0.9950413223140495,0.0066115702479339015,0.9727272727272727
random,10.0,1,medical,6,819,0.9966942148760329,0.006611570247933907,0.9636363636363636
random,10.0,1,medical,7,819,0.9966942148760332,0.004048743376501108,0.9545454545454547
random,10.0,1,medical,8,819,0.9966942148760332,0.004048743376501108,0.9727272727272727
random,10.0,1,medical,9,819,0.9983471074380166,0.0033057851239669312,0.9818181818181818
random,10.0,1,medical,10,819,1.0,0.0,0.9636363636363636
random,10.0,1,medical,11,819,0.9983471074380166,0.0033057851239669312,0.990909090909091
random,10.0,1,medical,12,819,0.9966942148760332,0.004048743376501108,0.9727272727272727
random,10.0,1,medical,13,819,0.9966942148760332,0.004048743376501108,0.9636363636363636
random,10.0,1,medical,14,819,0.9933884297520661,0.009637937016273234,0.9636363636363636
random,10.0,1,medical,15,819,0.9867768595041323,0.018553672992267504,0.9363636363636363
random,10.0,2,medical,0,819,0.947107438016529,0.03289214668121058,0.8272727272727274
random,10.0,2,medical,1,819,0.9867768595041323,0.01342816265229085,0.9272727272727274
random,10.0,2,medical,2,819,0.9917355371900827,0.01280325073126419,0.9272727272727274
random,10.0,2,medical,3,819,0.9966942148760329,0.006611570247933907,0.9454545454545455
random,10.0,2,medical,4,819,0.9983471074380166,0.0033057851239669312,0.9727272727272727
random,10.0,2,medical,5,819,0.9950413223140495,0.0066115702479339015,0.9727272727272727
random,10.0,2,medical,6,819,0.9966942148760329,0.006611570247933907,0.9636363636363636
random,10.0,2,medical,7,819,0.9966942148760332,0.004048743376501108,0.9545454545454547
random,10.0,2,medical,8,819,0.9966942148760332,0.004048743376501108,0.9727272727272727
random,10.0,2,medical,9,819,0.9983471074380166,0.0033057851239669312,0.9818181818181818
random,10.0,2,medical,10,819,1.0,0.0,0.9636363636363636
random,10.0,2,medical,11,819,0.9983471074380166,0.0033057851239669312,0.990909090909091
random,10.0,2,medical,12,819,0.9966942148760332,0.004048743376501108,0.9727272727272727
random,10.0,2,medical,13,819,0.9933884297520661,0.0061845576640891745,0.9636363636363636
random,10.0,2,medical,14,819,0.9917355371900827,0.007391960256197676,0.9363636363636363
random,10.0,2,medical,15,819,0.9851239669421487,0.017648063226498062,0.9181818181818182
random,25.0,0,medical,0,2048,0.947107438016529,0.03289214668121058,0.8272727272727274
random,25.0,0,medical,1,2048,0.9867768595041323,0.01342816265229085,0.9272727272727274
random,25.0,0,medical,2,2048,0.9917355371900827,0.01280325073126419,0.9272727272727274
random,25.0,0,medical,3,2048,0.9966942148760329,0.006611570247933907,0.9454545454545455
random,25.0,0,medical,4,2048,0.9983471074380166,0.0033057851239669312,0.9727272727272727
random,25.0,0,medical,5,2048,0.9950413223140495,0.0066115702479339015,0.9727272727272727
random,25.0,0,medical,6,2048,0.9966942148760329,0.006611570247933907,0.9636363636363636
random,25.0,0,medical,7,2048,0.9966942148760332,0.004048743376501108,0.9545454545454547
random,25.0,0,medical,8,2048,0.9966942148760332,0.004048743376501108,0.9727272727272727
random,25.0,0,medical,9,2048,0.9983471074380166,0.0033057851239669312,0.9818181818181818
random,25.0,0,medical,10,2048,1.0,0.0,0.9636363636363636
random,25.0,0,medical,11,2048,0.9966942148760329,0.006611570247933907,0.990909090909091
random,25.0,0,medical,12,2048,0.9983471074380166,0.0033057851239669312,0.990909090909091
random,25.0,0,medical,13,2048,0.9966942148760332,0.004048743376501108,0.9818181818181818
random,25.0,0,medical,14,2048,0.9966942148760332,0.004048743376501108,0.9636363636363636
random,25.0,0,medical,15,2048,0.9900826446280991,0.01602538795840112,0.9090909090909092
random,25.0,1,medical,0,2048,0.947107438016529,0.03289214668121058,0.8272727272727274
random,25.0,1,medical,1,2048,0.9867768595041323,0.01342816265229085,0.9272727272727274
random,25.0,1,medical,2,2048,0.9917355371900827,0.01280325073126419,0.9272727272727274
random,25.0,1,medical,3,2048,0.9966942148760329,0.006611570247933907,0.9454545454545455
random,25.0,1,medical,4,2048,0.9983471074380166,0.0033057851239669312,0.9727272727272727
random,25.0,1,medical,5,2048,0.9950413223140495,0.0066115702479339015,0.9727272727272727
random,25.0,1,medical,6,2048,0.9966942148760329,0.006611570247933907,0.9636363636363636
random,25.0,1,medical,7,2048,0.9966942148760332,0.004048743376501108,0.9545454545454547
random,25.0,1,medical,8,2048,0.9966942148760332,0.004048743376501108,0.9727272727272727
random,25.0,1,medical,9,2048,0.9983471074380166,0.0033057851239669312,0.9818181818181818
random,25.0,1,medical,10,2048,1.0,0.0,0.9636363636363636
random,25.0,1,medical,11,2048,0.9983471074380166,0.0033057851239669312,0.990909090909091
random,25.0,1,medical,12,2048,0.9950413223140495,0.0066115702479339015,0.9727272727272727
random,25.0,1,medical,13,2048,0.9983471074380166,0.0033057851239669312,0.9727272727272727
random,25.0,1,medical,14,2048,0.9966942148760329,0.006611570247933907,0.9727272727272727
random,25.0,1,medical,15,2048,0.9933884297520661,0.013223140495867768,0.9545454545454545
random,25.0,2,medical,0,2048,0.947107438016529,0.03289214668121058,0.8272727272727274
random,25.0,2,medical,1,2048,0.9867768595041323,0.01342816265229085,0.9272727272727274
random,25.0,2,medical,2,2048,0.9917355371900827,0.01280325073126419,0.9272727272727274
random,25.0,2,medical,3,2048,0.9966942148760329,0.006611570247933907,0.9454545454545455
random,25.0,2,medical,4,2048,0.9983471074380166,0.0033057851239669312,0.9727272727272727
random,25.0,2,medical,5,2048,0.9950413223140495,0.0066115702479339015,0.9727272727272727
random,25.0,2,medical,6,2048,0.9966942148760329,0.006611570247933907,0.9636363636363636
random,25.0,2,medical,7,2048,0.9966942148760332,0.004048743376501108,0.9545454545454547
random,25.0,2,medical,8,2048,0.9966942148760332,0.004048743376501108,0.9727272727272727
random,25.0,2,medical,9,2048,0.9983471074380166,0.0033057851239669312,0.9818181818181818
random,25.0,2,medical,10,2048,1.0,0.0,0.9636363636363636
random,25.0,2,medical,11,2048,0.9983471074380166,0.0033057851239669312,0.990909090909091
random,25.0,2,medical,12,2048,0.9983471074380166,0.0033057851239669312,0.9818181818181818
random,25.0,2,medical,13,2048,0.9983471074380166,0.0033057851239669312,0.9545454545454547
random,25.0,2,medical,14,2048,0.9966942148760332,0.004048743376501108,0.9363636363636363
random,25.0,2,medical,15,2048,0.9851239669421489,0.01602538795840112,0.9363636363636363
random,50.0,0,medical,0,4096,0.947107438016529,0.03289214668121058,0.8272727272727274
random,50.0,0,medical,1,4096,0.9867768595041323,0.01342816265229085,0.9272727272727274
random,50.0,0,medical,2,4096,0.9917355371900827,0.01280325073126419,0.9272727272727274
random,50.0,0,medical,3,4096,0.9966942148760329,0.006611570247933907,0.9454545454545455
random,50.0,0,medical,4,4096,0.9983471074380166,0.0033057851239669312,0.9727272727272727
random,50.0,0,medical,5,4096,0.9950413223140495,0.0066115702479339015,0.9727272727272727
random,50.0,0,medical,6,4096,0.9966942148760329,0.006611570247933907,0.9636363636363636
random,50.0,0,medical,7,4096,0.9966942148760332,0.004048743376501108,0.9545454545454547
random,50.0,0,medical,8,4096,0.9966942148760332,0.004048743376501108,0.9727272727272727
random,50.0,0,medical,9,4096,0.9983471074380166,0.0033057851239669312,0.9818181818181818
random,50.0,0,medical,10,4096,1.0,0.0,0.9636363636363636
random,50.0,0,medical,11,4096,0.9966942148760329,0.006611570247933907,0.990909090909091
random,50.0,0,medical,12,4096,0.9966942148760329,0.006611570247933907,0.9818181818181818
random,50.0,0,medical,13,4096,0.9966942148760329,0.006611570247933907,0.9636363636363636
random,50.0,0,medical,14,4096,0.9933884297520661,0.009637937016273234,0.9545454545454545
random,50.0,0,medical,15,4096,0.9884297520661157,0.01927587403254647,0.9454545454545455
random,50.0,1,medical,0,4096,0.947107438016529,0.03289214668121058,0.8272727272727274
random,50.0,1,medical,1,4096,0.9867768595041323,0.01342816265229085,0.9272727272727274
random,50.0,1,medical,2,4096,0.9917355371900827,0.01280325073126419,0.9272727272727274
random,50.0,1,medical,3,4096,0.9966942148760329,0.006611570247933907,0.9454545454545455
random,50.0,1,medical,4,4096,0.9983471074380166,0.0033057851239669312,0.9727272727272727
random,50.0,1,medical,5,4096,0.9950413223140495,0.0066115702479339015,0.9727272727272727
random,50.0,1,medical,6,4096,0.9966942148760329,0.006611570247933907,0.9636363636363636
random,50.0,1,medical,7,4096,0.9966942148760332,0.004048743376501108,0.9545454545454547
random,50.0,1,medical,8,4096,0.9966942148760332,0.004048743376501108,0.9727272727272727
random,50.0,1,medical,9,4096,0.9983471074380166,0.0033057851239669312,0.9818181818181818
random,50.0,1,medical,10,4096,1.0,0.0,0.9636363636363636
random,50.0,1,medical,11,4096,0.9983471074380166,0.0033057851239669312,0.990909090909091
random,50.0,1,medical,12,4096,0.9950413223140495,0.0066115702479339015,0.9818181818181818
random,50.0,1,medical,13,4096,0.9966942148760329,0.006611570247933907,0.9727272727272727
random,50.0,1,medical,14,4096,0.9900826446280991,0.013223140495867775,0.9727272727272727
random,50.0,1,medical,15,4096,0.9834710743801652,0.022783551656347486,0.9545454545454545
random,50.0,2,medical,0,4096,0.947107438016529,0.03289214668121058,0.8272727272727274
random,50.0,2,medical,1,4096,0.9867768595041323,0.01342816265229085,0.9272727272727274
random,50.0,2,medical,2,4096,0.9917355371900827,0.01280325073126419,0.9272727272727274
random,50.0,2,medical,3,4096,0.9966942148760329,0.006611570247933907,0.9454545454545455
random,50.0,2,medical,4,4096,0.9983471074380166,0.0033057851239669312,0.9727272727272727
random,50.0,2,medical,5,4096,0.9950413223140495,0.0066115702479339015,0.9727272727272727
random,50.0,2,medical,6,4096,0.9966942148760329,0.006611570247933907,0.9636363636363636
random,50.0,2,medical,7,4096,0.9966942148760332,0.004048743376501108,0.9545454545454547
random,50.0,2,medical,8,4096,0.9966942148760332,0.004048743376501108,0.9727272727272727
random,50.0,2,medical,9,4096,0.9983471074380166,0.0033057851239669312,0.9818181818181818
random,50.0,2,medical,10,4096,1.0,0.0,0.9636363636363636
random,50.0,2,medical,11,4096,0.9983471074380166,0.0033057851239669312,0.990909090909091
random,50.0,2,medical,12,4096,0.9983471074380166,0.0033057851239669312,0.990909090909091
random,50.0,2,medical,13,4096,0.9983471074380166,0.0033057851239669312,0.9727272727272727
random,50.0,2,medical,14,4096,0.9966942148760329,0.006611570247933907,0.9545454545454545
random,50.0,2,medical,15,4096,0.9884297520661157,0.015328295033877231,0.9545454545454545
clean,0.0,0,legal,0,0,0.7857988165680474,0.035581766576030585,0.7384615384615384
clean,0.0,0,legal,1,0,0.8142011834319527,0.026356281007479408,0.7461538461538462
clean,0.0,0,legal,2,0,0.8319526627218934,0.03232307759466899,0.7307692307692308
clean,0.0,0,legal,3,0,0.854437869822485,0.03542397525939826,0.7769230769230769
clean,0.0,0,legal,4,0,0.8331360946745562,0.025765137345653537,0.7307692307692306
clean,0.0,0,legal,5,0,0.8284023668639054,0.035895268374208554,0.7307692307692308
clean,0.0,0,legal,6,0,0.8508875739644969,0.03985197216682307,0.7153846153846153
clean,0.0,0,legal,7,0,0.8520710059171599,0.03816453371975642,0.7307692307692306
clean,0.0,0,legal,8,0,0.8745562130177514,0.039142805700689336,0.7538461538461538
clean,0.0,0,legal,9,0,0.8946745562130177,0.03538441748574214,0.7846153846153846
clean,0.0,0,legal,10,0,0.9088757396449705,0.03753550657314488,0.8153846153846154
clean,0.0,0,legal,11,0,0.8923076923076924,0.04695108739615947,0.7846153846153845
clean,0.0,0,legal,12,0,0.8875739644970414,0.04116574468858244,0.7923076923076924
clean,0.0,0,legal,13,0,0.8639053254437868,0.05625971277635359,0.7615384615384615
clean,0.0,0,legal,14,0,0.8213017751479288,0.039142805700689315,0.7384615384615385
clean,0.0,0,legal,15,0,0.7644970414201184,0.05231251149183514,0.6615384615384615
circuit,5.0,0,legal,0,409,0.7857988165680474,0.035581766576030585,0.7384615384615384
circuit,5.0,0,legal,1,409,0.8142011834319527,0.026356281007479408,0.7461538461538462
circuit,5.0,0,legal,2,409,0.8319526627218934,0.03232307759466899,0.7307692307692308
circuit,5.0,0,legal,3,409,0.854437869822485,0.03542397525939826,0.7769230769230769
circuit,5.0,0,legal,4,409,0.8331360946745562,0.025765137345653537,0.7307692307692306
circuit,5.0,0,legal,5,409,0.8284023668639054,0.035895268374208554,0.7307692307692308
circuit,5.0,0,legal,6,409,0.8508875739644969,0.03985197216682307,0.7153846153846153
circuit,5.0,0,legal,7,409,0.8520710059171599,0.03816453371975642,0.7307692307692306
circuit,5.0,0,legal,8,409,0.8745562130177514,0.039142805700689336,0.7538461538461538
circuit,5.0,0,legal,9,409,0.8946745562130177,0.03538441748574214,0.7846153846153846
circuit,5.0,0,legal,10,409,0.9088757396449705,0.03753550657314488,0.8153846153846154
circuit,5.0,0,legal,11,409,0.9017751479289942,0.034421395437275695,0.7846153846153846
circuit,5.0,0,legal,12,409,0.8899408284023668,0.027398430539148463,0.8
circuit,5.0,0,legal,13,409,0.8485207100591715,0.03421735454390761,0.7846153846153847
circuit,5.0,0,legal,14,409,0.8071005917159763,0.03122107919117852,0.7538461538461538
circuit,5.0,0,legal,15,409,0.7680473372781066,0.033970887797413765,0.6846153846153845
circuit,10.0,0,legal,0,819,0.7857988165680474,0.035581766576030585,0.7384615384615384
circuit,10.0,0,legal,1,819,0.8142011834319527,0.026356281007479408,0.7461538461538462
circuit,10.0,0,legal,2,819,0.8319526627218934,0.03232307759466899,0.7307692307692308
circuit,10.0,0,legal,3,819,0.854437869822485,0.03542397525939826,0.7769230769230769
circuit,10.0,0,legal,4,819,0.8331360946745562,0.025765137345653537,0.7307692307692306
circuit,10.0,0,legal,5,819,0.8284023668639054,0.035895268374208554,0.7307692307692308
circuit,10.0,0,legal,6,819,0.8508875739644969,0.03985197216682307,0.7153846153846153
circuit,10.0,0,legal,7,819,0.8520710059171599,0.03816453371975642,0.7307692307692306
circuit,10.0,0,legal,8,819,0.8745562130177514,0.039142805700689336,0.7538461538461538
circuit,10.0,0,legal,9,819,0.8946745562130177,0.03538441748574214,0.7846153846153846
circuit,10.0,0,legal,10,819,0.9088757396449705,0.03753550657314488,0.8153846153846154
circuit,10.0,0,legal,11,819,0.8970414201183432,0.03144456865227553,0.8
circuit,10.0,0,legal,12,819,0.8923076923076924,0.03026440675158439,0.8
circuit,10.0,0,legal,13,819,0.8579881656804733,0.035106265027671835,0.7846153846153847
circuit,10.0,0,legal,14,819,0.8023668639053255,0.03275349704875278,0.7384615384615385
circuit,10.0,0,legal,15,819,0.770414201183432,0.03985197216682304,0.7
circuit,25.0,0,legal,0,2048,0.7857988165680474,0.035581766576030585,0.7384615384615384
circuit,25.0,0,legal,1,2048,0.8142011834319527,0.026356281007479408,0.7461538461538462
circuit,25.0,0,legal,2,2048,0.8319526627218934,0.03232307759466899,0.7307692307692308
circuit,25.0,0,legal,3,2048,0.854437869822485,0.03542397525939826,0.7769230769230769
circuit,25.0,0,legal,4,2048,0.8331360946745562,0.025765137345653537,0.7307692307692306
circuit,25.0,0,legal,5,2048,0.8284023668639054,0.035895268374208554,0.7307692307692308
circuit,25.0,0,legal,6,2048,0.8508875739644969,0.03985197216682307,0.7153846153846153
circuit,25.0,0,legal,7,2048,0.8520710059171599,0.03816453371975642,0.7307692307692306
circuit,25.0,0,legal,8,2048,0.8745562130177514,0.039142805700689336,0.7538461538461538
circuit,25.0,0,legal,9,2048,0.8946745562130177,0.03538441748574214,0.7846153846153846
circuit,25.0,0,legal,10,2048,0.9088757396449705,0.03753550657314488,0.8153846153846154
circuit,25.0,0,legal,11,2048,0.898224852071006,0.03498637987951356,0.8
circuit,25.0,0,legal,12,2048,0.8923076923076924,0.029324288031630473,0.8
circuit,25.0,0,legal,13,2048,0.8662721893491124,0.029372008629564152,0.8
circuit,25.0,0,legal,14,2048,0.8272189349112427,0.04157199543254511,0.7923076923076924
circuit,25.0,0,legal,15,2048,0.8142011834319526,0.04276759999903588,0.7307692307692307
circuit,50.0,0,legal,0,4096,0.7857988165680474,0.035581766576030585,0.7384615384615384
circuit,50.0,0,legal,1,4096,0.8142011834319527,0.026356281007479408,0.7461538461538462
circuit,50.0,0,legal,2,4096,0.8319526627218934,0.03232307759466899,0.7307692307692308
circuit,50.0,0,legal,3,4096,0.854437869822485,0.03542397525939826,0.7769230769230769
circuit,50.0,0,legal,4,4096,0.8331360946745562,0.025765137345653537,0.7307692307692306
circuit,50.0,0,legal,5,4096,0.8284023668639054,0.035895268374208554,0.7307692307692308
circuit,50.0,0,legal,6,4096,0.8508875739644969,0.03985197216682307,0.7153846153846153
circuit,50.0,0,legal,7,4096,0.8520710059171599,0.03816453371975642,0.7307692307692306
circuit,50.0,0,legal,8,4096,0.8745562130177514,0.039142805700689336,0.7538461538461538
circuit,50.0,0,legal,9,4096,0.8946745562130177,0.03538441748574214,0.7846153846153846
circuit,50.0,0,legal,10,4096,0.9088757396449705,0.03753550657314488,0.8153846153846154
circuit,50.0,0,legal,11,4096,0.9065088757396451,0.038420551670409246,0.8
circuit,50.0,0,legal,12,4096,0.8958579881656805,0.03188684872262126,0.8
circuit,50.0,0,legal,13,4096,0.8875739644970416,0.026462342928991578,0.7923076923076924
circuit,50.0,0,legal,14,4096,0.8828402366863906,0.03842055167040929,0.7923076923076924
circuit,50.0,0,legal,15,4096,0.8544378698224853,0.03031064727778863,0.7461538461538462
circuit_pos,5.0,0,legal,0,409,0.7857988165680474,0.035581766576030585,0.7384615384615384
circuit_pos,5.0,0,legal,1,409,0.8142011834319527,0.026356281007479408,0.7461538461538462
circuit_pos,5.0,0,legal,2,409,0.8319526627218934,0.03232307759466899,0.7307692307692308
circuit_pos,5.0,0,legal,3,409,0.854437869822485,0.03542397525939826,0.7769230769230769
circuit_pos,5.0,0,legal,4,409,0.8331360946745562,0.025765137345653537,0.7307692307692306
circuit_pos,5.0,0,legal,5,409,0.8284023668639054,0.035895268374208554,0.7307692307692308
circuit_pos,5.0,0,legal,6,409,0.8508875739644969,0.03985197216682307,0.7153846153846153
circuit_pos,5.0,0,legal,7,409,0.8520710059171599,0.03816453371975642,0.7307692307692306
circuit_pos,5.0,0,legal,8,409,0.8745562130177514,0.039142805700689336,0.7538461538461538
circuit_pos,5.0,0,legal,9,409,0.8946745562130177,0.03538441748574214,0.7846153846153846
circuit_pos,5.0,0,legal,10,409,0.9088757396449705,0.03753550657314488,0.8153846153846154
circuit_pos,5.0,0,legal,11,409,0.8958579881656805,0.033388724212226946,0.7923076923076924
circuit_pos,5.0,0,legal,12,409,0.8686390532544379,0.03249592950945798,0.7923076923076924
circuit_pos,5.0,0,legal,13,409,0.8248520710059172,0.032538999017437925,0.7769230769230769
circuit_pos,5.0,0,legal,14,409,0.7798816568047338,0.0345837614111301,0.7230769230769231
circuit_pos,5.0,0,legal,15,409,0.701775147928994,0.06552837017707516,0.6307692307692307
circuit_pos,10.0,0,legal,0,819,0.7857988165680474,0.035581766576030585,0.7384615384615384
circuit_pos,10.0,0,legal,1,819,0.8142011834319527,0.026356281007479408,0.7461538461538462
circuit_pos,10.0,0,legal,2,819,0.8319526627218934,0.03232307759466899,0.7307692307692308
circuit_pos,10.0,0,legal,3,819,0.854437869822485,0.03542397525939826,0.7769230769230769
circuit_pos,10.0,0,legal,4,819,0.8331360946745562,0.025765137345653537,0.7307692307692306
circuit_pos,10.0,0,legal,5,819,0.8284023668639054,0.035895268374208554,0.7307692307692308
circuit_pos,10.0,0,legal,6,819,0.8508875739644969,0.03985197216682307,0.7153846153846153
circuit_pos,10.0,0,legal,7,819,0.8520710059171599,0.03816453371975642,0.7307692307692306
circuit_pos,10.0,0,legal,8,819,0.8745562130177514,0.039142805700689336,0.7538461538461538
circuit_pos,10.0,0,legal,9,819,0.8946745562130177,0.03538441748574214,0.7846153846153846
circuit_pos,10.0,0,legal,10,819,0.9088757396449705,0.03753550657314488,0.8153846153846154
circuit_pos,10.0,0,legal,11,819,0.8911242603550296,0.03753550657314486,0.7923076923076924
circuit_pos,10.0,0,legal,12,819,0.8603550295857989,0.04177363927745039,0.776923076923077
circuit_pos,10.0,0,legal,13,819,0.8142011834319527,0.03917856889289195,0.7769230769230769
circuit_pos,10.0,0,legal,14,819,0.7668639053254438,0.04276759999903585,0.7230769230769232
circuit_pos,10.0,0,legal,15,819,0.6733727810650887,0.07308590606695625,0.6153846153846153
circuit_pos,25.0,0,legal,0,2048,0.7857988165680474,0.035581766576030585,0.7384615384615384
circuit_pos,25.0,0,legal,1,2048,0.8142011834319527,0.026356281007479408,0.7461538461538462
circuit_pos,25.0,0,legal,2,2048,0.8319526627218934,0.03232307759466899,0.7307692307692308
circuit_pos,25.0,0,legal,3,2048,0.854437869822485,0.03542397525939826,0.7769230769230769
circuit_pos,25.0,0,legal,4,2048,0.8331360946745562,0.025765137345653537,0.7307692307692306
circuit_pos,25.0,0,legal,5,2048,0.8284023668639054,0.035895268374208554,0.7307692307692308
circuit_pos,25.0,0,legal,6,2048,0.8508875739644969,0.03985197216682307,0.7153846153846153
circuit_pos,25.0,0,legal,7,2048,0.8520710059171599,0.03816453371975642,0.7307692307692306
circuit_pos,25.0,0,legal,8,2048,0.8745562130177514,0.039142805700689336,0.7538461538461538
circuit_pos,25.0,0,legal,9,2048,0.8946745562130177,0.03538441748574214,0.7846153846153846
circuit_pos,25.0,0,legal,10,2048,0.9088757396449705,0.03753550657314488,0.8153846153846154
circuit_pos,25.0,0,legal,11,2048,0.876923076923077,0.04002730065156869,0.7923076923076924
circuit_pos,25.0,0,legal,12,2048,0.834319526627219,0.03871107037584883,0.7615384615384615
circuit_pos,25.0,0,legal,13,2048,0.7810650887573964,0.03942800295611289,0.7384615384615385
circuit_pos,25.0,0,legal,14,2048,0.7195266272189349,0.04973231098094839,0.6461538461538462
circuit_pos,25.0,0,legal,15,2048,0.642603550295858,0.08813191839957803,0.5846153846153846
circuit_pos,50.0,0,legal,0,4096,0.7857988165680474,0.035581766576030585,0.7384615384615384
circuit_pos,50.0,0,legal,1,4096,0.8142011834319527,0.026356281007479408,0.7461538461538462
circuit_pos,50.0,0,legal,2,4096,0.8319526627218934,0.03232307759466899,0.7307692307692308
circuit_pos,50.0,0,legal,3,4096,0.854437869822485,0.03542397525939826,0.7769230769230769
circuit_pos,50.0,0,legal,4,4096,0.8331360946745562,0.025765137345653537,0.7307692307692306
circuit_pos,50.0,0,legal,5,4096,0.8284023668639054,0.035895268374208554,0.7307692307692308
circuit_pos,50.0,0,legal,6,4096,0.8508875739644969,0.03985197216682307,0.7153846153846153
circuit_pos,50.0,0,legal,7,4096,0.8520710059171599,0.03816453371975642,0.7307692307692306
circuit_pos,50.0,0,legal,8,4096,0.8745562130177514,0.039142805700689336,0.7538461538461538
circuit_pos,50.0,0,legal,9,4096,0.8946745562130177,0.03538441748574214,0.7846153846153846
circuit_pos,50.0,0,legal,10,4096,0.9088757396449705,0.03753550657314488,0.8153846153846154
circuit_pos,50.0,0,legal,11,4096,0.8674556213017752,0.035621105191224633,0.7692307692307692
circuit_pos,50.0,0,legal,12,4096,0.81301775147929,0.04341760077596247,0.7384615384615384
circuit_pos,50.0,0,legal,13,4096,0.7644970414201183,0.05692787441801512,0.7153846153846153
circuit_pos,50.0,0,legal,14,4096,0.7100591715976332,0.05034804115072821,0.6538461538461539
circuit_pos,50.0,0,legal,15,4096,0.6603550295857988,0.062014544409817275,0.5999999999999999
circuit_neg,5.0,0,legal,0,409,0.7857988165680474,0.035581766576030585,0.7384615384615384
circuit_neg,5.0,0,legal,1,409,0.8142011834319527,0.026356281007479408,0.7461538461538462
circuit_neg,5.0,0,legal,2,409,0.8319526627218934,0.03232307759466899,0.7307692307692308
circuit_neg,5.0,0,legal,3,409,0.854437869822485,0.03542397525939826,0.7769230769230769
circuit_neg,5.0,0,legal,4,409,0.8331360946745562,0.025765137345653537,0.7307692307692306
circuit_neg,5.0,0,legal,5,409,0.8284023668639054,0.035895268374208554,0.7307692307692308
circuit_neg,5.0,0,legal,6,409,0.8508875739644969,0.03985197216682307,0.7153846153846153
circuit_neg,5.0,0,legal,7,409,0.8520710059171599,0.03816453371975642,0.7307692307692306
circuit_neg,5.0,0,legal,8,409,0.8745562130177514,0.039142805700689336,0.7538461538461538
circuit_neg,5.0,0,legal,9,409,0.8946745562130177,0.03538441748574214,0.7846153846153846
circuit_neg,5.0,0,legal,10,409,0.9088757396449705,0.03753550657314488,0.8153846153846154
circuit_neg,5.0,0,legal,11,409,0.8982248520710059,0.041233731101028036,0.7923076923076924
circuit_neg,5.0,0,legal,12,409,0.9017751479289942,0.03188684872262123,0.8153846153846154
circuit_neg,5.0,0,legal,13,409,0.8863905325443786,0.04354643666976115,0.776923076923077
circuit_neg,5.0,0,legal,14,409,0.8863905325443786,0.027602139147196673,0.776923076923077
circuit_neg,5.0,0,legal,15,409,0.8461538461538464,0.037610055815551977,0.7461538461538462
circuit_neg,10.0,0,legal,0,819,0.7857988165680474,0.035581766576030585,0.7384615384615384
circuit_neg,10.0,0,legal,1,819,0.8142011834319527,0.026356281007479408,0.7461538461538462
circuit_neg,10.0,0,legal,2,819,0.8319526627218934,0.03232307759466899,0.7307692307692308
circuit_neg,10.0,0,legal,3,819,0.854437869822485,0.03542397525939826,0.7769230769230769
circuit_neg,10.0,0,legal,4,819,0.8331360946745562,0.025765137345653537,0.7307692307692306
circuit_neg,10.0,0,legal,5,819,0.8284023668639054,0.035895268374208554,0.7307692307692308
circuit_neg,10.0,0,legal,6,819,0.8508875739644969,0.03985197216682307,0.7153846153846153
circuit_neg,10.0,0,legal,7,819,0.8520710059171599,0.03816453371975642,0.7307692307692306
circuit_neg,10.0,0,legal,8,819,0.8745562130177514,0.039142805700689336,0.7538461538461538
circuit_neg,10.0,0,legal,9,819,0.8946745562130177,0.03538441748574214,0.7846153846153846
circuit_neg,10.0,0,legal,10,819,0.9088757396449705,0.03753550657314488,0.8153846153846154
circuit_neg,10.0,0,legal,11,819,0.9088757396449703,0.0384569865308211,0.8
circuit_neg,10.0,0,legal,12,819,0.9136094674556213,0.036398950294034824,0.823076923076923
circuit_neg,10.0,0,legal,13,819,0.9112426035502958,0.03326264928415429,0.8076923076923077
circuit_neg,10.0,0,legal,14,819,0.910059171597633,0.025215710949896462,0.7923076923076924
circuit_neg,10.0,0,legal,15,819,0.8745562130177514,0.026035502958579905,0.7846153846153847
circuit_neg,25.0,0,legal,0,2048,0.7857988165680474,0.035581766576030585,0.7384615384615384
circuit_neg,25.0,0,legal,1,2048,0.8142011834319527,0.026356281007479408,0.7461538461538462
circuit_neg,25.0,0,legal,2,2048,0.8319526627218934,0.03232307759466899,0.7307692307692308
circuit_neg,25.0,0,legal,3,2048,0.854437869822485,0.03542397525939826,0.7769230769230769
circuit_neg,25.0,0,legal,4,2048,0.8331360946745562,0.025765137345653537,0.7307692307692306
circuit_neg,25.0,0,legal,5,2048,0.8284023668639054,0.035895268374208554,0.7307692307692308
circuit_neg,25.0,0,legal,6,2048,0.8508875739644969,0.03985197216682307,0.7153846153846153
circuit_neg,25.0,0,legal,7,2048,0.8520710059171599,0.03816453371975642,0.7307692307692306
circuit_neg,25.0,0,legal,8,2048,0.8745562130177514,0.039142805700689336,0.7538461538461538
circuit_neg,25.0,0,legal,9,2048,0.8946745562130177,0.03538441748574214,0.7846153846153846
circuit_neg,25.0,0,legal,10,2048,0.9088757396449705,0.03753550657314488,0.8153846153846154
circuit_neg,25.0,0,legal,11,2048,0.9171597633136095,0.03960520835664263,0.8076923076923077
circuit_neg,25.0,0,legal,12,2048,0.9325443786982248,0.02815473906123148,0.8384615384615384
circuit_neg,25.0,0,legal,13,2048,0.9289940828402367,0.02825405061849306,0.8461538461538461
circuit_neg,25.0,0,legal,14,2048,0.9301775147928995,0.030723680439638225,0.8615384615384615
circuit_neg,25.0,0,legal,15,2048,0.9100591715976332,0.023786687860641115,0.8076923076923077
circuit_neg,50.0,0,legal,0,4096,0.7857988165680474,0.035581766576030585,0.7384615384615384
circuit_neg,50.0,0,legal,1,4096,0.8142011834319527,0.026356281007479408,0.7461538461538462
circuit_neg,50.0,0,legal,2,4096,0.8319526627218934,0.03232307759466899,0.7307692307692308
circuit_neg,50.0,0,legal,3,4096,0.854437869822485,0.03542397525939826,0.7769230769230769
circuit_neg,50.0,0,legal,4,4096,0.8331360946745562,0.025765137345653537,0.7307692307692306
circuit_neg,50.0,0,legal,5,4096,0.8284023668639054,0.035895268374208554,0.7307692307692308
circuit_neg,50.0,0,legal,6,4096,0.8508875739644969,0.03985197216682307,0.7153846153846153
circuit_neg,50.0,0,legal,7,4096,0.8520710059171599,0.03816453371975642,0.7307692307692306
circuit_neg,50.0,0,legal,8,4096,0.8745562130177514,0.039142805700689336,0.7538461538461538
circuit_neg,50.0,0,legal,9,4096,0.8946745562130177,0.03538441748574214,0.7846153846153846
circuit_neg,50.0,0,legal,10,4096,0.9088757396449705,0.03753550657314488,0.8153846153846154
circuit_neg,50.0,0,legal,11,4096,0.9301775147928992,0.03397088779741378,0.823076923076923
circuit_neg,50.0,0,legal,12,4096,0.9455621301775148,0.02349045353997539,0.8692307692307691
circuit_neg,50.0,0,legal,13,4096,0.9431952662721894,0.02201310679022276,0.876923076923077
circuit_neg,50.0,0,legal,14,4096,0.9562130177514792,0.018180226622174236,0.8615384615384617
circuit_neg,50.0,0,legal,15,4096,0.9159763313609467,0.01731211696843521,0.8153846153846154
random,5.0,0,legal,0,409,0.7857988165680474,0.035581766576030585,0.7384615384615384
random,5.0,0,legal,1,409,0.8142011834319527,0.026356281007479408,0.7461538461538462
random,5.0,0,legal,2,409,0.8319526627218934,0.03232307759466899,0.7307692307692308
random,5.0,0,legal,3,409,0.854437869822485,0.03542397525939826,0.7769230769230769
random,5.0,0,legal,4,409,0.8331360946745562,0.025765137345653537,0.7307692307692306
random,5.0,0,legal,5,409,0.8284023668639054,0.035895268374208554,0.7307692307692308
random,5.0,0,legal,6,409,0.8508875739644969,0.03985197216682307,0.7153846153846153
random,5.0,0,legal,7,409,0.8520710059171599,0.03816453371975642,0.7307692307692306
random,5.0,0,legal,8,409,0.8745562130177514,0.039142805700689336,0.7538461538461538
random,5.0,0,legal,9,409,0.8946745562130177,0.03538441748574214,0.7846153846153846
random,5.0,0,legal,10,409,0.9088757396449705,0.03753550657314488,0.8153846153846154
random,5.0,0,legal,11,409,0.8934911242603552,0.04475188260636458,0.7923076923076924
random,5.0,0,legal,12,409,0.8934911242603552,0.03942800295611287,0.7923076923076924
random,5.0,0,legal,13,409,0.8686390532544378,0.05231251149183513,0.7615384615384615
random,5.0,0,legal,14,409,0.8390532544378699,0.04927967529859647,0.7384615384615384
random,5.0,0,legal,15,409,0.7940828402366865,0.05957260567409807,0.7076923076923077
random,5.0,1,legal,0,409,0.7857988165680474,0.035581766576030585,0.7384615384615384
random,5.0,1,legal,1,409,0.8142011834319527,0.026356281007479408,0.7461538461538462
random,5.0,1,legal,2,409,0.8319526627218934,0.03232307759466899,0.7307692307692308
random,5.0,1,legal,3,409,0.854437869822485,0.03542397525939826,0.7769230769230769
random,5.0,1,legal,4,409,0.8331360946745562,0.025765137345653537,0.7307692307692306
random,5.0,1,legal,5,409,0.8284023668639054,0.035895268374208554,0.7307692307692308
random,5.0,1,legal,6,409,0.8508875739644969,0.03985197216682307,0.7153846153846153
random,5.0,1,legal,7,409,0.8520710059171599,0.03816453371975642,0.7307692307692306
random,5.0,1,legal,8,409,0.8745562130177514,0.039142805700689336,0.7538461538461538
random,5.0,1,legal,9,409,0.8946745562130177,0.03538441748574214,0.7846153846153846
random,5.0,1,legal,10,409,0.9088757396449705,0.03753550657314488,0.8153846153846154
random,5.0,1,legal,11,409,0.8970414201183431,0.04309382593143938,0.7923076923076924
random,5.0,1,legal,12,409,0.8887573964497042,0.03655253304492428,0.7846153846153846
random,5.0,1,legal,13,409,0.8650887573964496,0.04604751824460055,0.7538461538461538
random,5.0,1,legal,14,409,0.8355029585798818,0.032710709967065654,0.7307692307692308
random,5.0,1,legal,15,409,0.7798816568047338,0.050680741077784267,0.6692307692307692
random,5.0,2,legal,0,409,0.7857988165680474,0.035581766576030585,0.7384615384615384
random,5.0,2,legal,1,409,0.8142011834319527,0.026356281007479408,0.7461538461538462
random,5.0,2,legal,2,409,0.8319526627218934,0.03232307759466899,0.7307692307692308
random,5.0,2,legal,3,409,0.854437869822485,0.03542397525939826,0.7769230769230769
random,5.0,2,legal,4,409,0.8331360946745562,0.025765137345653537,0.7307692307692306
random,5.0,2,legal,5,409,0.8284023668639054,0.035895268374208554,0.7307692307692308
random,5.0,2,legal,6,409,0.8508875739644969,0.03985197216682307,0.7153846153846153
random,5.0,2,legal,7,409,0.8520710059171599,0.03816453371975642,0.7307692307692306
random,5.0,2,legal,8,409,0.8745562130177514,0.039142805700689336,0.7538461538461538
random,5.0,2,legal,9,409,0.8946745562130177,0.03538441748574214,0.7846153846153846
random,5.0,2,legal,10,409,0.9088757396449705,0.03753550657314488,0.8153846153846154
random,5.0,2,legal,11,409,0.8946745562130178,0.045589018424279815,0.7923076923076924
random,5.0,2,legal,12,409,0.885207100591716,0.035621105191224633,0.8153846153846154
random,5.0,2,legal,13,409,0.8591715976331361,0.047837592737059724,0.776923076923077
random,5.0,2,legal,14,409,0.8189349112426034,0.03772160343315797,0.7461538461538462
random,5.0,2,legal,15,409,0.7727810650887574,0.05430908357672791,0.6846153846153845
random,10.0,0,legal,0,819,0.7857988165680474,0.035581766576030585,0.7384615384615384
random,10.0,0,legal,1,819,0.8142011834319527,0.026356281007479408,0.7461538461538462
random,10.0,0,legal,2,819,0.8319526627218934,0.03232307759466899,0.7307692307692308
random,10.0,0,legal,3,819,0.854437869822485,0.03542397525939826,0.7769230769230769
random,10.0,0,legal,4,819,0.8331360946745562,0.025765137345653537,0.7307692307692306
random,10.0,0,legal,5,819,0.8284023668639054,0.035895268374208554,0.7307692307692308
random,10.0,0,legal,6,819,0.8508875739644969,0.03985197216682307,0.7153846153846153
random,10.0,0,legal,7,819,0.8520710059171599,0.03816453371975642,0.7307692307692306
random,10.0,0,legal,8,819,0.8745562130177514,0.039142805700689336,0.7538461538461538
random,10.0,0,legal,9,819,0.8946745562130177,0.03538441748574214,0.7846153846153846
random,10.0,0,legal,10,819,0.9088757396449705,0.03753550657314488,0.8153846153846154
random,10.0,0,legal,11,819,0.902958579881657,0.04006227427174142,0.8
random,10.0,0,legal,12,819,0.8934911242603552,0.04047960089109366,0.7923076923076924
random,10.0,0,legal,13,819,0.867455621301775,0.05084627469571793,0.7769230769230769
random,10.0,0,legal,14,819,0.8319526627218936,0.04405801294434625,0.7461538461538462
random,10.0,0,legal,15,819,0.8035502958579881,0.07590588265479092,0.7384615384615385
random,10.0,1,legal,0,819,0.7857988165680474,0.035581766576030585,0.7384615384615384
random,10.0,1,legal,1,819,0.8142011834319527,0.026356281007479408,0.7461538461538462
random,10.0,1,legal,2,819,0.8319526627218934,0.03232307759466899,0.7307692307692308
random,10.0,1,legal,3,819,0.854437869822485,0.03542397525939826,0.7769230769230769
random,10.0,1,legal,4,819,0.8331360946745562,0.025765137345653537,0.7307692307692306
random,10.0,1,legal,5,819,0.8284023668639054,0.035895268374208554,0.7307692307692308
random,10.0,1,legal,6,819,0.8508875739644969,0.03985197216682307,0.7153846153846153
random,10.0,1,legal,7,819,0.8520710059171599,0.03816453371975642,0.7307692307692306
random,10.0,1,legal,8,819,0.8745562130177514,0.039142805700689336,0.7538461538461538
random,10.0,1,legal,9,819,0.8946745562130177,0.03538441748574214,0.7846153846153846
random,10.0,1,legal,10,819,0.9088757396449705,0.03753550657314488,0.8153846153846154
random,10.0,1,legal,11,819,0.8958579881656805,0.04243886645453518,0.7923076923076924
random,10.0,1,legal,12,819,0.8911242603550296,0.03863864548476805,0.7923076923076924
random,10.0,1,legal,13,819,0.8698224852071004,0.04266924586347915,0.7538461538461538
random,10.0,1,legal,14,819,0.8414201183431953,0.03693369593923608,0.7307692307692308
random,10.0,1,legal,15,819,0.7846153846153847,0.05352985977703502,0.6769230769230768
random,10.0,2,legal,0,819,0.7857988165680474,0.035581766576030585,0.7384615384615384
random,10.0,2,legal,1,819,0.8142011834319527,0.026356281007479408,0.7461538461538462
random,10.0,2,legal,2,819,0.8319526627218934,0.03232307759466899,0.7307692307692308
random,10.0,2,legal,3,819,0.854437869822485,0.03542397525939826,0.7769230769230769
random,10.0,2,legal,4,819,0.8331360946745562,0.025765137345653537,0.7307692307692306
random,10.0,2,legal,5,819,0.8284023668639054,0.035895268374208554,0.7307692307692308
random,10.0,2,legal,6,819,0.8508875739644969,0.03985197216682307,0.7153846153846153
random,10.0,2,legal,7,819,0.8520710059171599,0.03816453371975642,0.7307692307692306
random,10.0,2,legal,8,819,0.8745562130177514,0.039142805700689336,0.7538461538461538
random,10.0,2,legal,9,819,0.8946745562130177,0.03538441748574214,0.7846153846153846
random,10.0,2,legal,10,819,0.9088757396449705,0.03753550657314488,0.8153846153846154
random,10.0,2,legal,11,819,0.9005917159763314,0.04558901842427983,0.8
random,10.0,2,legal,12,819,0.885207100591716,0.03827446539360051,0.8076923076923077
random,10.0,2,legal,13,819,0.8603550295857987,0.05043142189979291,0.7846153846153847
random,10.0,2,legal,14,819,0.8366863905325443,0.03697159609896639,0.7538461538461538
random,10.0,2,legal,15,819,0.7822485207100592,0.052312511491835106,0.6769230769230768
random,25.0,0,legal,0,2048,0.7857988165680474,0.035581766576030585,0.7384615384615384
random,25.0,0,legal,1,2048,0.8142011834319527,0.026356281007479408,0.7461538461538462
random,25.0,0,legal,2,2048,0.8319526627218934,0.03232307759466899,0.7307692307692308
random,25.0,0,legal,3,2048,0.854437869822485,0.03542397525939826,0.7769230769230769
random,25.0,0,legal,4,2048,0.8331360946745562,0.025765137345653537,0.7307692307692306
random,25.0,0,legal,5,2048,0.8284023668639054,0.035895268374208554,0.7307692307692308
random,25.0,0,legal,6,2048,0.8508875739644969,0.03985197216682307,0.7153846153846153
random,25.0,0,legal,7,2048,0.8520710059171599,0.03816453371975642,0.7307692307692306
random,25.0,0,legal,8,2048,0.8745562130177514,0.039142805700689336,0.7538461538461538
random,25.0,0,legal,9,2048,0.8946745562130177,0.03538441748574214,0.7846153846153846
random,25.0,0,legal,10,2048,0.9088757396449705,0.03753550657314488,0.8153846153846154
random,25.0,0,legal,11,2048,0.9017751479289939,0.0404103457490269,0.8076923076923077
random,25.0,0,legal,12,2048,0.9005917159763314,0.0367436087485444,0.7923076923076923
random,25.0,0,legal,13,2048,0.8686390532544378,0.0523125114918351,0.7846153846153846
random,25.0,0,legal,14,2048,0.8449704142011836,0.04174009961786602,0.7692307692307693
random,25.0,0,legal,15,2048,0.808284023668639,0.0465316053286095,0.7307692307692308
random,25.0,1,legal,0,2048,0.7857988165680474,0.035581766576030585,0.7384615384615384
random,25.0,1,legal,1,2048,0.8142011834319527,0.026356281007479408,0.7461538461538462
random,25.0,1,legal,2,2048,0.8319526627218934,0.03232307759466899,0.7307692307692308
random,25.0,1,legal,3,2048,0.854437869822485,0.03542397525939826,0.7769230769230769
random,25.0,1,legal,4,2048,0.8331360946745562,0.025765137345653537,0.7307692307692306
random,25.0,1,legal,5,2048,0.8284023668639054,0.035895268374208554,0.7307692307692308
random,25.0,1,legal,6,2048,0.8508875739644969,0.03985197216682307,0.7153846153846153
random,25.0,1,legal,7,2048,0.8520710059171599,0.03816453371975642,0.7307692307692306
random,25.0,1,legal,8,2048,0.8745562130177514,0.039142805700689336,0.7538461538461538
random,25.0,1,legal,9,2048,0.8946745562130177,0.03538441748574214,0.7846153846153846
random,25.0,1,legal,10,2048,0.9088757396449705,0.03753550657314488,0.8153846153846154
random,25.0,1,legal,11,2048,0.8994082840236686,0.04836169643006522,0.7923076923076923
random,25.0,1,legal,12,2048,0.8863905325443786,0.036167353348961255,0.8
random,25.0,1,legal,13,2048,0.8698224852071006,0.0368577787038993,0.776923076923077
random,25.0,1,legal,14,2048,0.8331360946745562,0.03003213619041304,0.7692307692307693
random,25.0,1,legal,15,2048,0.8,0.04543515697148516,0.7230769230769231
random,25.0,2,legal,0,2048,0.7857988165680474,0.035581766576030585,0.7384615384615384
random,25.0,2,legal,1,2048,0.8142011834319527,0.026356281007479408,0.7461538461538462
random,25.0,2,legal,2,2048,0.8319526627218934,0.03232307759466899,0.7307692307692308
random,25.0,2,legal,3,2048,0.854437869822485,0.03542397525939826,0.7769230769230769
random,25.0,2,legal,4,2048,0.8331360946745562,0.025765137345653537,0.7307692307692306
random,25.0,2,legal,5,2048,0.8284023668639054,0.035895268374208554,0.7307692307692308
random,25.0,2,legal,6,2048,0.8508875739644969,0.03985197216682307,0.7153846153846153
random,25.0,2,legal,7,2048,0.8520710059171599,0.03816453371975642,0.7307692307692306
random,25.0,2,legal,8,2048,0.8745562130177514,0.039142805700689336,0.7538461538461538
random,25.0,2,legal,9,2048,0.8946745562130177,0.03538441748574214,0.7846153846153846
random,25.0,2,legal,10,2048,0.9088757396449705,0.03753550657314488,0.8153846153846154
random,25.0,2,legal,11,2048,0.8994082840236686,0.041840637940032385,0.7923076923076923
random,25.0,2,legal,12,2048,0.889940828402367,0.030078733792044544,0.8153846153846154
random,25.0,2,legal,13,2048,0.8686390532544378,0.03786982248520707,0.7923076923076924
random,25.0,2,legal,14,2048,0.8461538461538461,0.024823878063198895,0.7846153846153847
random,25.0,2,legal,15,2048,0.8,0.04289838807193338,0.7
random,50.0,0,legal,0,4096,0.7857988165680474,0.035581766576030585,0.7384615384615384
random,50.0,0,legal,1,4096,0.8142011834319527,0.026356281007479408,0.7461538461538462
random,50.0,0,legal,2,4096,0.8319526627218934,0.03232307759466899,0.7307692307692308
random,50.0,0,legal,3,4096,0.854437869822485,0.03542397525939826,0.7769230769230769
random,50.0,0,legal,4,4096,0.8331360946745562,0.025765137345653537,0.7307692307692306
random,50.0,0,legal,5,4096,0.8284023668639054,0.035895268374208554,0.7307692307692308
random,50.0,0,legal,6,4096,0.8508875739644969,0.03985197216682307,0.7153846153846153
random,50.0,0,legal,7,4096,0.8520710059171599,0.03816453371975642,0.7307692307692306
random,50.0,0,legal,8,4096,0.8745562130177514,0.039142805700689336,0.7538461538461538
random,50.0,0,legal,9,4096,0.8946745562130177,0.03538441748574214,0.7846153846153846
random,50.0,0,legal,10,4096,0.9088757396449705,0.03753550657314488,0.8153846153846154
random,50.0,0,legal,11,4096,0.9053254437869821,0.04380297165283253,0.7923076923076924
random,50.0,0,legal,12,4096,0.9065088757396449,0.039142805700689266,0.8
random,50.0,0,legal,13,4096,0.8792899408284024,0.03522574216837214,0.7846153846153847
random,50.0,0,legal,14,4096,0.8532544378698225,0.03693369593923603,0.7692307692307693
random,50.0,0,legal,15,4096,0.8153846153846154,0.03749817637338425,0.7538461538461538
random,50.0,1,legal,0,4096,0.7857988165680474,0.035581766576030585,0.7384615384615384
random,50.0,1,legal,1,4096,0.8142011834319527,0.026356281007479408,0.7461538461538462
random,50.0,1,legal,2,4096,0.8319526627218934,0.03232307759466899,0.7307692307692308
random,50.0,1,legal,3,4096,0.854437869822485,0.03542397525939826,0.7769230769230769
random,50.0,1,legal,4,4096,0.8331360946745562,0.025765137345653537,0.7307692307692306
random,50.0,1,legal,5,4096,0.8284023668639054,0.035895268374208554,0.7307692307692308
random,50.0,1,legal,6,4096,0.8508875739644969,0.03985197216682307,0.7153846153846153
random,50.0,1,legal,7,4096,0.8520710059171599,0.03816453371975642,0.7307692307692306
random,50.0,1,legal,8,4096,0.8745562130177514,0.039142805700689336,0.7538461538461538
random,50.0,1,legal,9,4096,0.8946745562130177,0.03538441748574214,0.7846153846153846
random,50.0,1,legal,10,4096,0.9088757396449705,0.03753550657314488,0.8153846153846154
random,50.0,1,legal,11,4096,0.9053254437869823,0.037795785615790056,0.8
random,50.0,1,legal,12,4096,0.8982248520710059,0.031399998015199035,0.8
random,50.0,1,legal,13,4096,0.8923076923076924,0.02226613931624473,0.7846153846153847
random,50.0,1,legal,14,4096,0.855621301775148,0.020013650325784324,0.7846153846153847
random,50.0,1,legal,15,4096,0.834319526627219,0.02775393940723926,0.7538461538461538
random,50.0,2,legal,0,4096,0.7857988165680474,0.035581766576030585,0.7384615384615384
random,50.0,2,legal,1,4096,0.8142011834319527,0.026356281007479408,0.7461538461538462
random,50.0,2,legal,2,4096,0.8319526627218934,0.03232307759466899,0.7307692307692308
random,50.0,2,legal,3,4096,0.854437869822485,0.03542397525939826,0.7769230769230769
random,50.0,2,legal,4,4096,0.8331360946745562,0.025765137345653537,0.7307692307692306
random,50.0,2,legal,5,4096,0.8284023668639054,0.035895268374208554,0.7307692307692308
random,50.0,2,legal,6,4096,0.8508875739644969,0.03985197216682307,0.7153846153846153
random,50.0,2,legal,7,4096,0.8520710059171599,0.03816453371975642,0.7307692307692306
random,50.0,2,legal,8,4096,0.8745562130177514,0.039142805700689336,0.7538461538461538
random,50.0,2,legal,9,4096,0.8946745562130177,0.03538441748574214,0.7846153846153846
random,50.0,2,legal,10,4096,0.9088757396449705,0.03753550657314488,0.8153846153846154
random,50.0,2,legal,11,4096,0.9053254437869823,0.040652222573532924,0.7923076923076923
random,50.0,2,legal,12,4096,0.9029585798816567,0.028154739061231494,0.8
random,50.0,2,legal,13,4096,0.8994082840236688,0.0356996523763274,0.8
random,50.0,2,legal,14,4096,0.8828402366863906,0.0304949082289352,0.7923076923076924
random,50.0,2,legal,15,4096,0.8497041420118343,0.03421735454390761,0.7846153846153845
clean,0.0,0,scientific,0,0,0.9413223140495866,0.01794549648810615,0.8727272727272727
clean,0.0,0,scientific,1,0,0.9623966942148761,0.022723515842756215,0.8863636363636364
clean,0.0,0,scientific,2,0,0.9632231404958679,0.015702479338842935,0.8954545454545455
clean,0.0,0,scientific,3,0,0.9648760330578512,0.014841557847990012,0.8727272727272727
clean,0.0,0,scientific,4,0,0.9665289256198347,0.014037427893771107,0.8772727272727272
clean,0.0,0,scientific,5,0,0.9648760330578512,0.011687715391513207,0.8590909090909091
clean,0.0,0,scientific,6,0,0.9619834710743802,0.007796678621534373,0.8636363636363636
clean,0.0,0,scientific,7,0,0.9578512396694215,0.009917355371900796,0.8590909090909091
clean,0.0,0,scientific,8,0,0.9578512396694215,0.013171386322734919,0.8590909090909091
clean,0.0,0,scientific,9,0,0.9661157024793388,0.007574505280918713,0.859090909090909
clean,0.0,0,scientific,10,0,0.9764462809917356,0.008012693979200548,0.8909090909090909
clean,0.0,0,scientific,11,0,0.9780991735537189,0.007228452762204941,0.9045454545454545
clean,0.0,0,scientific,12,0,0.9764462809917355,0.010502698369536238,0.8772727272727273
clean,0.0,0,scientific,13,0,0.9570247933884296,0.011496221275407885,0.8681818181818182
clean,0.0,0,scientific,14,0,0.947107438016529,0.021889128327519086,0.8454545454545455
clean,0.0,0,scientific,15,0,0.9260330578512395,0.028250685347334284,0.85
circuit,5.0,0,scientific,0,409,0.9413223140495866,0.01794549648810615,0.8727272727272727
circuit,5.0,0,scientific,1,409,0.9623966942148761,0.022723515842756215,0.8863636363636364
circuit,5.0,0,scientific,2,409,0.9632231404958679,0.015702479338842935,0.8954545454545455
circuit,5.0,0,scientific,3,409,0.9648760330578512,0.014841557847990012,0.8727272727272727
circuit,5.0,0,scientific,4,409,0.9665289256198347,0.014037427893771107,0.8772727272727272
circuit,5.0,0,scientific,5,409,0.9648760330578512,0.011687715391513207,0.8590909090909091
circuit,5.0,0,scientific,6,409,0.9619834710743802,0.007796678621534373,0.8636363636363636
circuit,5.0,0,scientific,7,409,0.9578512396694215,0.009917355371900796,0.8590909090909091
circuit,5.0,0,scientific,8,409,0.9578512396694215,0.013171386322734919,0.8590909090909091
circuit,5.0,0,scientific,9,409,0.9661157024793388,0.007574505280918713,0.859090909090909
circuit,5.0,0,scientific,10,409,0.9764462809917356,0.008012693979200548,0.8909090909090909
circuit,5.0,0,scientific,11,409,0.9772727272727273,0.00452663270665423,0.8954545454545455
circuit,5.0,0,scientific,12,409,0.9723140495867769,0.006212105941476415,0.8909090909090909
circuit,5.0,0,scientific,13,409,0.9537190082644628,0.012776549449372133,0.8772727272727273
circuit,5.0,0,scientific,14,409,0.9380165289256197,0.022858374687503,0.8454545454545455
circuit,5.0,0,scientific,15,409,0.9152892561983471,0.037962591992911944,0.8363636363636363
circuit,10.0,0,scientific,0,819,0.9413223140495866,0.01794549648810615,0.8727272727272727
circuit,10.0,0,scientific,1,819,0.9623966942148761,0.022723515842756215,0.8863636363636364
circuit,10.0,0,scientific,2,819,0.9632231404958679,0.015702479338842935,0.8954545454545455
circuit,10.0,0,scientific,3,819,0.9648760330578512,0.014841557847990012,0.8727272727272727
circuit,10.0,0,scientific,4,819,0.9665289256198347,0.014037427893771107,0.8772727272727272
circuit,10.0,0,scientific,5,819,0.9648760330578512,0.011687715391513207,0.8590909090909091
circuit,10.0,0,scientific,6,819,0.9619834710743802,0.007796678621534373,0.8636363636363636
circuit,10.0,0,scientific,7,819,0.9578512396694215,0.009917355371900796,0.8590909090909091
circuit,10.0,0,scientific,8,819,0.9578512396694215,0.013171386322734919,0.8590909090909091
circuit,10.0,0,scientific,9,819,0.9661157024793388,0.007574505280918713,0.859090909090909
circuit,10.0,0,scientific,10,819,0.9764462809917356,0.008012693979200548,0.8909090909090909
circuit,10.0,0,scientific,11,819,0.9768595041322314,0.005291838212754403,0.8954545454545453
circuit,10.0,0,scientific,12,819,0.9723140495867769,0.006611570247933863,0.8909090909090909
circuit,10.0,0,scientific,13,819,0.9582644628099175,0.015648013412199575,0.8727272727272727
circuit,10.0,0,scientific,14,819,0.9330578512396694,0.02599038874961389,0.85
circuit,10.0,0,scientific,15,819,0.9144628099173554,0.038842975206611584,0.8363636363636363
circuit,25.0,0,scientific,0,2048,0.9413223140495866,0.01794549648810615,0.8727272727272727
circuit,25.0,0,scientific,1,2048,0.9623966942148761,0.022723515842756215,0.8863636363636364
circuit,25.0,0,scientific,2,2048,0.9632231404958679,0.015702479338842935,0.8954545454545455
circuit,25.0,0,scientific,3,2048,0.9648760330578512,0.014841557847990012,0.8727272727272727
circuit,25.0,0,scientific,4,2048,0.9665289256198347,0.014037427893771107,0.8772727272727272
circuit,25.0,0,scientific,5,2048,0.9648760330578512,0.011687715391513207,0.8590909090909091
circuit,25.0,0,scientific,6,2048,0.9619834710743802,0.007796678621534373,0.8636363636363636
circuit,25.0,0,scientific,7,2048,0.9578512396694215,0.009917355371900796,0.8590909090909091
circuit,25.0,0,scientific,8,2048,0.9578512396694215,0.013171386322734919,0.8590909090909091
circuit,25.0,0,scientific,9,2048,0.9661157024793388,0.007574505280918713,0.859090909090909
circuit,25.0,0,scientific,10,2048,0.9764462809917356,0.008012693979200548,0.8909090909090909
circuit,25.0,0,scientific,11,2048,0.9772727272727272,0.005387770582812106,0.8954545454545455
circuit,25.0,0,scientific,12,2048,0.975206611570248,0.006266839209959975,0.8954545454545453
circuit,25.0,0,scientific,13,2048,0.9685950413223141,0.0106480154766323,0.8909090909090909
circuit,25.0,0,scientific,14,2048,0.9491735537190081,0.01711761584893222,0.859090909090909
circuit,25.0,0,scientific,15,2048,0.9309917355371902,0.03085645405387516,0.8636363636363636
circuit,50.0,0,scientific,0,4096,0.9413223140495866,0.01794549648810615,0.8727272727272727
circuit,50.0,0,scientific,1,4096,0.9623966942148761,0.022723515842756215,0.8863636363636364
circuit,50.0,0,scientific,2,4096,0.9632231404958679,0.015702479338842935,0.8954545454545455
circuit,50.0,0,scientific,3,4096,0.9648760330578512,0.014841557847990012,0.8727272727272727
circuit,50.0,0,scientific,4,4096,0.9665289256198347,0.014037427893771107,0.8772727272727272
circuit,50.0,0,scientific,5,4096,0.9648760330578512,0.011687715391513207,0.8590909090909091
circuit,50.0,0,scientific,6,4096,0.9619834710743802,0.007796678621534373,0.8636363636363636
circuit,50.0,0,scientific,7,4096,0.9578512396694215,0.009917355371900796,0.8590909090909091
circuit,50.0,0,scientific,8,4096,0.9578512396694215,0.013171386322734919,0.8590909090909091
circuit,50.0,0,scientific,9,4096,0.9661157024793388,0.007574505280918713,0.859090909090909
circuit,50.0,0,scientific,10,4096,0.9764462809917356,0.008012693979200548,0.8909090909090909
circuit,50.0,0,scientific,11,4096,0.9793388429752067,0.007506571125861567,0.9
circuit,50.0,0,scientific,12,4096,0.9776859504132233,0.008407847086518939,0.9
circuit,50.0,0,scientific,13,4096,0.9768595041322314,0.006044933404267727,0.9
circuit,50.0,0,scientific,14,4096,0.9636363636363636,0.015047224343829066,0.8863636363636364
circuit,50.0,0,scientific,15,4096,0.9446280991735536,0.02643982359181221,0.8636363636363636
circuit_pos,5.0,0,scientific,0,409,0.9413223140495866,0.01794549648810615,0.8727272727272727
circuit_pos,5.0,0,scientific,1,409,0.9623966942148761,0.022723515842756215,0.8863636363636364
circuit_pos,5.0,0,scientific,2,409,0.9632231404958679,0.015702479338842935,0.8954545454545455
circuit_pos,5.0,0,scientific,3,409,0.9648760330578512,0.014841557847990012,0.8727272727272727
circuit_pos,5.0,0,scientific,4,409,0.9665289256198347,0.014037427893771107,0.8772727272727272
circuit_pos,5.0,0,scientific,5,409,0.9648760330578512,0.011687715391513207,0.8590909090909091
circuit_pos,5.0,0,scientific,6,409,0.9619834710743802,0.007796678621534373,0.8636363636363636
circuit_pos,5.0,0,scientific,7,409,0.9578512396694215,0.009917355371900796,0.8590909090909091
circuit_pos,5.0,0,scientific,8,409,0.9578512396694215,0.013171386322734919,0.8590909090909091
circuit_pos,5.0,0,scientific,9,409,0.9661157024793388,0.007574505280918713,0.859090909090909
circuit_pos,5.0,0,scientific,10,409,0.9764462809917356,0.008012693979200548,0.8909090909090909
circuit_pos,5.0,0,scientific,11,409,0.975206611570248,0.007275544157710328,0.8863636363636364
circuit_pos,5.0,0,scientific,12,409,0.9694214876033058,0.005127964316525139,0.8772727272727273
circuit_pos,5.0,0,scientific,13,409,0.9475206611570248,0.013988686677529552,0.8681818181818182
circuit_pos,5.0,0,scientific,14,409,0.9202479338842975,0.018181818181818153,0.790909090909091
circuit_pos,5.0,0,scientific,15,409,0.8867768595041323,0.037723448069511424,0.7727272727272728
circuit_pos,10.0,0,scientific,0,819,0.9413223140495866,0.01794549648810615,0.8727272727272727
circuit_pos,10.0,0,scientific,1,819,0.9623966942148761,0.022723515842756215,0.8863636363636364
circuit_pos,10.0,0,scientific,2,819,0.9632231404958679,0.015702479338842935,0.8954545454545455
circuit_pos,10.0,0,scientific,3,819,0.9648760330578512,0.014841557847990012,0.8727272727272727
circuit_pos,10.0,0,scientific,4,819,0.9665289256198347,0.014037427893771107,0.8772727272727272
circuit_pos,10.0,0,scientific,5,819,0.9648760330578512,0.011687715391513207,0.8590909090909091
circuit_pos,10.0,0,scientific,6,819,0.9619834710743802,0.007796678621534373,0.8636363636363636
circuit_pos,10.0,0,scientific,7,819,0.9578512396694215,0.009917355371900796,0.8590909090909091
circuit_pos,10.0,0,scientific,8,819,0.9578512396694215,0.013171386322734919,0.8590909090909091
circuit_pos,10.0,0,scientific,9,819,0.9661157024793388,0.007574505280918713,0.859090909090909
circuit_pos,10.0,0,scientific,10,819,0.9764462809917356,0.008012693979200548,0.8909090909090909
circuit_pos,10.0,0,scientific,11,819,0.9743801652892561,0.00607311506475166,0.8863636363636364
circuit_pos,10.0,0,scientific,12,819,0.9648760330578512,0.005843857695756587,0.8772727272727272
circuit_pos,10.0,0,scientific,13,819,0.9421487603305785,0.014667966404379227,0.8681818181818182
circuit_pos,10.0,0,scientific,14,819,0.9136363636363637,0.013478930934132322,0.8
circuit_pos,10.0,0,scientific,15,819,0.8867768595041323,0.03355514388539138,0.7681818181818182
circuit_pos,25.0,0,scientific,0,2048,0.9413223140495866,0.01794549648810615,0.8727272727272727
circuit_pos,25.0,0,scientific,1,2048,0.9623966942148761,0.022723515842756215,0.8863636363636364
circuit_pos,25.0,0,scientific,2,2048,0.9632231404958679,0.015702479338842935,0.8954545454545455
circuit_pos,25.0,0,scientific,3,2048,0.9648760330578512,0.014841557847990012,0.8727272727272727
circuit_pos,25.0,0,scientific,4,2048,0.9665289256198347,0.014037427893771107,0.8772727272727272
circuit_pos,25.0,0,scientific,5,2048,0.9648760330578512,0.011687715391513207,0.8590909090909091
circuit_pos,25.0,0,scientific,6,2048,0.9619834710743802,0.007796678621534373,0.8636363636363636
circuit_pos,25.0,0,scientific,7,2048,0.9578512396694215,0.009917355371900796,0.8590909090909091
circuit_pos,25.0,0,scientific,8,2048,0.9578512396694215,0.013171386322734919,0.8590909090909091
circuit_pos,25.0,0,scientific,9,2048,0.9661157024793388,0.007574505280918713,0.859090909090909
circuit_pos,25.0,0,scientific,10,2048,0.9764462809917356,0.008012693979200548,0.8909090909090909
circuit_pos,25.0,0,scientific,11,2048,0.9706611570247935,0.006044933404267698,0.8818181818181818
circuit_pos,25.0,0,scientific,12,2048,0.9603305785123967,0.005450787586063212,0.8681818181818182
circuit_pos,25.0,0,scientific,13,2048,0.937190082644628,0.017512082727617416,0.85
circuit_pos,25.0,0,scientific,14,2048,0.903305785123967,0.018078217234898643,0.8045454545454547
circuit_pos,25.0,0,scientific,15,2048,0.8640495867768594,0.02855129697541269,0.7636363636363637
circuit_pos,50.0,0,scientific,0,4096,0.9413223140495866,0.01794549648810615,0.8727272727272727
circuit_pos,50.0,0,scientific,1,4096,0.9623966942148761,0.022723515842756215,0.8863636363636364
circuit_pos,50.0,0,scientific,2,4096,0.9632231404958679,0.015702479338842935,0.8954545454545455
circuit_pos,50.0,0,scientific,3,4096,0.9648760330578512,0.014841557847990012,0.8727272727272727
circuit_pos,50.0,0,scientific,4,4096,0.9665289256198347,0.014037427893771107,0.8772727272727272
circuit_pos,50.0,0,scientific,5,4096,0.9648760330578512,0.011687715391513207,0.8590909090909091
circuit_pos,50.0,0,scientific,6,4096,0.9619834710743802,0.007796678621534373,0.8636363636363636
circuit_pos,50.0,0,scientific,7,4096,0.9578512396694215,0.009917355371900796,0.8590909090909091
circuit_pos,50.0,0,scientific,8,4096,0.9578512396694215,0.013171386322734919,0.8590909090909091
circuit_pos,50.0,0,scientific,9,4096,0.9661157024793388,0.007574505280918713,0.859090909090909
circuit_pos,50.0,0,scientific,10,4096,0.9764462809917356,0.008012693979200548,0.8909090909090909
circuit_pos,50.0,0,scientific,11,4096,0.9706611570247933,0.00590200696573787,0.8772727272727273
circuit_pos,50.0,0,scientific,12,4096,0.9607438016528926,0.006789949059981416,0.8772727272727273
circuit_pos,50.0,0,scientific,13,4096,0.9450413223140496,0.01624760599284088,0.8545454545454545
circuit_pos,50.0,0,scientific,14,4096,0.9260330578512395,0.02038660559263474,0.8227272727272726
circuit_pos,50.0,0,scientific,15,4096,0.8892561983471075,0.038688809589241084,0.8227272727272726
circuit_neg,5.0,0,scientific,0,409,0.9413223140495866,0.01794549648810615,0.8727272727272727
circuit_neg,5.0,0,scientific,1,409,0.9623966942148761,0.022723515842756215,0.8863636363636364
circuit_neg,5.0,0,scientific,2,409,0.9632231404958679,0.015702479338842935,0.8954545454545455
circuit_neg,5.0,0,scientific,3,409,0.9648760330578512,0.014841557847990012,0.8727272727272727
circuit_neg,5.0,0,scientific,4,409,0.9665289256198347,0.014037427893771107,0.8772727272727272
circuit_neg,5.0,0,scientific,5,409,0.9648760330578512,0.011687715391513207,0.8590909090909091
circuit_neg,5.0,0,scientific,6,409,0.9619834710743802,0.007796678621534373,0.8636363636363636
circuit_neg,5.0,0,scientific,7,409,0.9578512396694215,0.009917355371900796,0.8590909090909091
circuit_neg,5.0,0,scientific,8,409,0.9578512396694215,0.013171386322734919,0.8590909090909091
circuit_neg,5.0,0,scientific,9,409,0.9661157024793388,0.007574505280918713,0.859090909090909
circuit_neg,5.0,0,scientific,10,409,0.9764462809917356,0.008012693979200548,0.8909090909090909
circuit_neg,5.0,0,scientific,11,409,0.9789256198347107,0.0044120158066245,0.9136363636363637
circuit_neg,5.0,0,scientific,12,409,0.9814049586776861,0.009513111101835808,0.8909090909090909
circuit_neg,5.0,0,scientific,13,409,0.9698347107438016,0.008012693979200528,0.9
circuit_neg,5.0,0,scientific,14,409,0.9623966942148761,0.014397728421639961,0.8909090909090909
circuit_neg,5.0,0,scientific,15,409,0.9549586776859502,0.01821934519425503,0.8772727272727273
circuit_neg,10.0,0,scientific,0,819,0.9413223140495866,0.01794549648810615,0.8727272727272727
circuit_neg,10.0,0,scientific,1,819,0.9623966942148761,0.022723515842756215,0.8863636363636364
circuit_neg,10.0,0,scientific,2,819,0.9632231404958679,0.015702479338842935,0.8954545454545455
circuit_neg,10.0,0,scientific,3,819,0.9648760330578512,0.014841557847990012,0.8727272727272727
circuit_neg,10.0,0,scientific,4,819,0.9665289256198347,0.014037427893771107,0.8772727272727272
circuit_neg,10.0,0,scientific,5,819,0.9648760330578512,0.011687715391513207,0.8590909090909091
circuit_neg,10.0,0,scientific,6,819,0.9619834710743802,0.007796678621534373,0.8636363636363636
circuit_neg,10.0,0,scientific,7,819,0.9578512396694215,0.009917355371900796,0.8590909090909091
circuit_neg,10.0,0,scientific,8,819,0.9578512396694215,0.013171386322734919,0.8590909090909091
circuit_neg,10.0,0,scientific,9,819,0.9661157024793388,0.007574505280918713,0.859090909090909
circuit_neg,10.0,0,scientific,10,819,0.9764462809917356,0.008012693979200548,0.8909090909090909
circuit_neg,10.0,0,scientific,11,819,0.9809917355371901,0.0051279643165251625,0.9181818181818182
circuit_neg,10.0,0,scientific,12,819,0.9830578512396695,0.009368416569218729,0.8954545454545455
circuit_neg,10.0,0,scientific,13,819,0.974793388429752,0.008608539940495725,0.9
circuit_neg,10.0,0,scientific,14,819,0.9661157024793388,0.011947795284959465,0.9
circuit_neg,10.0,0,scientific,15,819,0.9590909090909092,0.01680553670054774,0.8772727272727273
circuit_neg,25.0,0,scientific,0,2048,0.9413223140495866,0.01794549648810615,0.8727272727272727
circuit_neg,25.0,0,scientific,1,2048,0.9623966942148761,0.022723515842756215,0.8863636363636364
circuit_neg,25.0,0,scientific,2,2048,0.9632231404958679,0.015702479338842935,0.8954545454545455
circuit_neg,25.0,0,scientific,3,2048,0.9648760330578512,0.014841557847990012,0.8727272727272727
circuit_neg,25.0,0,scientific,4,2048,0.9665289256198347,0.014037427893771107,0.8772727272727272
circuit_neg,25.0,0,scientific,5,2048,0.9648760330578512,0.011687715391513207,0.8590909090909091
circuit_neg,25.0,0,scientific,6,2048,0.9619834710743802,0.007796678621534373,0.8636363636363636
circuit_neg,25.0,0,scientific,7,2048,0.9578512396694215,0.009917355371900796,0.8590909090909091
circuit_neg,25.0,0,scientific,8,2048,0.9578512396694215,0.013171386322734919,0.8590909090909091
circuit_neg,25.0,0,scientific,9,2048,0.9661157024793388,0.007574505280918713,0.859090909090909
circuit_neg,25.0,0,scientific,10,2048,0.9764462809917356,0.008012693979200548,0.8909090909090909
circuit_neg,25.0,0,scientific,11,2048,0.9830578512396695,0.006321098570569568,0.9227272727272726
circuit_neg,25.0,0,scientific,12,2048,0.9847107438016529,0.007345615220921983,0.9045454545454545
circuit_neg,25.0,0,scientific,13,2048,0.9789256198347107,0.010404692819846439,0.909090909090909
circuit_neg,25.0,0,scientific,14,2048,0.9735537190082646,0.008804659401926653,0.9045454545454545
circuit_neg,25.0,0,scientific,15,2048,0.9685950413223141,0.012075734872894595,0.890909090909091
circuit_neg,50.0,0,scientific,0,4096,0.9413223140495866,0.01794549648810615,0.8727272727272727
circuit_neg,50.0,0,scientific,1,4096,0.9623966942148761,0.022723515842756215,0.8863636363636364
circuit_neg,50.0,0,scientific,2,4096,0.9632231404958679,0.015702479338842935,0.8954545454545455
circuit_neg,50.0,0,scientific,3,4096,0.9648760330578512,0.014841557847990012,0.8727272727272727
circuit_neg,50.0,0,scientific,4,4096,0.9665289256198347,0.014037427893771107,0.8772727272727272
circuit_neg,50.0,0,scientific,5,4096,0.9648760330578512,0.011687715391513207,0.8590909090909091
circuit_neg,50.0,0,scientific,6,4096,0.9619834710743802,0.007796678621534373,0.8636363636363636
circuit_neg,50.0,0,scientific,7,4096,0.9578512396694215,0.009917355371900796,0.8590909090909091
circuit_neg,50.0,0,scientific,8,4096,0.9578512396694215,0.013171386322734919,0.8590909090909091
circuit_neg,50.0,0,scientific,9,4096,0.9661157024793388,0.007574505280918713,0.859090909090909
circuit_neg,50.0,0,scientific,10,4096,0.9764462809917356,0.008012693979200548,0.8909090909090909
circuit_neg,50.0,0,scientific,11,4096,0.9834710743801652,0.007391960256197621,0.9181818181818182
circuit_neg,50.0,0,scientific,12,4096,0.9847107438016529,0.009015464557550179,0.9045454545454545
circuit_neg,50.0,0,scientific,13,4096,0.9793388429752067,0.010289173221478284,0.8909090909090909
circuit_neg,50.0,0,scientific,14,4096,0.9739669421487603,0.00872674052972848,0.8909090909090909
circuit_neg,50.0,0,scientific,15,4096,0.971487603305785,0.013729956798211701,0.890909090909091
random,5.0,0,scientific,0,409,0.9413223140495866,0.01794549648810615,0.8727272727272727
random,5.0,0,scientific,1,409,0.9623966942148761,0.022723515842756215,0.8863636363636364
random,5.0,0,scientific,2,409,0.9632231404958679,0.015702479338842935,0.8954545454545455
random,5.0,0,scientific,3,409,0.9648760330578512,0.014841557847990012,0.8727272727272727
random,5.0,0,scientific,4,409,0.9665289256198347,0.014037427893771107,0.8772727272727272
random,5.0,0,scientific,5,409,0.9648760330578512,0.011687715391513207,0.8590909090909091
random,5.0,0,scientific,6,409,0.9619834710743802,0.007796678621534373,0.8636363636363636
random,5.0,0,scientific,7,409,0.9578512396694215,0.009917355371900796,0.8590909090909091
random,5.0,0,scientific,8,409,0.9578512396694215,0.013171386322734919,0.8590909090909091
random,5.0,0,scientific,9,409,0.9661157024793388,0.007574505280918713,0.859090909090909
random,5.0,0,scientific,10,409,0.9764462809917356,0.008012693979200548,0.8909090909090909
random,5.0,0,scientific,11,409,0.978099173553719,0.006212105941476405,0.9
random,5.0,0,scientific,12,409,0.9768595041322314,0.009726117599950257,0.8818181818181818
random,5.0,0,scientific,13,409,0.9574380165289256,0.010664039587242926,0.8727272727272727
random,5.0,0,scientific,14,409,0.9458677685950413,0.020344683677836633,0.8454545454545455
random,5.0,0,scientific,15,409,0.9314049586776859,0.027109453664225996,0.8363636363636363
random,5.0,1,scientific,0,409,0.9413223140495866,0.01794549648810615,0.8727272727272727
random,5.0,1,scientific,1,409,0.9623966942148761,0.022723515842756215,0.8863636363636364
random,5.0,1,scientific,2,409,0.9632231404958679,0.015702479338842935,0.8954545454545455
random,5.0,1,scientific,3,409,0.9648760330578512,0.014841557847990012,0.8727272727272727
random,5.0,1,scientific,4,409,0.9665289256198347,0.014037427893771107,0.8772727272727272
random,5.0,1,scientific,5,409,0.9648760330578512,0.011687715391513207,0.8590909090909091
random,5.0,1,scientific,6,409,0.9619834710743802,0.007796678621534373,0.8636363636363636
random,5.0,1,scientific,7,409,0.9578512396694215,0.009917355371900796,0.8590909090909091
random,5.0,1,scientific,8,409,0.9578512396694215,0.013171386322734919,0.8590909090909091
random,5.0,1,scientific,9,409,0.9661157024793388,0.007574505280918713,0.859090909090909
random,5.0,1,scientific,10,409,0.9764462809917356,0.008012693979200548,0.8909090909090909
random,5.0,1,scientific,11,409,0.9780991735537189,0.007228452762204941,0.9136363636363637
random,5.0,1,scientific,12,409,0.9756198347107438,0.010648015476632314,0.8772727272727272
random,5.0,1,scientific,13,409,0.9545454545454545,0.012327631314195276,0.8590909090909091
random,5.0,1,scientific,14,409,0.9466942148760331,0.015702479338842928,0.8454545454545455
random,5.0,1,scientific,15,409,0.924380165289256,0.029002259744407562,0.8363636363636363
random,5.0,2,scientific,0,409,0.9413223140495866,0.01794549648810615,0.8727272727272727
random,5.0,2,scientific,1,409,0.9623966942148761,0.022723515842756215,0.8863636363636364
random,5.0,2,scientific,2,409,0.9632231404958679,0.015702479338842935,0.8954545454545455
random,5.0,2,scientific,3,409,0.9648760330578512,0.014841557847990012,0.8727272727272727
random,5.0,2,scientific,4,409,0.9665289256198347,0.014037427893771107,0.8772727272727272
random,5.0,2,scientific,5,409,0.9648760330578512,0.011687715391513207,0.8590909090909091
random,5.0,2,scientific,6,409,0.9619834710743802,0.007796678621534373,0.8636363636363636
random,5.0,2,scientific,7,409,0.9578512396694215,0.009917355371900796,0.8590909090909091
random,5.0,2,scientific,8,409,0.9578512396694215,0.013171386322734919,0.8590909090909091
random,5.0,2,scientific,9,409,0.9661157024793388,0.007574505280918713,0.859090909090909
random,5.0,2,scientific,10,409,0.9764462809917356,0.008012693979200548,0.8909090909090909
random,5.0,2,scientific,11,409,0.9780991735537189,0.007228452762204941,0.9045454545454545
random,5.0,2,scientific,12,409,0.9764462809917355,0.010822975912156054,0.8727272727272727
random,5.0,2,scientific,13,409,0.9586776859504132,0.010535164284282604,0.8772727272727272
random,5.0,2,scientific,14,409,0.9479338842975207,0.01953107817867188,0.8545454545454545
random,5.0,2,scientific,15,409,0.934297520661157,0.028581184240976127,0.8545454545454545
random,10.0,0,scientific,0,819,0.9413223140495866,0.01794549648810615,0.8727272727272727
random,10.0,0,scientific,1,819,0.9623966942148761,0.022723515842756215,0.8863636363636364
random,10.0,0,scientific,2,819,0.9632231404958679,0.015702479338842935,0.8954545454545455
random,10.0,0,scientific,3,819,0.9648760330578512,0.014841557847990012,0.8727272727272727
random,10.0,0,scientific,4,819,0.9665289256198347,0.014037427893771107,0.8772727272727272
random,10.0,0,scientific,5,819,0.9648760330578512,0.011687715391513207,0.8590909090909091
random,10.0,0,scientific,6,819,0.9619834710743802,0.007796678621534373,0.8636363636363636
random,10.0,0,scientific,7,819,0.9578512396694215,0.009917355371900796,0.8590909090909091
random,10.0,0,scientific,8,819,0.9578512396694215,0.013171386322734919,0.8590909090909091
random,10.0,0,scientific,9,819,0.9661157024793388,0.007574505280918713,0.859090909090909
random,10.0,0,scientific,10,819,0.9764462809917356,0.008012693979200548,0.8909090909090909
random,10.0,0,scientific,11,819,0.978099173553719,0.006988237407143729,0.9
random,10.0,0,scientific,12,819,0.9760330578512397,0.010003073088355534,0.8909090909090909
random,10.0,0,scientific,13,819,0.9603305785123967,0.007991355209013914,0.8681818181818182
random,10.0,0,scientific,14,819,0.9483471074380165,0.01884587479502704,0.8636363636363636
random,10.0,0,scientific,15,819,0.9314049586776859,0.02624536282347177,0.8454545454545455
random,10.0,1,scientific,0,819,0.9413223140495866,0.01794549648810615,0.8727272727272727
random,10.0,1,scientific,1,819,0.9623966942148761,0.022723515842756215,0.8863636363636364
random,10.0,1,scientific,2,819,0.9632231404958679,0.015702479338842935,0.8954545454545455
random,10.0,1,scientific,3,819,0.9648760330578512,0.014841557847990012,0.8727272727272727
random,10.0,1,scientific,4,819,0.9665289256198347,0.014037427893771107,0.8772727272727272
random,10.0,1,scientific,5,819,0.9648760330578512,0.011687715391513207,0.8590909090909091
random,10.0,1,scientific,6,819,0.9619834710743802,0.007796678621534373,0.8636363636363636
random,10.0,1,scientific,7,819,0.9578512396694215,0.009917355371900796,0.8590909090909091
random,10.0,1,scientific,8,819,0.9578512396694215,0.013171386322734919,0.8590909090909091
random,10.0,1,scientific,9,819,0.9661157024793388,0.007574505280918713,0.859090909090909
random,10.0,1,scientific,10,819,0.9764462809917356,0.008012693979200548,0.8909090909090909
random,10.0,1,scientific,11,819,0.9785123966942149,0.006481151711305014,0.9090909090909092
random,10.0,1,scientific,12,819,0.9743801652892563,0.013041102345503715,0.8727272727272727
random,10.0,1,scientific,13,819,0.952892561983471,0.012355302799773562,0.85
random,10.0,1,scientific,14,819,0.9479338842975207,0.018863987124815382,0.8363636363636363
random,10.0,1,scientific,15,819,0.9223140495867768,0.02670329656430335,0.8318181818181818
random,10.0,2,scientific,0,819,0.9413223140495866,0.01794549648810615,0.8727272727272727
random,10.0,2,scientific,1,819,0.9623966942148761,0.022723515842756215,0.8863636363636364
random,10.0,2,scientific,2,819,0.9632231404958679,0.015702479338842935,0.8954545454545455
random,10.0,2,scientific,3,819,0.9648760330578512,0.014841557847990012,0.8727272727272727
random,10.0,2,scientific,4,819,0.9665289256198347,0.014037427893771107,0.8772727272727272
random,10.0,2,scientific,5,819,0.9648760330578512,0.011687715391513207,0.8590909090909091
random,10.0,2,scientific,6,819,0.9619834710743802,0.007796678621534373,0.8636363636363636
random,10.0,2,scientific,7,819,0.9578512396694215,0.009917355371900796,0.8590909090909091
random,10.0,2,scientific,8,819,0.9578512396694215,0.013171386322734919,0.8590909090909091
random,10.0,2,scientific,9,819,0.9661157024793388,0.007574505280918713,0.859090909090909
random,10.0,2,scientific,10,819,0.9764462809917356,0.008012693979200548,0.8909090909090909
random,10.0,2,scientific,11,819,0.9772727272727272,0.006533631529273539,0.9045454545454545
random,10.0,2,scientific,12,819,0.9768595041322314,0.007774746992655675,0.8727272727272727
random,10.0,2,scientific,13,819,0.9615702479338843,0.009295224693555378,0.8681818181818182
random,10.0,2,scientific,14,819,0.9495867768595041,0.01988629655457182,0.8409090909090908
random,10.0,2,scientific,15,819,0.9355371900826446,0.027484775451761777,0.8590909090909091
random,25.0,0,scientific,0,2048,0.9413223140495866,0.01794549648810615,0.8727272727272727
random,25.0,0,scientific,1,2048,0.9623966942148761,0.022723515842756215,0.8863636363636364
random,25.0,0,scientific,2,2048,0.9632231404958679,0.015702479338842935,0.8954545454545455
random,25.0,0,scientific,3,2048,0.9648760330578512,0.014841557847990012,0.8727272727272727
random,25.0,0,scientific,4,2048,0.9665289256198347,0.014037427893771107,0.8772727272727272
random,25.0,0,scientific,5,2048,0.9648760330578512,0.011687715391513207,0.8590909090909091
random,25.0,0,scientific,6,2048,0.9619834710743802,0.007796678621534373,0.8636363636363636
random,25.0,0,scientific,7,2048,0.9578512396694215,0.009917355371900796,0.8590909090909091
random,25.0,0,scientific,8,2048,0.9578512396694215,0.013171386322734919,0.8590909090909091
random,25.0,0,scientific,9,2048,0.9661157024793388,0.007574505280918713,0.859090909090909
random,25.0,0,scientific,10,2048,0.9764462809917356,0.008012693979200548,0.8909090909090909
random,25.0,0,scientific,11,2048,0.9805785123966941,0.005930867807606313,0.9045454545454545
random,25.0,0,scientific,12,2048,0.9785123966942149,0.007109359724828635,0.9
random,25.0,0,scientific,13,2048,0.9673553719008264,0.01007112198921815,0.8863636363636364
random,25.0,0,scientific,14,2048,0.9566115702479339,0.01938188330505552,0.8863636363636364
random,25.0,0,scientific,15,2048,0.9334710743801653,0.02782437333807015,0.8545454545454545
random,25.0,1,scientific,0,2048,0.9413223140495866,0.01794549648810615,0.8727272727272727
random,25.0,1,scientific,1,2048,0.9623966942148761,0.022723515842756215,0.8863636363636364
random,25.0,1,scientific,2,2048,0.9632231404958679,0.015702479338842935,0.8954545454545455
random,25.0,1,scientific,3,2048,0.9648760330578512,0.014841557847990012,0.8727272727272727
random,25.0,1,scientific,4,2048,0.9665289256198347,0.014037427893771107,0.8772727272727272
random,25.0,1,scientific,5,2048,0.9648760330578512,0.011687715391513207,0.8590909090909091
random,25.0,1,scientific,6,2048,0.9619834710743802,0.007796678621534373,0.8636363636363636
random,25.0,1,scientific,7,2048,0.9578512396694215,0.009917355371900796,0.8590909090909091
random,25.0,1,scientific,8,2048,0.9578512396694215,0.013171386322734919,0.8590909090909091
random,25.0,1,scientific,9,2048,0.9661157024793388,0.007574505280918713,0.859090909090909
random,25.0,1,scientific,10,2048,0.9764462809917356,0.008012693979200548,0.8909090909090909
random,25.0,1,scientific,11,2048,0.9776859504132229,0.0049586776859504335,0.9
random,25.0,1,scientific,12,2048,0.9743801652892563,0.011057097653107166,0.8818181818181818
random,25.0,1,scientific,13,2048,0.959504132231405,0.011436654961238024,0.8454545454545455
random,25.0,1,scientific,14,2048,0.9545454545454547,0.015294839275472554,0.859090909090909
random,25.0,1,scientific,15,2048,0.9404958677685951,0.025250605152813528,0.840909090909091
random,25.0,2,scientific,0,2048,0.9413223140495866,0.01794549648810615,0.8727272727272727
random,25.0,2,scientific,1,2048,0.9623966942148761,0.022723515842756215,0.8863636363636364
random,25.0,2,scientific,2,2048,0.9632231404958679,0.015702479338842935,0.8954545454545455
random,25.0,2,scientific,3,2048,0.9648760330578512,0.014841557847990012,0.8727272727272727
random,25.0,2,scientific,4,2048,0.9665289256198347,0.014037427893771107,0.8772727272727272
random,25.0,2,scientific,5,2048,0.9648760330578512,0.011687715391513207,0.8590909090909091
random,25.0,2,scientific,6,2048,0.9619834710743802,0.007796678621534373,0.8636363636363636
random,25.0,2,scientific,7,2048,0.9578512396694215,0.009917355371900796,0.8590909090909091
random,25.0,2,scientific,8,2048,0.9578512396694215,0.013171386322734919,0.8590909090909091
random,25.0,2,scientific,9,2048,0.9661157024793388,0.007574505280918713,0.859090909090909
random,25.0,2,scientific,10,2048,0.9764462809917356,0.008012693979200548,0.8909090909090909
random,25.0,2,scientific,11,2048,0.975206611570248,0.007619458229167674,0.9
random,25.0,2,scientific,12,2048,0.9789256198347107,0.008707151861861748,0.8909090909090909
random,25.0,2,scientific,13,2048,0.965702479338843,0.009830890292041561,0.8863636363636364
random,25.0,2,scientific,14,2048,0.9553719008264462,0.015929202700327612,0.8636363636363636
random,25.0,2,scientific,15,2048,0.9388429752066114,0.024222067586368343,0.8454545454545455
random,50.0,0,scientific,0,4096,0.9413223140495866,0.01794549648810615,0.8727272727272727
random,50.0,0,scientific,1,4096,0.9623966942148761,0.022723515842756215,0.8863636363636364
random,50.0,0,scientific,2,4096,0.9632231404958679,0.015702479338842935,0.8954545454545455
random,50.0,0,scientific,3,4096,0.9648760330578512,0.014841557847990012,0.8727272727272727
random,50.0,0,scientific,4,4096,0.9665289256198347,0.014037427893771107,0.8772727272727272
random,50.0,0,scientific,5,4096,0.9648760330578512,0.011687715391513207,0.8590909090909091
random,50.0,0,scientific,6,4096,0.9619834710743802,0.007796678621534373,0.8636363636363636
random,50.0,0,scientific,7,4096,0.9578512396694215,0.009917355371900796,0.8590909090909091
random,50.0,0,scientific,8,4096,0.9578512396694215,0.013171386322734919,0.8590909090909091
random,50.0,0,scientific,9,4096,0.9661157024793388,0.007574505280918713,0.859090909090909
random,50.0,0,scientific,10,4096,0.9764462809917356,0.008012693979200548,0.8909090909090909
random,50.0,0,scientific,11,4096,0.9814049586776858,0.005543970192148237,0.909090909090909
random,50.0,0,scientific,12,4096,0.9735537190082646,0.010404692819846432,0.9
random,50.0,0,scientific,13,4096,0.9681818181818181,0.011584996503203448,0.9045454545454545
random,50.0,0,scientific,14,4096,0.9574380165289258,0.017463261660425958,0.890909090909091
random,50.0,0,scientific,15,4096,0.9363636363636363,0.028461446872268703,0.859090909090909
random,50.0,1,scientific,0,4096,0.9413223140495866,0.01794549648810615,0.8727272727272727
random,50.0,1,scientific,1,4096,0.9623966942148761,0.022723515842756215,0.8863636363636364
random,50.0,1,scientific,2,4096,0.9632231404958679,0.015702479338842935,0.8954545454545455
random,50.0,1,scientific,3,4096,0.9648760330578512,0.014841557847990012,0.8727272727272727
random,50.0,1,scientific,4,4096,0.9665289256198347,0.014037427893771107,0.8772727272727272
random,50.0,1,scientific,5,4096,0.9648760330578512,0.011687715391513207,0.8590909090909091
random,50.0,1,scientific,6,4096,0.9619834710743802,0.007796678621534373,0.8636363636363636
random,50.0,1,scientific,7,4096,0.9578512396694215,0.009917355371900796,0.8590909090909091
random,50.0,1,scientific,8,4096,0.9578512396694215,0.013171386322734919,0.8590909090909091
random,50.0,1,scientific,9,4096,0.9661157024793388,0.007574505280918713,0.859090909090909
random,50.0,1,scientific,10,4096,0.9764462809917356,0.008012693979200548,0.8909090909090909
random,50.0,1,scientific,11,4096,0.9785123966942149,0.006212105941476405,0.8909090909090909
random,50.0,1,scientific,12,4096,0.9768595041322314,0.013351648282151678,0.8954545454545455
random,50.0,1,scientific,13,4096,0.9702479338842973,0.010901575172126374,0.8727272727272727
random,50.0,1,scientific,14,4096,0.9669421487603305,0.01003715520784389,0.8818181818181818
random,50.0,1,scientific,15,4096,0.9628099173553719,0.024620610098787167,0.8954545454545455
random,50.0,2,scientific,0,4096,0.9413223140495866,0.01794549648810615,0.8727272727272727
random,50.0,2,scientific,1,4096,0.9623966942148761,0.022723515842756215,0.8863636363636364
random,50.0,2,scientific,2,4096,0.9632231404958679,0.015702479338842935,0.8954545454545455
random,50.0,2,scientific,3,4096,0.9648760330578512,0.014841557847990012,0.8727272727272727
random,50.0,2,scientific,4,4096,0.9665289256198347,0.014037427893771107,0.8772727272727272
random,50.0,2,scientific,5,4096,0.9648760330578512,0.011687715391513207,0.8590909090909091
random,50.0,2,scientific,6,4096,0.9619834710743802,0.007796678621534373,0.8636363636363636
random,50.0,2,scientific,7,4096,0.9578512396694215,0.009917355371900796,0.8590909090909091
random,50.0,2,scientific,8,4096,0.9578512396694215,0.013171386322734919,0.8590909090909091
random,50.0,2,scientific,9,4096,0.9661157024793388,0.007574505280918713,0.859090909090909
random,50.0,2,scientific,10,4096,0.9764462809917356,0.008012693979200548,0.8909090909090909
random,50.0,2,scientific,11,4096,0.9764462809917355,0.0072284527622049075,0.8954545454545455
random,50.0,2,scientific,12,4096,0.9764462809917356,0.011057097653107133,0.9
random,50.0,2,scientific,13,4096,0.971900826446281,0.006739465467066181,0.9
random,50.0,2,scientific,14,4096,0.9619834710743802,0.01417060181775389,0.859090909090909
random,50.0,2,scientific,15,4096,0.9438016528925619,0.021046002608672454,0.85
clean,0.0,0,verb,0,0,0.9741496598639456,0.01839951272117986,0.8857142857142858
clean,0.0,0,verb,1,0,0.9845804988662131,0.012286818307613696,0.9523809523809523
clean,0.0,0,verb,2,0,0.9800453514739228,0.014080884078240413,0.9380952380952381
clean,0.0,0,verb,3,0,0.9823129251700682,0.012453088632876185,0.9333333333333333
clean,0.0,0,verb,4,0,0.9755102040816327,0.01567088666047256,0.9047619047619049
clean,0.0,0,verb,5,0,0.9768707482993199,0.018555349247599787,0.9
clean,0.0,0,verb,6,0,0.9736961451247167,0.020861678004535138,0.9047619047619048
clean,0.0,0,verb,7,0,0.9764172335600907,0.01800402108052534,0.9095238095238096
clean,0.0,0,verb,8,0,0.9782312925170068,0.016576568600904378,0.9333333333333333
clean,0.0,0,verb,9,0,0.9746031746031745,0.015801588562525476,0.9285714285714286
clean,0.0,0,verb,10,0,0.980952380952381,0.011964540551721465,0.9380952380952381
clean,0.0,0,verb,11,0,0.9750566893424036,0.00962050042430679,0.9285714285714286
clean,0.0,0,verb,12,0,0.9746031746031747,0.009663163606649672,0.8952380952380953
clean,0.0,0,verb,13,0,0.962358276643991,0.0148070999703533,0.8571428571428571
clean,0.0,0,verb,14,0,0.9514739229024943,0.02283841870660169,0.8523809523809524
clean,0.0,0,verb,15,0,0.9424036281179138,0.01613645975025595,0.8666666666666666
circuit,5.0,0,verb,0,409,0.9741496598639456,0.01839951272117986,0.8857142857142858
circuit,5.0,0,verb,1,409,0.9845804988662131,0.012286818307613696,0.9523809523809523
circuit,5.0,0,verb,2,409,0.9800453514739228,0.014080884078240413,0.9380952380952381
circuit,5.0,0,verb,3,409,0.9823129251700682,0.012453088632876185,0.9333333333333333
circuit,5.0,0,verb,4,409,0.9755102040816327,0.01567088666047256,0.9047619047619049
circuit,5.0,0,verb,5,409,0.9768707482993199,0.018555349247599787,0.9
circuit,5.0,0,verb,6,409,0.9736961451247167,0.020861678004535138,0.9047619047619048
circuit,5.0,0,verb,7,409,0.9764172335600907,0.01800402108052534,0.9095238095238096
circuit,5.0,0,verb,8,409,0.9782312925170068,0.016576568600904378,0.9333333333333333
circuit,5.0,0,verb,9,409,0.9746031746031745,0.015801588562525476,0.9285714285714286
circuit,5.0,0,verb,10,409,0.980952380952381,0.011964540551721465,0.9380952380952381
circuit,5.0,0,verb,11,409,0.9759637188208619,0.009469665767719335,0.9190476190476191
circuit,5.0,0,verb,12,409,0.9682539682539684,0.015710211406520395,0.8809523809523808
circuit,5.0,0,verb,13,409,0.9496598639455783,0.019632526822597175,0.8666666666666666
circuit,5.0,0,verb,14,409,0.943764172335601,0.0207529454669343,0.8523809523809524
circuit,5.0,0,verb,15,409,0.9414965986394558,0.014862557467731453,0.8666666666666666
circuit,10.0,0,verb,0,819,0.9741496598639456,0.01839951272117986,0.8857142857142858
circuit,10.0,0,verb,1,819,0.9845804988662131,0.012286818307613696,0.9523809523809523
circuit,10.0,0,verb,2,819,0.9800453514739228,0.014080884078240413,0.9380952380952381
circuit,10.0,0,verb,3,819,0.9823129251700682,0.012453088632876185,0.9333333333333333
circuit,10.0,0,verb,4,819,0.9755102040816327,0.01567088666047256,0.9047619047619049
circuit,10.0,0,verb,5,819,0.9768707482993199,0.018555349247599787,0.9
circuit,10.0,0,verb,6,819,0.9736961451247167,0.020861678004535138,0.9047619047619048
circuit,10.0,0,verb,7,819,0.9764172335600907,0.01800402108052534,0.9095238095238096
circuit,10.0,0,verb,8,819,0.9782312925170068,0.016576568600904378,0.9333333333333333
circuit,10.0,0,verb,9,819,0.9746031746031745,0.015801588562525476,0.9285714285714286
circuit,10.0,0,verb,10,819,0.980952380952381,0.011964540551721465,0.9380952380952381
circuit,10.0,0,verb,11,819,0.9746031746031747,0.009002010540262685,0.9190476190476191
circuit,10.0,0,verb,12,819,0.9696145124716553,0.01246959372777097,0.880952380952381
circuit,10.0,0,verb,13,819,0.9487528344671201,0.014876389539099063,0.8714285714285713
circuit,10.0,0,verb,14,819,0.946031746031746,0.020752945466934358,0.8571428571428571
circuit,10.0,0,verb,15,819,0.9424036281179138,0.0228834028327308,0.8476190476190475
circuit,25.0,0,verb,0,2048,0.9741496598639456,0.01839951272117986,0.8857142857142858
circuit,25.0,0,verb,1,2048,0.9845804988662131,0.012286818307613696,0.9523809523809523
circuit,25.0,0,verb,2,2048,0.9800453514739228,0.014080884078240413,0.9380952380952381
circuit,25.0,0,verb,3,2048,0.9823129251700682,0.012453088632876185,0.9333333333333333
circuit,25.0,0,verb,4,2048,0.9755102040816327,0.01567088666047256,0.9047619047619049
circuit,25.0,0,verb,5,2048,0.9768707482993199,0.018555349247599787,0.9
circuit,25.0,0,verb,6,2048,0.9736961451247167,0.020861678004535138,0.9047619047619048
circuit,25.0,0,verb,7,2048,0.9764172335600907,0.01800402108052534,0.9095238095238096
circuit,25.0,0,verb,8,2048,0.9782312925170068,0.016576568600904378,0.9333333333333333
circuit,25.0,0,verb,9,2048,0.9746031746031745,0.015801588562525476,0.9285714285714286
circuit,25.0,0,verb,10,2048,0.980952380952381,0.011964540551721465,0.9380952380952381
circuit,25.0,0,verb,11,2048,0.9768707482993196,0.012535396790100035,0.9142857142857144
circuit,25.0,0,verb,12,2048,0.9732426303854875,0.012033105815348394,0.9000000000000001
circuit,25.0,0,verb,13,2048,0.9619047619047617,0.01057769051219098,0.8714285714285713
circuit,25.0,0,verb,14,2048,0.9528344671201813,0.017646327853372987,0.8666666666666666
circuit,25.0,0,verb,15,2048,0.9551020408163264,0.02095022124707682,0.8714285714285713
circuit,50.0,0,verb,0,4096,0.9741496598639456,0.01839951272117986,0.8857142857142858
circuit,50.0,0,verb,1,4096,0.9845804988662131,0.012286818307613696,0.9523809523809523
circuit,50.0,0,verb,2,4096,0.9800453514739228,0.014080884078240413,0.9380952380952381
circuit,50.0,0,verb,3,4096,0.9823129251700682,0.012453088632876185,0.9333333333333333
circuit,50.0,0,verb,4,4096,0.9755102040816327,0.01567088666047256,0.9047619047619049
circuit,50.0,0,verb,5,4096,0.9768707482993199,0.018555349247599787,0.9
circuit,50.0,0,verb,6,4096,0.9736961451247167,0.020861678004535138,0.9047619047619048
circuit,50.0,0,verb,7,4096,0.9764172335600907,0.01800402108052534,0.9095238095238096
circuit,50.0,0,verb,8,4096,0.9782312925170068,0.016576568600904378,0.9333333333333333
circuit,50.0,0,verb,9,4096,0.9746031746031745,0.015801588562525476,0.9285714285714286
circuit,50.0,0,verb,10,4096,0.980952380952381,0.011964540551721465,0.9380952380952381
circuit,50.0,0,verb,11,4096,0.9800453514739228,0.011686257348503534,0.9142857142857144
circuit,50.0,0,verb,12,4096,0.9791383219954648,0.011773927424714,0.9047619047619049
circuit,50.0,0,verb,13,4096,0.9655328798185939,0.013860051510146118,0.880952380952381
circuit,50.0,0,verb,14,4096,0.963265306122449,0.017113797971984777,0.8904761904761905
circuit,50.0,0,verb,15,4096,0.962358276643991,0.025193549954342215,0.8904761904761905
circuit_pos,5.0,0,verb,0,409,0.9741496598639456,0.01839951272117986,0.8857142857142858
circuit_pos,5.0,0,verb,1,409,0.9845804988662131,0.012286818307613696,0.9523809523809523
circuit_pos,5.0,0,verb,2,409,0.9800453514739228,0.014080884078240413,0.9380952380952381
circuit_pos,5.0,0,verb,3,409,0.9823129251700682,0.012453088632876185,0.9333333333333333
circuit_pos,5.0,0,verb,4,409,0.9755102040816327,0.01567088666047256,0.9047619047619049
circuit_pos,5.0,0,verb,5,409,0.9768707482993199,0.018555349247599787,0.9
circuit_pos,5.0,0,verb,6,409,0.9736961451247167,0.020861678004535138,0.9047619047619048
circuit_pos,5.0,0,verb,7,409,0.9764172335600907,0.01800402108052534,0.9095238095238096
circuit_pos,5.0,0,verb,8,409,0.9782312925170068,0.016576568600904378,0.9333333333333333
circuit_pos,5.0,0,verb,9,409,0.9746031746031745,0.015801588562525476,0.9285714285714286
circuit_pos,5.0,0,verb,10,409,0.980952380952381,0.011964540551721465,0.9380952380952381
circuit_pos,5.0,0,verb,11,409,0.9755102040816326,0.010181380644282851,0.9190476190476191
circuit_pos,5.0,0,verb,12,409,0.965079365079365,0.015486050865273325,0.8761904761904763
circuit_pos,5.0,0,verb,13,409,0.9419501133786847,0.0187318607057264,0.8619047619047618
circuit_pos,5.0,0,verb,14,409,0.9351473922902495,0.021057935176859693,0.8333333333333334
circuit_pos,5.0,0,verb,15,409,0.9183673469387756,0.008362398600719204,0.8666666666666666
circuit_pos,10.0,0,verb,0,819,0.9741496598639456,0.01839951272117986,0.8857142857142858
circuit_pos,10.0,0,verb,1,819,0.9845804988662131,0.012286818307613696,0.9523809523809523
circuit_pos,10.0,0,verb,2,819,0.9800453514739228,0.014080884078240413,0.9380952380952381
circuit_pos,10.0,0,verb,3,819,0.9823129251700682,0.012453088632876185,0.9333333333333333
circuit_pos,10.0,0,verb,4,819,0.9755102040816327,0.01567088666047256,0.9047619047619049
circuit_pos,10.0,0,verb,5,819,0.9768707482993199,0.018555349247599787,0.9
circuit_pos,10.0,0,verb,6,819,0.9736961451247167,0.020861678004535138,0.9047619047619048
circuit_pos,10.0,0,verb,7,819,0.9764172335600907,0.01800402108052534,0.9095238095238096
circuit_pos,10.0,0,verb,8,819,0.9782312925170068,0.016576568600904378,0.9333333333333333
circuit_pos,10.0,0,verb,9,819,0.9746031746031745,0.015801588562525476,0.9285714285714286
circuit_pos,10.0,0,verb,10,819,0.980952380952381,0.011964540551721465,0.9380952380952381
circuit_pos,10.0,0,verb,11,819,0.9727891156462585,0.01156240252515374,0.9142857142857144
circuit_pos,10.0,0,verb,12,819,0.9582766439909296,0.016263420478041787,0.8761904761904763
circuit_pos,10.0,0,verb,13,819,0.928344671201814,0.018174571346497796,0.8238095238095239
circuit_pos,10.0,0,verb,14,819,0.9124716553287981,0.023151472141678345,0.7904761904761906
circuit_pos,10.0,0,verb,15,819,0.88843537414966,0.02025135016940233,0.8095238095238095
circuit_pos,25.0,0,verb,0,2048,0.9741496598639456,0.01839951272117986,0.8857142857142858
circuit_pos,25.0,0,verb,1,2048,0.9845804988662131,0.012286818307613696,0.9523809523809523
circuit_pos,25.0,0,verb,2,2048,0.9800453514739228,0.014080884078240413,0.9380952380952381
circuit_pos,25.0,0,verb,3,2048,0.9823129251700682,0.012453088632876185,0.9333333333333333
circuit_pos,25.0,0,verb,4,2048,0.9755102040816327,0.01567088666047256,0.9047619047619049
circuit_pos,25.0,0,verb,5,2048,0.9768707482993199,0.018555349247599787,0.9
circuit_pos,25.0,0,verb,6,2048,0.9736961451247167,0.020861678004535138,0.9047619047619048
circuit_pos,25.0,0,verb,7,2048,0.9764172335600907,0.01800402108052534,0.9095238095238096
circuit_pos,25.0,0,verb,8,2048,0.9782312925170068,0.016576568600904378,0.9333333333333333
circuit_pos,25.0,0,verb,9,2048,0.9746031746031745,0.015801588562525476,0.9285714285714286
circuit_pos,25.0,0,verb,10,2048,0.980952380952381,0.011964540551721465,0.9380952380952381
circuit_pos,25.0,0,verb,11,2048,0.9696145124716553,0.015150379218585076,0.9095238095238096
circuit_pos,25.0,0,verb,12,2048,0.9560090702947847,0.018399512721179876,0.8666666666666668
circuit_pos,25.0,0,verb,13,2048,0.927437641723356,0.012584523288445903,0.819047619047619
circuit_pos,25.0,0,verb,14,2048,0.8956916099773242,0.022447834323382425,0.7857142857142858
circuit_pos,25.0,0,verb,15,2048,0.8630385487528345,0.019903046038541188,0.7857142857142858
circuit_pos,50.0,0,verb,0,4096,0.9741496598639456,0.01839951272117986,0.8857142857142858
circuit_pos,50.0,0,verb,1,4096,0.9845804988662131,0.012286818307613696,0.9523809523809523
circuit_pos,50.0,0,verb,2,4096,0.9800453514739228,0.014080884078240413,0.9380952380952381
circuit_pos,50.0,0,verb,3,4096,0.9823129251700682,0.012453088632876185,0.9333333333333333
circuit_pos,50.0,0,verb,4,4096,0.9755102040816327,0.01567088666047256,0.9047619047619049
circuit_pos,50.0,0,verb,5,4096,0.9768707482993199,0.018555349247599787,0.9
circuit_pos,50.0,0,verb,6,4096,0.9736961451247167,0.020861678004535138,0.9047619047619048
circuit_pos,50.0,0,verb,7,4096,0.9764172335600907,0.01800402108052534,0.9095238095238096
circuit_pos,50.0,0,verb,8,4096,0.9782312925170068,0.016576568600904378,0.9333333333333333
circuit_pos,50.0,0,verb,9,4096,0.9746031746031745,0.015801588562525476,0.9285714285714286
circuit_pos,50.0,0,verb,10,4096,0.980952380952381,0.011964540551721465,0.9380952380952381
circuit_pos,50.0,0,verb,11,4096,0.9723356009070294,0.015801588562525493,0.9
circuit_pos,50.0,0,verb,12,4096,0.9582766439909298,0.017245490559484402,0.8761904761904761
circuit_pos,50.0,0,verb,13,4096,0.9365079365079365,0.020026668631128945,0.8238095238095239
circuit_pos,50.0,0,verb,14,4096,0.908390022675737,0.030341457929574135,0.8
circuit_pos,50.0,0,verb,15,4096,0.8870748299319727,0.021909972479240196,0.780952380952381
circuit_neg,5.0,0,verb,0,409,0.9741496598639456,0.01839951272117986,0.8857142857142858
circuit_neg,5.0,0,verb,1,409,0.9845804988662131,0.012286818307613696,0.9523809523809523
circuit_neg,5.0,0,verb,2,409,0.9800453514739228,0.014080884078240413,0.9380952380952381
circuit_neg,5.0,0,verb,3,409,0.9823129251700682,0.012453088632876185,0.9333333333333333
circuit_neg,5.0,0,verb,4,409,0.9755102040816327,0.01567088666047256,0.9047619047619049
circuit_neg,5.0,0,verb,5,409,0.9768707482993199,0.018555349247599787,0.9
circuit_neg,5.0,0,verb,6,409,0.9736961451247167,0.020861678004535138,0.9047619047619048
circuit_neg,5.0,0,verb,7,409,0.9764172335600907,0.01800402108052534,0.9095238095238096
circuit_neg,5.0,0,verb,8,409,0.9782312925170068,0.016576568600904378,0.9333333333333333
circuit_neg,5.0,0,verb,9,409,0.9746031746031745,0.015801588562525476,0.9285714285714286
circuit_neg,5.0,0,verb,10,409,0.980952380952381,0.011964540551721465,0.9380952380952381
circuit_neg,5.0,0,verb,11,409,0.9800453514739228,0.008036301653818308,0.9238095238095239
circuit_neg,5.0,0,verb,12,409,0.9782312925170068,0.009138068788938693,0.9047619047619048
circuit_neg,5.0,0,verb,13,409,0.9741496598639456,0.01221967672136734,0.9190476190476191
circuit_neg,5.0,0,verb,14,409,0.9727891156462585,0.017269326770666487,0.8904761904761905
circuit_neg,5.0,0,verb,15,409,0.9637188208616779,0.0079849509576685,0.8571428571428571
circuit_neg,10.0,0,verb,0,819,0.9741496598639456,0.01839951272117986,0.8857142857142858
circuit_neg,10.0,0,verb,1,819,0.9845804988662131,0.012286818307613696,0.9523809523809523
circuit_neg,10.0,0,verb,2,819,0.9800453514739228,0.014080884078240413,0.9380952380952381
circuit_neg,10.0,0,verb,3,819,0.9823129251700682,0.012453088632876185,0.9333333333333333
circuit_neg,10.0,0,verb,4,819,0.9755102040816327,0.01567088666047256,0.9047619047619049
circuit_neg,10.0,0,verb,5,819,0.9768707482993199,0.018555349247599787,0.9
circuit_neg,10.0,0,verb,6,819,0.9736961451247167,0.020861678004535138,0.9047619047619048
circuit_neg,10.0,0,verb,7,819,0.9764172335600907,0.01800402108052534,0.9095238095238096
circuit_neg,10.0,0,verb,8,819,0.9782312925170068,0.016576568600904378,0.9333333333333333
circuit_neg,10.0,0,verb,9,819,0.9746031746031745,0.015801588562525476,0.9285714285714286
circuit_neg,10.0,0,verb,10,819,0.980952380952381,0.011964540551721465,0.9380952380952381
circuit_neg,10.0,0,verb,11,819,0.9800453514739228,0.007227835578462257,0.9238095238095239
circuit_neg,10.0,0,verb,12,819,0.9800453514739228,0.006316729377407762,0.9047619047619048
circuit_neg,10.0,0,verb,13,819,0.9791383219954648,0.010577690512191025,0.9190476190476191
circuit_neg,10.0,0,verb,14,819,0.9800453514739228,0.014226201488760222,0.9095238095238096
circuit_neg,10.0,0,verb,15,819,0.9732426303854875,0.010674469202666495,0.8904761904761905
circuit_neg,25.0,0,verb,0,2048,0.9741496598639456,0.01839951272117986,0.8857142857142858
circuit_neg,25.0,0,verb,1,2048,0.9845804988662131,0.012286818307613696,0.9523809523809523
circuit_neg,25.0,0,verb,2,2048,0.9800453514739228,0.014080884078240413,0.9380952380952381
circuit_neg,25.0,0,verb,3,2048,0.9823129251700682,0.012453088632876185,0.9333333333333333
circuit_neg,25.0,0,verb,4,2048,0.9755102040816327,0.01567088666047256,0.9047619047619049
circuit_neg,25.0,0,verb,5,2048,0.9768707482993199,0.018555349247599787,0.9
circuit_neg,25.0,0,verb,6,2048,0.9736961451247167,0.020861678004535138,0.9047619047619048
circuit_neg,25.0,0,verb,7,2048,0.9764172335600907,0.01800402108052534,0.9095238095238096
circuit_neg,25.0,0,verb,8,2048,0.9782312925170068,0.016576568600904378,0.9333333333333333
circuit_neg,25.0,0,verb,9,2048,0.9746031746031745,0.015801588562525476,0.9285714285714286
circuit_neg,25.0,0,verb,10,2048,0.980952380952381,0.011964540551721465,0.9380952380952381
circuit_neg,25.0,0,verb,11,2048,0.980498866213152,0.0065091610405475595,0.9190476190476191
circuit_neg,25.0,0,verb,12,2048,0.9845804988662131,0.00484221235919786,0.9190476190476191
circuit_neg,25.0,0,verb,13,2048,0.9845804988662131,0.001696896774047121,0.9333333333333333
circuit_neg,25.0,0,verb,14,2048,0.9850340136054422,0.01134693515029191,0.9142857142857144
circuit_neg,25.0,0,verb,15,2048,0.9727891156462587,0.010440693363466041,0.8714285714285716
circuit_neg,50.0,0,verb,0,4096,0.9741496598639456,0.01839951272117986,0.8857142857142858
circuit_neg,50.0,0,verb,1,4096,0.9845804988662131,0.012286818307613696,0.9523809523809523
circuit_neg,50.0,0,verb,2,4096,0.9800453514739228,0.014080884078240413,0.9380952380952381
circuit_neg,50.0,0,verb,3,4096,0.9823129251700682,0.012453088632876185,0.9333333333333333
circuit_neg,50.0,0,verb,4,4096,0.9755102040816327,0.01567088666047256,0.9047619047619049
circuit_neg,50.0,0,verb,5,4096,0.9768707482993199,0.018555349247599787,0.9
circuit_neg,50.0,0,verb,6,4096,0.9736961451247167,0.020861678004535138,0.9047619047619048
circuit_neg,50.0,0,verb,7,4096,0.9764172335600907,0.01800402108052534,0.9095238095238096
circuit_neg,50.0,0,verb,8,4096,0.9782312925170068,0.016576568600904378,0.9333333333333333
circuit_neg,50.0,0,verb,9,4096,0.9746031746031745,0.015801588562525476,0.9285714285714286
circuit_neg,50.0,0,verb,10,4096,0.980952380952381,0.011964540551721465,0.9380952380952381
circuit_neg,50.0,0,verb,11,4096,0.9800453514739228,0.005627969907478837,0.9238095238095239
circuit_neg,50.0,0,verb,12,4096,0.9854875283446711,0.0033937935480942687,0.9285714285714286
circuit_neg,50.0,0,verb,13,4096,0.9882086167800453,0.009115533443193581,0.9476190476190476
circuit_neg,50.0,0,verb,14,4096,0.9895691609977325,0.012551793653603685,0.9333333333333333
circuit_neg,50.0,0,verb,15,4096,0.9845804988662131,0.010480018148110079,0.9190476190476191
random,5.0,0,verb,0,409,0.9741496598639456,0.01839951272117986,0.8857142857142858
random,5.0,0,verb,1,409,0.9845804988662131,0.012286818307613696,0.9523809523809523
random,5.0,0,verb,2,409,0.9800453514739228,0.014080884078240413,0.9380952380952381
random,5.0,0,verb,3,409,0.9823129251700682,0.012453088632876185,0.9333333333333333
random,5.0,0,verb,4,409,0.9755102040816327,0.01567088666047256,0.9047619047619049
random,5.0,0,verb,5,409,0.9768707482993199,0.018555349247599787,0.9
random,5.0,0,verb,6,409,0.9736961451247167,0.020861678004535138,0.9047619047619048
random,5.0,0,verb,7,409,0.9764172335600907,0.01800402108052534,0.9095238095238096
random,5.0,0,verb,8,409,0.9782312925170068,0.016576568600904378,0.9333333333333333
random,5.0,0,verb,9,409,0.9746031746031745,0.015801588562525476,0.9285714285714286
random,5.0,0,verb,10,409,0.980952380952381,0.011964540551721465,0.9380952380952381
random,5.0,0,verb,11,409,0.9727891156462583,0.011200987787055293,0.9190476190476191
random,5.0,0,verb,12,409,0.9764172335600907,0.00924992202012293,0.8952380952380953
random,5.0,0,verb,13,409,0.9646258503401359,0.014240651671752895,0.8666666666666666
random,5.0,0,verb,14,409,0.9537414965986395,0.016638491000312134,0.8571428571428571
random,5.0,0,verb,15,409,0.9410430839002268,0.015177506150278044,0.8380952380952381
random,5.0,1,verb,0,409,0.9741496598639456,0.01839951272117986,0.8857142857142858
random,5.0,1,verb,1,409,0.9845804988662131,0.012286818307613696,0.9523809523809523
random,5.0,1,verb,2,409,0.9800453514739228,0.014080884078240413,0.9380952380952381
random,5.0,1,verb,3,409,0.9823129251700682,0.012453088632876185,0.9333333333333333
random,5.0,1,verb,4,409,0.9755102040816327,0.01567088666047256,0.9047619047619049
random,5.0,1,verb,5,409,0.9768707482993199,0.018555349247599787,0.9
random,5.0,1,verb,6,409,0.9736961451247167,0.020861678004535138,0.9047619047619048
random,5.0,1,verb,7,409,0.9764172335600907,0.01800402108052534,0.9095238095238096
random,5.0,1,verb,8,409,0.9782312925170068,0.016576568600904378,0.9333333333333333
random,5.0,1,verb,9,409,0.9746031746031745,0.015801588562525476,0.9285714285714286
random,5.0,1,verb,10,409,0.980952380952381,0.011964540551721465,0.9380952380952381
random,5.0,1,verb,11,409,0.9768707482993196,0.010674469202666499,0.9238095238095239
random,5.0,1,verb,12,409,0.9755102040816327,0.008652509763418994,0.8952380952380953
random,5.0,1,verb,13,409,0.9637188208616779,0.012986685771679222,0.8571428571428571
random,5.0,1,verb,14,409,0.9537414965986395,0.014945357871459489,0.8619047619047618
random,5.0,1,verb,15,409,0.9401360544217686,0.013948804080933984,0.8523809523809524
random,5.0,2,verb,0,409,0.9741496598639456,0.01839951272117986,0.8857142857142858
random,5.0,2,verb,1,409,0.9845804988662131,0.012286818307613696,0.9523809523809523
random,5.0,2,verb,2,409,0.9800453514739228,0.014080884078240413,0.9380952380952381
random,5.0,2,verb,3,409,0.9823129251700682,0.012453088632876185,0.9333333333333333
random,5.0,2,verb,4,409,0.9755102040816327,0.01567088666047256,0.9047619047619049
random,5.0,2,verb,5,409,0.9768707482993199,0.018555349247599787,0.9
random,5.0,2,verb,6,409,0.9736961451247167,0.020861678004535138,0.9047619047619048
random,5.0,2,verb,7,409,0.9764172335600907,0.01800402108052534,0.9095238095238096
random,5.0,2,verb,8,409,0.9782312925170068,0.016576568600904378,0.9333333333333333
random,5.0,2,verb,9,409,0.9746031746031745,0.015801588562525476,0.9285714285714286
random,5.0,2,verb,10,409,0.980952380952381,0.011964540551721465,0.9380952380952381
random,5.0,2,verb,11,409,0.9746031746031747,0.01168625734850352,0.9238095238095239
random,5.0,2,verb,12,409,0.9723356009070295,0.01123765232958175,0.8952380952380953
random,5.0,2,verb,13,409,0.9637188208616779,0.012420012641840455,0.8619047619047618
random,5.0,2,verb,14,409,0.9546485260770975,0.018698891726157206,0.8571428571428571
random,5.0,2,verb,15,409,0.9424036281179138,0.015879493333343854,0.8523809523809524
random,10.0,0,verb,0,819,0.9741496598639456,0.01839951272117986,0.8857142857142858
random,10.0,0,verb,1,819,0.9845804988662131,0.012286818307613696,0.9523809523809523
random,10.0,0,verb,2,819,0.9800453514739228,0.014080884078240413,0.9380952380952381
random,10.0,0,verb,3,819,0.9823129251700682,0.012453088632876185,0.9333333333333333
random,10.0,0,verb,4,819,0.9755102040816327,0.01567088666047256,0.9047619047619049
random,10.0,0,verb,5,819,0.9768707482993199,0.018555349247599787,0.9
random,10.0,0,verb,6,819,0.9736961451247167,0.020861678004535138,0.9047619047619048
random,10.0,0,verb,7,819,0.9764172335600907,0.01800402108052534,0.9095238095238096
random,10.0,0,verb,8,819,0.9782312925170068,0.016576568600904378,0.9333333333333333
random,10.0,0,verb,9,819,0.9746031746031745,0.015801588562525476,0.9285714285714286
random,10.0,0,verb,10,819,0.980952380952381,0.011964540551721465,0.9380952380952381
random,10.0,0,verb,11,819,0.9741496598639456,0.009577647202695177,0.9190476190476191
random,10.0,0,verb,12,819,0.9741496598639456,0.011615644875161606,0.8952380952380953
random,10.0,0,verb,13,819,0.962358276643991,0.011703843900738234,0.8857142857142856
random,10.0,0,verb,14,819,0.9505668934240361,0.01782030177268797,0.8619047619047618
random,10.0,0,verb,15,819,0.9401360544217686,0.018950188132223288,0.8476190476190476
random,10.0,1,verb,0,819,0.9741496598639456,0.01839951272117986,0.8857142857142858
random,10.0,1,verb,1,819,0.9845804988662131,0.012286818307613696,0.9523809523809523
random,10.0,1,verb,2,819,0.9800453514739228,0.014080884078240413,0.9380952380952381
random,10.0,1,verb,3,819,0.9823129251700682,0.012453088632876185,0.9333333333333333
random,10.0,1,verb,4,819,0.9755102040816327,0.01567088666047256,0.9047619047619049
random,10.0,1,verb,5,819,0.9768707482993199,0.018555349247599787,0.9
random,10.0,1,verb,6,819,0.9736961451247167,0.020861678004535138,0.9047619047619048
random,10.0,1,verb,7,819,0.9764172335600907,0.01800402108052534,0.9095238095238096
random,10.0,1,verb,8,819,0.9782312925170068,0.016576568600904378,0.9333333333333333
random,10.0,1,verb,9,819,0.9746031746031745,0.015801588562525476,0.9285714285714286
random,10.0,1,verb,10,819,0.980952380952381,0.011964540551721465,0.9380952380952381
random,10.0,1,verb,11,819,0.9768707482993196,0.010281890293655003,0.9238095238095239
random,10.0,1,verb,12,819,0.9755102040816326,0.007642766234173543,0.9095238095238095
random,10.0,1,verb,13,819,0.9664399092970521,0.01203310581534835,0.8761904761904761
random,10.0,1,verb,14,819,0.962358276643991,0.015879493333343826,0.8571428571428571
random,10.0,1,verb,15,819,0.9496598639455783,0.013253187479548697,0.8619047619047618
random,10.0,2,verb,0,819,0.9741496598639456,0.01839951272117986,0.8857142857142858
random,10.0,2,verb,1,819,0.9845804988662131,0.012286818307613696,0.9523809523809523
random,10.0,2,verb,2,819,0.9800453514739228,0.014080884078240413,0.9380952380952381
random,10.0,2,verb,3,819,0.9823129251700682,0.012453088632876185,0.9333333333333333
random,10.0,2,verb,4,819,0.9755102040816327,0.01567088666047256,0.9047619047619049
random,10.0,2,verb,5,819,0.9768707482993199,0.018555349247599787,0.9
random,10.0,2,verb,6,819,0.9736961451247167,0.020861678004535138,0.9047619047619048
random,10.0,2,verb,7,819,0.9764172335600907,0.01800402108052534,0.9095238095238096
random,10.0,2,verb,8,819,0.9782312925170068,0.016576568600904378,0.9333333333333333
random,10.0,2,verb,9,819,0.9746031746031745,0.015801588562525476,0.9285714285714286
random,10.0,2,verb,10,819,0.980952380952381,0.011964540551721465,0.9380952380952381
random,10.0,2,verb,11,819,0.9741496598639454,0.012135227356244595,0.9238095238095239
random,10.0,2,verb,12,819,0.9727891156462585,0.01138312961270848,0.8952380952380953
random,10.0,2,verb,13,819,0.9664399092970521,0.013934051243299038,0.8761904761904761
random,10.0,2,verb,14,819,0.9560090702947847,0.018174571346497866,0.8761904761904761
random,10.0,2,verb,15,819,0.9505668934240363,0.014153729282836525,0.8619047619047618
random,25.0,0,verb,0,2048,0.9741496598639456,0.01839951272117986,0.8857142857142858
random,25.0,0,verb,1,2048,0.9845804988662131,0.012286818307613696,0.9523809523809523
random,25.0,0,verb,2,2048,0.9800453514739228,0.014080884078240413,0.9380952380952381
random,25.0,0,verb,3,2048,0.9823129251700682,0.012453088632876185,0.9333333333333333
random,25.0,0,verb,4,2048,0.9755102040816327,0.01567088666047256,0.9047619047619049
random,25.0,0,verb,5,2048,0.9768707482993199,0.018555349247599787,0.9
random,25.0,0,verb,6,2048,0.9736961451247167,0.020861678004535138,0.9047619047619048
random,25.0,0,verb,7,2048,0.9764172335600907,0.01800402108052534,0.9095238095238096
random,25.0,0,verb,8,2048,0.9782312925170068,0.016576568600904378,0.9333333333333333
random,25.0,0,verb,9,2048,0.9746031746031745,0.015801588562525476,0.9285714285714286
random,25.0,0,verb,10,2048,0.980952380952381,0.011964540551721465,0.9380952380952381
random,25.0,0,verb,11,2048,0.9746031746031747,0.008288284300452168,0.9190476190476191
random,25.0,0,verb,12,2048,0.9727891156462585,0.010827515996656076,0.8952380952380953
random,25.0,0,verb,13,2048,0.962358276643991,0.012135227356244586,0.8666666666666666
random,25.0,0,verb,14,2048,0.9469387755102041,0.019799437599041368,0.8476190476190476
random,25.0,0,verb,15,2048,0.9360544217687075,0.016687863485690766,0.8523809523809524
random,25.0,1,verb,0,2048,0.9741496598639456,0.01839951272117986,0.8857142857142858
random,25.0,1,verb,1,2048,0.9845804988662131,0.012286818307613696,0.9523809523809523
random,25.0,1,verb,2,2048,0.9800453514739228,0.014080884078240413,0.9380952380952381
random,25.0,1,verb,3,2048,0.9823129251700682,0.012453088632876185,0.9333333333333333
random,25.0,1,verb,4,2048,0.9755102040816327,0.01567088666047256,0.9047619047619049
random,25.0,1,verb,5,2048,0.9768707482993199,0.018555349247599787,0.9
random,25.0,1,verb,6,2048,0.9736961451247167,0.020861678004535138,0.9047619047619048
random,25.0,1,verb,7,2048,0.9764172335600907,0.01800402108052534,0.9095238095238096
random,25.0,1,verb,8,2048,0.9782312925170068,0.016576568600904378,0.9333333333333333
random,25.0,1,verb,9,2048,0.9746031746031745,0.015801588562525476,0.9285714285714286
random,25.0,1,verb,10,2048,0.980952380952381,0.011964540551721465,0.9380952380952381
random,25.0,1,verb,11,2048,0.9764172335600907,0.010301874550204582,0.9238095238095239
random,25.0,1,verb,12,2048,0.9746031746031745,0.008288284300452182,0.9095238095238095
random,25.0,1,verb,13,2048,0.9723356009070294,0.006937441515092217,0.8952380952380953
random,25.0,1,verb,14,2048,0.9668934240362812,0.013725846667049037,0.8857142857142858
random,25.0,1,verb,15,2048,0.9614512471655328,0.017969716785631668,0.8857142857142858
random,25.0,2,verb,0,2048,0.9741496598639456,0.01839951272117986,0.8857142857142858
random,25.0,2,verb,1,2048,0.9845804988662131,0.012286818307613696,0.9523809523809523
random,25.0,2,verb,2,2048,0.9800453514739228,0.014080884078240413,0.9380952380952381
random,25.0,2,verb,3,2048,0.9823129251700682,0.012453088632876185,0.9333333333333333
random,25.0,2,verb,4,2048,0.9755102040816327,0.01567088666047256,0.9047619047619049
random,25.0,2,verb,5,2048,0.9768707482993199,0.018555349247599787,0.9
random,25.0,2,verb,6,2048,0.9736961451247167,0.020861678004535138,0.9047619047619048
random,25.0,2,verb,7,2048,0.9764172335600907,0.01800402108052534,0.9095238095238096
random,25.0,2,verb,8,2048,0.9782312925170068,0.016576568600904378,0.9333333333333333
random,25.0,2,verb,9,2048,0.9746031746031745,0.015801588562525476,0.9285714285714286
random,25.0,2,verb,10,2048,0.980952380952381,0.011964540551721465,0.9380952380952381
random,25.0,2,verb,11,2048,0.9764172335600907,0.012875346545649332,0.9285714285714286
random,25.0,2,verb,12,2048,0.9700680272108844,0.01631392811664847,0.8904761904761905
random,25.0,2,verb,13,2048,0.9691609977324263,0.01889584277188175,0.880952380952381
random,25.0,2,verb,14,2048,0.963265306122449,0.020802439802593643,0.8857142857142858
random,25.0,2,verb,15,2048,0.9564625850340136,0.013635642973580898,0.8666666666666666
random,50.0,0,verb,0,4096,0.9741496598639456,0.01839951272117986,0.8857142857142858
random,50.0,0,verb,1,4096,0.9845804988662131,0.012286818307613696,0.9523809523809523
random,50.0,0,verb,2,4096,0.9800453514739228,0.014080884078240413,0.9380952380952381
random,50.0,0,verb,3,4096,0.9823129251700682,0.012453088632876185,0.9333333333333333
random,50.0,0,verb,4,4096,0.9755102040816327,0.01567088666047256,0.9047619047619049
random,50.0,0,verb,5,4096,0.9768707482993199,0.018555349247599787,0.9
random,50.0,0,verb,6,4096,0.9736961451247167,0.020861678004535138,0.9047619047619048
random,50.0,0,verb,7,4096,0.9764172335600907,0.01800402108052534,0.9095238095238096
random,50.0,0,verb,8,4096,0.9782312925170068,0.016576568600904378,0.9333333333333333
random,50.0,0,verb,9,4096,0.9746031746031745,0.015801588562525476,0.9285714285714286
random,50.0,0,verb,10,4096,0.980952380952381,0.011964540551721465,0.9380952380952381
random,50.0,0,verb,11,4096,0.9773242630385488,0.009404281792892426,0.9238095238095239
random,50.0,0,verb,12,4096,0.9705215419501133,0.014972856253260041,0.8952380952380953
random,50.0,0,verb,13,4096,0.9655328798185941,0.013860051510146154,0.8952380952380953
random,50.0,0,verb,14,4096,0.9587301587301587,0.015539085441280538,0.8809523809523808
random,50.0,0,verb,15,4096,0.9578231292517007,0.016008492149408436,0.8714285714285713
random,50.0,1,verb,0,4096,0.9741496598639456,0.01839951272117986,0.8857142857142858
random,50.0,1,verb,1,4096,0.9845804988662131,0.012286818307613696,0.9523809523809523
random,50.0,1,verb,2,4096,0.9800453514739228,0.014080884078240413,0.9380952380952381
random,50.0,1,verb,3,4096,0.9823129251700682,0.012453088632876185,0.9333333333333333
random,50.0,1,verb,4,4096,0.9755102040816327,0.01567088666047256,0.9047619047619049
random,50.0,1,verb,5,4096,0.9768707482993199,0.018555349247599787,0.9
random,50.0,1,verb,6,4096,0.9736961451247167,0.020861678004535138,0.9047619047619048
random,50.0,1,verb,7,4096,0.9764172335600907,0.01800402108052534,0.9095238095238096
random,50.0,1,verb,8,4096,0.9782312925170068,0.016576568600904378,0.9333333333333333
random,50.0,1,verb,9,4096,0.9746031746031745,0.015801588562525476,0.9285714285714286
random,50.0,1,verb,10,4096,0.980952380952381,0.011964540551721465,0.9380952380952381
random,50.0,1,verb,11,4096,0.9782312925170068,0.011526770999672403,0.9190476190476191
random,50.0,1,verb,12,4096,0.980498866213152,0.008188421807377708,0.9095238095238096
random,50.0,1,verb,13,4096,0.9755102040816327,0.01028189029365497,0.9047619047619049
random,50.0,1,verb,14,4096,0.9723356009070294,0.011947337752670744,0.880952380952381
random,50.0,1,verb,15,4096,0.949206349206349,0.01097842942123376,0.8523809523809524
random,50.0,2,verb,0,4096,0.9741496598639456,0.01839951272117986,0.8857142857142858
random,50.0,2,verb,1,4096,0.9845804988662131,0.012286818307613696,0.9523809523809523
random,50.0,2,verb,2,4096,0.9800453514739228,0.014080884078240413,0.9380952380952381
random,50.0,2,verb,3,4096,0.9823129251700682,0.012453088632876185,0.9333333333333333
random,50.0,2,verb,4,4096,0.9755102040816327,0.01567088666047256,0.9047619047619049
random,50.0,2,verb,5,4096,0.9768707482993199,0.018555349247599787,0.9
random,50.0,2,verb,6,4096,0.9736961451247167,0.020861678004535138,0.9047619047619048
random,50.0,2,verb,7,4096,0.9764172335600907,0.01800402108052534,0.9095238095238096
random,50.0,2,verb,8,4096,0.9782312925170068,0.016576568600904378,0.9333333333333333
random,50.0,2,verb,9,4096,0.9746031746031745,0.015801588562525476,0.9285714285714286
random,50.0,2,verb,10,4096,0.980952380952381,0.011964540551721465,0.9380952380952381
random,50.0,2,verb,11,4096,0.9741496598639454,0.012469593727770985,0.9142857142857144
random,50.0,2,verb,12,4096,0.9777777777777776,0.0142262014887602,0.9095238095238095
random,50.0,2,verb,13,4096,0.9777777777777779,0.012779140864948179,0.8952380952380953
random,50.0,2,verb,14,4096,0.9723356009070295,0.014512471655328795,0.8857142857142856
random,50.0,2,verb,15,4096,0.9659863945578231,0.017681259582419926,0.880952380952381
