condition,ablate_layer,ablate_mode,rank,direction_type,layer,ablated_auroc,clean_auroc,auroc_drop,cosine_dist,euclidean_dist,output_kl
clean,-1,none,0,none,0,0.899922520661157,0.899922520661157,0.0,0.0,0.0,0.0
clean,-1,none,0,none,1,0.9309142561983471,0.9309142561983471,0.0,0.0,0.0,0.0
clean,-1,none,0,none,2,0.9482179752066116,0.9482179752066116,0.0,0.0,0.0,0.0
clean,-1,none,0,none,3,0.9511880165289256,0.9511880165289256,0.0,0.0,0.0,0.0
clean,-1,none,0,none,4,0.9595816115702479,0.9595816115702479,0.0,0.0,0.0,0.0
clean,-1,none,0,none,5,0.9639721074380165,0.9639721074380165,0.0,0.0,0.0,0.0
clean,-1,none,0,none,6,0.9682334710743803,0.9682334710743803,0.0,0.0,0.0,0.0
clean,-1,none,0,none,7,0.9706869834710745,0.9706869834710745,0.0,0.0,0.0,0.0
clean,-1,none,0,none,8,0.9730113636363638,0.9730113636363638,0.0,0.0,0.0,0.0
clean,-1,none,0,none,9,0.975335743801653,0.975335743801653,0.0,0.0,0.0,0.0
clean,-1,none,0,none,10,0.9748192148760331,0.9748192148760331,0.0,0.0,0.0,0.0
clean,-1,none,0,none,11,0.9744318181818182,0.9744318181818182,0.0,0.0,0.0,0.0
clean,-1,none,0,none,12,0.9739152892561984,0.9739152892561984,0.0,0.0,0.0,0.0
clean,-1,none,0,none,13,0.9728822314049588,0.9728822314049588,0.0,0.0,0.0,0.0
clean,-1,none,0,none,14,0.9715909090909091,0.9715909090909091,0.0,0.0,0.0,0.0
clean,-1,none,0,none,15,0.9699121900826446,0.9699121900826446,0.0,0.0,0.0,0.0
clean,-1,none,0,none,16,0.9700413223140496,0.9700413223140496,0.0,0.0,0.0,0.0
clean,-1,none,0,none,17,0.9683626033057852,0.9683626033057852,0.0,0.0,0.0,0.0
clean,-1,none,0,none,18,0.9661673553719008,0.9661673553719008,0.0,0.0,0.0,0.0
clean,-1,none,0,none,19,0.9608729338842975,0.9608729338842975,0.0,0.0,0.0,0.0
clean,-1,none,0,none,20,0.9607438016528926,0.9607438016528926,0.0,0.0,0.0,0.0
clean,-1,none,0,none,21,0.9610020661157025,0.9610020661157025,0.0,0.0,0.0,0.0
clean,-1,none,0,none,22,0.9545454545454546,0.9545454545454546,0.0,0.0,0.0,0.0
clean,-1,none,0,none,23,0.9524793388429752,0.9524793388429752,0.0,0.0,0.0,0.0
clean,-1,none,0,none,24,0.9489927685950414,0.9489927685950414,0.0,0.0,0.0,0.0
clean,-1,none,0,none,25,0.9429235537190082,0.9429235537190082,0.0,0.0,0.0,0.0
clean,-1,none,0,none,26,0.9418904958677685,0.9418904958677685,0.0,0.0,0.0,0.0
clean,-1,none,0,none,27,0.9431818181818182,0.9431818181818182,0.0,0.0,0.0,0.0
clean,-1,none,0,none,28,0.9381456611570248,0.9381456611570248,0.0,0.0,0.0,0.0
clean,-1,none,0,none,29,0.9315599173553719,0.9315599173553719,0.0,0.0,0.0,0.0
clean,-1,none,0,none,30,0.9270402892561983,0.9270402892561983,0.0,0.0,0.0,0.0
clean,-1,none,0,none,31,0.9190340909090909,0.9190340909090909,0.0,0.0,0.0,0.0
single_probe,0,single,1,probe,0,0.899922520661157,0.899922520661157,0.0,0.00441990429886574,4.580940246582031,0.00046905773342587054
single_probe,0,single,1,probe,1,0.7573605371900827,0.9309142561983471,0.17355371900826444,0.0033819083267819794,5.075178623199463,0.00046905773342587054
single_probe,0,single,1,probe,2,0.8757747933884298,0.9482179752066116,0.07244318181818177,0.0041088798933064385,8.062934875488281,0.00046905773342587054
single_probe,0,single,1,probe,3,0.9136105371900826,0.9511880165289256,0.037577479338843034,0.0056304465520975455,8.52170181274414,0.00046905773342587054
single_probe,0,single,1,probe,4,0.9297520661157025,0.9595816115702479,0.029829545454545414,0.0054415444268891555,8.319901466369629,0.00046905773342587054
single_probe,0,single,1,probe,5,0.9421487603305786,0.9639721074380165,0.02182334710743794,0.00516107500226981,8.540495872497559,0.00046905773342587054
single_probe,0,single,1,probe,6,0.9527376033057852,0.9682334710743803,0.015495867768595128,0.005151778731429801,8.990232467651367,0.00046905773342587054
single_probe,0,single,1,probe,7,0.9582902892561984,0.9706869834710745,0.012396694214876103,0.005319707251783545,9.34125804901123,0.00046905773342587054
single_probe,0,single,1,probe,8,0.9628099173553719,0.9730113636363638,0.010201446280991844,0.004936985998094001,9.610170364379883,0.00046905773342587054
single_probe,0,single,1,probe,9,0.965779958677686,0.975335743801653,0.009555785123967042,0.003807629751219954,9.986821174621582,0.00046905773342587054
single_probe,0,single,1,probe,10,0.965779958677686,0.9748192148760331,0.009039256198347112,0.0035277537507150125,10.417558670043945,0.00046905773342587054
single_probe,0,single,1,probe,11,0.9650051652892562,0.9744318181818182,0.00942665289256206,0.0033143719743776723,10.565709114074707,0.00046905773342587054
single_probe,0,single,1,probe,12,0.9638429752066116,0.9739152892561984,0.010072314049586861,0.0031431129822820925,10.960918426513672,0.00046905773342587054
single_probe,0,single,1,probe,13,0.9637138429752066,0.9728822314049588,0.009168388429752206,0.0028062554624267433,11.44930648803711,0.00046905773342587054
single_probe,0,single,1,probe,14,0.9633264462809916,0.9715909090909091,0.008264462809917439,0.002444319564570474,11.695178031921387,0.00046905773342587054
single_probe,0,single,1,probe,15,0.9608729338842975,0.9699121900826446,0.009039256198347112,0.001970359990876247,12.095847129821777,0.00046905773342587054
single_probe,0,single,1,probe,16,0.9620351239669421,0.9700413223140496,0.008006198347107474,0.00152261106120255,12.351058006286621,0.00046905773342587054
single_probe,0,single,1,probe,17,0.9607438016528926,0.9683626033057852,0.007618801652892526,0.0012631638878132234,12.841428756713867,0.00046905773342587054
single_probe,0,single,1,probe,18,0.9585485537190082,0.9661673553719008,0.007618801652892637,0.001085821427389222,13.484489440917969,0.00046905773342587054
single_probe,0,single,1,probe,19,0.9514462809917356,0.9608729338842975,0.009426652892561949,0.0009516524689090478,14.064129829406738,0.00046905773342587054
single_probe,0,single,1,probe,20,0.9515754132231404,0.9607438016528926,0.009168388429752206,0.000801821350742693,14.57816219329834,0.00046905773342587054
single_probe,0,single,1,probe,21,0.9504132231404958,0.9610020661157025,0.01058884297520668,0.0007212317994119699,14.843594551086426,0.00046905773342587054
single_probe,0,single,1,probe,22,0.9461518595041323,0.9545454545454546,0.00839359504132231,0.000686850876732259,15.10401725769043,0.00046905773342587054
single_probe,0,single,1,probe,23,0.9430526859504132,0.9524793388429752,0.009426652892561949,0.0006904026993088674,15.352617263793945,0.00046905773342587054
single_probe,0,single,1,probe,24,0.937629132231405,0.9489927685950414,0.011363636363636465,0.0006993860859243473,15.443591117858887,0.00046905773342587054
single_probe,0,single,1,probe,25,0.9336260330578513,0.9429235537190082,0.009297520661156855,0.0007392219026485236,15.659507751464844,0.00046905773342587054
single_probe,0,single,1,probe,26,0.9328512396694215,0.9418904958677685,0.009039256198347001,0.000769537769775952,15.98033332824707,0.00046905773342587054
single_probe,0,single,1,probe,27,0.9327221074380165,0.9431818181818182,0.010459710743801698,0.0007814696941196297,16.181594848632812,0.00046905773342587054
single_probe,0,single,1,probe,28,0.9289772727272727,0.9381456611570248,0.009168388429752095,0.0008344259001911158,16.55331802368164,0.00046905773342587054
single_probe,0,single,1,probe,29,0.9229080578512397,0.9315599173553719,0.008651859504132164,0.0008973845115497481,16.9722957611084,0.00046905773342587054
single_probe,0,single,1,probe,30,0.9180010330578513,0.9270402892561983,0.009039256198347001,0.0010803607870603082,18.36087989807129,0.00046905773342587054
single_probe,0,single,1,probe,31,0.9080578512396694,0.9190340909090909,0.010976239669421517,0.004076189135364894,21.69141387939453,0.00046905773342587054
single_svd_k1,0,single,1,svd,0,0.899922520661157,0.899922520661157,0.0,0.00441990429886574,4.580940246582031,1.1217212677001953
single_svd_k1,0,single,1,svd,1,0.8613119834710745,0.9309142561983471,0.0696022727272726,0.004929287512323022,5.490575790405273,1.1217212677001953
single_svd_k1,0,single,1,svd,2,0.8644111570247934,0.9482179752066116,0.08380681818181812,0.0034595418739226114,6.776157855987549,1.1217212677001953
single_svd_k1,0,single,1,svd,3,0.8682851239669421,0.9511880165289256,0.08290289256198347,0.004113064138688838,6.89644193649292,1.1217212677001953
single_svd_k1,0,single,1,svd,4,0.8830061983471074,0.9595816115702479,0.07657541322314054,0.004465506720504608,8.158446311950684,1.1217212677001953
single_svd_k1,0,single,1,svd,5,0.891012396694215,0.9639721074380165,0.07295971074380159,0.003815254807930768,8.664115905761719,1.1217212677001953
single_svd_k1,0,single,1,svd,6,0.9006973140495869,0.9682334710743803,0.06753615702479343,0.0036496297037538206,9.23215103149414,1.1217212677001953
single_svd_k1,0,single,1,svd,7,0.9004390495867768,0.9706869834710745,0.07024793388429773,0.0038287019747695883,9.576394081115723,1.1217212677001953
single_svd_k1,0,single,1,svd,8,0.8944989669421487,0.9730113636363638,0.07851239669421506,0.003589632680438659,9.786324501037598,1.1217212677001953
single_svd_k1,0,single,1,svd,9,0.9037964876033058,0.975335743801653,0.07153925619834722,0.0032043113497488562,10.633123397827148,1.1217212677001953
single_svd_k1,0,single,1,svd,10,0.8932076446280992,0.9748192148760331,0.08161157024793386,0.0029553825532923073,11.230426788330078,1.1217212677001953
single_svd_k1,0,single,1,svd,11,0.9016012396694214,0.9744318181818182,0.07283057851239683,0.0030837415579041405,11.504715919494629,1.1217212677001953
single_svd_k1,0,single,1,svd,12,0.9163223140495869,0.9739152892561984,0.05759297520661155,0.0032401852355743443,12.318025588989258,1.1217212677001953
single_svd_k1,0,single,1,svd,13,0.9207128099173553,0.9728822314049588,0.05216942148760351,0.002890451721786924,12.498101234436035,1.1217212677001953
single_svd_k1,0,single,1,svd,14,0.9214876033057852,0.9715909090909091,0.0501033057851239,0.0027238099901905066,13.699250221252441,1.1217212677001953
single_svd_k1,0,single,1,svd,15,0.9270402892561984,0.9699121900826446,0.04287190082644621,0.0023798679593322047,14.794200897216797,1.1217212677001953
single_svd_k1,0,single,1,svd,16,0.9266528925619835,0.9700413223140496,0.04338842975206614,0.0018629711633206814,15.217626571655273,1.1217212677001953
single_svd_k1,0,single,1,svd,17,0.9212293388429752,0.9683626033057852,0.047133264462809965,0.001545291218156608,15.6051664352417,1.1217212677001953
single_svd_k1,0,single,1,svd,18,0.9164514462809917,0.9661673553719008,0.04971590909090906,0.0013093182134185088,16.16504669189453,1.1217212677001953
single_svd_k1,0,single,1,svd,19,0.9111570247933884,0.9608729338842975,0.04971590909090906,0.0011819365175288477,16.930526733398438,1.1217212677001953
single_svd_k1,0,single,1,svd,20,0.912577479338843,0.9607438016528926,0.0481663223140496,0.0009798575916626362,17.391164779663086,1.1217212677001953
single_svd_k1,0,single,1,svd,21,0.912577479338843,0.9610020661157025,0.04842458677685946,0.0009092317127622485,18.005352020263672,1.1217212677001953
single_svd_k1,0,single,1,svd,22,0.9079287190082644,0.9545454545454546,0.046616735537190146,0.0008670996740267611,18.1612548828125,1.1217212677001953
single_svd_k1,0,single,1,svd,23,0.9044421487603306,0.9524793388429752,0.04803719008264462,0.0008695346306831775,18.399272918701172,1.1217212677001953
single_svd_k1,0,single,1,svd,24,0.9026342975206613,0.9489927685950414,0.04635847107438018,0.0009019624063735243,18.81510353088379,1.1217212677001953
single_svd_k1,0,single,1,svd,25,0.8961776859504132,0.9429235537190082,0.046745867768594906,0.000950906219232106,19.252470016479492,1.1217212677001953
single_svd_k1,0,single,1,svd,26,0.8969524793388429,0.9418904958677685,0.044938016528925595,0.001012266129521544,20.042797088623047,1.1217212677001953
single_svd_k1,0,single,1,svd,27,0.8946280991735537,0.9431818181818182,0.04855371900826455,0.0010470944509314295,20.6362361907959,1.1217212677001953
single_svd_k1,0,single,1,svd,28,0.8903667355371901,0.9381456611570248,0.047778925619834656,0.001112852982800172,21.453880310058594,1.1217212677001953
single_svd_k1,0,single,1,svd,29,0.8889462809917356,0.9315599173553719,0.042613636363636354,0.0012057243495933179,22.200902938842773,1.1217212677001953
single_svd_k1,0,single,1,svd,30,0.8828770661157024,0.9270402892561983,0.04416322314049592,0.0015526445575881898,24.538530349731445,1.1217212677001953
single_svd_k1,0,single,1,svd,31,0.8848140495867769,0.9190340909090909,0.03422004132231404,0.005760210408504274,38.7801628112793,1.1217212677001953
single_svd_k2,0,single,2,svd,0,0.899922520661157,0.899922520661157,0.0,0.00441990429886574,4.580940246582031,1.0639631748199463
single_svd_k2,0,single,2,svd,1,0.7326962809917356,0.9309142561983471,0.19821797520661155,0.0035014140444775688,5.010276794433594,1.0639631748199463
single_svd_k2,0,single,2,svd,2,0.7430268595041323,0.9482179752066116,0.20519111570247928,0.0025005352596506603,5.818211555480957,1.0639631748199463
single_svd_k2,0,single,2,svd,3,0.7781508264462809,0.9511880165289256,0.17303719008264473,0.0032703658537835967,5.959578514099121,1.0639631748199463
single_svd_k2,0,single,2,svd,4,0.8029442148760331,0.9595816115702479,0.15663739669421484,0.003282580930678014,6.327425003051758,1.0639631748199463
single_svd_k2,0,single,2,svd,5,0.8065599173553719,0.9639721074380165,0.15741219008264462,0.0028387582170057435,6.407072067260742,1.0639631748199463
single_svd_k2,0,single,2,svd,6,0.8143078512396693,0.9682334710743803,0.15392561983471098,0.0028803020219433373,6.895208358764648,1.0639631748199463
single_svd_k2,0,single,2,svd,7,0.819085743801653,0.9706869834710745,0.15160123966942152,0.003168868161781635,7.383630752563477,1.0639631748199463
single_svd_k2,0,single,2,svd,8,0.8298037190082646,0.9730113636363638,0.1432076446280992,0.0031264465796995156,7.8869948387146,1.0639631748199463
single_svd_k2,0,single,2,svd,9,0.8456869834710743,0.975335743801653,0.1296487603305787,0.0028633081872779798,8.692289352416992,1.0639631748199463
single_svd_k2,0,single,2,svd,10,0.8338068181818181,0.9748192148760331,0.14101239669421495,0.0026285070780401876,9.128754615783691,1.0639631748199463
single_svd_k2,0,single,2,svd,11,0.8555010330578512,0.9744318181818182,0.11893078512396704,0.0028137624525605975,9.529595375061035,1.0639631748199463
single_svd_k2,0,single,2,svd,12,0.8672520661157024,0.9739152892561984,0.10666322314049603,0.0030226938942223835,10.493346214294434,1.0639631748199463
single_svd_k2,0,single,2,svd,13,0.8729338842975207,0.9728822314049588,0.09994834710743805,0.0027110066677049627,10.937214851379395,1.0639631748199463
single_svd_k2,0,single,2,svd,14,0.8863636363636364,0.9715909090909091,0.08522727272727271,0.0026048972662813252,11.863714218139648,1.0639631748199463
single_svd_k2,0,single,2,svd,15,0.8997933884297521,0.9699121900826446,0.07011880165289253,0.002273667436133775,12.642723083496094,1.0639631748199463
single_svd_k2,0,single,2,svd,16,0.8951446280991735,0.9700413223140496,0.0748966942148761,0.0017577886574269286,12.926384925842285,1.0639631748199463
single_svd_k2,0,single,2,svd,17,0.8947572314049587,0.9683626033057852,0.0736053719008265,0.0014501476671675562,13.447222709655762,1.0639631748199463
single_svd_k2,0,single,2,svd,18,0.8850723140495868,0.9661673553719008,0.08109504132231404,0.0012428723264298336,14.107928276062012,1.0639631748199463
single_svd_k2,0,single,2,svd,19,0.8831353305785125,0.9608729338842975,0.07773760330578505,0.0011185989948853114,15.025830268859863,1.0639631748199463
single_svd_k2,0,single,2,svd,20,0.8828770661157026,0.9607438016528926,0.07786673553719003,0.0009246477185780311,15.682441711425781,1.0639631748199463
single_svd_k2,0,single,2,svd,21,0.8748708677685951,0.9610020661157025,0.08613119834710736,0.0008608792531754617,16.507360458374023,1.0639631748199463
single_svd_k2,0,single,2,svd,22,0.8672520661157024,0.9545454545454546,0.0872933884297522,0.00081702066452638,17.394168853759766,1.0639631748199463
single_svd_k2,0,single,2,svd,23,0.8651859504132232,0.9524793388429752,0.08729338842975198,0.0008189983830586556,18.380535125732422,1.0639631748199463
single_svd_k2,0,single,2,svd,24,0.8629907024793388,0.9489927685950414,0.0860020661157026,0.000851450658449382,19.617887496948242,1.0639631748199463
single_svd_k2,0,single,2,svd,25,0.8578254132231405,0.9429235537190082,0.08509814049586761,0.0009020877780985259,20.918270111083984,1.0639631748199463
single_svd_k2,0,single,2,svd,26,0.8557592975206612,0.9418904958677685,0.08613119834710736,0.0009599379372414729,22.243135452270508,1.0639631748199463
single_svd_k2,0,single,2,svd,27,0.8512396694214875,0.9431818181818182,0.09194214876033069,0.0009955976196353022,23.270883560180664,1.0639631748199463
single_svd_k2,0,single,2,svd,28,0.8511105371900827,0.9381456611570248,0.08703512396694213,0.0010648117851672634,24.784666061401367,1.0639631748199463
single_svd_k2,0,single,2,svd,29,0.8450413223140495,0.9315599173553719,0.08651859504132242,0.001161695696044962,25.76586151123047,1.0639631748199463
single_svd_k2,0,single,2,svd,30,0.8366477272727273,0.9270402892561983,0.09039256198347101,0.001520012183617192,28.246776580810547,1.0639631748199463
single_svd_k2,0,single,2,svd,31,0.8121126033057852,0.9190340909090909,0.10692148760330578,0.006290981063943879,41.67267608642578,1.0639631748199463
single_svd_k4,0,single,4,svd,0,0.899922520661157,0.899922520661157,0.0,0.00441990429886574,4.580940246582031,2.0555524826049805
single_svd_k4,0,single,4,svd,1,0.684271694214876,0.9309142561983471,0.24664256198347112,0.0031294151706849904,4.806543827056885,2.0555524826049805
single_svd_k4,0,single,4,svd,2,0.7107438016528926,0.9482179752066116,0.23747417355371891,0.002809469591575242,6.616148948669434,2.0555524826049805
single_svd_k4,0,single,4,svd,3,0.7537448347107438,0.9511880165289256,0.19744318181818177,0.002845923793768912,8.440866470336914,2.0555524826049805
single_svd_k4,0,single,4,svd,4,0.6796229338842976,0.9595816115702479,0.2799586776859503,0.0007166044116120318,11.454570770263672,2.0555524826049805
single_svd_k4,0,single,4,svd,5,0.6880165289256199,0.9639721074380165,0.2759555785123966,0.0004768316431754682,8.597826957702637,2.0555524826049805
single_svd_k4,0,single,4,svd,6,0.7079028925619835,0.9682334710743803,0.2603305785123968,0.00047001279718261735,8.43171215057373,2.0555524826049805
single_svd_k4,0,single,4,svd,7,0.709581611570248,0.9706869834710745,0.2611053719008265,0.0004807261822482589,8.483863830566406,2.0555524826049805
single_svd_k4,0,single,4,svd,8,0.702995867768595,0.9730113636363638,0.27001549586776874,0.00048800048299468823,8.798624038696289,2.0555524826049805
single_svd_k4,0,single,4,svd,9,0.715650826446281,0.975335743801653,0.259684917355372,0.00046002401679157146,9.204841613769531,2.0555524826049805
single_svd_k4,0,single,4,svd,10,0.7008006198347108,0.9748192148760331,0.2740185950413223,0.00045009977167786985,9.455802917480469,2.0555524826049805
single_svd_k4,0,single,4,svd,11,0.7183626033057852,0.9744318181818182,0.25606921487603307,0.00047840758865169697,9.83028507232666,2.0555524826049805
single_svd_k4,0,single,4,svd,12,0.7129390495867769,0.9739152892561984,0.2609762396694215,0.0004986372985793519,10.299245834350586,2.0555524826049805
single_svd_k4,0,single,4,svd,13,0.7297262396694215,0.9728822314049588,0.24315599173553726,0.00048818587996035667,10.59720230102539,2.0555524826049805
single_svd_k4,0,single,4,svd,14,0.8132747933884298,0.9715909090909091,0.15831611570247928,0.0004728989300194497,11.188016891479492,2.0555524826049805
single_svd_k4,0,single,4,svd,15,0.7806043388429753,0.9699121900826446,0.1893078512396693,0.0004389552293808663,11.743473052978516,2.0555524826049805
single_svd_k4,0,single,4,svd,16,0.7979080578512396,0.9700413223140496,0.17213326446280997,0.0003866188368250034,11.998037338256836,2.0555524826049805
single_svd_k4,0,single,4,svd,17,0.7740185950413223,0.9683626033057852,0.19434400826446285,0.0003461026449927962,12.144073486328125,2.0555524826049805
single_svd_k4,0,single,4,svd,18,0.7784090909090909,0.9661673553719008,0.18775826446280985,0.0003135408470028578,12.433341979980469,2.0555524826049805
single_svd_k4,0,single,4,svd,19,0.7583935950413223,0.9608729338842975,0.2024793388429752,0.00030071046335244933,12.978400230407715,2.0555524826049805
single_svd_k4,0,single,4,svd,20,0.7634297520661157,0.9607438016528926,0.1973140495867769,0.0002728504258475706,13.319799423217773,2.0555524826049805
single_svd_k4,0,single,4,svd,21,0.7533574380165289,0.9610020661157025,0.2076446280991736,0.0002618761364900912,13.696552276611328,2.0555524826049805
single_svd_k4,0,single,4,svd,22,0.7402505165289257,0.9545454545454546,0.21429493801652888,0.0002583191405801655,13.874164581298828,2.0555524826049805
single_svd_k4,0,single,4,svd,23,0.7320506198347108,0.9524793388429752,0.22042871900826444,0.00026491578866127963,14.147553443908691,2.0555524826049805
single_svd_k4,0,single,4,svd,24,0.7274018595041323,0.9489927685950414,0.22159090909090917,0.0002755568700583133,14.431010246276855,2.0555524826049805
single_svd_k4,0,single,4,svd,25,0.7218491735537189,0.9429235537190082,0.22107438016528924,0.00028817179484241784,14.62010669708252,2.0555524826049805
single_svd_k4,0,single,4,svd,26,0.7204932851239669,0.9418904958677685,0.2213972107438016,0.0003062910367355176,15.019881248474121,2.0555524826049805
single_svd_k4,0,single,4,svd,27,0.720364152892562,0.9431818181818182,0.22281766528925628,0.0003167255023454052,15.254149436950684,2.0555524826049805
single_svd_k4,0,single,4,svd,28,0.7174586776859505,0.9381456611570248,0.2206869834710743,0.00033684415841006565,15.62411880493164,2.0555524826049805
single_svd_k4,0,single,4,svd,29,0.7199121900826446,0.9315599173553719,0.2116477272727273,0.0003685604072707349,16.055105209350586,2.0555524826049805
single_svd_k4,0,single,4,svd,30,0.7161673553719009,0.9270402892561983,0.2108729338842974,0.00047655848284711144,17.078216552734375,2.0555524826049805
single_svd_k4,0,single,4,svd,31,0.7148760330578512,0.9190340909090909,0.20415805785123975,0.005242713395860132,24.573711395263672,2.0555524826049805
single_svd_k8,0,single,8,svd,0,0.899922520661157,0.899922520661157,0.0,0.00441990429886574,4.580940246582031,2.8779282569885254
single_svd_k8,0,single,8,svd,1,0.6478564049586777,0.9309142561983471,0.2830578512396694,0.004748631436110928,5.636739730834961,2.8779282569885254
single_svd_k8,0,single,8,svd,2,0.6519886363636362,0.9482179752066116,0.2962293388429753,0.005366953693975551,8.005331039428711,2.8779282569885254
single_svd_k8,0,single,8,svd,3,0.712164256198347,0.9511880165289256,0.2390237603305786,0.0020316674088491915,20.397689819335938,2.8779282569885254
single_svd_k8,0,single,8,svd,4,0.6352014462809916,0.9595816115702479,0.3243801652892563,0.00012340517146502972,127.7640380859375,2.8779282569885254
single_svd_k8,0,single,8,svd,5,0.622029958677686,0.9639721074380165,0.3419421487603306,7.6746892536117e-05,150.76979064941406,2.8779282569885254
single_svd_k8,0,single,8,svd,6,0.6212551652892561,0.9682334710743803,0.34697830578512423,7.239441599038443e-05,156.56826782226562,2.8779282569885254
single_svd_k8,0,single,8,svd,7,0.621513429752066,0.9706869834710745,0.3491735537190085,7.347650501920988e-05,161.27980041503906,2.8779282569885254
single_svd_k8,0,single,8,svd,8,0.6234504132231404,0.9730113636363638,0.3495609504132233,7.837311637981514e-05,164.60992431640625,2.8779282569885254
single_svd_k8,0,single,8,svd,9,0.6239669421487604,0.975335743801653,0.35136880165289264,8.18504184992852e-05,167.85205078125,2.8779282569885254
single_svd_k8,0,single,8,svd,10,0.6353305785123966,0.9748192148760331,0.33948863636363646,8.769806670616553e-05,170.84751892089844,2.8779282569885254
single_svd_k8,0,single,8,svd,11,0.6388171487603306,0.9744318181818182,0.33561466942148765,8.949750456421768e-05,172.2927703857422,2.8779282569885254
single_svd_k8,0,single,8,svd,12,0.6581869834710744,0.9739152892561984,0.315728305785124,9.40740837431786e-05,174.1881866455078,2.8779282569885254
single_svd_k8,0,single,8,svd,13,0.6683884297520661,0.9728822314049588,0.30449380165289264,9.618121575916128e-05,176.30694580078125,2.8779282569885254
single_svd_k8,0,single,8,svd,14,0.6417871900826446,0.9715909090909091,0.32980371900826444,8.896000978175778e-05,178.23648071289062,2.8779282569885254
single_svd_k8,0,single,8,svd,15,0.5080061983471075,0.9699121900826446,0.46190599173553715,8.292135308218818e-05,180.00970458984375,2.8779282569885254
single_svd_k8,0,single,8,svd,16,0.5561725206611571,0.9700413223140496,0.4138688016528925,7.727004920743408e-05,181.58126831054688,2.8779282569885254
single_svd_k8,0,single,8,svd,17,0.4823088842975206,0.9683626033057852,0.48605371900826455,7.054607000855917e-05,183.37356567382812,2.8779282569885254
single_svd_k8,0,single,8,svd,18,0.478047520661157,0.9661673553719008,0.48811983471074377,6.825016218414692e-05,184.23825073242188,2.8779282569885254
single_svd_k8,0,single,8,svd,19,0.4616477272727273,0.9608729338842975,0.4992252066115702,6.835844784258693e-05,184.23561096191406,2.8779282569885254
single_svd_k8,0,single,8,svd,20,0.4644886363636364,0.9607438016528926,0.49625516528925623,6.854140096046457e-05,183.9753875732422,2.8779282569885254
single_svd_k8,0,single,8,svd,21,0.4569344008264462,0.9610020661157025,0.5040676652892563,7.09706164147006e-05,183.61427307128906,2.8779282569885254
single_svd_k8,0,single,8,svd,22,0.45047778925619836,0.9545454545454546,0.5040676652892562,7.280971495138289e-05,182.97723388671875,2.8779282569885254
single_svd_k8,0,single,8,svd,23,0.4487990702479339,0.9524793388429752,0.5036802685950412,7.500008730432217e-05,182.25839233398438,2.8779282569885254
single_svd_k8,0,single,8,svd,24,0.44970299586776863,0.9489927685950414,0.4992897727272728,7.857920124598738e-05,181.2971649169922,2.8779282569885254
single_svd_k8,0,single,8,svd,25,0.4517691115702479,0.9429235537190082,0.49115444214876025,8.245497501524479e-05,180.32325744628906,2.8779282569885254
single_svd_k8,0,single,8,svd,26,0.4497675619834711,0.9418904958677685,0.4921229338842974,8.715101575174078e-05,179.19297790527344,2.8779282569885254
single_svd_k8,0,single,8,svd,27,0.45047778925619836,0.9431818181818182,0.4927040289256199,9.108713073624486e-05,178.38992309570312,2.8779282569885254
single_svd_k8,0,single,8,svd,28,0.4528667355371901,0.9381456611570248,0.4852789256198347,9.516585390167975e-05,176.65638732910156,2.8779282569885254
single_svd_k8,0,single,8,svd,29,0.45454545454545453,0.9315599173553719,0.4770144628099174,0.0001020253324975906,174.69007873535156,2.8779282569885254
single_svd_k8,0,single,8,svd,30,0.4543517561983471,0.9270402892561983,0.4726885330578512,0.00011734684456621292,160.62545776367188,2.8779282569885254
single_svd_k8,0,single,8,svd,31,0.6769111570247934,0.9190340909090909,0.2421229338842975,0.010899628622580537,24.721569061279297,2.8779282569885254
single_random,0,single,1,random,0,0.899922520661157,0.899922520661157,0.0,0.00441990429886574,4.580940246582031,0.0002567441260907799
single_random,0,single,1,random,1,0.9301394628099173,0.9309142561983471,0.0007747933884297842,0.004423978512621218,6.005939960479736,0.0002567441260907799
single_random,0,single,1,random,2,0.9484762396694214,0.9482179752066116,-0.00025826446280985405,0.005052867071353773,8.99559211730957,0.0002567441260907799
single_random,0,single,1,random,3,0.9509297520661157,0.9511880165289256,0.00025826446280985405,0.006502059064487087,9.120027542114258,0.0002567441260907799
single_random,0,single,1,random,4,0.9597107438016528,0.9595816115702479,-0.0001291322314048715,0.006250825049523567,8.845309257507324,0.0002567441260907799
single_random,0,single,1,random,5,0.9639721074380165,0.9639721074380165,0.0,0.0059231562024315565,9.084497451782227,0.0002567441260907799
single_random,0,single,1,random,6,0.9678460743801653,0.9682334710743803,0.0003873966942149476,0.005870821183335484,9.562005996704102,0.0002567441260907799
single_random,0,single,1,random,7,0.9701704545454546,0.9706869834710745,0.0005165289256199301,0.006052603022792313,9.97031307220459,0.0002567441260907799
single_random,0,single,1,random,8,0.9727530991735537,0.9730113636363638,0.0002582644628100761,0.005616232288745748,10.252372741699219,0.0002567441260907799
single_random,0,single,1,random,9,0.9755940082644627,0.975335743801653,-0.000258264462809743,0.004315455981580452,10.642119407653809,0.0002567441260907799
single_random,0,single,1,random,10,0.9748192148760331,0.9748192148760331,0.0,0.003973949013925893,11.049554824829102,0.0002567441260907799
single_random,0,single,1,random,11,0.9745609504132231,0.9744318181818182,-0.0001291322314048715,0.0037162358794722294,11.20624828338623,0.0002567441260907799
single_random,0,single,1,random,12,0.9732696280991735,0.9739152892561984,0.0006456611570249127,0.0035053057967842083,11.587789535522461,0.0002567441260907799
single_random,0,single,1,random,13,0.9732696280991736,0.9728822314049588,-0.0003873966942148366,0.0031180197070074245,12.10128402709961,0.0002567441260907799
single_random,0,single,1,random,14,0.9715909090909092,0.9715909090909091,-1.1102230246251565e-16,0.0027091952938077535,12.323051452636719,0.0002567441260907799
single_random,0,single,1,random,15,0.9701704545454546,0.9699121900826446,-0.00025826446280996507,0.00217789529488277,12.705821990966797,0.0002567441260907799
single_random,0,single,1,random,16,0.9702995867768596,0.9700413223140496,-0.00025826446280996507,0.0016795604634092243,12.955286026000977,0.0002567441260907799
single_random,0,single,1,random,17,0.9686208677685951,0.9683626033057852,-0.00025826446280996507,0.0013905832773221105,13.432934761047363,0.0002567441260907799
single_random,0,single,1,random,18,0.9660382231404959,0.9661673553719008,0.0001291322314048715,0.0011907365756230748,14.062358856201172,0.0002567441260907799
single_random,0,single,1,random,19,0.9608729338842975,0.9608729338842975,0.0,0.0010416758551342609,14.633630752563477,0.0002567441260907799
single_random,0,single,1,random,20,0.9599690082644629,0.9607438016528926,0.0007747933884297842,0.0008759579144146379,15.168486595153809,0.0002567441260907799
single_random,0,single,1,random,21,0.9613894628099173,0.9610020661157025,-0.0003873966942148366,0.000785936926355979,15.442235946655273,0.0002567441260907799
single_random,0,single,1,random,22,0.9550619834710743,0.9545454545454546,-0.0005165289256197081,0.0007473567732066977,15.711554527282715,0.0002567441260907799
single_random,0,single,1,random,23,0.9522210743801652,0.9524793388429752,0.00025826446280996507,0.0007496205645406429,15.969355583190918,0.0002567441260907799
single_random,0,single,1,random,24,0.9493801652892562,0.9489927685950414,-0.00038739669421472556,0.0007587422941617294,16.07168197631836,0.0002567441260907799
single_random,0,single,1,random,25,0.9424070247933884,0.9429235537190082,0.0005165289256197081,0.0008008945244228904,16.29948616027832,0.0002567441260907799
single_random,0,single,1,random,26,0.9422778925619835,0.9418904958677685,-0.0003873966942149476,0.0008325303725723598,16.622211456298828,0.0002567441260907799
single_random,0,single,1,random,27,0.9434400826446281,0.9431818181818182,-0.00025826446280985405,0.0008439452171142836,16.816072463989258,0.0002567441260907799
single_random,0,single,1,random,28,0.9384039256198347,0.9381456611570248,-0.00025826446280985405,0.0009002247835062649,17.185022354125977,0.0002567441260907799
single_random,0,single,1,random,29,0.9314307851239669,0.9315599173553719,0.00012913223140498253,0.00096762158242647,17.606700897216797,0.0002567441260907799
single_random,0,single,1,random,30,0.9278150826446281,0.9270402892561983,-0.0007747933884297842,0.0011637908140758046,19.00337028503418,0.0002567441260907799
single_random,0,single,1,random,31,0.918646694214876,0.9190340909090909,0.0003873966942149476,0.004387010667342928,22.461227416992188,0.0002567441260907799
single_probe,5,single,1,probe,0,0.899922520661157,0.899922520661157,0.0,0.00441990429886574,4.580940246582031,0.0032317766454070807
single_probe,5,single,1,probe,1,0.9309142561983471,0.9309142561983471,0.0,0.0044314525333389865,6.002074241638184,0.0032317766454070807
single_probe,5,single,1,probe,2,0.9482179752066116,0.9482179752066116,0.0,0.005059625127012413,9.017328262329102,0.0032317766454070807
single_probe,5,single,1,probe,3,0.9511880165289256,0.9511880165289256,0.0,0.00649548041132153,9.122367858886719,0.0032317766454070807
single_probe,5,single,1,probe,4,0.9595816115702479,0.9595816115702479,0.0,0.006248825163401195,8.847132682800293,0.0032317766454070807
single_probe,5,single,1,probe,5,0.9639721074380165,0.9639721074380165,0.0,0.005923953747231869,9.086830139160156,0.0032317766454070807
single_probe,5,single,1,probe,6,0.5430010330578512,0.9682334710743803,0.4252324380165291,0.0022678295825673267,6.278121471405029,0.0032317766454070807
single_probe,5,single,1,probe,7,0.6938274793388429,0.9706869834710745,0.2768595041322316,0.0024698690716074,6.48191499710083,0.0032317766454070807
single_probe,5,single,1,probe,8,0.7728564049586777,0.9730113636363638,0.20015495867768607,0.0024383564151659876,6.848285675048828,0.0032317766454070807
single_probe,5,single,1,probe,9,0.8424586776859504,0.975335743801653,0.1328770661157026,0.0019529407794651732,7.264060020446777,0.0032317766454070807
single_probe,5,single,1,probe,10,0.8757747933884298,0.9748192148760331,0.09904442148760328,0.0018936834971099437,7.862748622894287,0.0032317766454070807
single_probe,5,single,1,probe,11,0.8823605371900828,0.9744318181818182,0.09207128099173545,0.0018753628390738575,8.085165023803711,0.0032317766454070807
single_probe,5,single,1,probe,12,0.8839101239669421,0.9739152892561984,0.09000516528925628,0.0018365283413618316,8.541019439697266,0.0032317766454070807
single_probe,5,single,1,probe,13,0.8939824380165289,0.9728822314049588,0.0788997933884299,0.0016859495948159386,8.887507438659668,0.0032317766454070807
single_probe,5,single,1,probe,14,0.8986311983471075,0.9715909090909091,0.07295971074380159,0.0015004478835501933,9.350025177001953,0.0032317766454070807
single_probe,5,single,1,probe,15,0.9030216942148761,0.9699121900826446,0.06689049586776852,0.0012495503641183348,9.989245414733887,0.0032317766454070807
single_probe,5,single,1,probe,16,0.9111570247933883,0.9700413223140496,0.058884297520661266,0.0009808039119478806,10.326336860656738,0.0032317766454070807
single_probe,5,single,1,probe,17,0.909349173553719,0.9683626033057852,0.05901342975206614,0.0008276285021935337,10.918181419372559,0.0032317766454070807
single_probe,5,single,1,probe,18,0.9092200413223139,0.9661673553719008,0.05694731404958686,0.0007248424633892192,11.616302490234375,0.0032317766454070807
single_probe,5,single,1,probe,19,0.90625,0.9608729338842975,0.05462293388429751,0.0006422027282732001,12.245427131652832,0.0032317766454070807
single_probe,5,single,1,probe,20,0.9053460743801652,0.9607438016528926,0.055397727272727404,0.0005462808762723981,12.628459930419922,0.0032317766454070807
single_probe,5,single,1,probe,21,0.90625,0.9610020661157025,0.05475206611570249,0.0004970109381324805,12.829635620117188,0.0032317766454070807
single_probe,5,single,1,probe,22,0.9005681818181819,0.9545454545454546,0.05397727272727271,0.0004787595073248996,13.050711631774902,0.0032317766454070807
single_probe,5,single,1,probe,23,0.8997933884297521,0.9524793388429752,0.052685950413223104,0.0004850344586515565,13.211868286132812,0.0032317766454070807
single_probe,5,single,1,probe,24,0.8965650826446281,0.9489927685950414,0.05242768595041336,0.0004953423213539532,13.222308158874512,0.0032317766454070807
single_probe,5,single,1,probe,25,0.8892045454545454,0.9429235537190082,0.05371900826446274,0.0005269261704015094,13.301383972167969,0.0032317766454070807
single_probe,5,single,1,probe,26,0.8883006198347108,0.9418904958677685,0.05358987603305776,0.0005535287043724191,13.544995307922363,0.0032317766454070807
single_probe,5,single,1,probe,27,0.8883006198347108,0.9431818181818182,0.054881198347107474,0.0005642161772287935,13.699190139770508,0.0032317766454070807
single_probe,5,single,1,probe,28,0.8833935950413222,0.9381456611570248,0.0547520661157026,0.0006048771827459332,14.008163452148438,0.0032317766454070807
single_probe,5,single,1,probe,29,0.8766787190082646,0.9315599173553719,0.05488119834710736,0.000651944096123902,14.365111351013184,0.0032317766454070807
single_probe,5,single,1,probe,30,0.87474173553719,0.9270402892561983,0.05229855371900827,0.0007842605058610008,15.523426055908203,0.0032317766454070807
single_probe,5,single,1,probe,31,0.8658316115702479,0.9190340909090909,0.053202479338843034,0.003020125037478283,18.27914810180664,0.0032317766454070807
single_svd_k1,5,single,1,svd,0,0.899922520661157,0.899922520661157,0.0,0.00441990429886574,4.580940246582031,2.859337568283081
single_svd_k1,5,single,1,svd,1,0.9309142561983471,0.9309142561983471,0.0,0.0044314525333389865,6.002074241638184,2.859337568283081
single_svd_k1,5,single,1,svd,2,0.9482179752066116,0.9482179752066116,0.0,0.005059625127012413,9.017328262329102,2.859337568283081
single_svd_k1,5,single,1,svd,3,0.9511880165289256,0.9511880165289256,0.0,0.00649548041132153,9.122367858886719,2.859337568283081
single_svd_k1,5,single,1,svd,4,0.9595816115702479,0.9595816115702479,0.0,0.006248825163401195,8.847132682800293,2.859337568283081
single_svd_k1,5,single,1,svd,5,0.9639721074380165,0.9639721074380165,0.0,0.005923953747231869,9.086830139160156,2.859337568283081
single_svd_k1,5,single,1,svd,6,0.8225723140495869,0.9682334710743803,0.14566115702479343,0.004904402471156866,9.266271591186523,2.859337568283081
single_svd_k1,5,single,1,svd,7,0.8202479338842975,0.9706869834710745,0.150439049586777,0.005143871251961141,10.520413398742676,2.859337568283081
single_svd_k1,5,single,1,svd,8,0.8161157024793388,0.9730113636363638,0.1568956611570249,0.004821632616595961,11.164854049682617,2.859337568283081
single_svd_k1,5,single,1,svd,9,0.8168904958677686,0.975335743801653,0.15844524793388437,0.003870027661652231,11.68085765838623,2.859337568283081
single_svd_k1,5,single,1,svd,10,0.7959710743801653,0.9748192148760331,0.17884814049586772,0.00354942122031221,11.978458404541016,2.859337568283081
single_svd_k1,5,single,1,svd,11,0.8145661157024793,0.9744318181818182,0.15986570247933896,0.0035345398068359346,12.524588584899902,2.859337568283081
single_svd_k1,5,single,1,svd,12,0.8135330578512396,0.9739152892561984,0.16038223140495877,0.0036149415154970166,13.013375282287598,2.859337568283081
single_svd_k1,5,single,1,svd,13,0.8371642561983471,0.9728822314049588,0.13571797520661166,0.0033528708191616907,13.401984214782715,2.859337568283081
single_svd_k1,5,single,1,svd,14,0.8379390495867769,0.9715909090909091,0.13365185950413216,0.0028551416590125722,13.591371536254883,2.859337568283081
single_svd_k1,5,single,1,svd,15,0.8428460743801653,0.9699121900826446,0.12706611570247928,0.0022718215906148975,13.648565292358398,2.859337568283081
single_svd_k1,5,single,1,svd,16,0.8516270661157025,0.9700413223140496,0.11841425619834711,0.0019242311870812934,13.826387405395508,2.859337568283081
single_svd_k1,5,single,1,svd,17,0.844137396694215,0.9683626033057852,0.12422520661157022,0.001636032311330693,14.049030303955078,2.859337568283081
single_svd_k1,5,single,1,svd,18,0.8465909090909092,0.9661673553719008,0.11957644628099162,0.001486027474591145,14.471343994140625,2.859337568283081
single_svd_k1,5,single,1,svd,19,0.8374225206611571,0.9608729338842975,0.12345041322314043,0.0013859186148642566,15.047466278076172,2.859337568283081
single_svd_k1,5,single,1,svd,20,0.837551652892562,0.9607438016528926,0.12319214876033069,0.00120547974746954,15.420412063598633,2.859337568283081
single_svd_k1,5,single,1,svd,21,0.8254132231404958,0.9610020661157025,0.13558884297520668,0.0011626550531649293,15.965229988098145,2.859337568283081
single_svd_k1,5,single,1,svd,22,0.8069473140495868,0.9545454545454546,0.14759814049586784,0.0011612185207724446,16.470073699951172,2.859337568283081
single_svd_k1,5,single,1,svd,23,0.8028150826446281,0.9524793388429752,0.1496642561983471,0.0013378462461681728,18.08866310119629,2.859337568283081
single_svd_k1,5,single,1,svd,24,0.7911931818181819,0.9489927685950414,0.15779958677685957,0.001439135137723535,18.85613250732422,2.859337568283081
single_svd_k1,5,single,1,svd,25,0.7875774793388429,0.9429235537190082,0.15534607438016523,0.001582999040240951,19.68672752380371,2.859337568283081
single_svd_k1,5,single,1,svd,26,0.7762138429752067,0.9418904958677685,0.16567665289256184,0.0017052884850056182,20.603641510009766,2.859337568283081
single_svd_k1,5,single,1,svd,27,0.7692407024793388,0.9431818181818182,0.1739411157024794,0.0017802099455527243,21.18463134765625,2.859337568283081
single_svd_k1,5,single,1,svd,28,0.7662706611570247,0.9381456611570248,0.1718750000000001,0.001970952078650723,22.183774948120117,2.859337568283081
single_svd_k1,5,single,1,svd,29,0.7558109504132232,0.9315599173553719,0.1757489669421487,0.0021331976137880515,22.836435317993164,2.859337568283081
single_svd_k1,5,single,1,svd,30,0.7395402892561983,0.9270402892561983,0.1875,0.0027457767513451303,24.0408992767334,2.859337568283081
single_svd_k1,5,single,1,svd,31,0.740831611570248,0.9190340909090909,0.17820247933884292,0.006374521306516501,23.292997360229492,2.859337568283081
single_svd_k2,5,single,2,svd,0,0.899922520661157,0.899922520661157,0.0,0.00441990429886574,4.580940246582031,4.405744552612305
single_svd_k2,5,single,2,svd,1,0.9309142561983471,0.9309142561983471,0.0,0.0044314525333389865,6.002074241638184,4.405744552612305
single_svd_k2,5,single,2,svd,2,0.9482179752066116,0.9482179752066116,0.0,0.005059625127012413,9.017328262329102,4.405744552612305
single_svd_k2,5,single,2,svd,3,0.9511880165289256,0.9511880165289256,0.0,0.00649548041132153,9.122367858886719,4.405744552612305
single_svd_k2,5,single,2,svd,4,0.9595816115702479,0.9595816115702479,0.0,0.006248825163401195,8.847132682800293,4.405744552612305
single_svd_k2,5,single,2,svd,5,0.9639721074380165,0.9639721074380165,0.0,0.005923953747231869,9.086830139160156,4.405744552612305
single_svd_k2,5,single,2,svd,6,0.7540030991735538,0.9682334710743803,0.2142303719008265,0.0035104403789110172,7.881910800933838,4.405744552612305
single_svd_k2,5,single,2,svd,7,0.7675619834710743,0.9706869834710745,0.20312500000000022,0.003581951181511056,8.914886474609375,4.405744552612305
single_svd_k2,5,single,2,svd,8,0.762267561983471,0.9730113636363638,0.21074380165289275,0.003371626360534785,9.610666275024414,4.405744552612305
single_svd_k2,5,single,2,svd,9,0.7620092975206612,0.975335743801653,0.21332644628099184,0.002888061423049426,10.367491722106934,4.405744552612305
single_svd_k2,5,single,2,svd,10,0.7444473140495869,0.9748192148760331,0.2303719008264462,0.002629958918338393,10.593544006347656,4.405744552612305
single_svd_k2,5,single,2,svd,11,0.7505165289256198,0.9744318181818182,0.2239152892561984,0.0025162206010010957,10.93539047241211,4.405744552612305
single_svd_k2,5,single,2,svd,12,0.7457386363636364,0.9739152892561984,0.22817665289256206,0.002599343090470274,11.389668464660645,4.405744552612305
single_svd_k2,5,single,2,svd,13,0.7634297520661157,0.9728822314049588,0.20945247933884303,0.0025286059485716272,11.921974182128906,4.405744552612305
single_svd_k2,5,single,2,svd,14,0.7649793388429752,0.9715909090909091,0.20661157024793386,0.0020753781049814846,12.03018856048584,4.405744552612305
single_svd_k2,5,single,2,svd,15,0.7645919421487604,0.9699121900826446,0.20532024793388426,0.0017144939422933936,12.320991516113281,4.405744552612305
single_svd_k2,5,single,2,svd,16,0.771823347107438,0.9700413223140496,0.19821797520661155,0.001439066743912032,12.31021785736084,4.405744552612305
single_svd_k2,5,single,2,svd,17,0.7816373966942148,0.9683626033057852,0.18672520661157033,0.0011822214962654565,12.272737503051758,4.405744552612305
single_svd_k2,5,single,2,svd,18,0.7835743801652892,0.9661673553719008,0.18259297520661155,0.0010702989145413566,12.631916046142578,4.405744552612305
single_svd_k2,5,single,2,svd,19,0.7852530991735537,0.9608729338842975,0.17561983471074383,0.0009788731175757182,12.992460250854492,4.405744552612305
single_svd_k2,5,single,2,svd,20,0.7963584710743802,0.9607438016528926,0.16438533057851246,0.0008882966497428813,13.485015869140625,4.405744552612305
single_svd_k2,5,single,2,svd,21,0.7889979338842975,0.9610020661157025,0.17200413223140498,0.0008621671637585315,13.669257164001465,4.405744552612305
single_svd_k2,5,single,2,svd,22,0.7772469008264462,0.9545454545454546,0.17729855371900838,0.0008669686622112538,13.813878059387207,4.405744552612305
single_svd_k2,5,single,2,svd,23,0.7959710743801653,0.9524793388429752,0.15650826446280985,0.0009954296015384223,14.796531677246094,4.405744552612305
single_svd_k2,5,single,2,svd,24,0.7884814049586778,0.9489927685950414,0.16051136363636365,0.0010361655566387684,14.873584747314453,4.405744552612305
single_svd_k2,5,single,2,svd,25,0.784090909090909,0.9429235537190082,0.1588326446280992,0.0011158154136464704,15.084168434143066,4.405744552612305
single_svd_k2,5,single,2,svd,26,0.7848657024793388,0.9418904958677685,0.15702479338842967,0.0012121849375951177,15.379229545593262,4.405744552612305
single_svd_k2,5,single,2,svd,27,0.7762138429752066,0.9431818181818182,0.16696797520661166,0.0013156228244423085,15.883879661560059,4.405744552612305
single_svd_k2,5,single,2,svd,28,0.7776342975206612,0.9381456611570248,0.16051136363636365,0.0014538887619447438,16.260005950927734,4.405744552612305
single_svd_k2,5,single,2,svd,29,0.7737603305785125,0.9315599173553719,0.15779958677685946,0.001620949623365009,16.87955093383789,4.405744552612305
single_svd_k2,5,single,2,svd,30,0.7192665289256198,0.9270402892561983,0.20777376033057848,0.002217805086795255,18.003084182739258,4.405744552612305
single_svd_k2,5,single,2,svd,31,0.6987345041322315,0.9190340909090909,0.22029958677685946,0.00492388232147789,20.06578826904297,4.405744552612305
single_svd_k4,5,single,4,svd,0,0.899922520661157,0.899922520661157,0.0,0.00441990429886574,4.580940246582031,4.465672492980957
single_svd_k4,5,single,4,svd,1,0.9309142561983471,0.9309142561983471,0.0,0.0044314525333389865,6.002074241638184,4.465672492980957
single_svd_k4,5,single,4,svd,2,0.9482179752066116,0.9482179752066116,0.0,0.005059625127012413,9.017328262329102,4.465672492980957
single_svd_k4,5,single,4,svd,3,0.9511880165289256,0.9511880165289256,0.0,0.00649548041132153,9.122367858886719,4.465672492980957
single_svd_k4,5,single,4,svd,4,0.9595816115702479,0.9595816115702479,0.0,0.006248825163401195,8.847132682800293,4.465672492980957
single_svd_k4,5,single,4,svd,5,0.9639721074380165,0.9639721074380165,0.0,0.005923953747231869,9.086830139160156,4.465672492980957
single_svd_k4,5,single,4,svd,6,0.5646952479338844,0.9682334710743803,0.4035382231404959,0.0010130133124239826,4.319056987762451,4.465672492980957
single_svd_k4,5,single,4,svd,7,0.5893595041322314,0.9706869834710745,0.38132747933884314,0.0011629442478646723,5.453089714050293,4.465672492980957
single_svd_k4,5,single,4,svd,8,0.615573347107438,0.9730113636363638,0.3574380165289257,0.0013251310641857472,6.3877668380737305,4.465672492980957
single_svd_k4,5,single,4,svd,9,0.6319731404958677,0.975335743801653,0.3433626033057853,0.0012328331294091388,7.079594135284424,4.465672492980957
single_svd_k4,5,single,4,svd,10,0.6481146694214875,0.9748192148760331,0.3267045454545455,0.0012488288601447683,7.6628594398498535,4.465672492980957
single_svd_k4,5,single,4,svd,11,0.6541838842975206,0.9744318181818182,0.3202479338842976,0.0013085973744999535,7.865630149841309,4.465672492980957
single_svd_k4,5,single,4,svd,12,0.6607696280991736,0.9739152892561984,0.3131456611570248,0.001313974893070169,8.247004508972168,4.465672492980957
single_svd_k4,5,single,4,svd,13,0.6858212809917356,0.9728822314049588,0.2870609504132232,0.0012882451673311701,8.64272403717041,4.465672492980957
single_svd_k4,5,single,4,svd,14,0.687629132231405,0.9715909090909091,0.2839617768595041,0.0011518019748694153,8.809733390808105,4.465672492980957
single_svd_k4,5,single,4,svd,15,0.6893078512396694,0.9699121900826446,0.2806043388429752,0.000994565846945794,9.005613327026367,4.465672492980957
single_svd_k4,5,single,4,svd,16,0.6934400826446282,0.9700413223140496,0.2766012396694214,0.0008424797289245944,9.018775939941406,4.465672492980957
single_svd_k4,5,single,4,svd,17,0.6902117768595041,0.9683626033057852,0.2781508264462811,0.0007422539336939815,9.44205379486084,4.465672492980957
single_svd_k4,5,single,4,svd,18,0.6757489669421488,0.9661673553719008,0.290418388429752,0.0006591539996962936,9.673389434814453,4.465672492980957
single_svd_k4,5,single,4,svd,19,0.6801394628099174,0.9608729338842975,0.28073347107438007,0.0006185918312162642,10.041887283325195,4.465672492980957
single_svd_k4,5,single,4,svd,20,0.6881456611570248,0.9607438016528926,0.27259814049586784,0.0005466440148783613,10.154748916625977,4.465672492980957
single_svd_k4,5,single,4,svd,21,0.694085743801653,0.9610020661157025,0.2669163223140495,0.0005426673589020714,10.416265487670898,4.465672492980957
single_svd_k4,5,single,4,svd,22,0.6890495867768595,0.9545454545454546,0.26549586776859513,0.0005423507612143386,10.533769607543945,4.465672492980957
single_svd_k4,5,single,4,svd,23,0.6921487603305786,0.9524793388429752,0.2603305785123966,0.0005625571400373897,10.693349838256836,4.465672492980957
single_svd_k4,5,single,4,svd,24,0.6996384297520661,0.9489927685950414,0.2493543388429753,0.0005970783870007379,10.944257736206055,4.465672492980957
single_svd_k4,5,single,4,svd,25,0.7038997933884297,0.9429235537190082,0.23902376033057848,0.0006492215403411938,11.156620979309082,4.465672492980957
single_svd_k4,5,single,4,svd,26,0.6747159090909091,0.9418904958677685,0.26717458677685946,0.0006884855091052744,11.234888076782227,4.465672492980957
single_svd_k4,5,single,4,svd,27,0.6696797520661157,0.9431818181818182,0.2735020661157025,0.0007445159177930094,11.524295806884766,4.465672492980957
single_svd_k4,5,single,4,svd,28,0.6736828512396694,0.9381456611570248,0.2644628099173554,0.00080667030498216,11.665030479431152,4.465672492980957
single_svd_k4,5,single,4,svd,29,0.6655475206611571,0.9315599173553719,0.26601239669421484,0.0008853341750408861,11.866689682006836,4.465672492980957
single_svd_k4,5,single,4,svd,30,0.6383006198347106,0.9270402892561983,0.28873966942148765,0.001170788288737179,12.276226043701172,4.465672492980957
single_svd_k4,5,single,4,svd,31,0.6432076446280992,0.9190340909090909,0.27582644628099173,0.002808570766689611,12.82536792755127,4.465672492980957
single_svd_k8,5,single,8,svd,0,0.899922520661157,0.899922520661157,0.0,0.00441990429886574,4.580940246582031,4.111725807189941
single_svd_k8,5,single,8,svd,1,0.9309142561983471,0.9309142561983471,0.0,0.0044314525333389865,6.002074241638184,4.111725807189941
single_svd_k8,5,single,8,svd,2,0.9482179752066116,0.9482179752066116,0.0,0.005059625127012413,9.017328262329102,4.111725807189941
single_svd_k8,5,single,8,svd,3,0.9511880165289256,0.9511880165289256,0.0,0.00649548041132153,9.122367858886719,4.111725807189941
single_svd_k8,5,single,8,svd,4,0.9595816115702479,0.9595816115702479,0.0,0.006248825163401195,8.847132682800293,4.111725807189941
single_svd_k8,5,single,8,svd,5,0.9639721074380165,0.9639721074380165,0.0,0.005923953747231869,9.086830139160156,4.111725807189941
single_svd_k8,5,single,8,svd,6,0.5161415289256198,0.9682334710743803,0.4520919421487605,0.0010026659239014135,4.0649094581604,4.111725807189941
single_svd_k8,5,single,8,svd,7,0.5808367768595041,0.9706869834710745,0.38985020661157044,0.0013372414922798725,5.655561923980713,4.111725807189941
single_svd_k8,5,single,8,svd,8,0.6186725206611571,0.9730113636363638,0.3543388429752067,0.001544493517945944,6.729859828948975,4.111725807189941
single_svd_k8,5,single,8,svd,9,0.6535382231404959,0.975335743801653,0.3217975206611571,0.0012310070555503483,6.94851016998291,4.111725807189941
single_svd_k8,5,single,8,svd,10,0.656120867768595,0.9748192148760331,0.31869834710743805,0.001319873540868266,7.581710338592529,4.111725807189941
single_svd_k8,5,single,8,svd,11,0.6825929752066116,0.9744318181818182,0.2918388429752067,0.001303000812478472,7.885262489318848,4.111725807189941
single_svd_k8,5,single,8,svd,12,0.6787190082644629,0.9739152892561984,0.29519628099173556,0.001355419980440753,8.481270790100098,4.111725807189941
single_svd_k8,5,single,8,svd,13,0.6969266528925621,0.9728822314049588,0.2759555785123967,0.0012651558044888267,8.638397216796875,4.111725807189941
single_svd_k8,5,single,8,svd,14,0.6988636363636364,0.9715909090909091,0.2727272727272727,0.0012437694232808605,9.18640422821045,4.111725807189941
single_svd_k8,5,single,8,svd,15,0.7011880165289255,0.9699121900826446,0.26872417355371914,0.0010585856978191366,9.478250503540039,4.111725807189941
single_svd_k8,5,single,8,svd,16,0.7201704545454545,0.9700413223140496,0.24987086776859513,0.0008699402967613512,9.406046867370605,4.111725807189941
single_svd_k8,5,single,8,svd,17,0.6805268595041323,0.9683626033057852,0.2878357438016529,0.0007276487022530587,9.709298133850098,4.111725807189941
single_svd_k8,5,single,8,svd,18,0.674974173553719,0.9661673553719008,0.29119318181818177,0.0006804498458954367,10.306900978088379,4.111725807189941
single_svd_k8,5,single,8,svd,19,0.6801394628099173,0.9608729338842975,0.2807334710743802,0.0006525458485769908,10.978408813476562,4.111725807189941
single_svd_k8,5,single,8,svd,20,0.6819473140495868,0.9607438016528926,0.2787964876033059,0.0006038967252974814,11.559913635253906,4.111725807189941
single_svd_k8,5,single,8,svd,21,0.6876291322314049,0.9610020661157025,0.2733729338842976,0.0005980085489085685,11.896838188171387,4.111725807189941
single_svd_k8,5,single,8,svd,22,0.6501807851239669,0.9545454545454546,0.30436466942148765,0.0006168956908746415,12.280647277832031,4.111725807189941
single_svd_k8,5,single,8,svd,23,0.6624483471074379,0.9524793388429752,0.29003099173553726,0.0006397771455538548,12.57723331451416,4.111725807189941
single_svd_k8,5,single,8,svd,24,0.6606404958677686,0.9489927685950414,0.2883522727272728,0.0006949788346162222,12.862834930419922,4.111725807189941
single_svd_k8,5,single,8,svd,25,0.6585743801652891,0.9429235537190082,0.284349173553719,0.0007591708585592549,13.048361778259277,4.111725807189941
single_svd_k8,5,single,8,svd,26,0.6598657024793388,0.9418904958677685,0.2820247933884297,0.0008367439163282642,13.3698148727417,4.111725807189941
single_svd_k8,5,single,8,svd,27,0.6333935950413223,0.9431818181818182,0.3097882231404959,0.0009214779370629866,13.708047866821289,4.111725807189941
single_svd_k8,5,single,8,svd,28,0.646823347107438,0.9381456611570248,0.29132231404958675,0.0010229727383451737,13.914868354797363,4.111725807189941
single_svd_k8,5,single,8,svd,29,0.6315857438016529,0.9315599173553719,0.299974173553719,0.0011173035585370084,14.101051330566406,4.111725807189941
single_svd_k8,5,single,8,svd,30,0.6123450413223142,0.9270402892561983,0.31469524793388415,0.0014429654050847063,14.289944648742676,4.111725807189941
single_svd_k8,5,single,8,svd,31,0.6175103305785123,0.9190340909090909,0.3015237603305786,0.003937000314028771,15.59878158569336,4.111725807189941
single_random,5,single,1,random,0,0.899922520661157,0.899922520661157,0.0,0.00441990429886574,4.580940246582031,0.002855771454051137
single_random,5,single,1,random,1,0.9309142561983471,0.9309142561983471,0.0,0.0044314525333389865,6.002074241638184,0.002855771454051137
single_random,5,single,1,random,2,0.9482179752066116,0.9482179752066116,0.0,0.005059625127012413,9.017328262329102,0.002855771454051137
single_random,5,single,1,random,3,0.9511880165289256,0.9511880165289256,0.0,0.00649548041132153,9.122367858886719,0.002855771454051137
single_random,5,single,1,random,4,0.9595816115702479,0.9595816115702479,0.0,0.006248825163401195,8.847132682800293,0.002855771454051137
single_random,5,single,1,random,5,0.9639721074380165,0.9639721074380165,0.0,0.005923953747231869,9.086830139160156,0.002855771454051137
single_random,5,single,1,random,6,0.9681043388429752,0.9682334710743803,0.00012913223140509356,0.005876228580593557,9.557857513427734,0.002855771454051137
single_random,5,single,1,random,7,0.9710743801652892,0.9706869834710745,-0.00038739669421472556,0.006011626862770569,9.971566200256348,0.002855771454051137
single_random,5,single,1,random,8,0.9728822314049588,0.9730113636363638,0.00012913223140498253,0.005590997883374693,10.259055137634277,0.002855771454051137
single_random,5,single,1,random,9,0.9754648760330578,0.975335743801653,-0.0001291322314047605,0.004282539544490649,10.642308235168457,0.002855771454051137
single_random,5,single,1,random,10,0.9749483471074379,0.9748192148760331,-0.0001291322314048715,0.003961301521146043,11.05047607421875,0.002855771454051137
single_random,5,single,1,random,11,0.9754648760330579,0.9744318181818182,-0.0010330578512396382,0.003722569797646069,11.227540016174316,0.002855771454051137
single_random,5,single,1,random,12,0.9740444214876033,0.9739152892561984,-0.0001291322314048715,0.0035201275753951045,11.614065170288086,0.002855771454051137
single_random,5,single,1,random,13,0.9731404958677685,0.9728822314049588,-0.000258264462809743,0.0031427756764079717,12.140060424804688,0.002855771454051137
single_random,5,single,1,random,14,0.9715909090909091,0.9715909090909091,0.0,0.0027323448061002953,12.367443084716797,0.002855771454051137
single_random,5,single,1,random,15,0.9699121900826446,0.9699121900826446,0.0,0.002198399406142082,12.75377368927002,0.002855771454051137
single_random,5,single,1,random,16,0.9705578512396694,0.9700413223140496,-0.0005165289256198191,0.0016961672400160888,13.008442878723145,0.002855771454051137
single_random,5,single,1,random,17,0.96900826446281,0.9683626033057852,-0.0006456611570248016,0.001405615862778431,13.491401672363281,0.002855771454051137
single_random,5,single,1,random,18,0.9659090909090909,0.9661673553719008,0.00025826446280985405,0.001202451910288782,14.124966621398926,0.002855771454051137
single_random,5,single,1,random,19,0.9610020661157024,0.9608729338842975,-0.0001291322314048715,0.0010522539429639322,14.688200950622559,0.002855771454051137
single_random,5,single,1,random,20,0.9612603305785123,0.9607438016528926,-0.0005165289256197081,0.0008865767159904614,15.225258827209473,0.002855771454051137
single_random,5,single,1,random,21,0.9620351239669422,0.9610020661157025,-0.0010330578512397492,0.0007945885380964413,15.498244285583496,0.002855771454051137
single_random,5,single,1,random,22,0.9560950413223139,0.9545454545454546,-0.0015495867768593463,0.0007553466130566511,15.76240348815918,0.002855771454051137
single_random,5,single,1,random,23,0.953125,0.9524793388429752,-0.0006456611570248016,0.0007574259014593299,16.017648696899414,0.002855771454051137
single_random,5,single,1,random,24,0.950284090909091,0.9489927685950414,-0.0012913223140496033,0.0007661317451923555,16.123197555541992,0.002855771454051137
single_random,5,single,1,random,25,0.9429235537190084,0.9429235537190082,-2.220446049250313e-16,0.0008082155850395178,16.361425399780273,0.002855771454051137
single_random,5,single,1,random,26,0.9430526859504131,0.9418904958677685,-0.0011621900826446208,0.0008396111171721232,16.68551254272461,0.002855771454051137
single_random,5,single,1,random,27,0.9435692148760331,0.9431818181818182,-0.0003873966942148366,0.0008507054172909312,16.880002975463867,0.002855771454051137
single_random,5,single,1,random,28,0.9391787190082644,0.9381456611570248,-0.0010330578512396382,0.0009080499351898919,17.26023292541504,0.002855771454051137
single_random,5,single,1,random,29,0.9332386363636364,0.9315599173553719,-0.0016787190082644399,0.0009755031863892816,17.682300567626953,0.002855771454051137
single_random,5,single,1,random,30,0.9288481404958678,0.9270402892561983,-0.0018078512396695334,0.001173337989569756,19.085229873657227,0.002855771454051137
single_random,5,single,1,random,31,0.9211002066115702,0.9190340909090909,-0.0020661157024792765,0.004395827751191517,22.50414276123047,0.002855771454051137
single_probe,10,single,1,probe,0,0.899922520661157,0.899922520661157,0.0,0.00441990429886574,4.580940246582031,0.0021369580645114183
single_probe,10,single,1,probe,1,0.9309142561983471,0.9309142561983471,0.0,0.0044314525333389865,6.002074241638184,0.0021369580645114183
single_probe,10,single,1,probe,2,0.9482179752066116,0.9482179752066116,0.0,0.005059625127012413,9.017328262329102,0.0021369580645114183
single_probe,10,single,1,probe,3,0.9511880165289256,0.9511880165289256,0.0,0.00649548041132153,9.122367858886719,0.0021369580645114183
single_probe,10,single,1,probe,4,0.9595816115702479,0.9595816115702479,0.0,0.006248825163401195,8.847132682800293,0.0021369580645114183
single_probe,10,single,1,probe,5,0.9639721074380165,0.9639721074380165,0.0,0.005923953747231869,9.086830139160156,0.0021369580645114183
single_probe,10,single,1,probe,6,0.9682334710743803,0.9682334710743803,0.0,0.005861675281852663,9.560049057006836,0.0021369580645114183
single_probe,10,single,1,probe,7,0.9706869834710745,0.9706869834710745,0.0,0.006052231049561763,9.967559814453125,0.0021369580645114183
single_probe,10,single,1,probe,8,0.9730113636363638,0.9730113636363638,0.0,0.00561747054969719,10.251312255859375,0.0021369580645114183
single_probe,10,single,1,probe,9,0.975335743801653,0.975335743801653,0.0,0.004316761991240203,10.63912296295166,0.0021369580645114183
single_probe,10,single,1,probe,10,0.9748192148760331,0.9748192148760331,0.0,0.003974783312062025,11.045775413513184,0.0021369580645114183
single_probe,10,single,1,probe,11,0.45867768595041325,0.9744318181818182,0.515754132231405,0.0012630015250121307,6.516017913818359,0.0021369580645114183
single_probe,10,single,1,probe,12,0.5941373966942148,0.9739152892561984,0.3797778925619836,0.0012543149478476678,6.91001033782959,0.0021369580645114183
single_probe,10,single,1,probe,13,0.6760072314049587,0.9728822314049588,0.2968750000000001,0.0011807696516809019,7.390233993530273,0.0021369580645114183
single_probe,10,single,1,probe,14,0.734762396694215,0.9715909090909091,0.2368285123966941,0.0010637277019833746,7.7109832763671875,0.0021369580645114183
single_probe,10,single,1,probe,15,0.7689824380165289,0.9699121900826446,0.20092975206611574,0.0009100985771527403,8.31767749786377,0.0021369580645114183
single_probe,10,single,1,probe,16,0.8074638429752066,0.9700413223140496,0.16257747933884303,0.0007294538029082309,8.715826034545898,0.0021369580645114183
single_probe,10,single,1,probe,17,0.8139204545454546,0.9683626033057852,0.15444214876033058,0.0006212282815384329,9.234053611755371,0.0021369580645114183
single_probe,10,single,1,probe,18,0.8360020661157025,0.9661673553719008,0.1301652892561983,0.000553043315603241,9.919940948486328,0.0021369580645114183
single_probe,10,single,1,probe,19,0.8332902892561984,0.9608729338842975,0.1275826446280991,0.0004961743751520364,10.534307479858398,0.0021369580645114183
single_probe,10,single,1,probe,20,0.8427169421487604,0.9607438016528926,0.11802685950413228,0.0004266637779672955,10.928443908691406,0.0021369580645114183
single_probe,10,single,1,probe,21,0.8450413223140495,0.9610020661157025,0.115960743801653,0.000392587461240379,11.176289558410645,0.0021369580645114183
single_probe,10,single,1,probe,22,0.8402634297520662,0.9545454545454546,0.11428202479338834,0.0003821215592909599,11.452704429626465,0.0021369580645114183
single_probe,10,single,1,probe,23,0.8420712809917356,0.9524793388429752,0.11040805785123964,0.0003912072474766548,11.69443416595459,0.0021369580645114183
single_probe,10,single,1,probe,24,0.8425878099173554,0.9489927685950414,0.10640495867768607,0.00040342470938092845,11.81258487701416,0.0021369580645114183
single_probe,10,single,1,probe,25,0.8379390495867769,0.9429235537190082,0.10498450413223126,0.00043209888674100583,12.001616477966309,0.0021369580645114183
single_probe,10,single,1,probe,26,0.8356146694214877,0.9418904958677685,0.10627582644628086,0.0004578406218690434,12.331119537353516,0.0021369580645114183
single_probe,10,single,1,probe,27,0.8383264462809917,0.9431818181818182,0.1048553719008265,0.0004702345760255744,12.558159828186035,0.0021369580645114183
single_probe,10,single,1,probe,28,0.8362603305785123,0.9381456611570248,0.10188533057851246,0.0005100786854957962,12.970296859741211,0.0021369580645114183
single_probe,10,single,1,probe,29,0.8323863636363636,0.9315599173553719,0.09917355371900827,0.0005555054618257005,13.397696495056152,0.0021369580645114183
single_probe,10,single,1,probe,30,0.8276084710743802,0.9270402892561983,0.09943181818181812,0.0006753903249223647,14.620978355407715,0.0021369580645114183
single_probe,10,single,1,probe,31,0.8119834710743801,0.9190340909090909,0.10705061983471087,0.0026653905651136123,17.028654098510742,0.0021369580645114183
single_svd_k1,10,single,1,svd,0,0.899922520661157,0.899922520661157,0.0,0.00441990429886574,4.580940246582031,0.06435777246952057
single_svd_k1,10,single,1,svd,1,0.9309142561983471,0.9309142561983471,0.0,0.0044314525333389865,6.002074241638184,0.06435777246952057
single_svd_k1,10,single,1,svd,2,0.9482179752066116,0.9482179752066116,0.0,0.005059625127012413,9.017328262329102,0.06435777246952057
single_svd_k1,10,single,1,svd,3,0.9511880165289256,0.9511880165289256,0.0,0.00649548041132153,9.122367858886719,0.06435777246952057
single_svd_k1,10,single,1,svd,4,0.9595816115702479,0.9595816115702479,0.0,0.006248825163401195,8.847132682800293,0.06435777246952057
single_svd_k1,10,single,1,svd,5,0.9639721074380165,0.9639721074380165,0.0,0.005923953747231869,9.086830139160156,0.06435777246952057
single_svd_k1,10,single,1,svd,6,0.9682334710743803,0.9682334710743803,0.0,0.005861675281852663,9.560049057006836,0.06435777246952057
single_svd_k1,10,single,1,svd,7,0.9706869834710745,0.9706869834710745,0.0,0.006052231049561763,9.967559814453125,0.06435777246952057
single_svd_k1,10,single,1,svd,8,0.9730113636363638,0.9730113636363638,0.0,0.00561747054969719,10.251312255859375,0.06435777246952057
single_svd_k1,10,single,1,svd,9,0.975335743801653,0.975335743801653,0.0,0.004316761991240203,10.63912296295166,0.06435777246952057
single_svd_k1,10,single,1,svd,10,0.9748192148760331,0.9748192148760331,0.0,0.003974783312062025,11.045775413513184,0.06435777246952057
single_svd_k1,10,single,1,svd,11,0.9714617768595042,0.9744318181818182,0.002970041322314043,0.0037567239828493193,11.13114070892334,0.06435777246952057
single_svd_k1,10,single,1,svd,12,0.9724948347107438,0.9739152892561984,0.0014204545454545858,0.0035147146240128713,11.437569618225098,0.06435777246952057
single_svd_k1,10,single,1,svd,13,0.9727530991735537,0.9728822314049588,0.00012913223140509356,0.0032006775963822065,11.930363655090332,0.06435777246952057
single_svd_k1,10,single,1,svd,14,0.971978305785124,0.9715909090909091,-0.0003873966942149476,0.00284727522725714,12.26311206817627,0.06435777246952057
single_svd_k1,10,single,1,svd,15,0.9686208677685951,0.9699121900826446,0.0012913223140494923,0.002289058735113092,12.630594253540039,0.06435777246952057
single_svd_k1,10,single,1,svd,16,0.9662964876033059,0.9700413223140496,0.0037448347107437163,0.001761361881525203,12.89161205291748,0.06435777246952057
single_svd_k1,10,single,1,svd,17,0.965521694214876,0.9683626033057852,0.0028409090909091717,0.0014741226413630404,13.428508758544922,0.06435777246952057
single_svd_k1,10,single,1,svd,18,0.9644886363636364,0.9661673553719008,0.0016787190082644399,0.0012656024648285413,14.111336708068848,0.06435777246952057
single_svd_k1,10,single,1,svd,19,0.9590650826446281,0.9608729338842975,0.0018078512396694224,0.0011122486397453502,14.720906257629395,0.06435777246952057
single_svd_k1,10,single,1,svd,20,0.9584194214876034,0.9607438016528926,0.0023243801652892415,0.0009295381203251463,15.2765474319458,0.06435777246952057
single_svd_k1,10,single,1,svd,21,0.9579028925619835,0.9610020661157025,0.0030991735537190257,0.0008316508129361244,15.52633285522461,0.06435777246952057
single_svd_k1,10,single,1,svd,22,0.9523502066115701,0.9545454545454546,0.002195247933884481,0.0007890927585101348,15.786556243896484,0.06435777246952057
single_svd_k1,10,single,1,svd,23,0.9514462809917356,0.9524793388429752,0.0010330578512396382,0.0007866714650979212,16.03080177307129,0.06435777246952057
single_svd_k1,10,single,1,svd,24,0.9482179752066116,0.9489927685950414,0.0007747933884298952,0.0007914168352991524,16.149709701538086,0.06435777246952057
single_svd_k1,10,single,1,svd,25,0.9422778925619835,0.9429235537190082,0.0006456611570246906,0.0008302024776202233,16.466554641723633,0.06435777246952057
single_svd_k1,10,single,1,svd,26,0.9405991735537189,0.9418904958677685,0.0012913223140496033,0.0008605545133439918,16.91807746887207,0.06435777246952057
single_svd_k1,10,single,1,svd,27,0.9430526859504132,0.9431818181818182,0.00012913223140498253,0.0008727520790244858,17.223621368408203,0.06435777246952057
single_svd_k1,10,single,1,svd,28,0.9386621900826446,0.9381456611570248,-0.0005165289256198191,0.000928042907318849,17.741369247436523,0.06435777246952057
single_svd_k1,10,single,1,svd,29,0.9341425619834711,0.9315599173553719,-0.0025826446280992066,0.0009949389353739457,18.25064468383789,0.06435777246952057
single_svd_k1,10,single,1,svd,30,0.9296229338842975,0.9270402892561983,-0.0025826446280992066,0.0012030978030207473,19.988800048828125,0.06435777246952057
single_svd_k1,10,single,1,svd,31,0.9147727272727273,0.9190340909090909,0.0042613636363636465,0.004593983056238815,23.84276008605957,0.06435777246952057
single_svd_k2,10,single,2,svd,0,0.899922520661157,0.899922520661157,0.0,0.00441990429886574,4.580940246582031,2.176687240600586
single_svd_k2,10,single,2,svd,1,0.9309142561983471,0.9309142561983471,0.0,0.0044314525333389865,6.002074241638184,2.176687240600586
single_svd_k2,10,single,2,svd,2,0.9482179752066116,0.9482179752066116,0.0,0.005059625127012413,9.017328262329102,2.176687240600586
single_svd_k2,10,single,2,svd,3,0.9511880165289256,0.9511880165289256,0.0,0.00649548041132153,9.122367858886719,2.176687240600586
single_svd_k2,10,single,2,svd,4,0.9595816115702479,0.9595816115702479,0.0,0.006248825163401195,8.847132682800293,2.176687240600586
single_svd_k2,10,single,2,svd,5,0.9639721074380165,0.9639721074380165,0.0,0.005923953747231869,9.086830139160156,2.176687240600586
single_svd_k2,10,single,2,svd,6,0.9682334710743803,0.9682334710743803,0.0,0.005861675281852663,9.560049057006836,2.176687240600586
single_svd_k2,10,single,2,svd,7,0.9706869834710745,0.9706869834710745,0.0,0.006052231049561763,9.967559814453125,2.176687240600586
single_svd_k2,10,single,2,svd,8,0.9730113636363638,0.9730113636363638,0.0,0.00561747054969719,10.251312255859375,2.176687240600586
single_svd_k2,10,single,2,svd,9,0.975335743801653,0.975335743801653,0.0,0.004316761991240203,10.63912296295166,2.176687240600586
single_svd_k2,10,single,2,svd,10,0.9748192148760331,0.9748192148760331,0.0,0.003974783312062025,11.045775413513184,2.176687240600586
single_svd_k2,10,single,2,svd,11,0.8087551652892562,0.9744318181818182,0.16567665289256206,0.0028792765523749653,9.966178894042969,2.176687240600586
single_svd_k2,10,single,2,svd,12,0.8157283057851241,0.9739152892561984,0.1581869834710743,0.00295769963139636,10.97659969329834,2.176687240600586
single_svd_k2,10,single,2,svd,13,0.8210227272727272,0.9728822314049588,0.1518595041322316,0.0025494087214842365,11.628579139709473,2.176687240600586
single_svd_k2,10,single,2,svd,14,0.8299328512396694,0.9715909090909091,0.14165805785123964,0.0019065589768187952,11.510992050170898,2.176687240600586
single_svd_k2,10,single,2,svd,15,0.8338068181818183,0.9699121900826446,0.13610537190082628,0.0016838206431358804,12.03270435333252,2.176687240600586
single_svd_k2,10,single,2,svd,16,0.8361311983471075,0.9700413223140496,0.13391012396694213,0.0014037527312136255,12.209354400634766,2.176687240600586
single_svd_k2,10,single,2,svd,17,0.8384555785123967,0.9683626033057852,0.12990702479338845,0.0012385033374394672,12.776028633117676,2.176687240600586
single_svd_k2,10,single,2,svd,18,0.8450413223140497,0.9661673553719008,0.12112603305785108,0.0011105071891294171,13.039573669433594,2.176687240600586
single_svd_k2,10,single,2,svd,19,0.8533057851239669,0.9608729338842975,0.10756714876033058,0.0011457286859930527,14.454176902770996,2.176687240600586
single_svd_k2,10,single,2,svd,20,0.8460743801652892,0.9607438016528926,0.1146694214876034,0.0010083258685829044,15.191426277160645,2.176687240600586
single_svd_k2,10,single,2,svd,21,0.8522727272727272,0.9610020661157025,0.10872933884297531,0.0009790507209487265,15.66574764251709,2.176687240600586
single_svd_k2,10,single,2,svd,22,0.8405216942148761,0.9545454545454546,0.11402376033057848,0.0009876507178125937,16.173564910888672,2.176687240600586
single_svd_k2,10,single,2,svd,23,0.8441373966942148,0.9524793388429752,0.10834194214876036,0.0010422748563341244,16.950260162353516,2.176687240600586
single_svd_k2,10,single,2,svd,24,0.8410382231404959,0.9489927685950414,0.10795454545454553,0.0010951109850623197,17.64802360534668,2.176687240600586
single_svd_k2,10,single,2,svd,25,0.8375516528925621,0.9429235537190082,0.1053719008264461,0.0012033838851692735,18.439903259277344,2.176687240600586
single_svd_k2,10,single,2,svd,26,0.8300619834710744,0.9418904958677685,0.11182851239669411,0.001327455349604434,19.404346466064453,2.176687240600586
single_svd_k2,10,single,2,svd,27,0.8358729338842975,0.9431818181818182,0.10730888429752072,0.0014281856961707584,20.31570816040039,2.176687240600586
single_svd_k2,10,single,2,svd,28,0.8211518595041322,0.9381456611570248,0.11699380165289264,0.0015687728986790717,21.03921890258789,2.176687240600586
single_svd_k2,10,single,2,svd,29,0.8066890495867768,0.9315599173553719,0.12487086776859513,0.0017196122173398498,21.507713317871094,2.176687240600586
single_svd_k2,10,single,2,svd,30,0.7870609504132232,0.9270402892561983,0.1399793388429751,0.002196466312367029,22.75175666809082,2.176687240600586
single_svd_k2,10,single,2,svd,31,0.7930010330578513,0.9190340909090909,0.12603305785123964,0.006798633269620269,24.47855567932129,2.176687240600586
single_svd_k4,10,single,4,svd,0,0.899922520661157,0.899922520661157,0.0,0.00441990429886574,4.580940246582031,3.1928000450134277
single_svd_k4,10,single,4,svd,1,0.9309142561983471,0.9309142561983471,0.0,0.0044314525333389865,6.002074241638184,3.1928000450134277
single_svd_k4,10,single,4,svd,2,0.9482179752066116,0.9482179752066116,0.0,0.005059625127012413,9.017328262329102,3.1928000450134277
single_svd_k4,10,single,4,svd,3,0.9511880165289256,0.9511880165289256,0.0,0.00649548041132153,9.122367858886719,3.1928000450134277
single_svd_k4,10,single,4,svd,4,0.9595816115702479,0.9595816115702479,0.0,0.006248825163401195,8.847132682800293,3.1928000450134277
single_svd_k4,10,single,4,svd,5,0.9639721074380165,0.9639721074380165,0.0,0.005923953747231869,9.086830139160156,3.1928000450134277
single_svd_k4,10,single,4,svd,6,0.9682334710743803,0.9682334710743803,0.0,0.005861675281852663,9.560049057006836,3.1928000450134277
single_svd_k4,10,single,4,svd,7,0.9706869834710745,0.9706869834710745,0.0,0.006052231049561763,9.967559814453125,3.1928000450134277
single_svd_k4,10,single,4,svd,8,0.9730113636363638,0.9730113636363638,0.0,0.00561747054969719,10.251312255859375,3.1928000450134277
single_svd_k4,10,single,4,svd,9,0.975335743801653,0.975335743801653,0.0,0.004316761991240203,10.63912296295166,3.1928000450134277
single_svd_k4,10,single,4,svd,10,0.9748192148760331,0.9748192148760331,0.0,0.003974783312062025,11.045775413513184,3.1928000450134277
single_svd_k4,10,single,4,svd,11,0.5674070247933884,0.9744318181818182,0.4070247933884298,0.000522047783907742,3.9369561672210693,3.1928000450134277
single_svd_k4,10,single,4,svd,12,0.5932334710743802,0.9739152892561984,0.38068181818181823,0.0005065952675771257,4.506804466247559,3.1928000450134277
single_svd_k4,10,single,4,svd,13,0.6264204545454545,0.9728822314049588,0.3464617768595043,0.0005427430047256765,5.268373966217041,3.1928000450134277
single_svd_k4,10,single,4,svd,14,0.6420454545454545,0.9715909090909091,0.3295454545454546,0.0005112443018411295,5.5933451652526855,3.1928000450134277
single_svd_k4,10,single,4,svd,15,0.6553460743801652,0.9699121900826446,0.3145661157024794,0.0004519746539062286,5.892845630645752,3.1928000450134277
single_svd_k4,10,single,4,svd,16,0.6552169421487603,0.9700413223140496,0.31482438016528935,0.0004014169924890787,6.278548717498779,3.1928000450134277
single_svd_k4,10,single,4,svd,17,0.6590909090909092,0.9683626033057852,0.309271694214876,0.0003615960336154078,6.729527473449707,3.1928000450134277
single_svd_k4,10,single,4,svd,18,0.6779442148760331,0.9661673553719008,0.2882231404958677,0.0003546621451609999,7.2054219245910645,3.1928000450134277
single_svd_k4,10,single,4,svd,19,0.6722623966942148,0.9608729338842975,0.28861053719008267,0.00036474270865416436,7.7317423820495605,3.1928000450134277
single_svd_k4,10,single,4,svd,20,0.6547004132231404,0.9607438016528926,0.3060433884297522,0.00036365034263519114,8.102304458618164,3.1928000450134277
single_svd_k4,10,single,4,svd,21,0.6705836776859505,0.9610020661157025,0.290418388429752,0.000424699949350571,8.985724449157715,3.1928000450134277
single_svd_k4,10,single,4,svd,22,0.6639979338842975,0.9545454545454546,0.2905475206611571,0.0004409590117998574,9.301398277282715,3.1928000450134277
single_svd_k4,10,single,4,svd,23,0.656637396694215,0.9524793388429752,0.29584194214876025,0.0004589048807202012,9.433127403259277,3.1928000450134277
single_svd_k4,10,single,4,svd,24,0.6526342975206612,0.9489927685950414,0.2963584710743803,0.0004896948382816513,9.734453201293945,3.1928000450134277
single_svd_k4,10,single,4,svd,25,0.6580578512396694,0.9429235537190082,0.28486570247933873,0.0005319195404627219,9.978767395019531,3.1928000450134277
single_svd_k4,10,single,4,svd,26,0.6455320247933884,0.9418904958677685,0.29635847107438007,0.0005846763706756075,10.284650802612305,3.1928000450134277
single_svd_k4,10,single,4,svd,27,0.6157024793388429,0.9431818181818182,0.3274793388429753,0.0006468807920242403,10.628214836120605,3.1928000450134277
single_svd_k4,10,single,4,svd,28,0.6052427685950413,0.9381456611570248,0.33290289256198347,0.0007443098794415182,11.135452270507812,3.1928000450134277
single_svd_k4,10,single,4,svd,29,0.594137396694215,0.9315599173553719,0.33742252066115697,0.0008195839681505168,11.38646125793457,3.1928000450134277
single_svd_k4,10,single,4,svd,30,0.5994318181818182,0.9270402892561983,0.32760847107438007,0.0010410273087885225,11.79490852355957,3.1928000450134277
single_svd_k4,10,single,4,svd,31,0.6116993801652892,0.9190340909090909,0.3073347107438017,0.002669189046249687,12.091114044189453,3.1928000450134277
single_svd_k8,10,single,8,svd,0,0.899922520661157,0.899922520661157,0.0,0.00441990429886574,4.580940246582031,4.569912433624268
single_svd_k8,10,single,8,svd,1,0.9309142561983471,0.9309142561983471,0.0,0.0044314525333389865,6.002074241638184,4.569912433624268
single_svd_k8,10,single,8,svd,2,0.9482179752066116,0.9482179752066116,0.0,0.005059625127012413,9.017328262329102,4.569912433624268
single_svd_k8,10,single,8,svd,3,0.9511880165289256,0.9511880165289256,0.0,0.00649548041132153,9.122367858886719,4.569912433624268
single_svd_k8,10,single,8,svd,4,0.9595816115702479,0.9595816115702479,0.0,0.006248825163401195,8.847132682800293,4.569912433624268
single_svd_k8,10,single,8,svd,5,0.9639721074380165,0.9639721074380165,0.0,0.005923953747231869,9.086830139160156,4.569912433624268
single_svd_k8,10,single,8,svd,6,0.9682334710743803,0.9682334710743803,0.0,0.005861675281852663,9.560049057006836,4.569912433624268
single_svd_k8,10,single,8,svd,7,0.9706869834710745,0.9706869834710745,0.0,0.006052231049561763,9.967559814453125,4.569912433624268
single_svd_k8,10,single,8,svd,8,0.9730113636363638,0.9730113636363638,0.0,0.00561747054969719,10.251312255859375,4.569912433624268
single_svd_k8,10,single,8,svd,9,0.975335743801653,0.975335743801653,0.0,0.004316761991240203,10.63912296295166,4.569912433624268
single_svd_k8,10,single,8,svd,10,0.9748192148760331,0.9748192148760331,0.0,0.003974783312062025,11.045775413513184,4.569912433624268
single_svd_k8,10,single,8,svd,11,0.4845041322314049,0.9744318181818182,0.4899276859504133,0.00048385790778837645,3.6718287467956543,4.569912433624268
single_svd_k8,10,single,8,svd,12,0.5298295454545454,0.9739152892561984,0.444085743801653,0.0006941859096655234,5.269007682800293,4.569912433624268
single_svd_k8,10,single,8,svd,13,0.5424845041322315,0.9728822314049588,0.4303977272727273,0.0009407178571062547,6.468152046203613,4.569912433624268
single_svd_k8,10,single,8,svd,14,0.5894886363636365,0.9715909090909091,0.3821022727272726,0.000974849321969784,7.14885139465332,4.569912433624268
single_svd_k8,10,single,8,svd,15,0.6246126033057852,0.9699121900826446,0.34529958677685946,0.0008972891449782194,7.8271260261535645,4.569912433624268
single_svd_k8,10,single,8,svd,16,0.5993026859504132,0.9700413223140496,0.37073863636363635,0.0009036632199451722,8.800844192504883,4.569912433624268
single_svd_k8,10,single,8,svd,17,0.5790289256198347,0.9683626033057852,0.3893336776859505,0.0008207112173556075,9.62497329711914,4.569912433624268
single_svd_k8,10,single,8,svd,18,0.5643078512396694,0.9661673553719008,0.40185950413223137,0.0007640258136564215,10.19158935546875,4.569912433624268
single_svd_k8,10,single,8,svd,19,0.5742510330578513,0.9608729338842975,0.3866219008264462,0.0008348152664872099,11.211283683776855,4.569912433624268
single_svd_k8,10,single,8,svd,20,0.5592716942148761,0.9607438016528926,0.40147210743801653,0.0008770740167703961,12.197505950927734,4.569912433624268
single_svd_k8,10,single,8,svd,21,0.5702479338842975,0.9610020661157025,0.390754132231405,0.0008609431284961611,12.398929595947266,4.569912433624268
single_svd_k8,10,single,8,svd,22,0.562112603305785,0.9545454545454546,0.39243285123966953,0.0008884998372319375,12.816268920898438,4.569912433624268
single_svd_k8,10,single,8,svd,23,0.565728305785124,0.9524793388429752,0.3867510330578512,0.0009488246781451659,13.19428539276123,4.569912433624268
single_svd_k8,10,single,8,svd,24,0.5724431818181818,0.9489927685950414,0.3765495867768597,0.0009824625853220859,13.346202850341797,4.569912433624268
single_svd_k8,10,single,8,svd,25,0.5596590909090909,0.9429235537190082,0.3832644628099172,0.0009823706020559708,13.473649024963379,4.569912433624268
single_svd_k8,10,single,8,svd,26,0.5322830578512395,0.9418904958677685,0.409607438016529,0.0010742723523810005,13.868634223937988,4.569912433624268
single_svd_k8,10,single,8,svd,27,0.5535898760330579,0.9431818181818182,0.38959194214876036,0.0011222357098163993,14.0531587600708,4.569912433624268
single_svd_k8,10,single,8,svd,28,0.5477789256198347,0.9381456611570248,0.39036673553719015,0.001196649235552072,14.486043930053711,4.569912433624268
single_svd_k8,10,single,8,svd,29,0.5289256198347108,0.9315599173553719,0.40263429752066116,0.0012668614670720002,14.660379409790039,4.569912433624268
single_svd_k8,10,single,8,svd,30,0.5258264462809917,0.9270402892561983,0.40121384297520657,0.0016177210138094145,15.421664237976074,4.569912433624268
single_svd_k8,10,single,8,svd,31,0.5055526859504132,0.9190340909090909,0.4134814049586777,0.004414991409918634,16.690025329589844,4.569912433624268
single_random,10,single,1,random,0,0.899922520661157,0.899922520661157,0.0,0.00441990429886574,4.580940246582031,0.0021700975485146046
single_random,10,single,1,random,1,0.9309142561983471,0.9309142561983471,0.0,0.0044314525333389865,6.002074241638184,0.0021700975485146046
single_random,10,single,1,random,2,0.9482179752066116,0.9482179752066116,0.0,0.005059625127012413,9.017328262329102,0.0021700975485146046
single_random,10,single,1,random,3,0.9511880165289256,0.9511880165289256,0.0,0.00649548041132153,9.122367858886719,0.0021700975485146046
single_random,10,single,1,random,4,0.9595816115702479,0.9595816115702479,0.0,0.006248825163401195,8.847132682800293,0.0021700975485146046
single_random,10,single,1,random,5,0.9639721074380165,0.9639721074380165,0.0,0.005923953747231869,9.086830139160156,0.0021700975485146046
single_random,10,single,1,random,6,0.9682334710743803,0.9682334710743803,0.0,0.005861675281852663,9.560049057006836,0.0021700975485146046
single_random,10,single,1,random,7,0.9706869834710745,0.9706869834710745,0.0,0.006052231049561763,9.967559814453125,0.0021700975485146046
single_random,10,single,1,random,8,0.9730113636363638,0.9730113636363638,0.0,0.00561747054969719,10.251312255859375,0.0021700975485146046
single_random,10,single,1,random,9,0.975335743801653,0.975335743801653,0.0,0.004316761991240203,10.63912296295166,0.0021700975485146046
single_random,10,single,1,random,10,0.9748192148760331,0.9748192148760331,0.0,0.003974783312062025,11.045775413513184,0.0021700975485146046
single_random,10,single,1,random,11,0.9746900826446281,0.9744318181818182,-0.00025826446280985405,0.0037232473130383026,11.211883544921875,0.0021700975485146046
single_random,10,single,1,random,12,0.9736570247933884,0.9739152892561984,0.00025826446280996507,0.0035109274714303362,11.59146785736084,0.0021700975485146046
single_random,10,single,1,random,13,0.9726239669421487,0.9728822314049588,0.0002582644628100761,0.0031214431680560706,12.10874080657959,0.0021700975485146046
single_random,10,single,1,random,14,0.9713326446280992,0.9715909090909091,0.00025826446280985405,0.0027157794708996263,12.33440113067627,0.0021700975485146046
single_random,10,single,1,random,15,0.9696539256198347,0.9699121900826446,0.00025826446280996507,0.0021857892612674457,12.717899322509766,0.0021700975485146046
single_random,10,single,1,random,16,0.9700413223140496,0.9700413223140496,0.0,0.001684005879864059,12.965615272521973,0.0021700975485146046
single_random,10,single,1,random,17,0.96875,0.9683626033057852,-0.0003873966942148366,0.0013959274950960943,13.44662857055664,0.0021700975485146046
single_random,10,single,1,random,18,0.9660382231404959,0.9661673553719008,0.0001291322314048715,0.001195144247515545,14.08270263671875,0.0021700975485146046
single_random,10,single,1,random,19,0.9607438016528925,0.9608729338842975,0.00012913223140498253,0.001046617301544206,14.651666641235352,0.0021700975485146046
single_random,10,single,1,random,20,0.9604855371900827,0.9607438016528926,0.00025826446280996507,0.0008825049645095895,15.19265079498291,0.0021700975485146046
single_random,10,single,1,random,21,0.9616477272727273,0.9610020661157025,-0.0006456611570248016,0.0007913321746045865,15.46927261352539,0.0021700975485146046
single_random,10,single,1,random,22,0.9548037190082646,0.9545454545454546,-0.00025826446280996507,0.0007526523049764533,15.736536979675293,0.0021700975485146046
single_random,10,single,1,random,23,0.9524793388429753,0.9524793388429752,-1.1102230246251565e-16,0.0007549963371170643,15.991640090942383,0.0021700975485146046
single_random,10,single,1,random,24,0.9495092975206612,0.9489927685950414,-0.0005165289256197081,0.0007635001642608552,16.094099044799805,0.0021700975485146046
single_random,10,single,1,random,25,0.9416322314049587,0.9429235537190082,0.0012913223140494923,0.0008061188791040896,16.330116271972656,0.0021700975485146046
single_random,10,single,1,random,26,0.9431818181818181,0.9418904958677685,-0.0012913223140496033,0.0008374460210444079,16.65369415283203,0.0021700975485146046
single_random,10,single,1,random,27,0.9427944214876034,0.9431818181818182,0.0003873966942148366,0.0008485519384735518,16.843772888183594,0.0021700975485146046
single_random,10,single,1,random,28,0.9391787190082646,0.9381456611570248,-0.0010330578512397492,0.0009059840883374193,17.223445892333984,0.0021700975485146046
single_random,10,single,1,random,29,0.9325929752066116,0.9315599173553719,-0.0010330578512396382,0.0009730833304605335,17.644420623779297,0.0021700975485146046
single_random,10,single,1,random,30,0.9282024793388429,0.9270402892561983,-0.0011621900826446208,0.0011711554454189033,19.047626495361328,0.0021700975485146046
single_random,10,single,1,random,31,0.9207128099173554,0.9190340909090909,-0.0016787190082644399,0.004395016582113498,22.45783805847168,0.0021700975485146046
single_probe,15,single,1,probe,0,0.899922520661157,0.899922520661157,0.0,0.00441990429886574,4.580940246582031,0.001482838881202042
single_probe,15,single,1,probe,1,0.9309142561983471,0.9309142561983471,0.0,0.0044314525333389865,6.002074241638184,0.001482838881202042
single_probe,15,single,1,probe,2,0.9482179752066116,0.9482179752066116,0.0,0.005059625127012413,9.017328262329102,0.001482838881202042
single_probe,15,single,1,probe,3,0.9511880165289256,0.9511880165289256,0.0,0.00649548041132153,9.122367858886719,0.001482838881202042
single_probe,15,single,1,probe,4,0.9595816115702479,0.9595816115702479,0.0,0.006248825163401195,8.847132682800293,0.001482838881202042
single_probe,15,single,1,probe,5,0.9639721074380165,0.9639721074380165,0.0,0.005923953747231869,9.086830139160156,0.001482838881202042
single_probe,15,single,1,probe,6,0.9682334710743803,0.9682334710743803,0.0,0.005861675281852663,9.560049057006836,0.001482838881202042
single_probe,15,single,1,probe,7,0.9706869834710745,0.9706869834710745,0.0,0.006052231049561763,9.967559814453125,0.001482838881202042
single_probe,15,single,1,probe,8,0.9730113636363638,0.9730113636363638,0.0,0.00561747054969719,10.251312255859375,0.001482838881202042
single_probe,15,single,1,probe,9,0.975335743801653,0.975335743801653,0.0,0.004316761991240203,10.63912296295166,0.001482838881202042
single_probe,15,single,1,probe,10,0.9748192148760331,0.9748192148760331,0.0,0.003974783312062025,11.045775413513184,0.001482838881202042
single_probe,15,single,1,probe,11,0.9744318181818182,0.9744318181818182,0.0,0.003718290747914188,11.20457935333252,0.001482838881202042
single_probe,15,single,1,probe,12,0.9739152892561984,0.9739152892561984,0.0,0.0035049612508804007,11.584714889526367,0.001482838881202042
single_probe,15,single,1,probe,13,0.9728822314049588,0.9728822314049588,0.0,0.003117513939102534,12.098705291748047,0.001482838881202042
single_probe,15,single,1,probe,14,0.9715909090909091,0.9715909090909091,0.0,0.0027077895089318016,12.319990158081055,0.001482838881202042
single_probe,15,single,1,probe,15,0.9699121900826446,0.9699121900826446,0.0,0.002175785117142448,12.701590538024902,0.001482838881202042
single_probe,15,single,1,probe,16,0.4628099173553719,0.9700413223140496,0.5072314049586777,0.0005919186325141768,7.701738357543945,0.001482838881202042
single_probe,15,single,1,probe,17,0.5462293388429752,0.9683626033057852,0.42213326446280997,0.0004989956694265718,8.067983627319336,0.001482838881202042
single_probe,15,single,1,probe,18,0.643595041322314,0.9661673553719008,0.32257231404958675,0.0004456309548765969,8.654791831970215,0.001482838881202042
single_probe,15,single,1,probe,19,0.6691632231404959,0.9608729338842975,0.2917097107438016,0.0004010126972392447,9.186561584472656,0.001482838881202042
single_probe,15,single,1,probe,20,0.7057076446280991,0.9607438016528926,0.25503615702479354,0.0003464164720772267,9.586261749267578,0.001482838881202042
single_probe,15,single,1,probe,21,0.7219783057851239,0.9610020661157025,0.2390237603305786,0.00032164536195256055,9.85990047454834,0.001482838881202042
single_probe,15,single,1,probe,22,0.7264979338842975,0.9545454545454546,0.22804752066115708,0.0003148136802139101,10.147562026977539,0.001482838881202042
single_probe,15,single,1,probe,23,0.7368285123966942,0.9524793388429752,0.21565082644628097,0.0003241341889074212,10.43069839477539,0.001482838881202042
single_probe,15,single,1,probe,24,0.7480630165289256,0.9489927685950414,0.20092975206611585,0.00033543541126435095,10.625679969787598,0.001482838881202042
single_probe,15,single,1,probe,25,0.7511621900826446,0.9429235537190082,0.19176136363636354,0.0003619240347373376,10.94180965423584,0.001482838881202042
single_probe,15,single,1,probe,26,0.7602014462809916,0.9418904958677685,0.1816890495867769,0.0003860731124636363,11.366775512695312,0.001482838881202042
single_probe,15,single,1,probe,27,0.768724173553719,0.9431818181818182,0.1744576446280992,0.00040112811833015183,11.6745023727417,0.001482838881202042
single_probe,15,single,1,probe,28,0.7731146694214875,0.9381456611570248,0.16503099173553726,0.00043960270867138274,12.186028480529785,0.001482838881202042
single_probe,15,single,1,probe,29,0.7674328512396694,0.9315599173553719,0.1641270661157025,0.0004830691278753241,12.667377471923828,0.001482838881202042
single_probe,15,single,1,probe,30,0.768595041322314,0.9270402892561983,0.15844524793388426,0.0005928752036292728,13.952272415161133,0.001482838881202042
single_probe,15,single,1,probe,31,0.750129132231405,0.9190340909090909,0.16890495867768596,0.0023524706851251187,16.100805282592773,0.001482838881202042
single_svd_k1,15,single,1,svd,0,0.899922520661157,0.899922520661157,0.0,0.00441990429886574,4.580940246582031,0.05213236063718796
single_svd_k1,15,single,1,svd,1,0.9309142561983471,0.9309142561983471,0.0,0.0044314525333389865,6.002074241638184,0.05213236063718796
single_svd_k1,15,single,1,svd,2,0.9482179752066116,0.9482179752066116,0.0,0.005059625127012413,9.017328262329102,0.05213236063718796
single_svd_k1,15,single,1,svd,3,0.9511880165289256,0.9511880165289256,0.0,0.00649548041132153,9.122367858886719,0.05213236063718796
single_svd_k1,15,single,1,svd,4,0.9595816115702479,0.9595816115702479,0.0,0.006248825163401195,8.847132682800293,0.05213236063718796
single_svd_k1,15,single,1,svd,5,0.9639721074380165,0.9639721074380165,0.0,0.005923953747231869,9.086830139160156,0.05213236063718796
single_svd_k1,15,single,1,svd,6,0.9682334710743803,0.9682334710743803,0.0,0.005861675281852663,9.560049057006836,0.05213236063718796
single_svd_k1,15,single,1,svd,7,0.9706869834710745,0.9706869834710745,0.0,0.006052231049561763,9.967559814453125,0.05213236063718796
single_svd_k1,15,single,1,svd,8,0.9730113636363638,0.9730113636363638,0.0,0.00561747054969719,10.251312255859375,0.05213236063718796
single_svd_k1,15,single,1,svd,9,0.975335743801653,0.975335743801653,0.0,0.004316761991240203,10.63912296295166,0.05213236063718796
single_svd_k1,15,single,1,svd,10,0.9748192148760331,0.9748192148760331,0.0,0.003974783312062025,11.045775413513184,0.05213236063718796
single_svd_k1,15,single,1,svd,11,0.9744318181818182,0.9744318181818182,0.0,0.003718290747914188,11.20457935333252,0.05213236063718796
single_svd_k1,15,single,1,svd,12,0.9739152892561984,0.9739152892561984,0.0,0.0035049612508804007,11.584714889526367,0.05213236063718796
single_svd_k1,15,single,1,svd,13,0.9728822314049588,0.9728822314049588,0.0,0.003117513939102534,12.098705291748047,0.05213236063718796
single_svd_k1,15,single,1,svd,14,0.9715909090909091,0.9715909090909091,0.0,0.0027077895089318016,12.319990158081055,0.05213236063718796
single_svd_k1,15,single,1,svd,15,0.9699121900826446,0.9699121900826446,0.0,0.002175785117142448,12.701590538024902,0.05213236063718796
single_svd_k1,15,single,1,svd,16,0.9669421487603306,0.9700413223140496,0.0030991735537190257,0.0016725066217178064,12.865854263305664,0.05213236063718796
single_svd_k1,15,single,1,svd,17,0.965392561983471,0.9683626033057852,0.002970041322314154,0.0013801653476979148,13.336833000183105,0.05213236063718796
single_svd_k1,15,single,1,svd,18,0.9647469008264463,0.9661673553719008,0.0014204545454544748,0.0011802688533476546,13.94658088684082,0.05213236063718796
single_svd_k1,15,single,1,svd,19,0.9607438016528926,0.9608729338842975,0.0001291322314048715,0.001029297626302328,14.497162818908691,0.05213236063718796
single_svd_k1,15,single,1,svd,20,0.9598398760330578,0.9607438016528926,0.0009039256198348777,0.0008618350254102625,15.006715774536133,0.05213236063718796
single_svd_k1,15,single,1,svd,21,0.9622933884297521,0.9610020661157025,-0.0012913223140496033,0.0007739721083636075,15.272831916809082,0.05213236063718796
single_svd_k1,15,single,1,svd,22,0.9566115702479339,0.9545454545454546,-0.0020661157024792765,0.0007347839355170693,15.513762474060059,0.05213236063718796
single_svd_k1,15,single,1,svd,23,0.9524793388429752,0.9524793388429752,0.0,0.0007359441119033638,15.747736930847168,0.05213236063718796
single_svd_k1,15,single,1,svd,24,0.9519628099173554,0.9489927685950414,-0.002970041322313932,0.0007447062774839086,15.857144355773926,0.05213236063718796
single_svd_k1,15,single,1,svd,25,0.9452479338842975,0.9429235537190082,-0.0023243801652893525,0.0007871746874419383,16.146625518798828,0.05213236063718796
single_svd_k1,15,single,1,svd,26,0.9447314049586777,0.9418904958677685,-0.0028409090909091717,0.000822021092409364,16.567514419555664,0.05213236063718796
single_svd_k1,15,single,1,svd,27,0.9433109504132231,0.9431818181818182,-0.0001291322314048715,0.0008337710804457998,16.807687759399414,0.05213236063718796
single_svd_k1,15,single,1,svd,28,0.937887396694215,0.9381456611570248,0.00025826446280985405,0.0008930679748512249,17.305246353149414,0.05213236063718796
single_svd_k1,15,single,1,svd,29,0.931301652892562,0.9315599173553719,0.00025826446280996507,0.0009632900597279503,17.80475616455078,0.05213236063718796
single_svd_k1,15,single,1,svd,30,0.9244576446280992,0.9270402892561983,0.0025826446280990956,0.0011814450978212543,19.522554397583008,0.05213236063718796
single_svd_k1,15,single,1,svd,31,0.9146435950413223,0.9190340909090909,0.004390495867768629,0.004678433807662419,23.61283302307129,0.05213236063718796
single_svd_k2,15,single,2,svd,0,0.899922520661157,0.899922520661157,0.0,0.00441990429886574,4.580940246582031,4.207976341247559
single_svd_k2,15,single,2,svd,1,0.9309142561983471,0.9309142561983471,0.0,0.0044314525333389865,6.002074241638184,4.207976341247559
single_svd_k2,15,single,2,svd,2,0.9482179752066116,0.9482179752066116,0.0,0.005059625127012413,9.017328262329102,4.207976341247559
single_svd_k2,15,single,2,svd,3,0.9511880165289256,0.9511880165289256,0.0,0.00649548041132153,9.122367858886719,4.207976341247559
single_svd_k2,15,single,2,svd,4,0.9595816115702479,0.9595816115702479,0.0,0.006248825163401195,8.847132682800293,4.207976341247559
single_svd_k2,15,single,2,svd,5,0.9639721074380165,0.9639721074380165,0.0,0.005923953747231869,9.086830139160156,4.207976341247559
single_svd_k2,15,single,2,svd,6,0.9682334710743803,0.9682334710743803,0.0,0.005861675281852663,9.560049057006836,4.207976341247559
single_svd_k2,15,single,2,svd,7,0.9706869834710745,0.9706869834710745,0.0,0.006052231049561763,9.967559814453125,4.207976341247559
single_svd_k2,15,single,2,svd,8,0.9730113636363638,0.9730113636363638,0.0,0.00561747054969719,10.251312255859375,4.207976341247559
single_svd_k2,15,single,2,svd,9,0.975335743801653,0.975335743801653,0.0,0.004316761991240203,10.63912296295166,4.207976341247559
single_svd_k2,15,single,2,svd,10,0.9748192148760331,0.9748192148760331,0.0,0.003974783312062025,11.045775413513184,4.207976341247559
single_svd_k2,15,single,2,svd,11,0.9744318181818182,0.9744318181818182,0.0,0.003718290747914188,11.20457935333252,4.207976341247559
single_svd_k2,15,single,2,svd,12,0.9739152892561984,0.9739152892561984,0.0,0.0035049612508804007,11.584714889526367,4.207976341247559
single_svd_k2,15,single,2,svd,13,0.9728822314049588,0.9728822314049588,0.0,0.003117513939102534,12.098705291748047,4.207976341247559
single_svd_k2,15,single,2,svd,14,0.9715909090909091,0.9715909090909091,0.0,0.0027077895089318016,12.319990158081055,4.207976341247559
single_svd_k2,15,single,2,svd,15,0.9699121900826446,0.9699121900826446,0.0,0.002175785117142448,12.701590538024902,4.207976341247559
single_svd_k2,15,single,2,svd,16,0.9669421487603307,0.9700413223140496,0.0030991735537189147,0.002814666620873818,13.344252586364746,4.207976341247559
single_svd_k2,15,single,2,svd,17,0.9509297520661157,0.9683626033057852,0.017432851239669422,0.0019382617093111065,13.392553329467773,4.207976341247559
single_svd_k2,15,single,2,svd,18,0.9365960743801653,0.9661673553719008,0.02957128099173545,0.0015614455745738276,13.920210838317871,4.207976341247559
single_svd_k2,15,single,2,svd,19,0.937112603305785,0.9608729338842975,0.023760330578512456,0.00143891458176848,14.967389106750488,4.207976341247559
single_svd_k2,15,single,2,svd,20,0.9320764462809917,0.9607438016528926,0.028667355371900904,0.0012143554281058844,15.451207160949707,4.207976341247559
single_svd_k2,15,single,2,svd,21,0.9377582644628099,0.9610020661157025,0.023243801652892637,0.0011878800051897676,16.008031845092773,4.207976341247559
single_svd_k2,15,single,2,svd,22,0.9258780991735537,0.9545454545454546,0.028667355371900904,0.001233865152682867,17.03304100036621,4.207976341247559
single_svd_k2,15,single,2,svd,23,0.9222623966942148,0.9524793388429752,0.030216942148760362,0.0012806308058772586,17.5535831451416,4.207976341247559
single_svd_k2,15,single,2,svd,24,0.9067665289256198,0.9489927685950414,0.04222623966942163,0.0013192530547453396,17.79718589782715,4.207976341247559
single_svd_k2,15,single,2,svd,25,0.897081611570248,0.9429235537190082,0.04584194214876014,0.0013685952460007478,18.004833221435547,4.207976341247559
single_svd_k2,15,single,2,svd,26,0.8835227272727273,0.9418904958677685,0.058367768595041225,0.0014343358169861542,18.271888732910156,4.207976341247559
single_svd_k2,15,single,2,svd,27,0.8711260330578512,0.9431818181818182,0.07205578512396704,0.0014910028504598882,18.457368850708008,4.207976341247559
single_svd_k2,15,single,2,svd,28,0.8693181818181818,0.9381456611570248,0.06882747933884303,0.0016007162134540343,18.605457305908203,4.207976341247559
single_svd_k2,15,single,2,svd,29,0.8542097107438017,0.9315599173553719,0.07735020661157022,0.001720160966520834,18.740081787109375,4.207976341247559
single_svd_k2,15,single,2,svd,30,0.8415547520661157,0.9270402892561983,0.08548553719008256,0.002091587838673914,18.699893951416016,4.207976341247559
single_svd_k2,15,single,2,svd,31,0.8167613636363636,0.9190340909090909,0.10227272727272729,0.005291120992794163,19.891260147094727,4.207976341247559
single_svd_k4,15,single,4,svd,0,0.899922520661157,0.899922520661157,0.0,0.00441990429886574,4.580940246582031,4.907295227050781
single_svd_k4,15,single,4,svd,1,0.9309142561983471,0.9309142561983471,0.0,0.0044314525333389865,6.002074241638184,4.907295227050781
single_svd_k4,15,single,4,svd,2,0.9482179752066116,0.9482179752066116,0.0,0.005059625127012413,9.017328262329102,4.907295227050781
single_svd_k4,15,single,4,svd,3,0.9511880165289256,0.9511880165289256,0.0,0.00649548041132153,9.122367858886719,4.907295227050781
single_svd_k4,15,single,4,svd,4,0.9595816115702479,0.9595816115702479,0.0,0.006248825163401195,8.847132682800293,4.907295227050781
single_svd_k4,15,single,4,svd,5,0.9639721074380165,0.9639721074380165,0.0,0.005923953747231869,9.086830139160156,4.907295227050781
single_svd_k4,15,single,4,svd,6,0.9682334710743803,0.9682334710743803,0.0,0.005861675281852663,9.560049057006836,4.907295227050781
single_svd_k4,15,single,4,svd,7,0.9706869834710745,0.9706869834710745,0.0,0.006052231049561763,9.967559814453125,4.907295227050781
single_svd_k4,15,single,4,svd,8,0.9730113636363638,0.9730113636363638,0.0,0.00561747054969719,10.251312255859375,4.907295227050781
single_svd_k4,15,single,4,svd,9,0.975335743801653,0.975335743801653,0.0,0.004316761991240203,10.63912296295166,4.907295227050781
single_svd_k4,15,single,4,svd,10,0.9748192148760331,0.9748192148760331,0.0,0.003974783312062025,11.045775413513184,4.907295227050781
single_svd_k4,15,single,4,svd,11,0.9744318181818182,0.9744318181818182,0.0,0.003718290747914188,11.20457935333252,4.907295227050781
single_svd_k4,15,single,4,svd,12,0.9739152892561984,0.9739152892561984,0.0,0.0035049612508804007,11.584714889526367,4.907295227050781
single_svd_k4,15,single,4,svd,13,0.9728822314049588,0.9728822314049588,0.0,0.003117513939102534,12.098705291748047,4.907295227050781
single_svd_k4,15,single,4,svd,14,0.9715909090909091,0.9715909090909091,0.0,0.0027077895089318016,12.319990158081055,4.907295227050781
single_svd_k4,15,single,4,svd,15,0.9699121900826446,0.9699121900826446,0.0,0.002175785117142448,12.701590538024902,4.907295227050781
single_svd_k4,15,single,4,svd,16,0.5861311983471076,0.9700413223140496,0.383910123966942,0.00035368620538467344,4.739657402038574,4.907295227050781
single_svd_k4,15,single,4,svd,17,0.5755423553719008,0.9683626033057852,0.39282024793388437,0.00036282332289649943,5.8044352531433105,4.907295227050781
single_svd_k4,15,single,4,svd,18,0.6018853305785125,0.9661673553719008,0.36428202479338834,0.0003796495339004613,6.758548736572266,4.907295227050781
single_svd_k4,15,single,4,svd,19,0.6069214876033058,0.9608729338842975,0.35395144628099173,0.0004057675101876157,7.750724792480469,4.907295227050781
single_svd_k4,15,single,4,svd,20,0.6264204545454546,0.9607438016528926,0.33432334710743805,0.00040775669223014344,8.651022911071777,4.907295227050781
single_svd_k4,15,single,4,svd,21,0.6355888429752066,0.9610020661157025,0.3254132231404959,0.0004200407987825505,9.234911918640137,4.907295227050781
single_svd_k4,15,single,4,svd,22,0.6274535123966942,0.9545454545454546,0.32709194214876036,0.0005021797745790035,10.60301685333252,4.907295227050781
single_svd_k4,15,single,4,svd,23,0.6215134297520661,0.9524793388429752,0.33096590909090906,0.0005870734220989604,11.60097599029541,4.907295227050781
single_svd_k4,15,single,4,svd,24,0.5893595041322314,0.9489927685950414,0.3596332644628101,0.000628315915868316,12.160494804382324,4.907295227050781
single_svd_k4,15,single,4,svd,25,0.5881973140495868,0.9429235537190082,0.3547262396694214,0.0006603401757681038,12.484427452087402,4.907295227050781
single_svd_k4,15,single,4,svd,26,0.5861311983471075,0.9418904958677685,0.35575929752066104,0.0007129043920323097,12.973636627197266,4.907295227050781
single_svd_k4,15,single,4,svd,27,0.5881973140495868,0.9431818181818182,0.3549845041322315,0.0007723692029253382,13.400930404663086,4.907295227050781
single_svd_k4,15,single,4,svd,28,0.572184917355372,0.9381456611570248,0.3659607438016528,0.0008699410713677302,13.824742317199707,4.907295227050781
single_svd_k4,15,single,4,svd,29,0.562887396694215,0.9315599173553719,0.36867252066115697,0.0010321567588282843,14.61917781829834,4.907295227050781
single_svd_k4,15,single,4,svd,30,0.5587551652892562,0.9270402892561983,0.36828512396694213,0.0013591071922096631,15.267006874084473,4.907295227050781
single_svd_k4,15,single,4,svd,31,0.5637913223140496,0.9190340909090909,0.35524276859504134,0.0033631567020302455,16.873510360717773,4.907295227050781
single_svd_k8,15,single,8,svd,0,0.899922520661157,0.899922520661157,0.0,0.00441990429886574,4.580940246582031,6.153595447540283
single_svd_k8,15,single,8,svd,1,0.9309142561983471,0.9309142561983471,0.0,0.0044314525333389865,6.002074241638184,6.153595447540283
single_svd_k8,15,single,8,svd,2,0.9482179752066116,0.9482179752066116,0.0,0.005059625127012413,9.017328262329102,6.153595447540283
single_svd_k8,15,single,8,svd,3,0.9511880165289256,0.9511880165289256,0.0,0.00649548041132153,9.122367858886719,6.153595447540283
single_svd_k8,15,single,8,svd,4,0.9595816115702479,0.9595816115702479,0.0,0.006248825163401195,8.847132682800293,6.153595447540283
single_svd_k8,15,single,8,svd,5,0.9639721074380165,0.9639721074380165,0.0,0.005923953747231869,9.086830139160156,6.153595447540283
single_svd_k8,15,single,8,svd,6,0.9682334710743803,0.9682334710743803,0.0,0.005861675281852663,9.560049057006836,6.153595447540283
single_svd_k8,15,single,8,svd,7,0.9706869834710745,0.9706869834710745,0.0,0.006052231049561763,9.967559814453125,6.153595447540283
single_svd_k8,15,single,8,svd,8,0.9730113636363638,0.9730113636363638,0.0,0.00561747054969719,10.251312255859375,6.153595447540283
single_svd_k8,15,single,8,svd,9,0.975335743801653,0.975335743801653,0.0,0.004316761991240203,10.63912296295166,6.153595447540283
single_svd_k8,15,single,8,svd,10,0.9748192148760331,0.9748192148760331,0.0,0.003974783312062025,11.045775413513184,6.153595447540283
single_svd_k8,15,single,8,svd,11,0.9744318181818182,0.9744318181818182,0.0,0.003718290747914188,11.20457935333252,6.153595447540283
single_svd_k8,15,single,8,svd,12,0.9739152892561984,0.9739152892561984,0.0,0.0035049612508804007,11.584714889526367,6.153595447540283
single_svd_k8,15,single,8,svd,13,0.9728822314049588,0.9728822314049588,0.0,0.003117513939102534,12.098705291748047,6.153595447540283
single_svd_k8,15,single,8,svd,14,0.9715909090909091,0.9715909090909091,0.0,0.0027077895089318016,12.319990158081055,6.153595447540283
single_svd_k8,15,single,8,svd,15,0.9699121900826446,0.9699121900826446,0.0,0.002175785117142448,12.701590538024902,6.153595447540283
single_svd_k8,15,single,8,svd,16,0.5409349173553719,0.9700413223140496,0.4291064049586777,0.0003653155573706268,3.9446098804473877,6.153595447540283
single_svd_k8,15,single,8,svd,17,0.5253099173553719,0.9683626033057852,0.44305268595041325,0.00038894662507082955,4.922116279602051,6.153595447540283
single_svd_k8,15,single,8,svd,18,0.5380940082644627,0.9661673553719008,0.42807334710743805,0.0007544947537696522,8.072610855102539,6.153595447540283
single_svd_k8,15,single,8,svd,19,0.5646952479338843,0.9608729338842975,0.39617768595041325,0.0007800343443207236,9.418109893798828,6.153595447540283
single_svd_k8,15,single,8,svd,20,0.5641787190082644,0.9607438016528926,0.3965650826446282,0.0008171634372887704,10.830656051635742,6.153595447540283
single_svd_k8,15,single,8,svd,21,0.5729597107438016,0.9610020661157025,0.3880423553719009,0.0008057856068255376,11.27553939819336,6.153595447540283
single_svd_k8,15,single,8,svd,22,0.5482954545454546,0.9545454545454546,0.40625,0.0009134726598311049,12.678145408630371,6.153595447540283
single_svd_k8,15,single,8,svd,23,0.5254390495867769,0.9524793388429752,0.4270402892561983,0.0009444717865785268,13.34300708770752,6.153595447540283
single_svd_k8,15,single,8,svd,24,0.5415805785123966,0.9489927685950414,0.40741219008264484,0.0009818497660100123,13.872453689575195,6.153595447540283
single_svd_k8,15,single,8,svd,25,0.5566890495867769,0.9429235537190082,0.38623450413223126,0.0009869356883204228,14.108524322509766,6.153595447540283
single_svd_k8,15,single,8,svd,26,0.5754132231404958,0.9418904958677685,0.3664772727272727,0.001073674537993341,14.799806594848633,6.153595447540283
single_svd_k8,15,single,8,svd,27,0.5743801652892562,0.9431818181818182,0.36880165289256206,0.0011459386242976821,15.280754089355469,6.153595447540283
single_svd_k8,15,single,8,svd,28,0.5670196280991735,0.9381456611570248,0.3711260330578513,0.001286708302963735,15.99601936340332,6.153595447540283
single_svd_k8,15,single,8,svd,29,0.5761880165289256,0.9315599173553719,0.3553719008264463,0.0014395023451655442,16.76895523071289,6.153595447540283
single_svd_k8,15,single,8,svd,30,0.549974173553719,0.9270402892561983,0.3770661157024793,0.0018250116362225066,17.860450744628906,6.153595447540283
single_svd_k8,15,single,8,svd,31,0.5600464876033058,0.9190340909090909,0.35898760330578516,0.004566364861945171,19.16396713256836,6.153595447540283
single_random,15,single,1,random,0,0.899922520661157,0.899922520661157,0.0,0.00441990429886574,4.580940246582031,0.0009268639259971678
single_random,15,single,1,random,1,0.9309142561983471,0.9309142561983471,0.0,0.0044314525333389865,6.002074241638184,0.0009268639259971678
single_random,15,single,1,random,2,0.9482179752066116,0.9482179752066116,0.0,0.005059625127012413,9.017328262329102,0.0009268639259971678
single_random,15,single,1,random,3,0.9511880165289256,0.9511880165289256,0.0,0.00649548041132153,9.122367858886719,0.0009268639259971678
single_random,15,single,1,random,4,0.9595816115702479,0.9595816115702479,0.0,0.006248825163401195,8.847132682800293,0.0009268639259971678
single_random,15,single,1,random,5,0.9639721074380165,0.9639721074380165,0.0,0.005923953747231869,9.086830139160156,0.0009268639259971678
single_random,15,single,1,random,6,0.9682334710743803,0.9682334710743803,0.0,0.005861675281852663,9.560049057006836,0.0009268639259971678
single_random,15,single,1,random,7,0.9706869834710745,0.9706869834710745,0.0,0.006052231049561763,9.967559814453125,0.0009268639259971678
single_random,15,single,1,random,8,0.9730113636363638,0.9730113636363638,0.0,0.00561747054969719,10.251312255859375,0.0009268639259971678
single_random,15,single,1,random,9,0.975335743801653,0.975335743801653,0.0,0.004316761991240203,10.63912296295166,0.0009268639259971678
single_random,15,single,1,random,10,0.9748192148760331,0.9748192148760331,0.0,0.003974783312062025,11.045775413513184,0.0009268639259971678
single_random,15,single,1,random,11,0.9744318181818182,0.9744318181818182,0.0,0.003718290747914188,11.20457935333252,0.0009268639259971678
single_random,15,single,1,random,12,0.9739152892561984,0.9739152892561984,0.0,0.0035049612508804007,11.584714889526367,0.0009268639259971678
single_random,15,single,1,random,13,0.9728822314049588,0.9728822314049588,0.0,0.003117513939102534,12.098705291748047,0.0009268639259971678
single_random,15,single,1,random,14,0.9715909090909091,0.9715909090909091,0.0,0.0027077895089318016,12.319990158081055,0.0009268639259971678
single_random,15,single,1,random,15,0.9699121900826446,0.9699121900826446,0.0,0.002175785117142448,12.701590538024902,0.0009268639259971678
single_random,15,single,1,random,16,0.9700413223140496,0.9700413223140496,0.0,0.0016780395696667227,12.952826499938965,0.0009268639259971678
single_random,15,single,1,random,17,0.9683626033057852,0.9683626033057852,0.0,0.0013897977933321481,13.432479858398438,0.0009268639259971678
single_random,15,single,1,random,18,0.9662964876033058,0.9661673553719008,-0.00012913223140498253,0.0011893234837201394,14.065462112426758,0.0009268639259971678
single_random,15,single,1,random,19,0.9611311983471074,0.9608729338842975,-0.00025826446280985405,0.0010404345732066833,14.633392333984375,0.0009268639259971678
single_random,15,single,1,random,20,0.9603564049586777,0.9607438016528926,0.0003873966942149476,0.0008762283102002888,15.165449142456055,0.0009268639259971678
single_random,15,single,1,random,21,0.9615185950413223,0.9610020661157025,-0.0005165289256198191,0.0007857525486432149,15.440340042114258,0.0009268639259971678
single_random,15,single,1,random,22,0.9549328512396695,0.9545454545454546,-0.0003873966942149476,0.000747702370379022,15.707300186157227,0.0009268639259971678
single_random,15,single,1,random,23,0.9526084710743801,0.9524793388429752,-0.0001291322314048715,0.0007502347259293884,15.96378231048584,0.0009268639259971678
single_random,15,single,1,random,24,0.9488636363636365,0.9489927685950414,0.00012913223140498253,0.0007591877371869726,16.06653594970703,0.0009268639259971678
single_random,15,single,1,random,25,0.9426652892561983,0.9429235537190082,0.00025826446280985405,0.0008016092786657936,16.297943115234375,0.0009268639259971678
single_random,15,single,1,random,26,0.9426652892561983,0.9418904958677685,-0.0007747933884297842,0.0008332676431721531,16.623254776000977,0.0009268639259971678
single_random,15,single,1,random,27,0.9426652892561984,0.9431818181818182,0.0005165289256198191,0.000844828007754761,16.81682586669922,0.0009268639259971678
single_random,15,single,1,random,28,0.9381456611570248,0.9381456611570248,0.0,0.0009023635421899767,17.191770553588867,0.0009268639259971678
single_random,15,single,1,random,29,0.9318181818181819,0.9315599173553719,-0.00025826446280996507,0.0009695574601854551,17.614049911499023,0.0009268639259971678
single_random,15,single,1,random,30,0.9275568181818181,0.9270402892561983,-0.0005165289256198191,0.001168131650600368,19.020626068115234,0.0009268639259971678
single_random,15,single,1,random,31,0.9205836776859505,0.9190340909090909,-0.0015495867768595684,0.004413794927050185,22.46318244934082,0.0009268639259971678
single_probe,20,single,1,probe,0,0.899922520661157,0.899922520661157,0.0,0.00441990429886574,4.580940246582031,0.001108428230509162
single_probe,20,single,1,probe,1,0.9309142561983471,0.9309142561983471,0.0,0.0044314525333389865,6.002074241638184,0.001108428230509162
single_probe,20,single,1,probe,2,0.9482179752066116,0.9482179752066116,0.0,0.005059625127012413,9.017328262329102,0.001108428230509162
single_probe,20,single,1,probe,3,0.9511880165289256,0.9511880165289256,0.0,0.00649548041132153,9.122367858886719,0.001108428230509162
single_probe,20,single,1,probe,4,0.9595816115702479,0.9595816115702479,0.0,0.006248825163401195,8.847132682800293,0.001108428230509162
single_probe,20,single,1,probe,5,0.9639721074380165,0.9639721074380165,0.0,0.005923953747231869,9.086830139160156,0.001108428230509162
single_probe,20,single,1,probe,6,0.9682334710743803,0.9682334710743803,0.0,0.005861675281852663,9.560049057006836,0.001108428230509162
single_probe,20,single,1,probe,7,0.9706869834710745,0.9706869834710745,0.0,0.006052231049561763,9.967559814453125,0.001108428230509162
single_probe,20,single,1,probe,8,0.9730113636363638,0.9730113636363638,0.0,0.00561747054969719,10.251312255859375,0.001108428230509162
single_probe,20,single,1,probe,9,0.975335743801653,0.975335743801653,0.0,0.004316761991240203,10.63912296295166,0.001108428230509162
single_probe,20,single,1,probe,10,0.9748192148760331,0.9748192148760331,0.0,0.003974783312062025,11.045775413513184,0.001108428230509162
single_probe,20,single,1,probe,11,0.9744318181818182,0.9744318181818182,0.0,0.003718290747914188,11.20457935333252,0.001108428230509162
single_probe,20,single,1,probe,12,0.9739152892561984,0.9739152892561984,0.0,0.0035049612508804007,11.584714889526367,0.001108428230509162
single_probe,20,single,1,probe,13,0.9728822314049588,0.9728822314049588,0.0,0.003117513939102534,12.098705291748047,0.001108428230509162
single_probe,20,single,1,probe,14,0.9715909090909091,0.9715909090909091,0.0,0.0027077895089318016,12.319990158081055,0.001108428230509162
single_probe,20,single,1,probe,15,0.9699121900826446,0.9699121900826446,0.0,0.002175785117142448,12.701590538024902,0.001108428230509162
single_probe,20,single,1,probe,16,0.9700413223140496,0.9700413223140496,0.0,0.001678214439390091,12.952423095703125,0.001108428230509162
single_probe,20,single,1,probe,17,0.9683626033057852,0.9683626033057852,0.0,0.0013895575166317231,13.429990768432617,0.001108428230509162
single_probe,20,single,1,probe,18,0.9661673553719008,0.9661673553719008,0.0,0.001190304429522171,14.060503959655762,0.001108428230509162
single_probe,20,single,1,probe,19,0.9608729338842975,0.9608729338842975,0.0,0.0010413900616462746,14.631999969482422,0.001108428230509162
single_probe,20,single,1,probe,20,0.9607438016528926,0.9607438016528926,0.0,0.0008758061582252452,15.163883209228516,0.001108428230509162
single_probe,20,single,1,probe,21,0.3738378099173554,0.9610020661157025,0.5871642561983471,0.0003076557133719904,9.702449798583984,0.001108428230509162
single_probe,20,single,1,probe,22,0.44382747933884303,0.9545454545454546,0.5107179752066116,0.0003002938906708774,9.958295822143555,0.001108428230509162
single_probe,20,single,1,probe,23,0.49302685950413216,0.9524793388429752,0.45945247933884303,0.00030683038373613414,10.183732986450195,0.001108428230509162
single_probe,20,single,1,probe,24,0.5525568181818182,0.9489927685950414,0.3964359504132232,0.0003167207509497949,10.354818344116211,0.001108428230509162
single_probe,20,single,1,probe,25,0.5794163223140495,0.9429235537190082,0.36350723140495866,0.00034363190636088614,10.662407875061035,0.001108428230509162
single_probe,20,single,1,probe,26,0.6044679752066117,0.9418904958677685,0.33742252066115686,0.00036694850644303223,11.046982765197754,0.001108428230509162
single_probe,20,single,1,probe,27,0.6336518595041323,0.9431818181818182,0.30952995867768596,0.00038501600024931637,11.373612403869629,0.001108428230509162
single_probe,20,single,1,probe,28,0.650051652892562,0.9381456611570248,0.28809400826446285,0.00042784377152793596,11.89815616607666,0.001108428230509162
single_probe,20,single,1,probe,29,0.6541838842975206,0.9315599173553719,0.2773760330578513,0.0004736944626840822,12.392550468444824,0.001108428230509162
single_probe,20,single,1,probe,30,0.6672262396694213,0.9270402892561983,0.259814049586777,0.0005854070905652042,13.584779739379883,0.001108428230509162
single_probe,20,single,1,probe,31,0.6547004132231404,0.9190340909090909,0.2643336776859505,0.0023926924216239875,15.873175621032715,0.001108428230509162
single_svd_k1,20,single,1,svd,0,0.899922520661157,0.899922520661157,0.0,0.00441990429886574,4.580940246582031,1.7417348623275757
single_svd_k1,20,single,1,svd,1,0.9309142561983471,0.9309142561983471,0.0,0.0044314525333389865,6.002074241638184,1.7417348623275757
single_svd_k1,20,single,1,svd,2,0.9482179752066116,0.9482179752066116,0.0,0.005059625127012413,9.017328262329102,1.7417348623275757
single_svd_k1,20,single,1,svd,3,0.9511880165289256,0.9511880165289256,0.0,0.00649548041132153,9.122367858886719,1.7417348623275757
single_svd_k1,20,single,1,svd,4,0.9595816115702479,0.9595816115702479,0.0,0.006248825163401195,8.847132682800293,1.7417348623275757
single_svd_k1,20,single,1,svd,5,0.9639721074380165,0.9639721074380165,0.0,0.005923953747231869,9.086830139160156,1.7417348623275757
single_svd_k1,20,single,1,svd,6,0.9682334710743803,0.9682334710743803,0.0,0.005861675281852663,9.560049057006836,1.7417348623275757
single_svd_k1,20,single,1,svd,7,0.9706869834710745,0.9706869834710745,0.0,0.006052231049561763,9.967559814453125,1.7417348623275757
single_svd_k1,20,single,1,svd,8,0.9730113636363638,0.9730113636363638,0.0,0.00561747054969719,10.251312255859375,1.7417348623275757
single_svd_k1,20,single,1,svd,9,0.975335743801653,0.975335743801653,0.0,0.004316761991240203,10.63912296295166,1.7417348623275757
single_svd_k1,20,single,1,svd,10,0.9748192148760331,0.9748192148760331,0.0,0.003974783312062025,11.045775413513184,1.7417348623275757
single_svd_k1,20,single,1,svd,11,0.9744318181818182,0.9744318181818182,0.0,0.003718290747914188,11.20457935333252,1.7417348623275757
single_svd_k1,20,single,1,svd,12,0.9739152892561984,0.9739152892561984,0.0,0.0035049612508804007,11.584714889526367,1.7417348623275757
single_svd_k1,20,single,1,svd,13,0.9728822314049588,0.9728822314049588,0.0,0.003117513939102534,12.098705291748047,1.7417348623275757
single_svd_k1,20,single,1,svd,14,0.9715909090909091,0.9715909090909091,0.0,0.0027077895089318016,12.319990158081055,1.7417348623275757
single_svd_k1,20,single,1,svd,15,0.9699121900826446,0.9699121900826446,0.0,0.002175785117142448,12.701590538024902,1.7417348623275757
single_svd_k1,20,single,1,svd,16,0.9700413223140496,0.9700413223140496,0.0,0.001678214439390091,12.952423095703125,1.7417348623275757
single_svd_k1,20,single,1,svd,17,0.9683626033057852,0.9683626033057852,0.0,0.0013895575166317231,13.429990768432617,1.7417348623275757
single_svd_k1,20,single,1,svd,18,0.9661673553719008,0.9661673553719008,0.0,0.001190304429522171,14.060503959655762,1.7417348623275757
single_svd_k1,20,single,1,svd,19,0.9608729338842975,0.9608729338842975,0.0,0.0010413900616462746,14.631999969482422,1.7417348623275757
single_svd_k1,20,single,1,svd,20,0.9607438016528926,0.9607438016528926,0.0,0.0008758061582252452,15.163883209228516,1.7417348623275757
single_svd_k1,20,single,1,svd,21,0.953254132231405,0.9610020661157025,0.007747933884297509,0.0007952630362454416,15.803135871887207,1.7417348623275757
single_svd_k1,20,single,1,svd,22,0.9488636363636364,0.9545454545454546,0.005681818181818232,0.0007564609255349408,16.089204788208008,1.7417348623275757
single_svd_k1,20,single,1,svd,23,0.950154958677686,0.9524793388429752,0.0023243801652892415,0.0007466399487103814,16.35550308227539,1.7417348623275757
single_svd_k1,20,single,1,svd,24,0.943827479338843,0.9489927685950414,0.005165289256198413,0.0007410063536698042,16.5146427154541,1.7417348623275757
single_svd_k1,20,single,1,svd,25,0.9399535123966942,0.9429235537190082,0.002970041322313932,0.0007683389711903299,16.664724349975586,1.7417348623275757
single_svd_k1,20,single,1,svd,26,0.9350464876033058,0.9418904958677685,0.006844008264462742,0.0007791716198588539,16.78587532043457,1.7417348623275757
single_svd_k1,20,single,1,svd,27,0.9331095041322315,0.9431818181818182,0.01007231404958675,0.0007877882486788668,16.904165267944336,1.7417348623275757
single_svd_k1,20,single,1,svd,28,0.9325929752066116,0.9381456611570248,0.00555268595041325,0.0008080205057083845,16.965444564819336,1.7417348623275757
single_svd_k1,20,single,1,svd,29,0.9270402892561984,0.9315599173553719,0.0045196280991735005,0.0008456750033065674,17.137130737304688,1.7417348623275757
single_svd_k1,20,single,1,svd,30,0.9182592975206612,0.9270402892561983,0.008780991735537147,0.0009813751727203446,17.44487762451172,1.7417348623275757
single_svd_k1,20,single,1,svd,31,0.9108987603305786,0.9190340909090909,0.008135330578512345,0.0023710062059529857,19.22532844543457,1.7417348623275757
single_svd_k2,20,single,2,svd,0,0.899922520661157,0.899922520661157,0.0,0.00441990429886574,4.580940246582031,2.578711748123169
single_svd_k2,20,single,2,svd,1,0.9309142561983471,0.9309142561983471,0.0,0.0044314525333389865,6.002074241638184,2.578711748123169
single_svd_k2,20,single,2,svd,2,0.9482179752066116,0.9482179752066116,0.0,0.005059625127012413,9.017328262329102,2.578711748123169
single_svd_k2,20,single,2,svd,3,0.9511880165289256,0.9511880165289256,0.0,0.00649548041132153,9.122367858886719,2.578711748123169
single_svd_k2,20,single,2,svd,4,0.9595816115702479,0.9595816115702479,0.0,0.006248825163401195,8.847132682800293,2.578711748123169
single_svd_k2,20,single,2,svd,5,0.9639721074380165,0.9639721074380165,0.0,0.005923953747231869,9.086830139160156,2.578711748123169
single_svd_k2,20,single,2,svd,6,0.9682334710743803,0.9682334710743803,0.0,0.005861675281852663,9.560049057006836,2.578711748123169
single_svd_k2,20,single,2,svd,7,0.9706869834710745,0.9706869834710745,0.0,0.006052231049561763,9.967559814453125,2.578711748123169
single_svd_k2,20,single,2,svd,8,0.9730113636363638,0.9730113636363638,0.0,0.00561747054969719,10.251312255859375,2.578711748123169
single_svd_k2,20,single,2,svd,9,0.975335743801653,0.975335743801653,0.0,0.004316761991240203,10.63912296295166,2.578711748123169
single_svd_k2,20,single,2,svd,10,0.9748192148760331,0.9748192148760331,0.0,0.003974783312062025,11.045775413513184,2.578711748123169
single_svd_k2,20,single,2,svd,11,0.9744318181818182,0.9744318181818182,0.0,0.003718290747914188,11.20457935333252,2.578711748123169
single_svd_k2,20,single,2,svd,12,0.9739152892561984,0.9739152892561984,0.0,0.0035049612508804007,11.584714889526367,2.578711748123169
single_svd_k2,20,single,2,svd,13,0.9728822314049588,0.9728822314049588,0.0,0.003117513939102534,12.098705291748047,2.578711748123169
single_svd_k2,20,single,2,svd,14,0.9715909090909091,0.9715909090909091,0.0,0.0027077895089318016,12.319990158081055,2.578711748123169
single_svd_k2,20,single,2,svd,15,0.9699121900826446,0.9699121900826446,0.0,0.002175785117142448,12.701590538024902,2.578711748123169
single_svd_k2,20,single,2,svd,16,0.9700413223140496,0.9700413223140496,0.0,0.001678214439390091,12.952423095703125,2.578711748123169
single_svd_k2,20,single,2,svd,17,0.9683626033057852,0.9683626033057852,0.0,0.0013895575166317231,13.429990768432617,2.578711748123169
single_svd_k2,20,single,2,svd,18,0.9661673553719008,0.9661673553719008,0.0,0.001190304429522171,14.060503959655762,2.578711748123169
single_svd_k2,20,single,2,svd,19,0.9608729338842975,0.9608729338842975,0.0,0.0010413900616462746,14.631999969482422,2.578711748123169
single_svd_k2,20,single,2,svd,20,0.9607438016528926,0.9607438016528926,0.0,0.0008758061582252452,15.163883209228516,2.578711748123169
single_svd_k2,20,single,2,svd,21,0.9394369834710744,0.9610020661157025,0.021565082644628086,0.001976450607705016,17.032546997070312,2.578711748123169
single_svd_k2,20,single,2,svd,22,0.9211002066115702,0.9545454545454546,0.03344524793388437,0.0019980953330566154,18.932682037353516,2.578711748123169
single_svd_k2,20,single,2,svd,23,0.9294938016528925,0.9524793388429752,0.022985537190082672,0.0023912759437932918,21.735828399658203,2.578711748123169
single_svd_k2,20,single,2,svd,24,0.9229080578512397,0.9489927685950414,0.026084710743801698,0.0023402203324747184,22.247900009155273,2.578711748123169
single_svd_k2,20,single,2,svd,25,0.9107696280991736,0.9429235537190082,0.032153925619834545,0.0022458094152750796,22.621578216552734,2.578711748123169
single_svd_k2,20,single,2,svd,26,0.9163223140495868,0.9418904958677685,0.025568181818181768,0.0022236401034242403,23.185049057006836,2.578711748123169
single_svd_k2,20,single,2,svd,27,0.915805785123967,0.9431818181818182,0.02737603305785119,0.0022335410064674432,23.69485092163086,2.578711748123169
single_svd_k2,20,single,2,svd,28,0.9036673553719009,0.9381456611570248,0.0344783057851239,0.002202109047096723,23.871749877929688,2.578711748123169
single_svd_k2,20,single,2,svd,29,0.8880423553719008,0.9315599173553719,0.04351756198347112,0.0023348468514556853,24.550859451293945,2.578711748123169
single_svd_k2,20,single,2,svd,30,0.8901084710743802,0.9270402892561983,0.03693181818181812,0.0025556723971724704,24.974327087402344,2.578711748123169
single_svd_k2,20,single,2,svd,31,0.8574380165289256,0.9190340909090909,0.061596074380165344,0.004466272976583974,26.103668212890625,2.578711748123169
single_svd_k4,20,single,4,svd,0,0.899922520661157,0.899922520661157,0.0,0.00441990429886574,4.580940246582031,3.3453192710876465
single_svd_k4,20,single,4,svd,1,0.9309142561983471,0.9309142561983471,0.0,0.0044314525333389865,6.002074241638184,3.3453192710876465
single_svd_k4,20,single,4,svd,2,0.9482179752066116,0.9482179752066116,0.0,0.005059625127012413,9.017328262329102,3.3453192710876465
single_svd_k4,20,single,4,svd,3,0.9511880165289256,0.9511880165289256,0.0,0.00649548041132153,9.122367858886719,3.3453192710876465
single_svd_k4,20,single,4,svd,4,0.9595816115702479,0.9595816115702479,0.0,0.006248825163401195,8.847132682800293,3.3453192710876465
single_svd_k4,20,single,4,svd,5,0.9639721074380165,0.9639721074380165,0.0,0.005923953747231869,9.086830139160156,3.3453192710876465
single_svd_k4,20,single,4,svd,6,0.9682334710743803,0.9682334710743803,0.0,0.005861675281852663,9.560049057006836,3.3453192710876465
single_svd_k4,20,single,4,svd,7,0.9706869834710745,0.9706869834710745,0.0,0.006052231049561763,9.967559814453125,3.3453192710876465
single_svd_k4,20,single,4,svd,8,0.9730113636363638,0.9730113636363638,0.0,0.00561747054969719,10.251312255859375,3.3453192710876465
single_svd_k4,20,single,4,svd,9,0.975335743801653,0.975335743801653,0.0,0.004316761991240203,10.63912296295166,3.3453192710876465
single_svd_k4,20,single,4,svd,10,0.9748192148760331,0.9748192148760331,0.0,0.003974783312062025,11.045775413513184,3.3453192710876465
single_svd_k4,20,single,4,svd,11,0.9744318181818182,0.9744318181818182,0.0,0.003718290747914188,11.20457935333252,3.3453192710876465
single_svd_k4,20,single,4,svd,12,0.9739152892561984,0.9739152892561984,0.0,0.0035049612508804007,11.584714889526367,3.3453192710876465
single_svd_k4,20,single,4,svd,13,0.9728822314049588,0.9728822314049588,0.0,0.003117513939102534,12.098705291748047,3.3453192710876465
single_svd_k4,20,single,4,svd,14,0.9715909090909091,0.9715909090909091,0.0,0.0027077895089318016,12.319990158081055,3.3453192710876465
single_svd_k4,20,single,4,svd,15,0.9699121900826446,0.9699121900826446,0.0,0.002175785117142448,12.701590538024902,3.3453192710876465
single_svd_k4,20,single,4,svd,16,0.9700413223140496,0.9700413223140496,0.0,0.001678214439390091,12.952423095703125,3.3453192710876465
single_svd_k4,20,single,4,svd,17,0.9683626033057852,0.9683626033057852,0.0,0.0013895575166317231,13.429990768432617,3.3453192710876465
single_svd_k4,20,single,4,svd,18,0.9661673553719008,0.9661673553719008,0.0,0.001190304429522171,14.060503959655762,3.3453192710876465
single_svd_k4,20,single,4,svd,19,0.9608729338842975,0.9608729338842975,0.0,0.0010413900616462746,14.631999969482422,3.3453192710876465
single_svd_k4,20,single,4,svd,20,0.9607438016528926,0.9607438016528926,0.0,0.0008758061582252452,15.163883209228516,3.3453192710876465
single_svd_k4,20,single,4,svd,21,0.9116735537190083,0.9610020661157025,0.049328512396694224,0.002650370162562088,16.48753547668457,3.3453192710876465
single_svd_k4,20,single,4,svd,22,0.9137396694214875,0.9545454545454546,0.04080578512396704,0.0025180178786824436,18.025745391845703,3.3453192710876465
single_svd_k4,20,single,4,svd,23,0.8954028925619835,0.9524793388429752,0.05707644628099173,0.0023950915829813457,18.81741714477539,3.3453192710876465
single_svd_k4,20,single,4,svd,24,0.8804235537190083,0.9489927685950414,0.06856921487603318,0.0024149593925890667,19.483173370361328,3.3453192710876465
single_svd_k4,20,single,4,svd,25,0.8733212809917356,0.9429235537190082,0.0696022727272726,0.0022726807436553864,19.61457061767578,3.3453192710876465
single_svd_k4,20,single,4,svd,26,0.8761621900826446,0.9418904958677685,0.0657283057851239,0.002243030730736728,20.163745880126953,3.3453192710876465
single_svd_k4,20,single,4,svd,27,0.8850723140495868,0.9431818181818182,0.05810950413223148,0.002181616133818731,20.533239364624023,3.3453192710876465
single_svd_k4,20,single,4,svd,28,0.8730630165289257,0.9381456611570248,0.0650826446280991,0.0021230348074152694,20.793487548828125,3.3453192710876465
single_svd_k4,20,single,4,svd,29,0.8699638429752066,0.9315599173553719,0.061596074380165344,0.002102490314135008,20.92023468017578,3.3453192710876465
single_svd_k4,20,single,4,svd,30,0.8607954545454546,0.9270402892561983,0.06624483471074372,0.0023022156409245875,21.664112091064453,3.3453192710876465
single_svd_k4,20,single,4,svd,31,0.8287706611570247,0.9190340909090909,0.09026342975206625,0.0039716048862314945,22.69000244140625,3.3453192710876465
single_svd_k8,20,single,8,svd,0,0.899922520661157,0.899922520661157,0.0,0.00441990429886574,4.580940246582031,3.386779546737671
single_svd_k8,20,single,8,svd,1,0.9309142561983471,0.9309142561983471,0.0,0.0044314525333389865,6.002074241638184,3.386779546737671
single_svd_k8,20,single,8,svd,2,0.9482179752066116,0.9482179752066116,0.0,0.005059625127012413,9.017328262329102,3.386779546737671
single_svd_k8,20,single,8,svd,3,0.9511880165289256,0.9511880165289256,0.0,0.00649548041132153,9.122367858886719,3.386779546737671
single_svd_k8,20,single,8,svd,4,0.9595816115702479,0.9595816115702479,0.0,0.006248825163401195,8.847132682800293,3.386779546737671
single_svd_k8,20,single,8,svd,5,0.9639721074380165,0.9639721074380165,0.0,0.005923953747231869,9.086830139160156,3.386779546737671
single_svd_k8,20,single,8,svd,6,0.9682334710743803,0.9682334710743803,0.0,0.005861675281852663,9.560049057006836,3.386779546737671
single_svd_k8,20,single,8,svd,7,0.9706869834710745,0.9706869834710745,0.0,0.006052231049561763,9.967559814453125,3.386779546737671
single_svd_k8,20,single,8,svd,8,0.9730113636363638,0.9730113636363638,0.0,0.00561747054969719,10.251312255859375,3.386779546737671
single_svd_k8,20,single,8,svd,9,0.975335743801653,0.975335743801653,0.0,0.004316761991240203,10.63912296295166,3.386779546737671
single_svd_k8,20,single,8,svd,10,0.9748192148760331,0.9748192148760331,0.0,0.003974783312062025,11.045775413513184,3.386779546737671
single_svd_k8,20,single,8,svd,11,0.9744318181818182,0.9744318181818182,0.0,0.003718290747914188,11.20457935333252,3.386779546737671
single_svd_k8,20,single,8,svd,12,0.9739152892561984,0.9739152892561984,0.0,0.0035049612508804007,11.584714889526367,3.386779546737671
single_svd_k8,20,single,8,svd,13,0.9728822314049588,0.9728822314049588,0.0,0.003117513939102534,12.098705291748047,3.386779546737671
single_svd_k8,20,single,8,svd,14,0.9715909090909091,0.9715909090909091,0.0,0.0027077895089318016,12.319990158081055,3.386779546737671
single_svd_k8,20,single,8,svd,15,0.9699121900826446,0.9699121900826446,0.0,0.002175785117142448,12.701590538024902,3.386779546737671
single_svd_k8,20,single,8,svd,16,0.9700413223140496,0.9700413223140496,0.0,0.001678214439390091,12.952423095703125,3.386779546737671
single_svd_k8,20,single,8,svd,17,0.9683626033057852,0.9683626033057852,0.0,0.0013895575166317231,13.429990768432617,3.386779546737671
single_svd_k8,20,single,8,svd,18,0.9661673553719008,0.9661673553719008,0.0,0.001190304429522171,14.060503959655762,3.386779546737671
single_svd_k8,20,single,8,svd,19,0.9608729338842975,0.9608729338842975,0.0,0.0010413900616462746,14.631999969482422,3.386779546737671
single_svd_k8,20,single,8,svd,20,0.9607438016528926,0.9607438016528926,0.0,0.0008758061582252452,15.163883209228516,3.386779546737671
single_svd_k8,20,single,8,svd,21,0.5431301652892562,0.9610020661157025,0.4178719008264463,0.0004156920647864215,6.121850490570068,3.386779546737671
single_svd_k8,20,single,8,svd,22,0.547004132231405,0.9545454545454546,0.4075413223140496,0.0006510243243291747,8.606768608093262,3.386779546737671
single_svd_k8,20,single,8,svd,23,0.5546229338842975,0.9524793388429752,0.3978564049586777,0.000789444906912462,10.234962463378906,3.386779546737671
single_svd_k8,20,single,8,svd,24,0.5484245867768596,0.9489927685950414,0.4005681818181819,0.0009226716113339695,11.531352043151855,3.386779546737671
single_svd_k8,20,single,8,svd,25,0.5622417355371901,0.9429235537190082,0.380681818181818,0.0009335587182511818,12.129011154174805,3.386779546737671
single_svd_k8,20,single,8,svd,26,0.5637913223140496,0.9418904958677685,0.3780991735537189,0.0010028128194272679,13.02729320526123,3.386779546737671
single_svd_k8,20,single,8,svd,27,0.5551394628099173,0.9431818181818182,0.3880423553719009,0.0010388433977904787,13.738554954528809,3.386779546737671
single_svd_k8,20,single,8,svd,28,0.5534607438016529,0.9381456611570248,0.3846849173553719,0.0010223509185213198,14.034804344177246,3.386779546737671
single_svd_k8,20,single,8,svd,29,0.5353822314049587,0.9315599173553719,0.39617768595041325,0.0010741604413524453,14.546708106994629,3.386779546737671
single_svd_k8,20,single,8,svd,30,0.5297004132231405,0.9270402892561983,0.39733987603305776,0.0012037406123501793,15.320354461669922,3.386779546737671
single_svd_k8,20,single,8,svd,31,0.5189824380165289,0.9190340909090909,0.40005165289256206,0.0021334075476642234,16.25301170349121,3.386779546737671
single_random,20,single,1,random,0,0.899922520661157,0.899922520661157,0.0,0.00441990429886574,4.580940246582031,0.0004868231771979481
single_random,20,single,1,random,1,0.9309142561983471,0.9309142561983471,0.0,0.0044314525333389865,6.002074241638184,0.0004868231771979481
single_random,20,single,1,random,2,0.9482179752066116,0.9482179752066116,0.0,0.005059625127012413,9.017328262329102,0.0004868231771979481
single_random,20,single,1,random,3,0.9511880165289256,0.9511880165289256,0.0,0.00649548041132153,9.122367858886719,0.0004868231771979481
single_random,20,single,1,random,4,0.9595816115702479,0.9595816115702479,0.0,0.006248825163401195,8.847132682800293,0.0004868231771979481
single_random,20,single,1,random,5,0.9639721074380165,0.9639721074380165,0.0,0.005923953747231869,9.086830139160156,0.0004868231771979481
single_random,20,single,1,random,6,0.9682334710743803,0.9682334710743803,0.0,0.005861675281852663,9.560049057006836,0.0004868231771979481
single_random,20,single,1,random,7,0.9706869834710745,0.9706869834710745,0.0,0.006052231049561763,9.967559814453125,0.0004868231771979481
single_random,20,single,1,random,8,0.9730113636363638,0.9730113636363638,0.0,0.00561747054969719,10.251312255859375,0.0004868231771979481
single_random,20,single,1,random,9,0.975335743801653,0.975335743801653,0.0,0.004316761991240203,10.63912296295166,0.0004868231771979481
single_random,20,single,1,random,10,0.9748192148760331,0.9748192148760331,0.0,0.003974783312062025,11.045775413513184,0.0004868231771979481
single_random,20,single,1,random,11,0.9744318181818182,0.9744318181818182,0.0,0.003718290747914188,11.20457935333252,0.0004868231771979481
single_random,20,single,1,random,12,0.9739152892561984,0.9739152892561984,0.0,0.0035049612508804007,11.584714889526367,0.0004868231771979481
single_random,20,single,1,random,13,0.9728822314049588,0.9728822314049588,0.0,0.003117513939102534,12.098705291748047,0.0004868231771979481
single_random,20,single,1,random,14,0.9715909090909091,0.9715909090909091,0.0,0.0027077895089318016,12.319990158081055,0.0004868231771979481
single_random,20,single,1,random,15,0.9699121900826446,0.9699121900826446,0.0,0.002175785117142448,12.701590538024902,0.0004868231771979481
single_random,20,single,1,random,16,0.9700413223140496,0.9700413223140496,0.0,0.001678214439390091,12.952423095703125,0.0004868231771979481
single_random,20,single,1,random,17,0.9683626033057852,0.9683626033057852,0.0,0.0013895575166317231,13.429990768432617,0.0004868231771979481
single_random,20,single,1,random,18,0.9661673553719008,0.9661673553719008,0.0,0.001190304429522171,14.060503959655762,0.0004868231771979481
single_random,20,single,1,random,19,0.9608729338842975,0.9608729338842975,0.0,0.0010413900616462746,14.631999969482422,0.0004868231771979481
single_random,20,single,1,random,20,0.9607438016528926,0.9607438016528926,0.0,0.0008758061582252452,15.163883209228516,0.0004868231771979481
single_random,20,single,1,random,21,0.9610020661157025,0.9610020661157025,0.0,0.0007848472442469889,15.438885688781738,0.0004868231771979481
single_random,20,single,1,random,22,0.9545454545454546,0.9545454545454546,0.0,0.0007466323489039306,15.707176208496094,0.0004868231771979481
single_random,20,single,1,random,23,0.9523502066115702,0.9524793388429752,0.00012913223140498253,0.0007490524926450082,15.965669631958008,0.0004868231771979481
single_random,20,single,1,random,24,0.9488636363636364,0.9489927685950414,0.00012913223140509356,0.0007580429705127401,16.070528030395508,0.0004868231771979481
single_random,20,single,1,random,25,0.9425361570247933,0.9429235537190082,0.0003873966942148366,0.0008006098432375985,16.304401397705078,0.0004868231771979481
single_random,20,single,1,random,26,0.9424070247933883,0.9418904958677685,-0.0005165289256198191,0.0008321617851931862,16.633155822753906,0.0004868231771979481
single_random,20,single,1,random,27,0.9425361570247934,0.9431818181818182,0.0006456611570248016,0.0008442943014321802,16.833242416381836,0.0004868231771979481
single_random,20,single,1,random,28,0.9384039256198347,0.9381456611570248,-0.00025826446280985405,0.0009015060594269597,17.210622787475586,0.0004868231771979481
single_random,20,single,1,random,29,0.9322055785123967,0.9315599173553719,-0.0006456611570248016,0.0009686692303944033,17.63484764099121,0.0004868231771979481
single_random,20,single,1,random,30,0.9274276859504132,0.9270402892561983,-0.0003873966942149476,0.0011665662416806555,19.047765731811523,0.0004868231771979481
single_random,20,single,1,random,31,0.9190340909090908,0.9190340909090909,1.1102230246251565e-16,0.004403734525308067,22.516756057739258,0.0004868231771979481
single_probe,25,single,1,probe,0,0.899922520661157,0.899922520661157,0.0,0.00441990429886574,4.580940246582031,0.0009920524898916483
single_probe,25,single,1,probe,1,0.9309142561983471,0.9309142561983471,0.0,0.0044314525333389865,6.002074241638184,0.0009920524898916483
single_probe,25,single,1,probe,2,0.9482179752066116,0.9482179752066116,0.0,0.005059625127012413,9.017328262329102,0.0009920524898916483
single_probe,25,single,1,probe,3,0.9511880165289256,0.9511880165289256,0.0,0.00649548041132153,9.122367858886719,0.0009920524898916483
single_probe,25,single,1,probe,4,0.9595816115702479,0.9595816115702479,0.0,0.006248825163401195,8.847132682800293,0.0009920524898916483
single_probe,25,single,1,probe,5,0.9639721074380165,0.9639721074380165,0.0,0.005923953747231869,9.086830139160156,0.0009920524898916483
single_probe,25,single,1,probe,6,0.9682334710743803,0.9682334710743803,0.0,0.005861675281852663,9.560049057006836,0.0009920524898916483
single_probe,25,single,1,probe,7,0.9706869834710745,0.9706869834710745,0.0,0.006052231049561763,9.967559814453125,0.0009920524898916483
single_probe,25,single,1,probe,8,0.9730113636363638,0.9730113636363638,0.0,0.00561747054969719,10.251312255859375,0.0009920524898916483
single_probe,25,single,1,probe,9,0.975335743801653,0.975335743801653,0.0,0.004316761991240203,10.63912296295166,0.0009920524898916483
single_probe,25,single,1,probe,10,0.9748192148760331,0.9748192148760331,0.0,0.003974783312062025,11.045775413513184,0.0009920524898916483
single_probe,25,single,1,probe,11,0.9744318181818182,0.9744318181818182,0.0,0.003718290747914188,11.20457935333252,0.0009920524898916483
single_probe,25,single,1,probe,12,0.9739152892561984,0.9739152892561984,0.0,0.0035049612508804007,11.584714889526367,0.0009920524898916483
single_probe,25,single,1,probe,13,0.9728822314049588,0.9728822314049588,0.0,0.003117513939102534,12.098705291748047,0.0009920524898916483
single_probe,25,single,1,probe,14,0.9715909090909091,0.9715909090909091,0.0,0.0027077895089318016,12.319990158081055,0.0009920524898916483
single_probe,25,single,1,probe,15,0.9699121900826446,0.9699121900826446,0.0,0.002175785117142448,12.701590538024902,0.0009920524898916483
single_probe,25,single,1,probe,16,0.9700413223140496,0.9700413223140496,0.0,0.001678214439390091,12.952423095703125,0.0009920524898916483
single_probe,25,single,1,probe,17,0.9683626033057852,0.9683626033057852,0.0,0.0013895575166317231,13.429990768432617,0.0009920524898916483
single_probe,25,single,1,probe,18,0.9661673553719008,0.9661673553719008,0.0,0.001190304429522171,14.060503959655762,0.0009920524898916483
single_probe,25,single,1,probe,19,0.9608729338842975,0.9608729338842975,0.0,0.0010413900616462746,14.631999969482422,0.0009920524898916483
single_probe,25,single,1,probe,20,0.9607438016528926,0.9607438016528926,0.0,0.0008758061582252452,15.163883209228516,0.0009920524898916483
single_probe,25,single,1,probe,21,0.9610020661157025,0.9610020661157025,0.0,0.000786055832290411,15.43765926361084,0.0009920524898916483
single_probe,25,single,1,probe,22,0.9545454545454546,0.9545454545454546,0.0,0.0007473755967709605,15.706923484802246,0.0009920524898916483
single_probe,25,single,1,probe,23,0.9524793388429752,0.9524793388429752,0.0,0.0007498324527471789,15.965222358703613,0.0009920524898916483
single_probe,25,single,1,probe,24,0.9489927685950414,0.9489927685950414,0.0,0.0007588191358015584,16.06854248046875,0.0009920524898916483
single_probe,25,single,1,probe,25,0.9429235537190082,0.9429235537190082,0.0,0.000801230177441159,16.30206298828125,0.0009920524898916483
single_probe,25,single,1,probe,26,0.33264462809917356,0.9418904958677685,0.609245867768595,0.00032769361092988003,10.457605361938477,0.0009920524898916483
single_probe,25,single,1,probe,27,0.3992768595041323,0.9431818181818182,0.543904958677686,0.000346646619570401,10.813180923461914,0.0009920524898916483
single_probe,25,single,1,probe,28,0.45209194214876036,0.9381456611570248,0.48605371900826444,0.0003884058271310664,11.346232414245605,0.0009920524898916483
single_probe,25,single,1,probe,29,0.46461776859504134,0.9315599173553719,0.4669421487603306,0.0004340413822939704,11.870793342590332,0.0009920524898916483
single_probe,25,single,1,probe,30,0.49845041322314043,0.9270402892561983,0.42858987603305787,0.0005428807131734326,13.100561141967773,0.0009920524898916483
single_probe,25,single,1,probe,31,0.49961260330578505,0.9190340909090909,0.4194214876033059,0.002174705952778022,15.354634284973145,0.0009920524898916483
single_svd_k1,25,single,1,svd,0,0.899922520661157,0.899922520661157,0.0,0.00441990429886574,4.580940246582031,2.184464693069458
single_svd_k1,25,single,1,svd,1,0.9309142561983471,0.9309142561983471,0.0,0.0044314525333389865,6.002074241638184,2.184464693069458
single_svd_k1,25,single,1,svd,2,0.9482179752066116,0.9482179752066116,0.0,0.005059625127012413,9.017328262329102,2.184464693069458
single_svd_k1,25,single,1,svd,3,0.9511880165289256,0.9511880165289256,0.0,0.00649548041132153,9.122367858886719,2.184464693069458
single_svd_k1,25,single,1,svd,4,0.9595816115702479,0.9595816115702479,0.0,0.006248825163401195,8.847132682800293,2.184464693069458
single_svd_k1,25,single,1,svd,5,0.9639721074380165,0.9639721074380165,0.0,0.005923953747231869,9.086830139160156,2.184464693069458
single_svd_k1,25,single,1,svd,6,0.9682334710743803,0.9682334710743803,0.0,0.005861675281852663,9.560049057006836,2.184464693069458
single_svd_k1,25,single,1,svd,7,0.9706869834710745,0.9706869834710745,0.0,0.006052231049561763,9.967559814453125,2.184464693069458
single_svd_k1,25,single,1,svd,8,0.9730113636363638,0.9730113636363638,0.0,0.00561747054969719,10.251312255859375,2.184464693069458
single_svd_k1,25,single,1,svd,9,0.975335743801653,0.975335743801653,0.0,0.004316761991240203,10.63912296295166,2.184464693069458
single_svd_k1,25,single,1,svd,10,0.9748192148760331,0.9748192148760331,0.0,0.003974783312062025,11.045775413513184,2.184464693069458
single_svd_k1,25,single,1,svd,11,0.9744318181818182,0.9744318181818182,0.0,0.003718290747914188,11.20457935333252,2.184464693069458
single_svd_k1,25,single,1,svd,12,0.9739152892561984,0.9739152892561984,0.0,0.0035049612508804007,11.584714889526367,2.184464693069458
single_svd_k1,25,single,1,svd,13,0.9728822314049588,0.9728822314049588,0.0,0.003117513939102534,12.098705291748047,2.184464693069458
single_svd_k1,25,single,1,svd,14,0.9715909090909091,0.9715909090909091,0.0,0.0027077895089318016,12.319990158081055,2.184464693069458
single_svd_k1,25,single,1,svd,15,0.9699121900826446,0.9699121900826446,0.0,0.002175785117142448,12.701590538024902,2.184464693069458
single_svd_k1,25,single,1,svd,16,0.9700413223140496,0.9700413223140496,0.0,0.001678214439390091,12.952423095703125,2.184464693069458
single_svd_k1,25,single,1,svd,17,0.9683626033057852,0.9683626033057852,0.0,0.0013895575166317231,13.429990768432617,2.184464693069458
single_svd_k1,25,single,1,svd,18,0.9661673553719008,0.9661673553719008,0.0,0.001190304429522171,14.060503959655762,2.184464693069458
single_svd_k1,25,single,1,svd,19,0.9608729338842975,0.9608729338842975,0.0,0.0010413900616462746,14.631999969482422,2.184464693069458
single_svd_k1,25,single,1,svd,20,0.9607438016528926,0.9607438016528926,0.0,0.0008758061582252452,15.163883209228516,2.184464693069458
single_svd_k1,25,single,1,svd,21,0.9610020661157025,0.9610020661157025,0.0,0.000786055832290411,15.43765926361084,2.184464693069458
single_svd_k1,25,single,1,svd,22,0.9545454545454546,0.9545454545454546,0.0,0.0007473755967709605,15.706923484802246,2.184464693069458
single_svd_k1,25,single,1,svd,23,0.9524793388429752,0.9524793388429752,0.0,0.0007498324527471789,15.965222358703613,2.184464693069458
single_svd_k1,25,single,1,svd,24,0.9489927685950414,0.9489927685950414,0.0,0.0007588191358015584,16.06854248046875,2.184464693069458
single_svd_k1,25,single,1,svd,25,0.9429235537190082,0.9429235537190082,0.0,0.000801230177441159,16.30206298828125,2.184464693069458
single_svd_k1,25,single,1,svd,26,0.9325929752066116,0.9418904958677685,0.009297520661156966,0.0014773547460017467,17.43059730529785,2.184464693069458
single_svd_k1,25,single,1,svd,27,0.9282024793388429,0.9431818181818182,0.01497933884297531,0.0016596821604323297,18.91445541381836,2.184464693069458
single_svd_k1,25,single,1,svd,28,0.9262654958677685,0.9381456611570248,0.011880165289256284,0.0018872379937650008,21.194408416748047,2.184464693069458
single_svd_k1,25,single,1,svd,29,0.9236828512396694,0.9315599173553719,0.007877066115702491,0.0024231801431856548,24.98076629638672,2.184464693069458
single_svd_k1,25,single,1,svd,30,0.9183884297520661,0.9270402892561983,0.008651859504132164,0.0025684216749010114,26.484485626220703,2.184464693069458
single_svd_k1,25,single,1,svd,31,0.9052169421487603,0.9190340909090909,0.013817148760330689,0.0046852228495586346,27.91004180908203,2.184464693069458
single_svd_k2,25,single,2,svd,0,0.899922520661157,0.899922520661157,0.0,0.00441990429886574,4.580940246582031,2.40787935256958
single_svd_k2,25,single,2,svd,1,0.9309142561983471,0.9309142561983471,0.0,0.0044314525333389865,6.002074241638184,2.40787935256958
single_svd_k2,25,single,2,svd,2,0.9482179752066116,0.9482179752066116,0.0,0.005059625127012413,9.017328262329102,2.40787935256958
single_svd_k2,25,single,2,svd,3,0.9511880165289256,0.9511880165289256,0.0,0.00649548041132153,9.122367858886719,2.40787935256958
single_svd_k2,25,single,2,svd,4,0.9595816115702479,0.9595816115702479,0.0,0.006248825163401195,8.847132682800293,2.40787935256958
single_svd_k2,25,single,2,svd,5,0.9639721074380165,0.9639721074380165,0.0,0.005923953747231869,9.086830139160156,2.40787935256958
single_svd_k2,25,single,2,svd,6,0.9682334710743803,0.9682334710743803,0.0,0.005861675281852663,9.560049057006836,2.40787935256958
single_svd_k2,25,single,2,svd,7,0.9706869834710745,0.9706869834710745,0.0,0.006052231049561763,9.967559814453125,2.40787935256958
single_svd_k2,25,single,2,svd,8,0.9730113636363638,0.9730113636363638,0.0,0.00561747054969719,10.251312255859375,2.40787935256958
single_svd_k2,25,single,2,svd,9,0.975335743801653,0.975335743801653,0.0,0.004316761991240203,10.63912296295166,2.40787935256958
single_svd_k2,25,single,2,svd,10,0.9748192148760331,0.9748192148760331,0.0,0.003974783312062025,11.045775413513184,2.40787935256958
single_svd_k2,25,single,2,svd,11,0.9744318181818182,0.9744318181818182,0.0,0.003718290747914188,11.20457935333252,2.40787935256958
single_svd_k2,25,single,2,svd,12,0.9739152892561984,0.9739152892561984,0.0,0.0035049612508804007,11.584714889526367,2.40787935256958
single_svd_k2,25,single,2,svd,13,0.9728822314049588,0.9728822314049588,0.0,0.003117513939102534,12.098705291748047,2.40787935256958
single_svd_k2,25,single,2,svd,14,0.9715909090909091,0.9715909090909091,0.0,0.0027077895089318016,12.319990158081055,2.40787935256958
single_svd_k2,25,single,2,svd,15,0.9699121900826446,0.9699121900826446,0.0,0.002175785117142448,12.701590538024902,2.40787935256958
single_svd_k2,25,single,2,svd,16,0.9700413223140496,0.9700413223140496,0.0,0.001678214439390091,12.952423095703125,2.40787935256958
single_svd_k2,25,single,2,svd,17,0.9683626033057852,0.9683626033057852,0.0,0.0013895575166317231,13.429990768432617,2.40787935256958
single_svd_k2,25,single,2,svd,18,0.9661673553719008,0.9661673553719008,0.0,0.001190304429522171,14.060503959655762,2.40787935256958
single_svd_k2,25,single,2,svd,19,0.9608729338842975,0.9608729338842975,0.0,0.0010413900616462746,14.631999969482422,2.40787935256958
single_svd_k2,25,single,2,svd,20,0.9607438016528926,0.9607438016528926,0.0,0.0008758061582252452,15.163883209228516,2.40787935256958
single_svd_k2,25,single,2,svd,21,0.9610020661157025,0.9610020661157025,0.0,0.000786055832290411,15.43765926361084,2.40787935256958
single_svd_k2,25,single,2,svd,22,0.9545454545454546,0.9545454545454546,0.0,0.0007473755967709605,15.706923484802246,2.40787935256958
single_svd_k2,25,single,2,svd,23,0.9524793388429752,0.9524793388429752,0.0,0.0007498324527471789,15.965222358703613,2.40787935256958
single_svd_k2,25,single,2,svd,24,0.9489927685950414,0.9489927685950414,0.0,0.0007588191358015584,16.06854248046875,2.40787935256958
single_svd_k2,25,single,2,svd,25,0.9429235537190082,0.9429235537190082,0.0,0.000801230177441159,16.30206298828125,2.40787935256958
single_svd_k2,25,single,2,svd,26,0.9294938016528925,0.9418904958677685,0.012396694214875992,0.0017206281125954348,17.8233699798584,2.40787935256958
single_svd_k2,25,single,2,svd,27,0.9265237603305785,0.9431818181818182,0.01665805785123975,0.001922089376559688,19.386348724365234,2.40787935256958
single_svd_k2,25,single,2,svd,28,0.928073347107438,0.9381456611570248,0.01007231404958675,0.0020893785755963235,21.53419303894043,2.40787935256958
single_svd_k2,25,single,2,svd,29,0.9185175619834711,0.9315599173553719,0.013042355371900793,0.0030232339747489068,27.19882583618164,2.40787935256958
single_svd_k2,25,single,2,svd,30,0.9165805785123966,0.9270402892561983,0.010459710743801698,0.0032116379731682576,29.25092315673828,2.40787935256958
single_svd_k2,25,single,2,svd,31,0.9021177685950413,0.9190340909090909,0.016916322314049603,0.004652170419325974,30.60639762878418,2.40787935256958
single_svd_k4,25,single,4,svd,0,0.899922520661157,0.899922520661157,0.0,0.00441990429886574,4.580940246582031,2.927835464477539
single_svd_k4,25,single,4,svd,1,0.9309142561983471,0.9309142561983471,0.0,0.0044314525333389865,6.002074241638184,2.927835464477539
single_svd_k4,25,single,4,svd,2,0.9482179752066116,0.9482179752066116,0.0,0.005059625127012413,9.017328262329102,2.927835464477539
single_svd_k4,25,single,4,svd,3,0.9511880165289256,0.9511880165289256,0.0,0.00649548041132153,9.122367858886719,2.927835464477539
single_svd_k4,25,single,4,svd,4,0.9595816115702479,0.9595816115702479,0.0,0.006248825163401195,8.847132682800293,2.927835464477539
single_svd_k4,25,single,4,svd,5,0.9639721074380165,0.9639721074380165,0.0,0.005923953747231869,9.086830139160156,2.927835464477539
single_svd_k4,25,single,4,svd,6,0.9682334710743803,0.9682334710743803,0.0,0.005861675281852663,9.560049057006836,2.927835464477539
single_svd_k4,25,single,4,svd,7,0.9706869834710745,0.9706869834710745,0.0,0.006052231049561763,9.967559814453125,2.927835464477539
single_svd_k4,25,single,4,svd,8,0.9730113636363638,0.9730113636363638,0.0,0.00561747054969719,10.251312255859375,2.927835464477539
single_svd_k4,25,single,4,svd,9,0.975335743801653,0.975335743801653,0.0,0.004316761991240203,10.63912296295166,2.927835464477539
single_svd_k4,25,single,4,svd,10,0.9748192148760331,0.9748192148760331,0.0,0.003974783312062025,11.045775413513184,2.927835464477539
single_svd_k4,25,single,4,svd,11,0.9744318181818182,0.9744318181818182,0.0,0.003718290747914188,11.20457935333252,2.927835464477539
single_svd_k4,25,single,4,svd,12,0.9739152892561984,0.9739152892561984,0.0,0.0035049612508804007,11.584714889526367,2.927835464477539
single_svd_k4,25,single,4,svd,13,0.9728822314049588,0.9728822314049588,0.0,0.003117513939102534,12.098705291748047,2.927835464477539
single_svd_k4,25,single,4,svd,14,0.9715909090909091,0.9715909090909091,0.0,0.0027077895089318016,12.319990158081055,2.927835464477539
single_svd_k4,25,single,4,svd,15,0.9699121900826446,0.9699121900826446,0.0,0.002175785117142448,12.701590538024902,2.927835464477539
single_svd_k4,25,single,4,svd,16,0.9700413223140496,0.9700413223140496,0.0,0.001678214439390091,12.952423095703125,2.927835464477539
single_svd_k4,25,single,4,svd,17,0.9683626033057852,0.9683626033057852,0.0,0.0013895575166317231,13.429990768432617,2.927835464477539
single_svd_k4,25,single,4,svd,18,0.9661673553719008,0.9661673553719008,0.0,0.001190304429522171,14.060503959655762,2.927835464477539
single_svd_k4,25,single,4,svd,19,0.9608729338842975,0.9608729338842975,0.0,0.0010413900616462746,14.631999969482422,2.927835464477539
single_svd_k4,25,single,4,svd,20,0.9607438016528926,0.9607438016528926,0.0,0.0008758061582252452,15.163883209228516,2.927835464477539
single_svd_k4,25,single,4,svd,21,0.9610020661157025,0.9610020661157025,0.0,0.000786055832290411,15.43765926361084,2.927835464477539
single_svd_k4,25,single,4,svd,22,0.9545454545454546,0.9545454545454546,0.0,0.0007473755967709605,15.706923484802246,2.927835464477539
single_svd_k4,25,single,4,svd,23,0.9524793388429752,0.9524793388429752,0.0,0.0007498324527471789,15.965222358703613,2.927835464477539
single_svd_k4,25,single,4,svd,24,0.9489927685950414,0.9489927685950414,0.0,0.0007588191358015584,16.06854248046875,2.927835464477539
single_svd_k4,25,single,4,svd,25,0.9429235537190082,0.9429235537190082,0.0,0.000801230177441159,16.30206298828125,2.927835464477539
single_svd_k4,25,single,4,svd,26,0.9258780991735538,0.9418904958677685,0.016012396694214726,0.002459779823825392,17.79179573059082,2.927835464477539
single_svd_k4,25,single,4,svd,27,0.9254907024793388,0.9431818181818182,0.017691115702479387,0.0027032285041481696,19.289888381958008,2.927835464477539
single_svd_k4,25,single,4,svd,28,0.9195506198347108,0.9381456611570248,0.018595041322314043,0.0028957172165038347,21.14971923828125,2.927835464477539
single_svd_k4,25,single,4,svd,29,0.9075413223140496,0.9315599173553719,0.02401859504132231,0.003805374809237927,25.65938949584961,2.927835464477539
single_svd_k4,25,single,4,svd,30,0.9066373966942148,0.9270402892561983,0.020402892561983466,0.0038549124755484776,27.06033706665039,2.927835464477539
single_svd_k4,25,single,4,svd,31,0.8824896694214877,0.9190340909090909,0.036544421487603285,0.0049931718880330545,28.094802856445312,2.927835464477539
single_svd_k8,25,single,8,svd,0,0.899922520661157,0.899922520661157,0.0,0.00441990429886574,4.580940246582031,3.039139986038208
single_svd_k8,25,single,8,svd,1,0.9309142561983471,0.9309142561983471,0.0,0.0044314525333389865,6.002074241638184,3.039139986038208
single_svd_k8,25,single,8,svd,2,0.9482179752066116,0.9482179752066116,0.0,0.005059625127012413,9.017328262329102,3.039139986038208
single_svd_k8,25,single,8,svd,3,0.9511880165289256,0.9511880165289256,0.0,0.00649548041132153,9.122367858886719,3.039139986038208
single_svd_k8,25,single,8,svd,4,0.9595816115702479,0.9595816115702479,0.0,0.006248825163401195,8.847132682800293,3.039139986038208
single_svd_k8,25,single,8,svd,5,0.9639721074380165,0.9639721074380165,0.0,0.005923953747231869,9.086830139160156,3.039139986038208
single_svd_k8,25,single,8,svd,6,0.9682334710743803,0.9682334710743803,0.0,0.005861675281852663,9.560049057006836,3.039139986038208
single_svd_k8,25,single,8,svd,7,0.9706869834710745,0.9706869834710745,0.0,0.006052231049561763,9.967559814453125,3.039139986038208
single_svd_k8,25,single,8,svd,8,0.9730113636363638,0.9730113636363638,0.0,0.00561747054969719,10.251312255859375,3.039139986038208
single_svd_k8,25,single,8,svd,9,0.975335743801653,0.975335743801653,0.0,0.004316761991240203,10.63912296295166,3.039139986038208
single_svd_k8,25,single,8,svd,10,0.9748192148760331,0.9748192148760331,0.0,0.003974783312062025,11.045775413513184,3.039139986038208
single_svd_k8,25,single,8,svd,11,0.9744318181818182,0.9744318181818182,0.0,0.003718290747914188,11.20457935333252,3.039139986038208
single_svd_k8,25,single,8,svd,12,0.9739152892561984,0.9739152892561984,0.0,0.0035049612508804007,11.584714889526367,3.039139986038208
single_svd_k8,25,single,8,svd,13,0.9728822314049588,0.9728822314049588,0.0,0.003117513939102534,12.098705291748047,3.039139986038208
single_svd_k8,25,single,8,svd,14,0.9715909090909091,0.9715909090909091,0.0,0.0027077895089318016,12.319990158081055,3.039139986038208
single_svd_k8,25,single,8,svd,15,0.9699121900826446,0.9699121900826446,0.0,0.002175785117142448,12.701590538024902,3.039139986038208
single_svd_k8,25,single,8,svd,16,0.9700413223140496,0.9700413223140496,0.0,0.001678214439390091,12.952423095703125,3.039139986038208
single_svd_k8,25,single,8,svd,17,0.9683626033057852,0.9683626033057852,0.0,0.0013895575166317231,13.429990768432617,3.039139986038208
single_svd_k8,25,single,8,svd,18,0.9661673553719008,0.9661673553719008,0.0,0.001190304429522171,14.060503959655762,3.039139986038208
single_svd_k8,25,single,8,svd,19,0.9608729338842975,0.9608729338842975,0.0,0.0010413900616462746,14.631999969482422,3.039139986038208
single_svd_k8,25,single,8,svd,20,0.9607438016528926,0.9607438016528926,0.0,0.0008758061582252452,15.163883209228516,3.039139986038208
single_svd_k8,25,single,8,svd,21,0.9610020661157025,0.9610020661157025,0.0,0.000786055832290411,15.43765926361084,3.039139986038208
single_svd_k8,25,single,8,svd,22,0.9545454545454546,0.9545454545454546,0.0,0.0007473755967709605,15.706923484802246,3.039139986038208
single_svd_k8,25,single,8,svd,23,0.9524793388429752,0.9524793388429752,0.0,0.0007498324527471789,15.965222358703613,3.039139986038208
single_svd_k8,25,single,8,svd,24,0.9489927685950414,0.9489927685950414,0.0,0.0007588191358015584,16.06854248046875,3.039139986038208
single_svd_k8,25,single,8,svd,25,0.9429235537190082,0.9429235537190082,0.0,0.000801230177441159,16.30206298828125,3.039139986038208
single_svd_k8,25,single,8,svd,26,0.7555526859504131,0.9418904958677685,0.18633780991735538,0.0016858474097324327,13.922842025756836,3.039139986038208
single_svd_k8,25,single,8,svd,27,0.7538739669421487,0.9431818181818182,0.18930785123966953,0.002110245262972321,16.1412410736084,3.039139986038208
single_svd_k8,25,single,8,svd,28,0.7427685950413223,0.9381456611570248,0.1953770661157025,0.002370835944762395,18.168188095092773,3.039139986038208
single_svd_k8,25,single,8,svd,29,0.7330836776859504,0.9315599173553719,0.19847623966942152,0.003236743869121761,22.50534439086914,3.039139986038208
single_svd_k8,25,single,8,svd,30,0.7266270661157025,0.9270402892561983,0.2004132231404958,0.0033920564690068655,24.072954177856445,3.039139986038208
single_svd_k8,25,single,8,svd,31,0.7106146694214875,0.9190340909090909,0.2084194214876034,0.004780433242176252,26.215248107910156,3.039139986038208
single_random,25,single,1,random,0,0.899922520661157,0.899922520661157,0.0,0.00441990429886574,4.580940246582031,0.0003239149518776685
single_random,25,single,1,random,1,0.9309142561983471,0.9309142561983471,0.0,0.0044314525333389865,6.002074241638184,0.0003239149518776685
single_random,25,single,1,random,2,0.9482179752066116,0.9482179752066116,0.0,0.005059625127012413,9.017328262329102,0.0003239149518776685
single_random,25,single,1,random,3,0.9511880165289256,0.9511880165289256,0.0,0.00649548041132153,9.122367858886719,0.0003239149518776685
single_random,25,single,1,random,4,0.9595816115702479,0.9595816115702479,0.0,0.006248825163401195,8.847132682800293,0.0003239149518776685
single_random,25,single,1,random,5,0.9639721074380165,0.9639721074380165,0.0,0.005923953747231869,9.086830139160156,0.0003239149518776685
single_random,25,single,1,random,6,0.9682334710743803,0.9682334710743803,0.0,0.005861675281852663,9.560049057006836,0.0003239149518776685
single_random,25,single,1,random,7,0.9706869834710745,0.9706869834710745,0.0,0.006052231049561763,9.967559814453125,0.0003239149518776685
single_random,25,single,1,random,8,0.9730113636363638,0.9730113636363638,0.0,0.00561747054969719,10.251312255859375,0.0003239149518776685
single_random,25,single,1,random,9,0.975335743801653,0.975335743801653,0.0,0.004316761991240203,10.63912296295166,0.0003239149518776685
single_random,25,single,1,random,10,0.9748192148760331,0.9748192148760331,0.0,0.003974783312062025,11.045775413513184,0.0003239149518776685
single_random,25,single,1,random,11,0.9744318181818182,0.9744318181818182,0.0,0.003718290747914188,11.20457935333252,0.0003239149518776685
single_random,25,single,1,random,12,0.9739152892561984,0.9739152892561984,0.0,0.0035049612508804007,11.584714889526367,0.0003239149518776685
single_random,25,single,1,random,13,0.9728822314049588,0.9728822314049588,0.0,0.003117513939102534,12.098705291748047,0.0003239149518776685
single_random,25,single,1,random,14,0.9715909090909091,0.9715909090909091,0.0,0.0027077895089318016,12.319990158081055,0.0003239149518776685
single_random,25,single,1,random,15,0.9699121900826446,0.9699121900826446,0.0,0.002175785117142448,12.701590538024902,0.0003239149518776685
single_random,25,single,1,random,16,0.9700413223140496,0.9700413223140496,0.0,0.001678214439390091,12.952423095703125,0.0003239149518776685
single_random,25,single,1,random,17,0.9683626033057852,0.9683626033057852,0.0,0.0013895575166317231,13.429990768432617,0.0003239149518776685
single_random,25,single,1,random,18,0.9661673553719008,0.9661673553719008,0.0,0.001190304429522171,14.060503959655762,0.0003239149518776685
single_random,25,single,1,random,19,0.9608729338842975,0.9608729338842975,0.0,0.0010413900616462746,14.631999969482422,0.0003239149518776685
single_random,25,single,1,random,20,0.9607438016528926,0.9607438016528926,0.0,0.0008758061582252452,15.163883209228516,0.0003239149518776685
single_random,25,single,1,random,21,0.9610020661157025,0.9610020661157025,0.0,0.000786055832290411,15.43765926361084,0.0003239149518776685
single_random,25,single,1,random,22,0.9545454545454546,0.9545454545454546,0.0,0.0007473755967709605,15.706923484802246,0.0003239149518776685
single_random,25,single,1,random,23,0.9524793388429752,0.9524793388429752,0.0,0.0007498324527471789,15.965222358703613,0.0003239149518776685
single_random,25,single,1,random,24,0.9489927685950414,0.9489927685950414,0.0,0.0007588191358015584,16.06854248046875,0.0003239149518776685
single_random,25,single,1,random,25,0.9429235537190082,0.9429235537190082,0.0,0.000801230177441159,16.30206298828125,0.0003239149518776685
single_random,25,single,1,random,26,0.9424070247933884,0.9418904958677685,-0.0005165289256199301,0.0008320850929369739,16.626972198486328,0.0003239149518776685
single_random,25,single,1,random,27,0.9430526859504134,0.9431818181818182,0.0001291322314048715,0.0008440439656481891,16.82923126220703,0.0003239149518776685
single_random,25,single,1,random,28,0.9382747933884298,0.9381456611570248,-0.00012913223140498253,0.0009009662341027402,17.207569122314453,0.0003239149518776685
single_random,25,single,1,random,29,0.9319473140495868,0.9315599173553719,-0.0003873966942148366,0.0009681347294826503,17.632701873779297,0.0003239149518776685
single_random,25,single,1,random,30,0.9265237603305785,0.9270402892561983,0.0005165289256198191,0.0011655860942546559,19.041837692260742,0.0003239149518776685
single_random,25,single,1,random,31,0.9190340909090909,0.9190340909090909,0.0,0.004387311368048263,22.483314514160156,0.0003239149518776685
single_probe,30,single,1,probe,0,0.899922520661157,0.899922520661157,0.0,0.00441990429886574,4.580940246582031,0.0010804982157424092
single_probe,30,single,1,probe,1,0.9309142561983471,0.9309142561983471,0.0,0.0044314525333389865,6.002074241638184,0.0010804982157424092
single_probe,30,single,1,probe,2,0.9482179752066116,0.9482179752066116,0.0,0.005059625127012413,9.017328262329102,0.0010804982157424092
single_probe,30,single,1,probe,3,0.9511880165289256,0.9511880165289256,0.0,0.00649548041132153,9.122367858886719,0.0010804982157424092
single_probe,30,single,1,probe,4,0.9595816115702479,0.9595816115702479,0.0,0.006248825163401195,8.847132682800293,0.0010804982157424092
single_probe,30,single,1,probe,5,0.9639721074380165,0.9639721074380165,0.0,0.005923953747231869,9.086830139160156,0.0010804982157424092
single_probe,30,single,1,probe,6,0.9682334710743803,0.9682334710743803,0.0,0.005861675281852663,9.560049057006836,0.0010804982157424092
single_probe,30,single,1,probe,7,0.9706869834710745,0.9706869834710745,0.0,0.006052231049561763,9.967559814453125,0.0010804982157424092
single_probe,30,single,1,probe,8,0.9730113636363638,0.9730113636363638,0.0,0.00561747054969719,10.251312255859375,0.0010804982157424092
single_probe,30,single,1,probe,9,0.975335743801653,0.975335743801653,0.0,0.004316761991240203,10.63912296295166,0.0010804982157424092
single_probe,30,single,1,probe,10,0.9748192148760331,0.9748192148760331,0.0,0.003974783312062025,11.045775413513184,0.0010804982157424092
single_probe,30,single,1,probe,11,0.9744318181818182,0.9744318181818182,0.0,0.003718290747914188,11.20457935333252,0.0010804982157424092
single_probe,30,single,1,probe,12,0.9739152892561984,0.9739152892561984,0.0,0.0035049612508804007,11.584714889526367,0.0010804982157424092
single_probe,30,single,1,probe,13,0.9728822314049588,0.9728822314049588,0.0,0.003117513939102534,12.098705291748047,0.0010804982157424092
single_probe,30,single,1,probe,14,0.9715909090909091,0.9715909090909091,0.0,0.0027077895089318016,12.319990158081055,0.0010804982157424092
single_probe,30,single,1,probe,15,0.9699121900826446,0.9699121900826446,0.0,0.002175785117142448,12.701590538024902,0.0010804982157424092
single_probe,30,single,1,probe,16,0.9700413223140496,0.9700413223140496,0.0,0.001678214439390091,12.952423095703125,0.0010804982157424092
single_probe,30,single,1,probe,17,0.9683626033057852,0.9683626033057852,0.0,0.0013895575166317231,13.429990768432617,0.0010804982157424092
single_probe,30,single,1,probe,18,0.9661673553719008,0.9661673553719008,0.0,0.001190304429522171,14.060503959655762,0.0010804982157424092
single_probe,30,single,1,probe,19,0.9608729338842975,0.9608729338842975,0.0,0.0010413900616462746,14.631999969482422,0.0010804982157424092
single_probe,30,single,1,probe,20,0.9607438016528926,0.9607438016528926,0.0,0.0008758061582252452,15.163883209228516,0.0010804982157424092
single_probe,30,single,1,probe,21,0.9610020661157025,0.9610020661157025,0.0,0.000786055832290411,15.43765926361084,0.0010804982157424092
single_probe,30,single,1,probe,22,0.9545454545454546,0.9545454545454546,0.0,0.0007473755967709605,15.706923484802246,0.0010804982157424092
single_probe,30,single,1,probe,23,0.9524793388429752,0.9524793388429752,0.0,0.0007498324527471789,15.965222358703613,0.0010804982157424092
single_probe,30,single,1,probe,24,0.9489927685950414,0.9489927685950414,0.0,0.0007588191358015584,16.06854248046875,0.0010804982157424092
single_probe,30,single,1,probe,25,0.9429235537190082,0.9429235537190082,0.0,0.000801230177441159,16.30206298828125,0.0010804982157424092
single_probe,30,single,1,probe,26,0.9418904958677685,0.9418904958677685,0.0,0.0008329159715088075,16.630619049072266,0.0010804982157424092
single_probe,30,single,1,probe,27,0.9431818181818182,0.9431818181818182,0.0,0.0008443799168297295,16.830869674682617,0.0010804982157424092
single_probe,30,single,1,probe,28,0.9381456611570248,0.9381456611570248,0.0,0.0009012672820696288,17.208641052246094,0.0010804982157424092
single_probe,30,single,1,probe,29,0.9315599173553719,0.9315599173553719,0.0,0.0009687306700008058,17.63865089416504,0.0010804982157424092
single_probe,30,single,1,probe,30,0.9270402892561983,0.9270402892561983,0.0,0.0011658834845688082,19.053607940673828,0.0010804982157424092
single_probe,30,single,1,probe,31,0.293775826446281,0.9190340909090909,0.62525826446281,0.0021803704040156413,15.88264274597168,0.0010804982157424092
single_svd_k1,30,single,1,svd,0,0.899922520661157,0.899922520661157,0.0,0.00441990429886574,4.580940246582031,2.3445403575897217
single_svd_k1,30,single,1,svd,1,0.9309142561983471,0.9309142561983471,0.0,0.0044314525333389865,6.002074241638184,2.3445403575897217
single_svd_k1,30,single,1,svd,2,0.9482179752066116,0.9482179752066116,0.0,0.005059625127012413,9.017328262329102,2.3445403575897217
single_svd_k1,30,single,1,svd,3,0.9511880165289256,0.9511880165289256,0.0,0.00649548041132153,9.122367858886719,2.3445403575897217
single_svd_k1,30,single,1,svd,4,0.9595816115702479,0.9595816115702479,0.0,0.006248825163401195,8.847132682800293,2.3445403575897217
single_svd_k1,30,single,1,svd,5,0.9639721074380165,0.9639721074380165,0.0,0.005923953747231869,9.086830139160156,2.3445403575897217
single_svd_k1,30,single,1,svd,6,0.9682334710743803,0.9682334710743803,0.0,0.005861675281852663,9.560049057006836,2.3445403575897217
single_svd_k1,30,single,1,svd,7,0.9706869834710745,0.9706869834710745,0.0,0.006052231049561763,9.967559814453125,2.3445403575897217
single_svd_k1,30,single,1,svd,8,0.9730113636363638,0.9730113636363638,0.0,0.00561747054969719,10.251312255859375,2.3445403575897217
single_svd_k1,30,single,1,svd,9,0.975335743801653,0.975335743801653,0.0,0.004316761991240203,10.63912296295166,2.3445403575897217
single_svd_k1,30,single,1,svd,10,0.9748192148760331,0.9748192148760331,0.0,0.003974783312062025,11.045775413513184,2.3445403575897217
single_svd_k1,30,single,1,svd,11,0.9744318181818182,0.9744318181818182,0.0,0.003718290747914188,11.20457935333252,2.3445403575897217
single_svd_k1,30,single,1,svd,12,0.9739152892561984,0.9739152892561984,0.0,0.0035049612508804007,11.584714889526367,2.3445403575897217
single_svd_k1,30,single,1,svd,13,0.9728822314049588,0.9728822314049588,0.0,0.003117513939102534,12.098705291748047,2.3445403575897217
single_svd_k1,30,single,1,svd,14,0.9715909090909091,0.9715909090909091,0.0,0.0027077895089318016,12.319990158081055,2.3445403575897217
single_svd_k1,30,single,1,svd,15,0.9699121900826446,0.9699121900826446,0.0,0.002175785117142448,12.701590538024902,2.3445403575897217
single_svd_k1,30,single,1,svd,16,0.9700413223140496,0.9700413223140496,0.0,0.001678214439390091,12.952423095703125,2.3445403575897217
single_svd_k1,30,single,1,svd,17,0.9683626033057852,0.9683626033057852,0.0,0.0013895575166317231,13.429990768432617,2.3445403575897217
single_svd_k1,30,single,1,svd,18,0.9661673553719008,0.9661673553719008,0.0,0.001190304429522171,14.060503959655762,2.3445403575897217
single_svd_k1,30,single,1,svd,19,0.9608729338842975,0.9608729338842975,0.0,0.0010413900616462746,14.631999969482422,2.3445403575897217
single_svd_k1,30,single,1,svd,20,0.9607438016528926,0.9607438016528926,0.0,0.0008758061582252452,15.163883209228516,2.3445403575897217
single_svd_k1,30,single,1,svd,21,0.9610020661157025,0.9610020661157025,0.0,0.000786055832290411,15.43765926361084,2.3445403575897217
single_svd_k1,30,single,1,svd,22,0.9545454545454546,0.9545454545454546,0.0,0.0007473755967709605,15.706923484802246,2.3445403575897217
single_svd_k1,30,single,1,svd,23,0.9524793388429752,0.9524793388429752,0.0,0.0007498324527471789,15.965222358703613,2.3445403575897217
single_svd_k1,30,single,1,svd,24,0.9489927685950414,0.9489927685950414,0.0,0.0007588191358015584,16.06854248046875,2.3445403575897217
single_svd_k1,30,single,1,svd,25,0.9429235537190082,0.9429235537190082,0.0,0.000801230177441159,16.30206298828125,2.3445403575897217
single_svd_k1,30,single,1,svd,26,0.9418904958677685,0.9418904958677685,0.0,0.0008329159715088075,16.630619049072266,2.3445403575897217
single_svd_k1,30,single,1,svd,27,0.9431818181818182,0.9431818181818182,0.0,0.0008443799168297295,16.830869674682617,2.3445403575897217
single_svd_k1,30,single,1,svd,28,0.9381456611570248,0.9381456611570248,0.0,0.0009012672820696288,17.208641052246094,2.3445403575897217
single_svd_k1,30,single,1,svd,29,0.9315599173553719,0.9315599173553719,0.0,0.0009687306700008058,17.63865089416504,2.3445403575897217
single_svd_k1,30,single,1,svd,30,0.9270402892561983,0.9270402892561983,0.0,0.0011658834845688082,19.053607940673828,2.3445403575897217
single_svd_k1,30,single,1,svd,31,0.909349173553719,0.9190340909090909,0.009684917355371914,0.0025069728443224415,24.831148147583008,2.3445403575897217
single_svd_k2,30,single,2,svd,0,0.899922520661157,0.899922520661157,0.0,0.00441990429886574,4.580940246582031,2.6176366806030273
single_svd_k2,30,single,2,svd,1,0.9309142561983471,0.9309142561983471,0.0,0.0044314525333389865,6.002074241638184,2.6176366806030273
single_svd_k2,30,single,2,svd,2,0.9482179752066116,0.9482179752066116,0.0,0.005059625127012413,9.017328262329102,2.6176366806030273
single_svd_k2,30,single,2,svd,3,0.9511880165289256,0.9511880165289256,0.0,0.00649548041132153,9.122367858886719,2.6176366806030273
single_svd_k2,30,single,2,svd,4,0.9595816115702479,0.9595816115702479,0.0,0.006248825163401195,8.847132682800293,2.6176366806030273
single_svd_k2,30,single,2,svd,5,0.9639721074380165,0.9639721074380165,0.0,0.005923953747231869,9.086830139160156,2.6176366806030273
single_svd_k2,30,single,2,svd,6,0.9682334710743803,0.9682334710743803,0.0,0.005861675281852663,9.560049057006836,2.6176366806030273
single_svd_k2,30,single,2,svd,7,0.9706869834710745,0.9706869834710745,0.0,0.006052231049561763,9.967559814453125,2.6176366806030273
single_svd_k2,30,single,2,svd,8,0.9730113636363638,0.9730113636363638,0.0,0.00561747054969719,10.251312255859375,2.6176366806030273
single_svd_k2,30,single,2,svd,9,0.975335743801653,0.975335743801653,0.0,0.004316761991240203,10.63912296295166,2.6176366806030273
single_svd_k2,30,single,2,svd,10,0.9748192148760331,0.9748192148760331,0.0,0.003974783312062025,11.045775413513184,2.6176366806030273
single_svd_k2,30,single,2,svd,11,0.9744318181818182,0.9744318181818182,0.0,0.003718290747914188,11.20457935333252,2.6176366806030273
single_svd_k2,30,single,2,svd,12,0.9739152892561984,0.9739152892561984,0.0,0.0035049612508804007,11.584714889526367,2.6176366806030273
single_svd_k2,30,single,2,svd,13,0.9728822314049588,0.9728822314049588,0.0,0.003117513939102534,12.098705291748047,2.6176366806030273
single_svd_k2,30,single,2,svd,14,0.9715909090909091,0.9715909090909091,0.0,0.0027077895089318016,12.319990158081055,2.6176366806030273
single_svd_k2,30,single,2,svd,15,0.9699121900826446,0.9699121900826446,0.0,0.002175785117142448,12.701590538024902,2.6176366806030273
single_svd_k2,30,single,2,svd,16,0.9700413223140496,0.9700413223140496,0.0,0.001678214439390091,12.952423095703125,2.6176366806030273
single_svd_k2,30,single,2,svd,17,0.9683626033057852,0.9683626033057852,0.0,0.0013895575166317231,13.429990768432617,2.6176366806030273
single_svd_k2,30,single,2,svd,18,0.9661673553719008,0.9661673553719008,0.0,0.001190304429522171,14.060503959655762,2.6176366806030273
single_svd_k2,30,single,2,svd,19,0.9608729338842975,0.9608729338842975,0.0,0.0010413900616462746,14.631999969482422,2.6176366806030273
single_svd_k2,30,single,2,svd,20,0.9607438016528926,0.9607438016528926,0.0,0.0008758061582252452,15.163883209228516,2.6176366806030273
single_svd_k2,30,single,2,svd,21,0.9610020661157025,0.9610020661157025,0.0,0.000786055832290411,15.43765926361084,2.6176366806030273
single_svd_k2,30,single,2,svd,22,0.9545454545454546,0.9545454545454546,0.0,0.0007473755967709605,15.706923484802246,2.6176366806030273
single_svd_k2,30,single,2,svd,23,0.9524793388429752,0.9524793388429752,0.0,0.0007498324527471789,15.965222358703613,2.6176366806030273
single_svd_k2,30,single,2,svd,24,0.9489927685950414,0.9489927685950414,0.0,0.0007588191358015584,16.06854248046875,2.6176366806030273
single_svd_k2,30,single,2,svd,25,0.9429235537190082,0.9429235537190082,0.0,0.000801230177441159,16.30206298828125,2.6176366806030273
single_svd_k2,30,single,2,svd,26,0.9418904958677685,0.9418904958677685,0.0,0.0008329159715088075,16.630619049072266,2.6176366806030273
single_svd_k2,30,single,2,svd,27,0.9431818181818182,0.9431818181818182,0.0,0.0008443799168297295,16.830869674682617,2.6176366806030273
single_svd_k2,30,single,2,svd,28,0.9381456611570248,0.9381456611570248,0.0,0.0009012672820696288,17.208641052246094,2.6176366806030273
single_svd_k2,30,single,2,svd,29,0.9315599173553719,0.9315599173553719,0.0,0.0009687306700008058,17.63865089416504,2.6176366806030273
single_svd_k2,30,single,2,svd,30,0.9270402892561983,0.9270402892561983,0.0,0.0011658834845688082,19.053607940673828,2.6176366806030273
single_svd_k2,30,single,2,svd,31,0.9045712809917356,0.9190340909090909,0.01446280991735538,0.0019391808207139816,24.667327880859375,2.6176366806030273
single_svd_k4,30,single,4,svd,0,0.899922520661157,0.899922520661157,0.0,0.00441990429886574,4.580940246582031,4.085578918457031
single_svd_k4,30,single,4,svd,1,0.9309142561983471,0.9309142561983471,0.0,0.0044314525333389865,6.002074241638184,4.085578918457031
single_svd_k4,30,single,4,svd,2,0.9482179752066116,0.9482179752066116,0.0,0.005059625127012413,9.017328262329102,4.085578918457031
single_svd_k4,30,single,4,svd,3,0.9511880165289256,0.9511880165289256,0.0,0.00649548041132153,9.122367858886719,4.085578918457031
single_svd_k4,30,single,4,svd,4,0.9595816115702479,0.9595816115702479,0.0,0.006248825163401195,8.847132682800293,4.085578918457031
single_svd_k4,30,single,4,svd,5,0.9639721074380165,0.9639721074380165,0.0,0.005923953747231869,9.086830139160156,4.085578918457031
single_svd_k4,30,single,4,svd,6,0.9682334710743803,0.9682334710743803,0.0,0.005861675281852663,9.560049057006836,4.085578918457031
single_svd_k4,30,single,4,svd,7,0.9706869834710745,0.9706869834710745,0.0,0.006052231049561763,9.967559814453125,4.085578918457031
single_svd_k4,30,single,4,svd,8,0.9730113636363638,0.9730113636363638,0.0,0.00561747054969719,10.251312255859375,4.085578918457031
single_svd_k4,30,single,4,svd,9,0.975335743801653,0.975335743801653,0.0,0.004316761991240203,10.63912296295166,4.085578918457031
single_svd_k4,30,single,4,svd,10,0.9748192148760331,0.9748192148760331,0.0,0.003974783312062025,11.045775413513184,4.085578918457031
single_svd_k4,30,single,4,svd,11,0.9744318181818182,0.9744318181818182,0.0,0.003718290747914188,11.20457935333252,4.085578918457031
single_svd_k4,30,single,4,svd,12,0.9739152892561984,0.9739152892561984,0.0,0.0035049612508804007,11.584714889526367,4.085578918457031
single_svd_k4,30,single,4,svd,13,0.9728822314049588,0.9728822314049588,0.0,0.003117513939102534,12.098705291748047,4.085578918457031
single_svd_k4,30,single,4,svd,14,0.9715909090909091,0.9715909090909091,0.0,0.0027077895089318016,12.319990158081055,4.085578918457031
single_svd_k4,30,single,4,svd,15,0.9699121900826446,0.9699121900826446,0.0,0.002175785117142448,12.701590538024902,4.085578918457031
single_svd_k4,30,single,4,svd,16,0.9700413223140496,0.9700413223140496,0.0,0.001678214439390091,12.952423095703125,4.085578918457031
single_svd_k4,30,single,4,svd,17,0.9683626033057852,0.9683626033057852,0.0,0.0013895575166317231,13.429990768432617,4.085578918457031
single_svd_k4,30,single,4,svd,18,0.9661673553719008,0.9661673553719008,0.0,0.001190304429522171,14.060503959655762,4.085578918457031
single_svd_k4,30,single,4,svd,19,0.9608729338842975,0.9608729338842975,0.0,0.0010413900616462746,14.631999969482422,4.085578918457031
single_svd_k4,30,single,4,svd,20,0.9607438016528926,0.9607438016528926,0.0,0.0008758061582252452,15.163883209228516,4.085578918457031
single_svd_k4,30,single,4,svd,21,0.9610020661157025,0.9610020661157025,0.0,0.000786055832290411,15.43765926361084,4.085578918457031
single_svd_k4,30,single,4,svd,22,0.9545454545454546,0.9545454545454546,0.0,0.0007473755967709605,15.706923484802246,4.085578918457031
single_svd_k4,30,single,4,svd,23,0.9524793388429752,0.9524793388429752,0.0,0.0007498324527471789,15.965222358703613,4.085578918457031
single_svd_k4,30,single,4,svd,24,0.9489927685950414,0.9489927685950414,0.0,0.0007588191358015584,16.06854248046875,4.085578918457031
single_svd_k4,30,single,4,svd,25,0.9429235537190082,0.9429235537190082,0.0,0.000801230177441159,16.30206298828125,4.085578918457031
single_svd_k4,30,single,4,svd,26,0.9418904958677685,0.9418904958677685,0.0,0.0008329159715088075,16.630619049072266,4.085578918457031
single_svd_k4,30,single,4,svd,27,0.9431818181818182,0.9431818181818182,0.0,0.0008443799168297295,16.830869674682617,4.085578918457031
single_svd_k4,30,single,4,svd,28,0.9381456611570248,0.9381456611570248,0.0,0.0009012672820696288,17.208641052246094,4.085578918457031
single_svd_k4,30,single,4,svd,29,0.9315599173553719,0.9315599173553719,0.0,0.0009687306700008058,17.63865089416504,4.085578918457031
single_svd_k4,30,single,4,svd,30,0.9270402892561983,0.9270402892561983,0.0,0.0011658834845688082,19.053607940673828,4.085578918457031
single_svd_k4,30,single,4,svd,31,0.8483987603305786,0.9190340909090909,0.07063533057851235,0.002249214441538916,22.374147415161133,4.085578918457031
single_svd_k8,30,single,8,svd,0,0.899922520661157,0.899922520661157,0.0,0.00441990429886574,4.580940246582031,4.211613178253174
single_svd_k8,30,single,8,svd,1,0.9309142561983471,0.9309142561983471,0.0,0.0044314525333389865,6.002074241638184,4.211613178253174
single_svd_k8,30,single,8,svd,2,0.9482179752066116,0.9482179752066116,0.0,0.005059625127012413,9.017328262329102,4.211613178253174
single_svd_k8,30,single,8,svd,3,0.9511880165289256,0.9511880165289256,0.0,0.00649548041132153,9.122367858886719,4.211613178253174
single_svd_k8,30,single,8,svd,4,0.9595816115702479,0.9595816115702479,0.0,0.006248825163401195,8.847132682800293,4.211613178253174
single_svd_k8,30,single,8,svd,5,0.9639721074380165,0.9639721074380165,0.0,0.005923953747231869,9.086830139160156,4.211613178253174
single_svd_k8,30,single,8,svd,6,0.9682334710743803,0.9682334710743803,0.0,0.005861675281852663,9.560049057006836,4.211613178253174
single_svd_k8,30,single,8,svd,7,0.9706869834710745,0.9706869834710745,0.0,0.006052231049561763,9.967559814453125,4.211613178253174
single_svd_k8,30,single,8,svd,8,0.9730113636363638,0.9730113636363638,0.0,0.00561747054969719,10.251312255859375,4.211613178253174
single_svd_k8,30,single,8,svd,9,0.975335743801653,0.975335743801653,0.0,0.004316761991240203,10.63912296295166,4.211613178253174
single_svd_k8,30,single,8,svd,10,0.9748192148760331,0.9748192148760331,0.0,0.003974783312062025,11.045775413513184,4.211613178253174
single_svd_k8,30,single,8,svd,11,0.9744318181818182,0.9744318181818182,0.0,0.003718290747914188,11.20457935333252,4.211613178253174
single_svd_k8,30,single,8,svd,12,0.9739152892561984,0.9739152892561984,0.0,0.0035049612508804007,11.584714889526367,4.211613178253174
single_svd_k8,30,single,8,svd,13,0.9728822314049588,0.9728822314049588,0.0,0.003117513939102534,12.098705291748047,4.211613178253174
single_svd_k8,30,single,8,svd,14,0.9715909090909091,0.9715909090909091,0.0,0.0027077895089318016,12.319990158081055,4.211613178253174
single_svd_k8,30,single,8,svd,15,0.9699121900826446,0.9699121900826446,0.0,0.002175785117142448,12.701590538024902,4.211613178253174
single_svd_k8,30,single,8,svd,16,0.9700413223140496,0.9700413223140496,0.0,0.001678214439390091,12.952423095703125,4.211613178253174
single_svd_k8,30,single,8,svd,17,0.9683626033057852,0.9683626033057852,0.0,0.0013895575166317231,13.429990768432617,4.211613178253174
single_svd_k8,30,single,8,svd,18,0.9661673553719008,0.9661673553719008,0.0,0.001190304429522171,14.060503959655762,4.211613178253174
single_svd_k8,30,single,8,svd,19,0.9608729338842975,0.9608729338842975,0.0,0.0010413900616462746,14.631999969482422,4.211613178253174
single_svd_k8,30,single,8,svd,20,0.9607438016528926,0.9607438016528926,0.0,0.0008758061582252452,15.163883209228516,4.211613178253174
single_svd_k8,30,single,8,svd,21,0.9610020661157025,0.9610020661157025,0.0,0.000786055832290411,15.43765926361084,4.211613178253174
single_svd_k8,30,single,8,svd,22,0.9545454545454546,0.9545454545454546,0.0,0.0007473755967709605,15.706923484802246,4.211613178253174
single_svd_k8,30,single,8,svd,23,0.9524793388429752,0.9524793388429752,0.0,0.0007498324527471789,15.965222358703613,4.211613178253174
single_svd_k8,30,single,8,svd,24,0.9489927685950414,0.9489927685950414,0.0,0.0007588191358015584,16.06854248046875,4.211613178253174
single_svd_k8,30,single,8,svd,25,0.9429235537190082,0.9429235537190082,0.0,0.000801230177441159,16.30206298828125,4.211613178253174
single_svd_k8,30,single,8,svd,26,0.9418904958677685,0.9418904958677685,0.0,0.0008329159715088075,16.630619049072266,4.211613178253174
single_svd_k8,30,single,8,svd,27,0.9431818181818182,0.9431818181818182,0.0,0.0008443799168297295,16.830869674682617,4.211613178253174
single_svd_k8,30,single,8,svd,28,0.9381456611570248,0.9381456611570248,0.0,0.0009012672820696288,17.208641052246094,4.211613178253174
single_svd_k8,30,single,8,svd,29,0.9315599173553719,0.9315599173553719,0.0,0.0009687306700008058,17.63865089416504,4.211613178253174
single_svd_k8,30,single,8,svd,30,0.9270402892561983,0.9270402892561983,0.0,0.0011658834845688082,19.053607940673828,4.211613178253174
single_svd_k8,30,single,8,svd,31,0.8199251033057852,0.9190340909090909,0.09910898760330578,0.0018076471104337966,20.697778701782227,4.211613178253174
single_random,30,single,1,random,0,0.899922520661157,0.899922520661157,0.0,0.00441990429886574,4.580940246582031,0.0001966699055628851
single_random,30,single,1,random,1,0.9309142561983471,0.9309142561983471,0.0,0.0044314525333389865,6.002074241638184,0.0001966699055628851
single_random,30,single,1,random,2,0.9482179752066116,0.9482179752066116,0.0,0.005059625127012413,9.017328262329102,0.0001966699055628851
single_random,30,single,1,random,3,0.9511880165289256,0.9511880165289256,0.0,0.00649548041132153,9.122367858886719,0.0001966699055628851
single_random,30,single,1,random,4,0.9595816115702479,0.9595816115702479,0.0,0.006248825163401195,8.847132682800293,0.0001966699055628851
single_random,30,single,1,random,5,0.9639721074380165,0.9639721074380165,0.0,0.005923953747231869,9.086830139160156,0.0001966699055628851
single_random,30,single,1,random,6,0.9682334710743803,0.9682334710743803,0.0,0.005861675281852663,9.560049057006836,0.0001966699055628851
single_random,30,single,1,random,7,0.9706869834710745,0.9706869834710745,0.0,0.006052231049561763,9.967559814453125,0.0001966699055628851
single_random,30,single,1,random,8,0.9730113636363638,0.9730113636363638,0.0,0.00561747054969719,10.251312255859375,0.0001966699055628851
single_random,30,single,1,random,9,0.975335743801653,0.975335743801653,0.0,0.004316761991240203,10.63912296295166,0.0001966699055628851
single_random,30,single,1,random,10,0.9748192148760331,0.9748192148760331,0.0,0.003974783312062025,11.045775413513184,0.0001966699055628851
single_random,30,single,1,random,11,0.9744318181818182,0.9744318181818182,0.0,0.003718290747914188,11.20457935333252,0.0001966699055628851
single_random,30,single,1,random,12,0.9739152892561984,0.9739152892561984,0.0,0.0035049612508804007,11.584714889526367,0.0001966699055628851
single_random,30,single,1,random,13,0.9728822314049588,0.9728822314049588,0.0,0.003117513939102534,12.098705291748047,0.0001966699055628851
single_random,30,single,1,random,14,0.9715909090909091,0.9715909090909091,0.0,0.0027077895089318016,12.319990158081055,0.0001966699055628851
single_random,30,single,1,random,15,0.9699121900826446,0.9699121900826446,0.0,0.002175785117142448,12.701590538024902,0.0001966699055628851
single_random,30,single,1,random,16,0.9700413223140496,0.9700413223140496,0.0,0.001678214439390091,12.952423095703125,0.0001966699055628851
single_random,30,single,1,random,17,0.9683626033057852,0.9683626033057852,0.0,0.0013895575166317231,13.429990768432617,0.0001966699055628851
single_random,30,single,1,random,18,0.9661673553719008,0.9661673553719008,0.0,0.001190304429522171,14.060503959655762,0.0001966699055628851
single_random,30,single,1,random,19,0.9608729338842975,0.9608729338842975,0.0,0.0010413900616462746,14.631999969482422,0.0001966699055628851
single_random,30,single,1,random,20,0.9607438016528926,0.9607438016528926,0.0,0.0008758061582252452,15.163883209228516,0.0001966699055628851
single_random,30,single,1,random,21,0.9610020661157025,0.9610020661157025,0.0,0.000786055832290411,15.43765926361084,0.0001966699055628851
single_random,30,single,1,random,22,0.9545454545454546,0.9545454545454546,0.0,0.0007473755967709605,15.706923484802246,0.0001966699055628851
single_random,30,single,1,random,23,0.9524793388429752,0.9524793388429752,0.0,0.0007498324527471789,15.965222358703613,0.0001966699055628851
single_random,30,single,1,random,24,0.9489927685950414,0.9489927685950414,0.0,0.0007588191358015584,16.06854248046875,0.0001966699055628851
single_random,30,single,1,random,25,0.9429235537190082,0.9429235537190082,0.0,0.000801230177441159,16.30206298828125,0.0001966699055628851
single_random,30,single,1,random,26,0.9418904958677685,0.9418904958677685,0.0,0.0008329159715088075,16.630619049072266,0.0001966699055628851
single_random,30,single,1,random,27,0.9431818181818182,0.9431818181818182,0.0,0.0008443799168297295,16.830869674682617,0.0001966699055628851
single_random,30,single,1,random,28,0.9381456611570248,0.9381456611570248,0.0,0.0009012672820696288,17.208641052246094,0.0001966699055628851
single_random,30,single,1,random,29,0.9315599173553719,0.9315599173553719,0.0,0.0009687306700008058,17.63865089416504,0.0001966699055628851
single_random,30,single,1,random,30,0.9270402892561983,0.9270402892561983,0.0,0.0011658834845688082,19.053607940673828,0.0001966699055628851
single_random,30,single,1,random,31,0.9194214876033058,0.9190340909090909,-0.0003873966942148366,0.004383172960184312,22.507415771484375,0.0001966699055628851
single_probe,31,single,1,probe,0,0.899922520661157,0.899922520661157,0.0,0.00441990429886574,4.580940246582031,0.0015465214382857084
single_probe,31,single,1,probe,1,0.9309142561983471,0.9309142561983471,0.0,0.0044314525333389865,6.002074241638184,0.0015465214382857084
single_probe,31,single,1,probe,2,0.9482179752066116,0.9482179752066116,0.0,0.005059625127012413,9.017328262329102,0.0015465214382857084
single_probe,31,single,1,probe,3,0.9511880165289256,0.9511880165289256,0.0,0.00649548041132153,9.122367858886719,0.0015465214382857084
single_probe,31,single,1,probe,4,0.9595816115702479,0.9595816115702479,0.0,0.006248825163401195,8.847132682800293,0.0015465214382857084
single_probe,31,single,1,probe,5,0.9639721074380165,0.9639721074380165,0.0,0.005923953747231869,9.086830139160156,0.0015465214382857084
single_probe,31,single,1,probe,6,0.9682334710743803,0.9682334710743803,0.0,0.005861675281852663,9.560049057006836,0.0015465214382857084
single_probe,31,single,1,probe,7,0.9706869834710745,0.9706869834710745,0.0,0.006052231049561763,9.967559814453125,0.0015465214382857084
single_probe,31,single,1,probe,8,0.9730113636363638,0.9730113636363638,0.0,0.00561747054969719,10.251312255859375,0.0015465214382857084
single_probe,31,single,1,probe,9,0.975335743801653,0.975335743801653,0.0,0.004316761991240203,10.63912296295166,0.0015465214382857084
single_probe,31,single,1,probe,10,0.9748192148760331,0.9748192148760331,0.0,0.003974783312062025,11.045775413513184,0.0015465214382857084
single_probe,31,single,1,probe,11,0.9744318181818182,0.9744318181818182,0.0,0.003718290747914188,11.20457935333252,0.0015465214382857084
single_probe,31,single,1,probe,12,0.9739152892561984,0.9739152892561984,0.0,0.0035049612508804007,11.584714889526367,0.0015465214382857084
single_probe,31,single,1,probe,13,0.9728822314049588,0.9728822314049588,0.0,0.003117513939102534,12.098705291748047,0.0015465214382857084
single_probe,31,single,1,probe,14,0.9715909090909091,0.9715909090909091,0.0,0.0027077895089318016,12.319990158081055,0.0015465214382857084
single_probe,31,single,1,probe,15,0.9699121900826446,0.9699121900826446,0.0,0.002175785117142448,12.701590538024902,0.0015465214382857084
single_probe,31,single,1,probe,16,0.9700413223140496,0.9700413223140496,0.0,0.001678214439390091,12.952423095703125,0.0015465214382857084
single_probe,31,single,1,probe,17,0.9683626033057852,0.9683626033057852,0.0,0.0013895575166317231,13.429990768432617,0.0015465214382857084
single_probe,31,single,1,probe,18,0.9661673553719008,0.9661673553719008,0.0,0.001190304429522171,14.060503959655762,0.0015465214382857084
single_probe,31,single,1,probe,19,0.9608729338842975,0.9608729338842975,0.0,0.0010413900616462746,14.631999969482422,0.0015465214382857084
single_probe,31,single,1,probe,20,0.9607438016528926,0.9607438016528926,0.0,0.0008758061582252452,15.163883209228516,0.0015465214382857084
single_probe,31,single,1,probe,21,0.9610020661157025,0.9610020661157025,0.0,0.000786055832290411,15.43765926361084,0.0015465214382857084
single_probe,31,single,1,probe,22,0.9545454545454546,0.9545454545454546,0.0,0.0007473755967709605,15.706923484802246,0.0015465214382857084
single_probe,31,single,1,probe,23,0.9524793388429752,0.9524793388429752,0.0,0.0007498324527471789,15.965222358703613,0.0015465214382857084
single_probe,31,single,1,probe,24,0.9489927685950414,0.9489927685950414,0.0,0.0007588191358015584,16.06854248046875,0.0015465214382857084
single_probe,31,single,1,probe,25,0.9429235537190082,0.9429235537190082,0.0,0.000801230177441159,16.30206298828125,0.0015465214382857084
single_probe,31,single,1,probe,26,0.9418904958677685,0.9418904958677685,0.0,0.0008329159715088075,16.630619049072266,0.0015465214382857084
single_probe,31,single,1,probe,27,0.9431818181818182,0.9431818181818182,0.0,0.0008443799168297295,16.830869674682617,0.0015465214382857084
single_probe,31,single,1,probe,28,0.9381456611570248,0.9381456611570248,0.0,0.0009012672820696288,17.208641052246094,0.0015465214382857084
single_probe,31,single,1,probe,29,0.9315599173553719,0.9315599173553719,0.0,0.0009687306700008058,17.63865089416504,0.0015465214382857084
single_probe,31,single,1,probe,30,0.9270402892561983,0.9270402892561983,0.0,0.0011658834845688082,19.053607940673828,0.0015465214382857084
single_probe,31,single,1,probe,31,0.9190340909090909,0.9190340909090909,0.0,0.004401796201216723,22.531871795654297,0.0015465214382857084
single_svd_k1,31,single,1,svd,0,0.899922520661157,0.899922520661157,0.0,0.00441990429886574,4.580940246582031,0.7020571231842041
single_svd_k1,31,single,1,svd,1,0.9309142561983471,0.9309142561983471,0.0,0.0044314525333389865,6.002074241638184,0.7020571231842041
single_svd_k1,31,single,1,svd,2,0.9482179752066116,0.9482179752066116,0.0,0.005059625127012413,9.017328262329102,0.7020571231842041
single_svd_k1,31,single,1,svd,3,0.9511880165289256,0.9511880165289256,0.0,0.00649548041132153,9.122367858886719,0.7020571231842041
single_svd_k1,31,single,1,svd,4,0.9595816115702479,0.9595816115702479,0.0,0.006248825163401195,8.847132682800293,0.7020571231842041
single_svd_k1,31,single,1,svd,5,0.9639721074380165,0.9639721074380165,0.0,0.005923953747231869,9.086830139160156,0.7020571231842041
single_svd_k1,31,single,1,svd,6,0.9682334710743803,0.9682334710743803,0.0,0.005861675281852663,9.560049057006836,0.7020571231842041
single_svd_k1,31,single,1,svd,7,0.9706869834710745,0.9706869834710745,0.0,0.006052231049561763,9.967559814453125,0.7020571231842041
single_svd_k1,31,single,1,svd,8,0.9730113636363638,0.9730113636363638,0.0,0.00561747054969719,10.251312255859375,0.7020571231842041
single_svd_k1,31,single,1,svd,9,0.975335743801653,0.975335743801653,0.0,0.004316761991240203,10.63912296295166,0.7020571231842041
single_svd_k1,31,single,1,svd,10,0.9748192148760331,0.9748192148760331,0.0,0.003974783312062025,11.045775413513184,0.7020571231842041
single_svd_k1,31,single,1,svd,11,0.9744318181818182,0.9744318181818182,0.0,0.003718290747914188,11.20457935333252,0.7020571231842041
single_svd_k1,31,single,1,svd,12,0.9739152892561984,0.9739152892561984,0.0,0.0035049612508804007,11.584714889526367,0.7020571231842041
single_svd_k1,31,single,1,svd,13,0.9728822314049588,0.9728822314049588,0.0,0.003117513939102534,12.098705291748047,0.7020571231842041
single_svd_k1,31,single,1,svd,14,0.9715909090909091,0.9715909090909091,0.0,0.0027077895089318016,12.319990158081055,0.7020571231842041
single_svd_k1,31,single,1,svd,15,0.9699121900826446,0.9699121900826446,0.0,0.002175785117142448,12.701590538024902,0.7020571231842041
single_svd_k1,31,single,1,svd,16,0.9700413223140496,0.9700413223140496,0.0,0.001678214439390091,12.952423095703125,0.7020571231842041
single_svd_k1,31,single,1,svd,17,0.9683626033057852,0.9683626033057852,0.0,0.0013895575166317231,13.429990768432617,0.7020571231842041
single_svd_k1,31,single,1,svd,18,0.9661673553719008,0.9661673553719008,0.0,0.001190304429522171,14.060503959655762,0.7020571231842041
single_svd_k1,31,single,1,svd,19,0.9608729338842975,0.9608729338842975,0.0,0.0010413900616462746,14.631999969482422,0.7020571231842041
single_svd_k1,31,single,1,svd,20,0.9607438016528926,0.9607438016528926,0.0,0.0008758061582252452,15.163883209228516,0.7020571231842041
single_svd_k1,31,single,1,svd,21,0.9610020661157025,0.9610020661157025,0.0,0.000786055832290411,15.43765926361084,0.7020571231842041
single_svd_k1,31,single,1,svd,22,0.9545454545454546,0.9545454545454546,0.0,0.0007473755967709605,15.706923484802246,0.7020571231842041
single_svd_k1,31,single,1,svd,23,0.9524793388429752,0.9524793388429752,0.0,0.0007498324527471789,15.965222358703613,0.7020571231842041
single_svd_k1,31,single,1,svd,24,0.9489927685950414,0.9489927685950414,0.0,0.0007588191358015584,16.06854248046875,0.7020571231842041
single_svd_k1,31,single,1,svd,25,0.9429235537190082,0.9429235537190082,0.0,0.000801230177441159,16.30206298828125,0.7020571231842041
single_svd_k1,31,single,1,svd,26,0.9418904958677685,0.9418904958677685,0.0,0.0008329159715088075,16.630619049072266,0.7020571231842041
single_svd_k1,31,single,1,svd,27,0.9431818181818182,0.9431818181818182,0.0,0.0008443799168297295,16.830869674682617,0.7020571231842041
single_svd_k1,31,single,1,svd,28,0.9381456611570248,0.9381456611570248,0.0,0.0009012672820696288,17.208641052246094,0.7020571231842041
single_svd_k1,31,single,1,svd,29,0.9315599173553719,0.9315599173553719,0.0,0.0009687306700008058,17.63865089416504,0.7020571231842041
single_svd_k1,31,single,1,svd,30,0.9270402892561983,0.9270402892561983,0.0,0.0011658834845688082,19.053607940673828,0.7020571231842041
single_svd_k1,31,single,1,svd,31,0.9190340909090909,0.9190340909090909,0.0,0.004401796201216723,22.531871795654297,0.7020571231842041
single_svd_k2,31,single,2,svd,0,0.899922520661157,0.899922520661157,0.0,0.00441990429886574,4.580940246582031,1.048378586769104
single_svd_k2,31,single,2,svd,1,0.9309142561983471,0.9309142561983471,0.0,0.0044314525333389865,6.002074241638184,1.048378586769104
single_svd_k2,31,single,2,svd,2,0.9482179752066116,0.9482179752066116,0.0,0.005059625127012413,9.017328262329102,1.048378586769104
single_svd_k2,31,single,2,svd,3,0.9511880165289256,0.9511880165289256,0.0,0.00649548041132153,9.122367858886719,1.048378586769104
single_svd_k2,31,single,2,svd,4,0.9595816115702479,0.9595816115702479,0.0,0.006248825163401195,8.847132682800293,1.048378586769104
single_svd_k2,31,single,2,svd,5,0.9639721074380165,0.9639721074380165,0.0,0.005923953747231869,9.086830139160156,1.048378586769104
single_svd_k2,31,single,2,svd,6,0.9682334710743803,0.9682334710743803,0.0,0.005861675281852663,9.560049057006836,1.048378586769104
single_svd_k2,31,single,2,svd,7,0.9706869834710745,0.9706869834710745,0.0,0.006052231049561763,9.967559814453125,1.048378586769104
single_svd_k2,31,single,2,svd,8,0.9730113636363638,0.9730113636363638,0.0,0.00561747054969719,10.251312255859375,1.048378586769104
single_svd_k2,31,single,2,svd,9,0.975335743801653,0.975335743801653,0.0,0.004316761991240203,10.63912296295166,1.048378586769104
single_svd_k2,31,single,2,svd,10,0.9748192148760331,0.9748192148760331,0.0,0.003974783312062025,11.045775413513184,1.048378586769104
single_svd_k2,31,single,2,svd,11,0.9744318181818182,0.9744318181818182,0.0,0.003718290747914188,11.20457935333252,1.048378586769104
single_svd_k2,31,single,2,svd,12,0.9739152892561984,0.9739152892561984,0.0,0.0035049612508804007,11.584714889526367,1.048378586769104
single_svd_k2,31,single,2,svd,13,0.9728822314049588,0.9728822314049588,0.0,0.003117513939102534,12.098705291748047,1.048378586769104
single_svd_k2,31,single,2,svd,14,0.9715909090909091,0.9715909090909091,0.0,0.0027077895089318016,12.319990158081055,1.048378586769104
single_svd_k2,31,single,2,svd,15,0.9699121900826446,0.9699121900826446,0.0,0.002175785117142448,12.701590538024902,1.048378586769104
single_svd_k2,31,single,2,svd,16,0.9700413223140496,0.9700413223140496,0.0,0.001678214439390091,12.952423095703125,1.048378586769104
single_svd_k2,31,single,2,svd,17,0.9683626033057852,0.9683626033057852,0.0,0.0013895575166317231,13.429990768432617,1.048378586769104
single_svd_k2,31,single,2,svd,18,0.9661673553719008,0.9661673553719008,0.0,0.001190304429522171,14.060503959655762,1.048378586769104
single_svd_k2,31,single,2,svd,19,0.9608729338842975,0.9608729338842975,0.0,0.0010413900616462746,14.631999969482422,1.048378586769104
single_svd_k2,31,single,2,svd,20,0.9607438016528926,0.9607438016528926,0.0,0.0008758061582252452,15.163883209228516,1.048378586769104
single_svd_k2,31,single,2,svd,21,0.9610020661157025,0.9610020661157025,0.0,0.000786055832290411,15.43765926361084,1.048378586769104
single_svd_k2,31,single,2,svd,22,0.9545454545454546,0.9545454545454546,0.0,0.0007473755967709605,15.706923484802246,1.048378586769104
single_svd_k2,31,single,2,svd,23,0.9524793388429752,0.9524793388429752,0.0,0.0007498324527471789,15.965222358703613,1.048378586769104
single_svd_k2,31,single,2,svd,24,0.9489927685950414,0.9489927685950414,0.0,0.0007588191358015584,16.06854248046875,1.048378586769104
single_svd_k2,31,single,2,svd,25,0.9429235537190082,0.9429235537190082,0.0,0.000801230177441159,16.30206298828125,1.048378586769104
single_svd_k2,31,single,2,svd,26,0.9418904958677685,0.9418904958677685,0.0,0.0008329159715088075,16.630619049072266,1.048378586769104
single_svd_k2,31,single,2,svd,27,0.9431818181818182,0.9431818181818182,0.0,0.0008443799168297295,16.830869674682617,1.048378586769104
single_svd_k2,31,single,2,svd,28,0.9381456611570248,0.9381456611570248,0.0,0.0009012672820696288,17.208641052246094,1.048378586769104
single_svd_k2,31,single,2,svd,29,0.9315599173553719,0.9315599173553719,0.0,0.0009687306700008058,17.63865089416504,1.048378586769104
single_svd_k2,31,single,2,svd,30,0.9270402892561983,0.9270402892561983,0.0,0.0011658834845688082,19.053607940673828,1.048378586769104
single_svd_k2,31,single,2,svd,31,0.9190340909090909,0.9190340909090909,0.0,0.004401796201216723,22.531871795654297,1.048378586769104
single_svd_k4,31,single,4,svd,0,0.899922520661157,0.899922520661157,0.0,0.00441990429886574,4.580940246582031,2.2934072017669678
single_svd_k4,31,single,4,svd,1,0.9309142561983471,0.9309142561983471,0.0,0.0044314525333389865,6.002074241638184,2.2934072017669678
single_svd_k4,31,single,4,svd,2,0.9482179752066116,0.9482179752066116,0.0,0.005059625127012413,9.017328262329102,2.2934072017669678
single_svd_k4,31,single,4,svd,3,0.9511880165289256,0.9511880165289256,0.0,0.00649548041132153,9.122367858886719,2.2934072017669678
single_svd_k4,31,single,4,svd,4,0.9595816115702479,0.9595816115702479,0.0,0.006248825163401195,8.847132682800293,2.2934072017669678
single_svd_k4,31,single,4,svd,5,0.9639721074380165,0.9639721074380165,0.0,0.005923953747231869,9.086830139160156,2.2934072017669678
single_svd_k4,31,single,4,svd,6,0.9682334710743803,0.9682334710743803,0.0,0.005861675281852663,9.560049057006836,2.2934072017669678
single_svd_k4,31,single,4,svd,7,0.9706869834710745,0.9706869834710745,0.0,0.006052231049561763,9.967559814453125,2.2934072017669678
single_svd_k4,31,single,4,svd,8,0.9730113636363638,0.9730113636363638,0.0,0.00561747054969719,10.251312255859375,2.2934072017669678
single_svd_k4,31,single,4,svd,9,0.975335743801653,0.975335743801653,0.0,0.004316761991240203,10.63912296295166,2.2934072017669678
single_svd_k4,31,single,4,svd,10,0.9748192148760331,0.9748192148760331,0.0,0.003974783312062025,11.045775413513184,2.2934072017669678
single_svd_k4,31,single,4,svd,11,0.9744318181818182,0.9744318181818182,0.0,0.003718290747914188,11.20457935333252,2.2934072017669678
single_svd_k4,31,single,4,svd,12,0.9739152892561984,0.9739152892561984,0.0,0.0035049612508804007,11.584714889526367,2.2934072017669678
single_svd_k4,31,single,4,svd,13,0.9728822314049588,0.9728822314049588,0.0,0.003117513939102534,12.098705291748047,2.2934072017669678
single_svd_k4,31,single,4,svd,14,0.9715909090909091,0.9715909090909091,0.0,0.0027077895089318016,12.319990158081055,2.2934072017669678
single_svd_k4,31,single,4,svd,15,0.9699121900826446,0.9699121900826446,0.0,0.002175785117142448,12.701590538024902,2.2934072017669678
single_svd_k4,31,single,4,svd,16,0.9700413223140496,0.9700413223140496,0.0,0.001678214439390091,12.952423095703125,2.2934072017669678
single_svd_k4,31,single,4,svd,17,0.9683626033057852,0.9683626033057852,0.0,0.0013895575166317231,13.429990768432617,2.2934072017669678
single_svd_k4,31,single,4,svd,18,0.9661673553719008,0.9661673553719008,0.0,0.001190304429522171,14.060503959655762,2.2934072017669678
single_svd_k4,31,single,4,svd,19,0.9608729338842975,0.9608729338842975,0.0,0.0010413900616462746,14.631999969482422,2.2934072017669678
single_svd_k4,31,single,4,svd,20,0.9607438016528926,0.9607438016528926,0.0,0.0008758061582252452,15.163883209228516,2.2934072017669678
single_svd_k4,31,single,4,svd,21,0.9610020661157025,0.9610020661157025,0.0,0.000786055832290411,15.43765926361084,2.2934072017669678
single_svd_k4,31,single,4,svd,22,0.9545454545454546,0.9545454545454546,0.0,0.0007473755967709605,15.706923484802246,2.2934072017669678
single_svd_k4,31,single,4,svd,23,0.9524793388429752,0.9524793388429752,0.0,0.0007498324527471789,15.965222358703613,2.2934072017669678
single_svd_k4,31,single,4,svd,24,0.9489927685950414,0.9489927685950414,0.0,0.0007588191358015584,16.06854248046875,2.2934072017669678
single_svd_k4,31,single,4,svd,25,0.9429235537190082,0.9429235537190082,0.0,0.000801230177441159,16.30206298828125,2.2934072017669678
single_svd_k4,31,single,4,svd,26,0.9418904958677685,0.9418904958677685,0.0,0.0008329159715088075,16.630619049072266,2.2934072017669678
single_svd_k4,31,single,4,svd,27,0.9431818181818182,0.9431818181818182,0.0,0.0008443799168297295,16.830869674682617,2.2934072017669678
single_svd_k4,31,single,4,svd,28,0.9381456611570248,0.9381456611570248,0.0,0.0009012672820696288,17.208641052246094,2.2934072017669678
single_svd_k4,31,single,4,svd,29,0.9315599173553719,0.9315599173553719,0.0,0.0009687306700008058,17.63865089416504,2.2934072017669678
single_svd_k4,31,single,4,svd,30,0.9270402892561983,0.9270402892561983,0.0,0.0011658834845688082,19.053607940673828,2.2934072017669678
single_svd_k4,31,single,4,svd,31,0.9190340909090909,0.9190340909090909,0.0,0.004401796201216723,22.531871795654297,2.2934072017669678
single_svd_k8,31,single,8,svd,0,0.899922520661157,0.899922520661157,0.0,0.00441990429886574,4.580940246582031,2.574716091156006
single_svd_k8,31,single,8,svd,1,0.9309142561983471,0.9309142561983471,0.0,0.0044314525333389865,6.002074241638184,2.574716091156006
single_svd_k8,31,single,8,svd,2,0.9482179752066116,0.9482179752066116,0.0,0.005059625127012413,9.017328262329102,2.574716091156006
single_svd_k8,31,single,8,svd,3,0.9511880165289256,0.9511880165289256,0.0,0.00649548041132153,9.122367858886719,2.574716091156006
single_svd_k8,31,single,8,svd,4,0.9595816115702479,0.9595816115702479,0.0,0.006248825163401195,8.847132682800293,2.574716091156006
single_svd_k8,31,single,8,svd,5,0.9639721074380165,0.9639721074380165,0.0,0.005923953747231869,9.086830139160156,2.574716091156006
single_svd_k8,31,single,8,svd,6,0.9682334710743803,0.9682334710743803,0.0,0.005861675281852663,9.560049057006836,2.574716091156006
single_svd_k8,31,single,8,svd,7,0.9706869834710745,0.9706869834710745,0.0,0.006052231049561763,9.967559814453125,2.574716091156006
single_svd_k8,31,single,8,svd,8,0.9730113636363638,0.9730113636363638,0.0,0.00561747054969719,10.251312255859375,2.574716091156006
single_svd_k8,31,single,8,svd,9,0.975335743801653,0.975335743801653,0.0,0.004316761991240203,10.63912296295166,2.574716091156006
single_svd_k8,31,single,8,svd,10,0.9748192148760331,0.9748192148760331,0.0,0.003974783312062025,11.045775413513184,2.574716091156006
single_svd_k8,31,single,8,svd,11,0.9744318181818182,0.9744318181818182,0.0,0.003718290747914188,11.20457935333252,2.574716091156006
single_svd_k8,31,single,8,svd,12,0.9739152892561984,0.9739152892561984,0.0,0.0035049612508804007,11.584714889526367,2.574716091156006
single_svd_k8,31,single,8,svd,13,0.9728822314049588,0.9728822314049588,0.0,0.003117513939102534,12.098705291748047,2.574716091156006
single_svd_k8,31,single,8,svd,14,0.9715909090909091,0.9715909090909091,0.0,0.0027077895089318016,12.319990158081055,2.574716091156006
single_svd_k8,31,single,8,svd,15,0.9699121900826446,0.9699121900826446,0.0,0.002175785117142448,12.701590538024902,2.574716091156006
single_svd_k8,31,single,8,svd,16,0.9700413223140496,0.9700413223140496,0.0,0.001678214439390091,12.952423095703125,2.574716091156006
single_svd_k8,31,single,8,svd,17,0.9683626033057852,0.9683626033057852,0.0,0.0013895575166317231,13.429990768432617,2.574716091156006
single_svd_k8,31,single,8,svd,18,0.9661673553719008,0.9661673553719008,0.0,0.001190304429522171,14.060503959655762,2.574716091156006
single_svd_k8,31,single,8,svd,19,0.9608729338842975,0.9608729338842975,0.0,0.0010413900616462746,14.631999969482422,2.574716091156006
single_svd_k8,31,single,8,svd,20,0.9607438016528926,0.9607438016528926,0.0,0.0008758061582252452,15.163883209228516,2.574716091156006
single_svd_k8,31,single,8,svd,21,0.9610020661157025,0.9610020661157025,0.0,0.000786055832290411,15.43765926361084,2.574716091156006
single_svd_k8,31,single,8,svd,22,0.9545454545454546,0.9545454545454546,0.0,0.0007473755967709605,15.706923484802246,2.574716091156006
single_svd_k8,31,single,8,svd,23,0.9524793388429752,0.9524793388429752,0.0,0.0007498324527471789,15.965222358703613,2.574716091156006
single_svd_k8,31,single,8,svd,24,0.9489927685950414,0.9489927685950414,0.0,0.0007588191358015584,16.06854248046875,2.574716091156006
single_svd_k8,31,single,8,svd,25,0.9429235537190082,0.9429235537190082,0.0,0.000801230177441159,16.30206298828125,2.574716091156006
single_svd_k8,31,single,8,svd,26,0.9418904958677685,0.9418904958677685,0.0,0.0008329159715088075,16.630619049072266,2.574716091156006
single_svd_k8,31,single,8,svd,27,0.9431818181818182,0.9431818181818182,0.0,0.0008443799168297295,16.830869674682617,2.574716091156006
single_svd_k8,31,single,8,svd,28,0.9381456611570248,0.9381456611570248,0.0,0.0009012672820696288,17.208641052246094,2.574716091156006
single_svd_k8,31,single,8,svd,29,0.9315599173553719,0.9315599173553719,0.0,0.0009687306700008058,17.63865089416504,2.574716091156006
single_svd_k8,31,single,8,svd,30,0.9270402892561983,0.9270402892561983,0.0,0.0011658834845688082,19.053607940673828,2.574716091156006
single_svd_k8,31,single,8,svd,31,0.9190340909090909,0.9190340909090909,0.0,0.004401796201216723,22.531871795654297,2.574716091156006
single_random,31,single,1,random,0,0.899922520661157,0.899922520661157,0.0,0.00441990429886574,4.580940246582031,0.00014019853551872075
single_random,31,single,1,random,1,0.9309142561983471,0.9309142561983471,0.0,0.0044314525333389865,6.002074241638184,0.00014019853551872075
single_random,31,single,1,random,2,0.9482179752066116,0.9482179752066116,0.0,0.005059625127012413,9.017328262329102,0.00014019853551872075
single_random,31,single,1,random,3,0.9511880165289256,0.9511880165289256,0.0,0.00649548041132153,9.122367858886719,0.00014019853551872075
single_random,31,single,1,random,4,0.9595816115702479,0.9595816115702479,0.0,0.006248825163401195,8.847132682800293,0.00014019853551872075
single_random,31,single,1,random,5,0.9639721074380165,0.9639721074380165,0.0,0.005923953747231869,9.086830139160156,0.00014019853551872075
single_random,31,single,1,random,6,0.9682334710743803,0.9682334710743803,0.0,0.005861675281852663,9.560049057006836,0.00014019853551872075
single_random,31,single,1,random,7,0.9706869834710745,0.9706869834710745,0.0,0.006052231049561763,9.967559814453125,0.00014019853551872075
single_random,31,single,1,random,8,0.9730113636363638,0.9730113636363638,0.0,0.00561747054969719,10.251312255859375,0.00014019853551872075
single_random,31,single,1,random,9,0.975335743801653,0.975335743801653,0.0,0.004316761991240203,10.63912296295166,0.00014019853551872075
single_random,31,single,1,random,10,0.9748192148760331,0.9748192148760331,0.0,0.003974783312062025,11.045775413513184,0.00014019853551872075
single_random,31,single,1,random,11,0.9744318181818182,0.9744318181818182,0.0,0.003718290747914188,11.20457935333252,0.00014019853551872075
single_random,31,single,1,random,12,0.9739152892561984,0.9739152892561984,0.0,0.0035049612508804007,11.584714889526367,0.00014019853551872075
single_random,31,single,1,random,13,0.9728822314049588,0.9728822314049588,0.0,0.003117513939102534,12.098705291748047,0.00014019853551872075
single_random,31,single,1,random,14,0.9715909090909091,0.9715909090909091,0.0,0.0027077895089318016,12.319990158081055,0.00014019853551872075
single_random,31,single,1,random,15,0.9699121900826446,0.9699121900826446,0.0,0.002175785117142448,12.701590538024902,0.00014019853551872075
single_random,31,single,1,random,16,0.9700413223140496,0.9700413223140496,0.0,0.001678214439390091,12.952423095703125,0.00014019853551872075
single_random,31,single,1,random,17,0.9683626033057852,0.9683626033057852,0.0,0.0013895575166317231,13.429990768432617,0.00014019853551872075
single_random,31,single,1,random,18,0.9661673553719008,0.9661673553719008,0.0,0.001190304429522171,14.060503959655762,0.00014019853551872075
single_random,31,single,1,random,19,0.9608729338842975,0.9608729338842975,0.0,0.0010413900616462746,14.631999969482422,0.00014019853551872075
single_random,31,single,1,random,20,0.9607438016528926,0.9607438016528926,0.0,0.0008758061582252452,15.163883209228516,0.00014019853551872075
single_random,31,single,1,random,21,0.9610020661157025,0.9610020661157025,0.0,0.000786055832290411,15.43765926361084,0.00014019853551872075
single_random,31,single,1,random,22,0.9545454545454546,0.9545454545454546,0.0,0.0007473755967709605,15.706923484802246,0.00014019853551872075
single_random,31,single,1,random,23,0.9524793388429752,0.9524793388429752,0.0,0.0007498324527471789,15.965222358703613,0.00014019853551872075
single_random,31,single,1,random,24,0.9489927685950414,0.9489927685950414,0.0,0.0007588191358015584,16.06854248046875,0.00014019853551872075
single_random,31,single,1,random,25,0.9429235537190082,0.9429235537190082,0.0,0.000801230177441159,16.30206298828125,0.00014019853551872075
single_random,31,single,1,random,26,0.9418904958677685,0.9418904958677685,0.0,0.0008329159715088075,16.630619049072266,0.00014019853551872075
single_random,31,single,1,random,27,0.9431818181818182,0.9431818181818182,0.0,0.0008443799168297295,16.830869674682617,0.00014019853551872075
single_random,31,single,1,random,28,0.9381456611570248,0.9381456611570248,0.0,0.0009012672820696288,17.208641052246094,0.00014019853551872075
single_random,31,single,1,random,29,0.9315599173553719,0.9315599173553719,0.0,0.0009687306700008058,17.63865089416504,0.00014019853551872075
single_random,31,single,1,random,30,0.9270402892561983,0.9270402892561983,0.0,0.0011658834845688082,19.053607940673828,0.00014019853551872075
single_random,31,single,1,random,31,0.9190340909090909,0.9190340909090909,0.0,0.004401796201216723,22.531871795654297,0.00014019853551872075
cumulative_probe,0,cumulative,1,probe,0,0.899922520661157,0.899922520661157,0.0,0.00441990429886574,4.580940246582031,0.01159264799207449
cumulative_probe,0,cumulative,1,probe,1,0.7573605371900827,0.9309142561983471,0.17355371900826444,0.0033819083267819794,5.075178623199463,0.01159264799207449
cumulative_probe,0,cumulative,1,probe,2,0.6838842975206612,0.9482179752066116,0.2643336776859504,0.0035968078223758138,7.496093273162842,0.01159264799207449
cumulative_probe,0,cumulative,1,probe,3,0.6867252066115703,0.9511880165289256,0.26446280991735527,0.004696039561658427,8.04953384399414,0.01159264799207449
cumulative_probe,0,cumulative,1,probe,4,0.5285382231404959,0.9595816115702479,0.431043388429752,0.004221131268314138,7.876645088195801,0.01159264799207449
cumulative_probe,0,cumulative,1,probe,5,0.524793388429752,0.9639721074380165,0.43917871900826455,0.0037700041279074004,7.930419445037842,0.01159264799207449
cumulative_probe,0,cumulative,1,probe,6,0.5338326446280992,0.9682334710743803,0.4344008264462811,0.003585685510426262,8.149444580078125,0.01159264799207449
cumulative_probe,0,cumulative,1,probe,7,0.4621642561983471,0.9706869834710745,0.5085227272727274,0.003351135170539865,7.8943047523498535,0.01159264799207449
cumulative_probe,0,cumulative,1,probe,8,0.40625,0.9730113636363638,0.5667613636363638,0.002998240432512178,7.974874019622803,0.01159264799207449
cumulative_probe,0,cumulative,1,probe,9,0.44795971074380164,0.975335743801653,0.5273760330578514,0.002233028914013113,8.196233749389648,0.01159264799207449
cumulative_probe,0,cumulative,1,probe,10,0.4908316115702479,0.9748192148760331,0.48398760330578516,0.0019706185689190026,8.536243438720703,0.01159264799207449
cumulative_probe,0,cumulative,1,probe,11,0.4207128099173554,0.9744318181818182,0.5537190082644629,0.0018572241323759897,8.56755256652832,0.01159264799207449
cumulative_probe,0,cumulative,1,probe,12,0.4134814049586777,0.9739152892561984,0.5604338842975207,0.0017122181923366897,8.789290428161621,0.01159264799207449
cumulative_probe,0,cumulative,1,probe,13,0.415805785123967,0.9728822314049588,0.5570764462809918,0.0014993250459864882,8.880928993225098,0.01159264799207449
cumulative_probe,0,cumulative,1,probe,14,0.40018078512396693,0.9715909090909091,0.5714101239669421,0.0012791419279029048,9.317599296569824,0.01159264799207449
cumulative_probe,0,cumulative,1,probe,15,0.4037964876033058,0.9699121900826446,0.5661157024793388,0.001046131818954188,10.07198715209961,0.01159264799207449
cumulative_probe,0,cumulative,1,probe,16,0.4054752066115702,0.9700413223140496,0.5645661157024794,0.0008025639532602824,10.405684471130371,0.01159264799207449
cumulative_probe,0,cumulative,1,probe,17,0.39204545454545453,0.9683626033057852,0.5763171487603307,0.0006614415269176055,10.919292449951172,0.01159264799207449
cumulative_probe,0,cumulative,1,probe,18,0.44034090909090906,0.9661673553719008,0.5258264462809917,0.0005613767115779655,11.381505012512207,0.01159264799207449
cumulative_probe,0,cumulative,1,probe,19,0.356275826446281,0.9608729338842975,0.6045971074380165,0.00048694053362408063,11.827631950378418,0.01159264799207449
cumulative_probe,0,cumulative,1,probe,20,0.35472623966942146,0.9607438016528926,0.6060175619834711,0.000402571783812089,11.733331680297852,0.01159264799207449
cumulative_probe,0,cumulative,1,probe,21,0.36893078512396693,0.9610020661157025,0.5920712809917356,0.00036465650862826937,11.637084007263184,0.01159264799207449
cumulative_probe,0,cumulative,1,probe,22,0.3447830578512397,0.9545454545454546,0.609762396694215,0.0003494889271803414,11.627690315246582,0.01159264799207449
cumulative_probe,0,cumulative,1,probe,23,0.35085227272727276,0.9524793388429752,0.6016270661157024,0.00035178068595143053,11.592850685119629,0.01159264799207449
cumulative_probe,0,cumulative,1,probe,24,0.34555785123966937,0.9489927685950414,0.6034349173553721,0.0003582676052287237,11.497267723083496,0.01159264799207449
cumulative_probe,0,cumulative,1,probe,25,0.3292871900826446,0.9429235537190082,0.6136363636363635,0.0003758055891096568,11.381641387939453,0.01159264799207449
cumulative_probe,0,cumulative,1,probe,26,0.33935950413223137,0.9418904958677685,0.6025309917355371,0.0003896873515946142,11.402444839477539,0.01159264799207449
cumulative_probe,0,cumulative,1,probe,27,0.3327737603305785,0.9431818181818182,0.6104080578512397,0.00039447022442007373,11.440825462341309,0.01159264799207449
cumulative_probe,0,cumulative,1,probe,28,0.3283832644628099,0.9381456611570248,0.609762396694215,0.00042285365239236317,11.592976570129395,0.01159264799207449
cumulative_probe,0,cumulative,1,probe,29,0.29390495867768596,0.9315599173553719,0.637654958677686,0.0004501506041051373,11.75307846069336,0.01159264799207449
cumulative_probe,0,cumulative,1,probe,30,0.31869834710743805,0.9270402892561983,0.6083419421487603,0.0005223360323225457,12.224618911743164,0.01159264799207449
cumulative_probe,0,cumulative,1,probe,31,0.3136621900826446,0.9190340909090909,0.6053719008264463,0.0018613668713343134,13.073272705078125,0.01159264799207449
cumulative_probe,5,cumulative,1,probe,0,0.899922520661157,0.899922520661157,0.0,0.00441990429886574,4.580940246582031,0.009162455797195435
cumulative_probe,5,cumulative,1,probe,1,0.9309142561983471,0.9309142561983471,0.0,0.0044314525333389865,6.002074241638184,0.009162455797195435
cumulative_probe,5,cumulative,1,probe,2,0.9482179752066116,0.9482179752066116,0.0,0.005059625127012413,9.017328262329102,0.009162455797195435
cumulative_probe,5,cumulative,1,probe,3,0.9511880165289256,0.9511880165289256,0.0,0.00649548041132153,9.122367858886719,0.009162455797195435
cumulative_probe,5,cumulative,1,probe,4,0.9595816115702479,0.9595816115702479,0.0,0.006248825163401195,8.847132682800293,0.009162455797195435
cumulative_probe,5,cumulative,1,probe,5,0.9639721074380165,0.9639721074380165,0.0,0.005923953747231869,9.086830139160156,0.009162455797195435
cumulative_probe,5,cumulative,1,probe,6,0.5430010330578512,0.9682334710743803,0.4252324380165291,0.0022678295825673267,6.278121471405029,0.009162455797195435
cumulative_probe,5,cumulative,1,probe,7,0.49225206611570255,0.9706869834710745,0.47843491735537197,0.0023088027620582485,6.287194728851318,0.009162455797195435
cumulative_probe,5,cumulative,1,probe,8,0.43595041322314054,0.9730113636363638,0.5370609504132232,0.002153325203786749,6.461314678192139,0.009162455797195435
cumulative_probe,5,cumulative,1,probe,9,0.4538997933884298,0.975335743801653,0.5214359504132232,0.0016381347924530054,6.7202887535095215,0.009162455797195435
cumulative_probe,5,cumulative,1,probe,10,0.48928202479338845,0.9748192148760331,0.4855371900826446,0.0014895069755215262,7.098202705383301,0.009162455797195435
cumulative_probe,5,cumulative,1,probe,11,0.43104338842975204,0.9744318181818182,0.5433884297520661,0.0014446514607688865,7.30320405960083,0.009162455797195435
cumulative_probe,5,cumulative,1,probe,12,0.41877582644628103,0.9739152892561984,0.5551394628099173,0.0013698081948708696,7.642460346221924,0.009162455797195435
cumulative_probe,5,cumulative,1,probe,13,0.42264979338842973,0.9728822314049588,0.5502324380165291,0.0012234418451765317,7.838891983032227,0.009162455797195435
cumulative_probe,5,cumulative,1,probe,14,0.4026342975206612,0.9715909090909091,0.5689566115702478,0.0010592309428772984,8.246912002563477,0.009162455797195435
cumulative_probe,5,cumulative,1,probe,15,0.4137396694214876,0.9699121900826446,0.556172520661157,0.0008801502176242204,9.00733757019043,0.009162455797195435
cumulative_probe,5,cumulative,1,probe,16,0.4092200413223141,0.9700413223140496,0.5608212809917354,0.0006813130282005142,9.360819816589355,0.009162455797195435
cumulative_probe,5,cumulative,1,probe,17,0.39269111570247933,0.9683626033057852,0.5756714876033058,0.000565585452477535,9.801380157470703,0.009162455797195435
cumulative_probe,5,cumulative,1,probe,18,0.4456353305785124,0.9661673553719008,0.5205320247933884,0.00048500385646532695,10.274725914001465,0.009162455797195435
cumulative_probe,5,cumulative,1,probe,19,0.36337809917355374,0.9608729338842975,0.5974948347107438,0.00042357298838058277,10.70799446105957,0.009162455797195435
cumulative_probe,5,cumulative,1,probe,20,0.35911673553719003,0.9607438016528926,0.6016270661157026,0.000353148204737197,10.659372329711914,0.009162455797195435
cumulative_probe,5,cumulative,1,probe,21,0.3762913223140496,0.9610020661157025,0.5847107438016529,0.0003223325703269886,10.611956596374512,0.009162455797195435
cumulative_probe,5,cumulative,1,probe,22,0.35033574380165294,0.9545454545454546,0.6042097107438016,0.0003110802516383959,10.671756744384766,0.009162455797195435
cumulative_probe,5,cumulative,1,probe,23,0.3540805785123967,0.9524793388429752,0.5983987603305785,0.00031515533128700923,10.708172798156738,0.009162455797195435
cumulative_probe,5,cumulative,1,probe,24,0.3542097107438017,0.9489927685950414,0.5947830578512397,0.00032341247990752553,10.696710586547852,0.009162455797195435
cumulative_probe,5,cumulative,1,probe,25,0.33496900826446285,0.9429235537190082,0.6079545454545453,0.00034096711706199656,10.687047004699707,0.009162455797195435
cumulative_probe,5,cumulative,1,probe,26,0.34336260330578516,0.9418904958677685,0.5985278925619834,0.00035578137688263567,10.819293975830078,0.009162455797195435
cumulative_probe,5,cumulative,1,probe,27,0.3394886363636364,0.9431818181818182,0.6036931818181819,0.00036302243942420986,10.932890892028809,0.009162455797195435
cumulative_probe,5,cumulative,1,probe,28,0.3344524793388429,0.9381456611570248,0.6036931818181819,0.0003914724265966507,11.192791938781738,0.009162455797195435
cumulative_probe,5,cumulative,1,probe,29,0.2986828512396694,0.9315599173553719,0.6328770661157025,0.0004183050289024992,11.412029266357422,0.009162455797195435
cumulative_probe,5,cumulative,1,probe,30,0.31998966942148754,0.9270402892561983,0.6070506198347108,0.000488804540689336,12.019486427307129,0.009162455797195435
cumulative_probe,5,cumulative,1,probe,31,0.3174070247933884,0.9190340909090909,0.6016270661157026,0.0017666115174761465,12.83387279510498,0.009162455797195435
cumulative_probe,10,cumulative,1,probe,0,0.899922520661157,0.899922520661157,0.0,0.00441990429886574,4.580940246582031,0.005161282140761614
cumulative_probe,10,cumulative,1,probe,1,0.9309142561983471,0.9309142561983471,0.0,0.0044314525333389865,6.002074241638184,0.005161282140761614
cumulative_probe,10,cumulative,1,probe,2,0.9482179752066116,0.9482179752066116,0.0,0.005059625127012413,9.017328262329102,0.005161282140761614
cumulative_probe,10,cumulative,1,probe,3,0.9511880165289256,0.9511880165289256,0.0,0.00649548041132153,9.122367858886719,0.005161282140761614
cumulative_probe,10,cumulative,1,probe,4,0.9595816115702479,0.9595816115702479,0.0,0.006248825163401195,8.847132682800293,0.005161282140761614
cumulative_probe,10,cumulative,1,probe,5,0.9639721074380165,0.9639721074380165,0.0,0.005923953747231869,9.086830139160156,0.005161282140761614
cumulative_probe,10,cumulative,1,probe,6,0.9682334710743803,0.9682334710743803,0.0,0.005861675281852663,9.560049057006836,0.005161282140761614
cumulative_probe,10,cumulative,1,probe,7,0.9706869834710745,0.9706869834710745,0.0,0.006052231049561763,9.967559814453125,0.005161282140761614
cumulative_probe,10,cumulative,1,probe,8,0.9730113636363638,0.9730113636363638,0.0,0.00561747054969719,10.251312255859375,0.005161282140761614
cumulative_probe,10,cumulative,1,probe,9,0.975335743801653,0.975335743801653,0.0,0.004316761991240203,10.63912296295166,0.005161282140761614
cumulative_probe,10,cumulative,1,probe,10,0.9748192148760331,0.9748192148760331,0.0,0.003974783312062025,11.045775413513184,0.005161282140761614
cumulative_probe,10,cumulative,1,probe,11,0.45867768595041325,0.9744318181818182,0.515754132231405,0.0012630015250121307,6.516017913818359,0.005161282140761614
cumulative_probe,10,cumulative,1,probe,12,0.431301652892562,0.9739152892561984,0.5426136363636365,0.0012081017282580264,6.78162956237793,0.005161282140761614
cumulative_probe,10,cumulative,1,probe,13,0.428202479338843,0.9728822314049588,0.5446797520661157,0.001092441659861998,7.1014018058776855,0.005161282140761614
cumulative_probe,10,cumulative,1,probe,14,0.41800103305785125,0.9715909090909091,0.5535898760330578,0.0009480359681480754,7.286306858062744,0.005161282140761614
cumulative_probe,10,cumulative,1,probe,15,0.4232954545454546,0.9699121900826446,0.54661673553719,0.0007935749885338295,7.81636905670166,0.005161282140761614
cumulative_probe,10,cumulative,1,probe,16,0.42742768595041325,0.9700413223140496,0.5426136363636364,0.000620620212513523,8.132831573486328,0.005161282140761614
cumulative_probe,10,cumulative,1,probe,17,0.40018078512396693,0.9683626033057852,0.5681818181818182,0.0005125611770370186,8.483938217163086,0.005161282140761614
cumulative_probe,10,cumulative,1,probe,18,0.4519628099173554,0.9661673553719008,0.5142045454545454,0.0004435880728770325,8.986235618591309,0.005161282140761614
cumulative_probe,10,cumulative,1,probe,19,0.36350723140495866,0.9608729338842975,0.5973657024793388,0.0003881240805384545,9.42366886138916,0.005161282140761614
cumulative_probe,10,cumulative,1,probe,20,0.36363636363636365,0.9607438016528926,0.597107438016529,0.00032612939255294293,9.571473121643066,0.005161282140761614
cumulative_probe,10,cumulative,1,probe,21,0.3744834710743802,0.9610020661157025,0.5865185950413223,0.0002987685914123128,9.67353343963623,0.005161282140761614
cumulative_probe,10,cumulative,1,probe,22,0.3513688016528926,0.9545454545454546,0.603176652892562,0.00028907298551084093,9.84896469116211,0.005161282140761614
cumulative_probe,10,cumulative,1,probe,23,0.3542097107438017,0.9524793388429752,0.5982696280991735,0.00029318885501961045,10.004522323608398,0.005161282140761614
cumulative_probe,10,cumulative,1,probe,24,0.35485537190082644,0.9489927685950414,0.594137396694215,0.00030132946299654684,10.117461204528809,0.005161282140761614
cumulative_probe,10,cumulative,1,probe,25,0.33613119834710736,0.9429235537190082,0.6067923553719008,0.00031871546466522016,10.252360343933105,0.005161282140761614
cumulative_probe,10,cumulative,1,probe,26,0.3412964876033058,0.9418904958677685,0.6005940082644627,0.00033507688820799686,10.516875267028809,0.005161282140761614
cumulative_probe,10,cumulative,1,probe,27,0.34103822314049587,0.9431818181818182,0.6021435950413223,0.0003447169478796308,10.720664024353027,0.005161282140761614
cumulative_probe,10,cumulative,1,probe,28,0.33535640495867775,0.9381456611570248,0.602789256198347,0.00037612749348225893,11.114270210266113,0.005161282140761614
cumulative_probe,10,cumulative,1,probe,29,0.2991993801652893,0.9315599173553719,0.6323605371900827,0.0004075274828233555,11.437678337097168,0.005161282140761614
cumulative_probe,10,cumulative,1,probe,30,0.3196022727272727,0.9270402892561983,0.6074380165289256,0.0004854024222507025,12.222230911254883,0.005161282140761614
cumulative_probe,10,cumulative,1,probe,31,0.31714876033057854,0.9190340909090909,0.6018853305785123,0.0018228792751205924,13.160253524780273,0.005161282140761614
cumulative_probe,15,cumulative,1,probe,0,0.899922520661157,0.899922520661157,0.0,0.00441990429886574,4.580940246582031,0.003630619728937745
cumulative_probe,15,cumulative,1,probe,1,0.9309142561983471,0.9309142561983471,0.0,0.0044314525333389865,6.002074241638184,0.003630619728937745
cumulative_probe,15,cumulative,1,probe,2,0.9482179752066116,0.9482179752066116,0.0,0.005059625127012413,9.017328262329102,0.003630619728937745
cumulative_probe,15,cumulative,1,probe,3,0.9511880165289256,0.9511880165289256,0.0,0.00649548041132153,9.122367858886719,0.003630619728937745
cumulative_probe,15,cumulative,1,probe,4,0.9595816115702479,0.9595816115702479,0.0,0.006248825163401195,8.847132682800293,0.003630619728937745
cumulative_probe,15,cumulative,1,probe,5,0.9639721074380165,0.9639721074380165,0.0,0.005923953747231869,9.086830139160156,0.003630619728937745
cumulative_probe,15,cumulative,1,probe,6,0.9682334710743803,0.9682334710743803,0.0,0.005861675281852663,9.560049057006836,0.003630619728937745
cumulative_probe,15,cumulative,1,probe,7,0.9706869834710745,0.9706869834710745,0.0,0.006052231049561763,9.967559814453125,0.003630619728937745
cumulative_probe,15,cumulative,1,probe,8,0.9730113636363638,0.9730113636363638,0.0,0.00561747054969719,10.251312255859375,0.003630619728937745
cumulative_probe,15,cumulative,1,probe,9,0.975335743801653,0.975335743801653,0.0,0.004316761991240203,10.63912296295166,0.003630619728937745
cumulative_probe,15,cumulative,1,probe,10,0.9748192148760331,0.9748192148760331,0.0,0.003974783312062025,11.045775413513184,0.003630619728937745
cumulative_probe,15,cumulative,1,probe,11,0.9744318181818182,0.9744318181818182,0.0,0.003718290747914188,11.20457935333252,0.003630619728937745
cumulative_probe,15,cumulative,1,probe,12,0.9739152892561984,0.9739152892561984,0.0,0.0035049612508804007,11.584714889526367,0.003630619728937745
cumulative_probe,15,cumulative,1,probe,13,0.9728822314049588,0.9728822314049588,0.0,0.003117513939102534,12.098705291748047,0.003630619728937745
cumulative_probe,15,cumulative,1,probe,14,0.9715909090909091,0.9715909090909091,0.0,0.0027077895089318016,12.319990158081055,0.003630619728937745
cumulative_probe,15,cumulative,1,probe,15,0.9699121900826446,0.9699121900826446,0.0,0.002175785117142448,12.701590538024902,0.003630619728937745
cumulative_probe,15,cumulative,1,probe,16,0.4628099173553719,0.9700413223140496,0.5072314049586777,0.0005919186325141768,7.701738357543945,0.003630619728937745
cumulative_probe,15,cumulative,1,probe,17,0.41231921487603307,0.9683626033057852,0.5560433884297521,0.000486458102234244,7.964025020599365,0.003630619728937745
cumulative_probe,15,cumulative,1,probe,18,0.4566115702479339,0.9661673553719008,0.5095557851239669,0.00042335491138567605,8.434595108032227,0.003630619728937745
cumulative_probe,15,cumulative,1,probe,19,0.36479855371900827,0.9608729338842975,0.5960743801652892,0.0003705498552640796,8.82091999053955,0.003630619728937745
cumulative_probe,15,cumulative,1,probe,20,0.36428202479338845,0.9607438016528926,0.5964617768595042,0.00031304290280265157,9.08261489868164,0.003630619728937745
cumulative_probe,15,cumulative,1,probe,21,0.37112603305785125,0.9610020661157025,0.5898760330578512,0.00028775601005692764,9.276615142822266,0.003630619728937745
cumulative_probe,15,cumulative,1,probe,22,0.34646177685950413,0.9545454545454546,0.6080836776859504,0.00027828326556611493,9.483469009399414,0.003630619728937745
cumulative_probe,15,cumulative,1,probe,23,0.3489152892561983,0.9524793388429752,0.6035640495867769,0.00028255649376007774,9.688994407653809,0.003630619728937745
cumulative_probe,15,cumulative,1,probe,24,0.3516270661157025,0.9489927685950414,0.597365702479339,0.00028989200170714824,9.848671913146973,0.003630619728937745
cumulative_probe,15,cumulative,1,probe,25,0.3327737603305785,0.9429235537190082,0.6101497933884297,0.00030786043617681,10.096770286560059,0.003630619728937745
cumulative_probe,15,cumulative,1,probe,26,0.33948863636363635,0.9418904958677685,0.6024018595041322,0.0003253110562662087,10.441637992858887,0.003630619728937745
cumulative_probe,15,cumulative,1,probe,27,0.3363894628099174,0.9431818181818182,0.6067923553719008,0.000338269313774342,10.712610244750977,0.003630619728937745
cumulative_probe,15,cumulative,1,probe,28,0.3317407024793389,0.9381456611570248,0.6064049586776858,0.00037205011749541494,11.186239242553711,0.003630619728937745
cumulative_probe,15,cumulative,1,probe,29,0.293646694214876,0.9315599173553719,0.6379132231404959,0.00040753738354259994,11.587532043457031,0.003630619728937745
cumulative_probe,15,cumulative,1,probe,30,0.3181818181818182,0.9270402892561983,0.6088584710743801,0.0004932548208040899,12.517678260803223,0.003630619728937745
cumulative_probe,15,cumulative,1,probe,31,0.30785123966942146,0.9190340909090909,0.6111828512396695,0.0018973337879580887,13.669083595275879,0.003630619728937745
cumulative_probe,20,cumulative,1,probe,0,0.899922520661157,0.899922520661157,0.0,0.00441990429886574,4.580940246582031,0.0020377151668071747
cumulative_probe,20,cumulative,1,probe,1,0.9309142561983471,0.9309142561983471,0.0,0.0044314525333389865,6.002074241638184,0.0020377151668071747
cumulative_probe,20,cumulative,1,probe,2,0.9482179752066116,0.9482179752066116,0.0,0.005059625127012413,9.017328262329102,0.0020377151668071747
cumulative_probe,20,cumulative,1,probe,3,0.9511880165289256,0.9511880165289256,0.0,0.00649548041132153,9.122367858886719,0.0020377151668071747
cumulative_probe,20,cumulative,1,probe,4,0.9595816115702479,0.9595816115702479,0.0,0.006248825163401195,8.847132682800293,0.0020377151668071747
cumulative_probe,20,cumulative,1,probe,5,0.9639721074380165,0.9639721074380165,0.0,0.005923953747231869,9.086830139160156,0.0020377151668071747
cumulative_probe,20,cumulative,1,probe,6,0.9682334710743803,0.9682334710743803,0.0,0.005861675281852663,9.560049057006836,0.0020377151668071747
cumulative_probe,20,cumulative,1,probe,7,0.9706869834710745,0.9706869834710745,0.0,0.006052231049561763,9.967559814453125,0.0020377151668071747
cumulative_probe,20,cumulative,1,probe,8,0.9730113636363638,0.9730113636363638,0.0,0.00561747054969719,10.251312255859375,0.0020377151668071747
cumulative_probe,20,cumulative,1,probe,9,0.975335743801653,0.975335743801653,0.0,0.004316761991240203,10.63912296295166,0.0020377151668071747
cumulative_probe,20,cumulative,1,probe,10,0.9748192148760331,0.9748192148760331,0.0,0.003974783312062025,11.045775413513184,0.0020377151668071747
cumulative_probe,20,cumulative,1,probe,11,0.9744318181818182,0.9744318181818182,0.0,0.003718290747914188,11.20457935333252,0.0020377151668071747
cumulative_probe,20,cumulative,1,probe,12,0.9739152892561984,0.9739152892561984,0.0,0.0035049612508804007,11.584714889526367,0.0020377151668071747
cumulative_probe,20,cumulative,1,probe,13,0.9728822314049588,0.9728822314049588,0.0,0.003117513939102534,12.098705291748047,0.0020377151668071747
cumulative_probe,20,cumulative,1,probe,14,0.9715909090909091,0.9715909090909091,0.0,0.0027077895089318016,12.319990158081055,0.0020377151668071747
cumulative_probe,20,cumulative,1,probe,15,0.9699121900826446,0.9699121900826446,0.0,0.002175785117142448,12.701590538024902,0.0020377151668071747
cumulative_probe,20,cumulative,1,probe,16,0.9700413223140496,0.9700413223140496,0.0,0.001678214439390091,12.952423095703125,0.0020377151668071747
cumulative_probe,20,cumulative,1,probe,17,0.9683626033057852,0.9683626033057852,0.0,0.0013895575166317231,13.429990768432617,0.0020377151668071747
cumulative_probe,20,cumulative,1,probe,18,0.9661673553719008,0.9661673553719008,0.0,0.001190304429522171,14.060503959655762,0.0020377151668071747
cumulative_probe,20,cumulative,1,probe,19,0.9608729338842975,0.9608729338842975,0.0,0.0010413900616462746,14.631999969482422,0.0020377151668071747
cumulative_probe,20,cumulative,1,probe,20,0.9607438016528926,0.9607438016528926,0.0,0.0008758061582252452,15.163883209228516,0.0020377151668071747
cumulative_probe,20,cumulative,1,probe,21,0.3738378099173554,0.9610020661157025,0.5871642561983471,0.0003076557133719904,9.702449798583984,0.0020377151668071747
cumulative_probe,20,cumulative,1,probe,22,0.353305785123967,0.9545454545454546,0.6012396694214877,0.00029829899100219937,9.917350769042969,0.0020377151668071747
cumulative_probe,20,cumulative,1,probe,23,0.3517561983471075,0.9524793388429752,0.6007231404958677,0.0003022035612070262,10.100777626037598,0.0020377151668071747
cumulative_probe,20,cumulative,1,probe,24,0.36337809917355374,0.9489927685950414,0.5856146694214877,0.000309746905186703,10.236037254333496,0.0020377151668071747
cumulative_probe,20,cumulative,1,probe,25,0.33948863636363635,0.9429235537190082,0.6034349173553718,0.000331839407529233,10.481374740600586,0.0020377151668071747
cumulative_probe,20,cumulative,1,probe,26,0.34103822314049587,0.9418904958677685,0.6008522727272727,0.00035116476421881426,10.80490779876709,0.0020377151668071747
cumulative_probe,20,cumulative,1,probe,27,0.3452995867768595,0.9431818181818182,0.5978822314049588,0.0003681775476286342,11.105146408081055,0.0020377151668071747
cumulative_probe,20,cumulative,1,probe,28,0.33961776859504134,0.9381456611570248,0.5985278925619835,0.0004085607338566444,11.589568138122559,0.0020377151668071747
cumulative_probe,20,cumulative,1,probe,29,0.296875,0.9315599173553719,0.6346849173553719,0.0004509944317974135,12.033995628356934,0.0020377151668071747
cumulative_probe,20,cumulative,1,probe,30,0.32295971074380164,0.9270402892561983,0.6040805785123966,0.0005509606092632957,13.01005744934082,0.0020377151668071747
cumulative_probe,20,cumulative,1,probe,31,0.31082128099173545,0.9190340909090909,0.6082128099173555,0.0022083102443932745,14.76921272277832,0.0020377151668071747
cumulative_probe,25,cumulative,1,probe,0,0.899922520661157,0.899922520661157,0.0,0.00441990429886574,4.580940246582031,0.0013200187822803855
cumulative_probe,25,cumulative,1,probe,1,0.9309142561983471,0.9309142561983471,0.0,0.0044314525333389865,6.002074241638184,0.0013200187822803855
cumulative_probe,25,cumulative,1,probe,2,0.9482179752066116,0.9482179752066116,0.0,0.005059625127012413,9.017328262329102,0.0013200187822803855
cumulative_probe,25,cumulative,1,probe,3,0.9511880165289256,0.9511880165289256,0.0,0.00649548041132153,9.122367858886719,0.0013200187822803855
cumulative_probe,25,cumulative,1,probe,4,0.9595816115702479,0.9595816115702479,0.0,0.006248825163401195,8.847132682800293,0.0013200187822803855
cumulative_probe,25,cumulative,1,probe,5,0.9639721074380165,0.9639721074380165,0.0,0.005923953747231869,9.086830139160156,0.0013200187822803855
cumulative_probe,25,cumulative,1,probe,6,0.9682334710743803,0.9682334710743803,0.0,0.005861675281852663,9.560049057006836,0.0013200187822803855
cumulative_probe,25,cumulative,1,probe,7,0.9706869834710745,0.9706869834710745,0.0,0.006052231049561763,9.967559814453125,0.0013200187822803855
cumulative_probe,25,cumulative,1,probe,8,0.9730113636363638,0.9730113636363638,0.0,0.00561747054969719,10.251312255859375,0.0013200187822803855
cumulative_probe,25,cumulative,1,probe,9,0.975335743801653,0.975335743801653,0.0,0.004316761991240203,10.63912296295166,0.0013200187822803855
cumulative_probe,25,cumulative,1,probe,10,0.9748192148760331,0.9748192148760331,0.0,0.003974783312062025,11.045775413513184,0.0013200187822803855
cumulative_probe,25,cumulative,1,probe,11,0.9744318181818182,0.9744318181818182,0.0,0.003718290747914188,11.20457935333252,0.0013200187822803855
cumulative_probe,25,cumulative,1,probe,12,0.9739152892561984,0.9739152892561984,0.0,0.0035049612508804007,11.584714889526367,0.0013200187822803855
cumulative_probe,25,cumulative,1,probe,13,0.9728822314049588,0.9728822314049588,0.0,0.003117513939102534,12.098705291748047,0.0013200187822803855
cumulative_probe,25,cumulative,1,probe,14,0.9715909090909091,0.9715909090909091,0.0,0.0027077895089318016,12.319990158081055,0.0013200187822803855
cumulative_probe,25,cumulative,1,probe,15,0.9699121900826446,0.9699121900826446,0.0,0.002175785117142448,12.701590538024902,0.0013200187822803855
cumulative_probe,25,cumulative,1,probe,16,0.9700413223140496,0.9700413223140496,0.0,0.001678214439390091,12.952423095703125,0.0013200187822803855
cumulative_probe,25,cumulative,1,probe,17,0.9683626033057852,0.9683626033057852,0.0,0.0013895575166317231,13.429990768432617,0.0013200187822803855
cumulative_probe,25,cumulative,1,probe,18,0.9661673553719008,0.9661673553719008,0.0,0.001190304429522171,14.060503959655762,0.0013200187822803855
cumulative_probe,25,cumulative,1,probe,19,0.9608729338842975,0.9608729338842975,0.0,0.0010413900616462746,14.631999969482422,0.0013200187822803855
cumulative_probe,25,cumulative,1,probe,20,0.9607438016528926,0.9607438016528926,0.0,0.0008758061582252452,15.163883209228516,0.0013200187822803855
cumulative_probe,25,cumulative,1,probe,21,0.9610020661157025,0.9610020661157025,0.0,0.000786055832290411,15.43765926361084,0.0013200187822803855
cumulative_probe,25,cumulative,1,probe,22,0.9545454545454546,0.9545454545454546,0.0,0.0007473755967709605,15.706923484802246,0.0013200187822803855
cumulative_probe,25,cumulative,1,probe,23,0.9524793388429752,0.9524793388429752,0.0,0.0007498324527471789,15.965222358703613,0.0013200187822803855
cumulative_probe,25,cumulative,1,probe,24,0.9489927685950414,0.9489927685950414,0.0,0.0007588191358015584,16.06854248046875,0.0013200187822803855
cumulative_probe,25,cumulative,1,probe,25,0.9429235537190082,0.9429235537190082,0.0,0.000801230177441159,16.30206298828125,0.0013200187822803855
cumulative_probe,25,cumulative,1,probe,26,0.33264462809917356,0.9418904958677685,0.609245867768595,0.00032769361092988003,10.457605361938477,0.0013200187822803855
cumulative_probe,25,cumulative,1,probe,27,0.3367768595041322,0.9431818181818182,0.6064049586776861,0.000345875910262361,10.800048828125,0.0013200187822803855
cumulative_probe,25,cumulative,1,probe,28,0.33238636363636365,0.9381456611570248,0.6057592975206612,0.00038645318181418364,11.314640045166016,0.0013200187822803855
cumulative_probe,25,cumulative,1,probe,29,0.28770661157024796,0.9315599173553719,0.6438533057851239,0.00043074162183487363,11.818012237548828,0.0013200187822803855
cumulative_probe,25,cumulative,1,probe,30,0.3175361570247934,0.9270402892561983,0.609504132231405,0.0005351270204257963,12.963383674621582,0.0013200187822803855
cumulative_probe,25,cumulative,1,probe,31,0.3013946280991735,0.9190340909090909,0.6176394628099174,0.0021086836727483016,14.90994930267334,0.0013200187822803855
cumulative_probe,30,cumulative,1,probe,0,0.899922520661157,0.899922520661157,0.0,0.00441990429886574,4.580940246582031,0.0011434821644797921
cumulative_probe,30,cumulative,1,probe,1,0.9309142561983471,0.9309142561983471,0.0,0.0044314525333389865,6.002074241638184,0.0011434821644797921
cumulative_probe,30,cumulative,1,probe,2,0.9482179752066116,0.9482179752066116,0.0,0.005059625127012413,9.017328262329102,0.0011434821644797921
cumulative_probe,30,cumulative,1,probe,3,0.9511880165289256,0.9511880165289256,0.0,0.00649548041132153,9.122367858886719,0.0011434821644797921
cumulative_probe,30,cumulative,1,probe,4,0.9595816115702479,0.9595816115702479,0.0,0.006248825163401195,8.847132682800293,0.0011434821644797921
cumulative_probe,30,cumulative,1,probe,5,0.9639721074380165,0.9639721074380165,0.0,0.005923953747231869,9.086830139160156,0.0011434821644797921
cumulative_probe,30,cumulative,1,probe,6,0.9682334710743803,0.9682334710743803,0.0,0.005861675281852663,9.560049057006836,0.0011434821644797921
cumulative_probe,30,cumulative,1,probe,7,0.9706869834710745,0.9706869834710745,0.0,0.006052231049561763,9.967559814453125,0.0011434821644797921
cumulative_probe,30,cumulative,1,probe,8,0.9730113636363638,0.9730113636363638,0.0,0.00561747054969719,10.251312255859375,0.0011434821644797921
cumulative_probe,30,cumulative,1,probe,9,0.975335743801653,0.975335743801653,0.0,0.004316761991240203,10.63912296295166,0.0011434821644797921
cumulative_probe,30,cumulative,1,probe,10,0.9748192148760331,0.9748192148760331,0.0,0.003974783312062025,11.045775413513184,0.0011434821644797921
cumulative_probe,30,cumulative,1,probe,11,0.9744318181818182,0.9744318181818182,0.0,0.003718290747914188,11.20457935333252,0.0011434821644797921
cumulative_probe,30,cumulative,1,probe,12,0.9739152892561984,0.9739152892561984,0.0,0.0035049612508804007,11.584714889526367,0.0011434821644797921
cumulative_probe,30,cumulative,1,probe,13,0.9728822314049588,0.9728822314049588,0.0,0.003117513939102534,12.098705291748047,0.0011434821644797921
cumulative_probe,30,cumulative,1,probe,14,0.9715909090909091,0.9715909090909091,0.0,0.0027077895089318016,12.319990158081055,0.0011434821644797921
cumulative_probe,30,cumulative,1,probe,15,0.9699121900826446,0.9699121900826446,0.0,0.002175785117142448,12.701590538024902,0.0011434821644797921
cumulative_probe,30,cumulative,1,probe,16,0.9700413223140496,0.9700413223140496,0.0,0.001678214439390091,12.952423095703125,0.0011434821644797921
cumulative_probe,30,cumulative,1,probe,17,0.9683626033057852,0.9683626033057852,0.0,0.0013895575166317231,13.429990768432617,0.0011434821644797921
cumulative_probe,30,cumulative,1,probe,18,0.9661673553719008,0.9661673553719008,0.0,0.001190304429522171,14.060503959655762,0.0011434821644797921
cumulative_probe,30,cumulative,1,probe,19,0.9608729338842975,0.9608729338842975,0.0,0.0010413900616462746,14.631999969482422,0.0011434821644797921
cumulative_probe,30,cumulative,1,probe,20,0.9607438016528926,0.9607438016528926,0.0,0.0008758061582252452,15.163883209228516,0.0011434821644797921
cumulative_probe,30,cumulative,1,probe,21,0.9610020661157025,0.9610020661157025,0.0,0.000786055832290411,15.43765926361084,0.0011434821644797921
cumulative_probe,30,cumulative,1,probe,22,0.9545454545454546,0.9545454545454546,0.0,0.0007473755967709605,15.706923484802246,0.0011434821644797921
cumulative_probe,30,cumulative,1,probe,23,0.9524793388429752,0.9524793388429752,0.0,0.0007498324527471789,15.965222358703613,0.0011434821644797921
cumulative_probe,30,cumulative,1,probe,24,0.9489927685950414,0.9489927685950414,0.0,0.0007588191358015584,16.06854248046875,0.0011434821644797921
cumulative_probe,30,cumulative,1,probe,25,0.9429235537190082,0.9429235537190082,0.0,0.000801230177441159,16.30206298828125,0.0011434821644797921
cumulative_probe,30,cumulative,1,probe,26,0.9418904958677685,0.9418904958677685,0.0,0.0008329159715088075,16.630619049072266,0.0011434821644797921
cumulative_probe,30,cumulative,1,probe,27,0.9431818181818182,0.9431818181818182,0.0,0.0008443799168297295,16.830869674682617,0.0011434821644797921
cumulative_probe,30,cumulative,1,probe,28,0.9381456611570248,0.9381456611570248,0.0,0.0009012672820696288,17.208641052246094,0.0011434821644797921
cumulative_probe,30,cumulative,1,probe,29,0.9315599173553719,0.9315599173553719,0.0,0.0009687306700008058,17.63865089416504,0.0011434821644797921
cumulative_probe,30,cumulative,1,probe,30,0.9270402892561983,0.9270402892561983,0.0,0.0011658834845688082,19.053607940673828,0.0011434821644797921
cumulative_probe,30,cumulative,1,probe,31,0.293775826446281,0.9190340909090909,0.62525826446281,0.0021803704040156413,15.88264274597168,0.0011434821644797921
cumulative_probe,31,cumulative,1,probe,0,0.899922520661157,0.899922520661157,0.0,0.00441990429886574,4.580940246582031,0.0015465214382857084
cumulative_probe,31,cumulative,1,probe,1,0.9309142561983471,0.9309142561983471,0.0,0.0044314525333389865,6.002074241638184,0.0015465214382857084
cumulative_probe,31,cumulative,1,probe,2,0.9482179752066116,0.9482179752066116,0.0,0.005059625127012413,9.017328262329102,0.0015465214382857084
cumulative_probe,31,cumulative,1,probe,3,0.9511880165289256,0.9511880165289256,0.0,0.00649548041132153,9.122367858886719,0.0015465214382857084
cumulative_probe,31,cumulative,1,probe,4,0.9595816115702479,0.9595816115702479,0.0,0.006248825163401195,8.847132682800293,0.0015465214382857084
cumulative_probe,31,cumulative,1,probe,5,0.9639721074380165,0.9639721074380165,0.0,0.005923953747231869,9.086830139160156,0.0015465214382857084
cumulative_probe,31,cumulative,1,probe,6,0.9682334710743803,0.9682334710743803,0.0,0.005861675281852663,9.560049057006836,0.0015465214382857084
cumulative_probe,31,cumulative,1,probe,7,0.9706869834710745,0.9706869834710745,0.0,0.006052231049561763,9.967559814453125,0.0015465214382857084
cumulative_probe,31,cumulative,1,probe,8,0.9730113636363638,0.9730113636363638,0.0,0.00561747054969719,10.251312255859375,0.0015465214382857084
cumulative_probe,31,cumulative,1,probe,9,0.975335743801653,0.975335743801653,0.0,0.004316761991240203,10.63912296295166,0.0015465214382857084
cumulative_probe,31,cumulative,1,probe,10,0.9748192148760331,0.9748192148760331,0.0,0.003974783312062025,11.045775413513184,0.0015465214382857084
cumulative_probe,31,cumulative,1,probe,11,0.9744318181818182,0.9744318181818182,0.0,0.003718290747914188,11.20457935333252,0.0015465214382857084
cumulative_probe,31,cumulative,1,probe,12,0.9739152892561984,0.9739152892561984,0.0,0.0035049612508804007,11.584714889526367,0.0015465214382857084
cumulative_probe,31,cumulative,1,probe,13,0.9728822314049588,0.9728822314049588,0.0,0.003117513939102534,12.098705291748047,0.0015465214382857084
cumulative_probe,31,cumulative,1,probe,14,0.9715909090909091,0.9715909090909091,0.0,0.0027077895089318016,12.319990158081055,0.0015465214382857084
cumulative_probe,31,cumulative,1,probe,15,0.9699121900826446,0.9699121900826446,0.0,0.002175785117142448,12.701590538024902,0.0015465214382857084
cumulative_probe,31,cumulative,1,probe,16,0.9700413223140496,0.9700413223140496,0.0,0.001678214439390091,12.952423095703125,0.0015465214382857084
cumulative_probe,31,cumulative,1,probe,17,0.9683626033057852,0.9683626033057852,0.0,0.0013895575166317231,13.429990768432617,0.0015465214382857084
cumulative_probe,31,cumulative,1,probe,18,0.9661673553719008,0.9661673553719008,0.0,0.001190304429522171,14.060503959655762,0.0015465214382857084
cumulative_probe,31,cumulative,1,probe,19,0.9608729338842975,0.9608729338842975,0.0,0.0010413900616462746,14.631999969482422,0.0015465214382857084
cumulative_probe,31,cumulative,1,probe,20,0.9607438016528926,0.9607438016528926,0.0,0.0008758061582252452,15.163883209228516,0.0015465214382857084
cumulative_probe,31,cumulative,1,probe,21,0.9610020661157025,0.9610020661157025,0.0,0.000786055832290411,15.43765926361084,0.0015465214382857084
cumulative_probe,31,cumulative,1,probe,22,0.9545454545454546,0.9545454545454546,0.0,0.0007473755967709605,15.706923484802246,0.0015465214382857084
cumulative_probe,31,cumulative,1,probe,23,0.9524793388429752,0.9524793388429752,0.0,0.0007498324527471789,15.965222358703613,0.0015465214382857084
cumulative_probe,31,cumulative,1,probe,24,0.9489927685950414,0.9489927685950414,0.0,0.0007588191358015584,16.06854248046875,0.0015465214382857084
cumulative_probe,31,cumulative,1,probe,25,0.9429235537190082,0.9429235537190082,0.0,0.000801230177441159,16.30206298828125,0.0015465214382857084
cumulative_probe,31,cumulative,1,probe,26,0.9418904958677685,0.9418904958677685,0.0,0.0008329159715088075,16.630619049072266,0.0015465214382857084
cumulative_probe,31,cumulative,1,probe,27,0.9431818181818182,0.9431818181818182,0.0,0.0008443799168297295,16.830869674682617,0.0015465214382857084
cumulative_probe,31,cumulative,1,probe,28,0.9381456611570248,0.9381456611570248,0.0,0.0009012672820696288,17.208641052246094,0.0015465214382857084
cumulative_probe,31,cumulative,1,probe,29,0.9315599173553719,0.9315599173553719,0.0,0.0009687306700008058,17.63865089416504,0.0015465214382857084
cumulative_probe,31,cumulative,1,probe,30,0.9270402892561983,0.9270402892561983,0.0,0.0011658834845688082,19.053607940673828,0.0015465214382857084
cumulative_probe,31,cumulative,1,probe,31,0.9190340909090909,0.9190340909090909,0.0,0.004401796201216723,22.531871795654297,0.0015465214382857084
