condition,layer,n_ablated,ablate_layers,dataset,frequency_auroc,frequency_auroc_std,frequency_accuracy,semantic_auroc,semantic_auroc_std,semantic_accuracy,cosine_dist,euclidean_dist
clean,0,0,"22,23,24,25,26,27,28,29,30,31",emotion,0.9451795841209829,0.02336716391737231,0.8739130434782609,0.8243936367908408,0.011212195297631703,0.532608695652174,0.013182933319786705,8.310197830200195
clean,1,0,"22,23,24,25,26,27,28,29,30,31",emotion,0.9463137996219281,0.02404845957472855,0.8826086956521738,0.8825176993145742,0.022062773593380533,0.5869565217391304,0.01283052754833891,11.2199068069458
clean,2,0,"22,23,24,25,26,27,28,29,30,31",emotion,0.948960302457467,0.021151759139053882,0.9043478260869566,0.9208812454906206,0.019478475351605164,0.6358695652173914,0.013223031406390029,14.681081771850586
clean,3,0,"22,23,24,25,26,27,28,29,30,31",emotion,0.9557655954631381,0.012742759581363136,0.9,0.9490014097744361,0.022054981358512974,0.6793478260869565,0.014285771443020345,13.579787254333496
clean,4,0,"22,23,24,25,26,27,28,29,30,31",emotion,0.9553875236294896,0.010733511959605608,0.8869565217391304,0.9500554772347536,0.01863195469514025,0.7119565217391305,0.013604432877580952,13.057304382324219
clean,5,0,"22,23,24,25,26,27,28,29,30,31",emotion,0.9610586011342155,0.010045618340708102,0.8913043478260869,0.9578523130743526,0.017655125336116278,0.7173913043478262,0.012540788874243036,13.488441467285156
clean,6,0,"22,23,24,25,26,27,28,29,30,31",emotion,0.9644612476370511,0.00787624448241952,0.8782608695652174,0.961890729427736,0.016417398622202376,0.7445652173913044,0.011429133324772134,13.811625480651855
clean,7,0,"22,23,24,25,26,27,28,29,30,31",emotion,0.9697542533081286,0.008866570434448827,0.8956521739130434,0.9665292789264829,0.013526331401733625,0.7445652173913044,0.011461304730506994,14.357914924621582
clean,8,0,"22,23,24,25,26,27,28,29,30,31",emotion,0.9705103969754255,0.007427932969523064,0.882608695652174,0.966655897556391,0.014434500122944945,0.7608695652173914,0.010029414477924492,14.62242317199707
clean,9,0,"22,23,24,25,26,27,28,29,30,31",emotion,0.9712665406427222,0.01072018667580937,0.8913043478260869,0.9685816102756891,0.014155603540079269,0.7880434782608696,0.0076455894292268844,15.198503494262695
clean,10,0,"22,23,24,25,26,27,28,29,30,31",emotion,0.9724007561436674,0.009534608856649182,0.9043478260869564,0.9704675099206349,0.01346640975144222,0.7880434782608695,0.006770822789941788,15.186749458312988
clean,11,0,"22,23,24,25,26,27,28,29,30,31",emotion,0.9712665406427222,0.007692623799385971,0.9086956521739129,0.9706649436090226,0.012337718171123674,0.7717391304347826,0.006238601065497895,15.313035011291504
clean,12,0,"22,23,24,25,26,27,28,29,30,31",emotion,0.9716446124763707,0.008538064113902632,0.9043478260869564,0.9690368499373434,0.012471875235630526,0.7880434782608696,0.005998722547948865,15.830519676208496
clean,13,0,"22,23,24,25,26,27,28,29,30,31",emotion,0.9716446124763707,0.007561436672967859,0.9130434782608695,0.965358382936508,0.014403236225294384,0.7880434782608696,0.005244065993757485,16.246408462524414
clean,14,0,"22,23,24,25,26,27,28,29,30,31",emotion,0.9705103969754253,0.0077111826292518715,0.8869565217391304,0.9643408651837928,0.014631710041247624,0.7771739130434783,0.004445184273567215,16.460847854614258
clean,15,0,"22,23,24,25,26,27,28,29,30,31",emotion,0.9674858223062381,0.005783386971938902,0.8869565217391304,0.964577459273183,0.013650075806695292,0.7771739130434783,0.003569003730403253,16.929973602294922
clean,16,0,"22,23,24,25,26,27,28,29,30,31",emotion,0.964461247637051,0.007012187898295412,0.8826086956521738,0.9643604453842941,0.014742648920823201,0.7717391304347826,0.0027687786135311976,17.146223068237305
clean,17,0,"22,23,24,25,26,27,28,29,30,31",emotion,0.9659735349716445,0.00756143667296787,0.8869565217391304,0.9608236085004177,0.016263394827039607,0.75,0.002341643831903828,17.750059127807617
clean,18,0,"22,23,24,25,26,27,28,29,30,31",emotion,0.9648393194706995,0.007984390201112627,0.882608695652174,0.9573804302422723,0.017788561232186625,0.7336956521739131,0.002042318828775591,18.42142105102539
clean,19,0,"22,23,24,25,26,27,28,29,30,31",emotion,0.9621928166351607,0.010491067618534328,0.882608695652174,0.9552138810568087,0.02098643251307624,0.7336956521739131,0.0018594128559106249,19.245935440063477
clean,20,0,"22,23,24,25,26,27,28,29,30,31",emotion,0.9610586011342154,0.009902306883711794,0.8782608695652174,0.9522040779030911,0.023656810913372708,0.7228260869565217,0.001577795577615504,20.12129020690918
clean,21,0,"22,23,24,25,26,27,28,29,30,31",emotion,0.956899810964083,0.009057957316227584,0.8652173913043478,0.9474483735380117,0.026999442644481612,0.7282608695652173,0.001429072809747467,20.69241714477539
clean,22,0,"22,23,24,25,26,27,28,29,30,31",emotion,0.9572778827977316,0.00968336368609877,0.8608695652173914,0.943470329469507,0.02795258206379909,0.733695652173913,0.001376244369746371,21.390188217163086
clean,23,0,"22,23,24,25,26,27,28,29,30,31",emotion,0.9504725897920606,0.011048498447033992,0.8652173913043478,0.9412531980994151,0.029539209797816567,0.7228260869565217,0.001382452590426353,21.886878967285156
clean,24,0,"22,23,24,25,26,27,28,29,30,31",emotion,0.9466918714555765,0.00981531567920392,0.8565217391304347,0.9418448464912281,0.02883979338629909,0.7119565217391304,0.0014034408880868599,22.21080207824707
clean,25,0,"22,23,24,25,26,27,28,29,30,31",emotion,0.9361058601134216,0.008736650289823329,0.8434782608695652,0.9395444992690059,0.03099583441862305,0.7119565217391304,0.0014746590509873148,22.662893295288086
clean,26,0,"22,23,24,25,26,27,28,29,30,31",emotion,0.9285444234404536,0.009519605528933231,0.8434782608695652,0.9392478592314119,0.032178998900554354,0.7119565217391304,0.0015276303947882042,23.169578552246094
clean,27,0,"22,23,24,25,26,27,28,29,30,31",emotion,0.9270321361058601,0.009307019754322235,0.8304347826086957,0.9377995770676691,0.03196004923268117,0.7065217391304348,0.0015414322508938705,23.392601013183594
clean,28,0,"22,23,24,25,26,27,28,29,30,31",emotion,0.9221172022684311,0.007876244482419555,0.8347826086956521,0.9352362024853802,0.03151777532334325,0.7065217391304348,0.0016383555892953705,23.73747444152832
clean,29,0,"22,23,24,25,26,27,28,29,30,31",emotion,0.9175803402646503,0.010463782611038232,0.826086956521739,0.9323804302422722,0.03267247466748059,0.7065217391304348,0.001747661321678473,24.090303421020508
clean,30,0,"22,23,24,25,26,27,28,29,30,31",emotion,0.913421550094518,0.012274240514743203,0.826086956521739,0.9284428519214704,0.032409830116183445,0.7010869565217391,0.001994297180945681,24.75215721130371
clean,31,0,"22,23,24,25,26,27,28,29,30,31",emotion,0.9043478260869564,0.020240088944157523,0.8173913043478261,0.916420282477026,0.031027029554537712,0.657608695652174,0.005837368376885421,27.631799697875977
affinity_5pct,0,8190,"22,23,24,25,26,27,28,29,30,31",emotion,0.9451795841209829,0.02336716391737231,0.8739130434782609,0.8243936367908408,0.011212195297631703,0.532608695652174,0.013182933319786705,8.310197830200195
affinity_5pct,1,8190,"22,23,24,25,26,27,28,29,30,31",emotion,0.9463137996219281,0.02404845957472855,0.8826086956521738,0.8825176993145742,0.022062773593380533,0.5869565217391304,0.01283052754833891,11.2199068069458
affinity_5pct,2,8190,"22,23,24,25,26,27,28,29,30,31",emotion,0.948960302457467,0.021151759139053882,0.9043478260869566,0.9208812454906206,0.019478475351605164,0.6358695652173914,0.013223031406390029,14.681081771850586
affinity_5pct,3,8190,"22,23,24,25,26,27,28,29,30,31",emotion,0.9557655954631381,0.012742759581363136,0.9,0.9490014097744361,0.022054981358512974,0.6793478260869565,0.014285771443020345,13.579787254333496
affinity_5pct,4,8190,"22,23,24,25,26,27,28,29,30,31",emotion,0.9553875236294896,0.010733511959605608,0.8869565217391304,0.9500554772347536,0.01863195469514025,0.7119565217391305,0.013604432877580952,13.057304382324219
affinity_5pct,5,8190,"22,23,24,25,26,27,28,29,30,31",emotion,0.9610586011342155,0.010045618340708102,0.8913043478260869,0.9578523130743526,0.017655125336116278,0.7173913043478262,0.012540788874243036,13.488441467285156
affinity_5pct,6,8190,"22,23,24,25,26,27,28,29,30,31",emotion,0.9644612476370511,0.00787624448241952,0.8782608695652174,0.961890729427736,0.016417398622202376,0.7445652173913044,0.011429133324772134,13.811625480651855
affinity_5pct,7,8190,"22,23,24,25,26,27,28,29,30,31",emotion,0.9697542533081286,0.008866570434448827,0.8956521739130434,0.9665292789264829,0.013526331401733625,0.7445652173913044,0.011461304730506994,14.357914924621582
affinity_5pct,8,8190,"22,23,24,25,26,27,28,29,30,31",emotion,0.9705103969754255,0.007427932969523064,0.882608695652174,0.966655897556391,0.014434500122944945,0.7608695652173914,0.010029414477924492,14.62242317199707
affinity_5pct,9,8190,"22,23,24,25,26,27,28,29,30,31",emotion,0.9712665406427222,0.01072018667580937,0.8913043478260869,0.9685816102756891,0.014155603540079269,0.7880434782608696,0.0076455894292268844,15.198503494262695
affinity_5pct,10,8190,"22,23,24,25,26,27,28,29,30,31",emotion,0.9724007561436674,0.009534608856649182,0.9043478260869564,0.9704675099206349,0.01346640975144222,0.7880434782608695,0.006770822789941788,15.186749458312988
affinity_5pct,11,8190,"22,23,24,25,26,27,28,29,30,31",emotion,0.9712665406427222,0.007692623799385971,0.9086956521739129,0.9706649436090226,0.012337718171123674,0.7717391304347826,0.006238601065497895,15.313035011291504
affinity_5pct,12,8190,"22,23,24,25,26,27,28,29,30,31",emotion,0.9716446124763707,0.008538064113902632,0.9043478260869564,0.9690368499373434,0.012471875235630526,0.7880434782608696,0.005998722547948865,15.830519676208496
affinity_5pct,13,8190,"22,23,24,25,26,27,28,29,30,31",emotion,0.9716446124763707,0.007561436672967859,0.9130434782608695,0.965358382936508,0.014403236225294384,0.7880434782608696,0.005244065993757485,16.246408462524414
affinity_5pct,14,8190,"22,23,24,25,26,27,28,29,30,31",emotion,0.9705103969754253,0.0077111826292518715,0.8869565217391304,0.9643408651837928,0.014631710041247624,0.7771739130434783,0.004445184273567215,16.460847854614258
affinity_5pct,15,8190,"22,23,24,25,26,27,28,29,30,31",emotion,0.9674858223062381,0.005783386971938902,0.8869565217391304,0.964577459273183,0.013650075806695292,0.7771739130434783,0.003569003730403253,16.929973602294922
affinity_5pct,16,8190,"22,23,24,25,26,27,28,29,30,31",emotion,0.964461247637051,0.007012187898295412,0.8826086956521738,0.9643604453842941,0.014742648920823201,0.7717391304347826,0.0027687786135311976,17.146223068237305
affinity_5pct,17,8190,"22,23,24,25,26,27,28,29,30,31",emotion,0.9659735349716445,0.00756143667296787,0.8869565217391304,0.9608236085004177,0.016263394827039607,0.75,0.002341643831903828,17.750059127807617
affinity_5pct,18,8190,"22,23,24,25,26,27,28,29,30,31",emotion,0.9648393194706995,0.007984390201112627,0.882608695652174,0.9573804302422723,0.017788561232186625,0.7336956521739131,0.002042318828775591,18.42142105102539
affinity_5pct,19,8190,"22,23,24,25,26,27,28,29,30,31",emotion,0.9621928166351607,0.010491067618534328,0.882608695652174,0.9552138810568087,0.02098643251307624,0.7336956521739131,0.0018594128559106249,19.245935440063477
affinity_5pct,20,8190,"22,23,24,25,26,27,28,29,30,31",emotion,0.9610586011342154,0.009902306883711794,0.8782608695652174,0.9522040779030911,0.023656810913372708,0.7228260869565217,0.001577795577615504,20.12129020690918
affinity_5pct,21,8190,"22,23,24,25,26,27,28,29,30,31",emotion,0.956899810964083,0.009057957316227584,0.8652173913043478,0.9474483735380117,0.026999442644481612,0.7282608695652173,0.001429072809747467,20.69241714477539
affinity_5pct,22,8190,"22,23,24,25,26,27,28,29,30,31",emotion,0.9568998109640832,0.009444231377540052,0.8608695652173914,0.9435137322472849,0.02789574031177518,0.733695652173913,0.001370880740320768,21.366872787475586
affinity_5pct,23,8190,"22,23,24,25,26,27,28,29,30,31",emotion,0.9500945179584122,0.011316922152813434,0.8608695652173912,0.9415703973475356,0.029148656978475646,0.7228260869565217,0.0013800861630962613,21.844141006469727
affinity_5pct,24,8190,"22,23,24,25,26,27,28,29,30,31",emotion,0.9466918714555765,0.010102373698213546,0.8565217391304347,0.9415968306182122,0.029365156227304193,0.7119565217391304,0.0013970737743992379,22.1356143951416
affinity_5pct,25,8190,"22,23,24,25,26,27,28,29,30,31",emotion,0.9379962192816634,0.00913651869458951,0.8391304347826086,0.9396747076023392,0.031770815085075725,0.7119565217391304,0.0014703909678526195,22.58355712890625
affinity_5pct,26,8190,"22,23,24,25,26,27,28,29,30,31",emotion,0.9293005671077506,0.008752995767705279,0.8434782608695652,0.939517086988304,0.03199457160913544,0.7119565217391304,0.0015205296446532124,23.071001052856445
affinity_5pct,27,8190,"22,23,24,25,26,27,28,29,30,31",emotion,0.9281663516068054,0.007655371164958986,0.8347826086956521,0.9376977600250627,0.031103090165773638,0.7119565217391304,0.0015255004493058832,23.237071990966797
affinity_5pct,28,8190,"22,23,24,25,26,27,28,29,30,31",emotion,0.9228733459357278,0.008143916532528554,0.8304347826086955,0.9351617977234754,0.03186594578731893,0.7065217391304348,0.0016126302198435916,23.526844024658203
affinity_5pct,29,8190,"22,23,24,25,26,27,28,29,30,31",emotion,0.9187145557655955,0.010826329726484986,0.826086956521739,0.933500091374269,0.03212078273337868,0.7010869565217392,0.0017059296604130525,23.812162399291992
affinity_5pct,30,8190,"22,23,24,25,26,27,28,29,30,31",emotion,0.9137996219281662,0.012343915098158386,0.826086956521739,0.9301107586675021,0.03140002027783927,0.7065217391304348,0.0019310316736588229,24.3785400390625
affinity_5pct,31,8190,"22,23,24,25,26,27,28,29,30,31",emotion,0.9062381852551985,0.018233883632192808,0.8217391304347826,0.9155672384085214,0.030692876125541668,0.657608695652174,0.0056040037739490955,26.984434127807617
coverage_5pct,0,8190,"22,23,24,25,26,27,28,29,30,31",emotion,0.9451795841209829,0.02336716391737231,0.8739130434782609,0.8243936367908408,0.011212195297631703,0.532608695652174,0.013182933319786705,8.310197830200195
coverage_5pct,1,8190,"22,23,24,25,26,27,28,29,30,31",emotion,0.9463137996219281,0.02404845957472855,0.8826086956521738,0.8825176993145742,0.022062773593380533,0.5869565217391304,0.01283052754833891,11.2199068069458
coverage_5pct,2,8190,"22,23,24,25,26,27,28,29,30,31",emotion,0.948960302457467,0.021151759139053882,0.9043478260869566,0.9208812454906206,0.019478475351605164,0.6358695652173914,0.013223031406390029,14.681081771850586
coverage_5pct,3,8190,"22,23,24,25,26,27,28,29,30,31",emotion,0.9557655954631381,0.012742759581363136,0.9,0.9490014097744361,0.022054981358512974,0.6793478260869565,0.014285771443020345,13.579787254333496
coverage_5pct,4,8190,"22,23,24,25,26,27,28,29,30,31",emotion,0.9553875236294896,0.010733511959605608,0.8869565217391304,0.9500554772347536,0.01863195469514025,0.7119565217391305,0.013604432877580952,13.057304382324219
coverage_5pct,5,8190,"22,23,24,25,26,27,28,29,30,31",emotion,0.9610586011342155,0.010045618340708102,0.8913043478260869,0.9578523130743526,0.017655125336116278,0.7173913043478262,0.012540788874243036,13.488441467285156
coverage_5pct,6,8190,"22,23,24,25,26,27,28,29,30,31",emotion,0.9644612476370511,0.00787624448241952,0.8782608695652174,0.961890729427736,0.016417398622202376,0.7445652173913044,0.011429133324772134,13.811625480651855
coverage_5pct,7,8190,"22,23,24,25,26,27,28,29,30,31",emotion,0.9697542533081286,0.008866570434448827,0.8956521739130434,0.9665292789264829,0.013526331401733625,0.7445652173913044,0.011461304730506994,14.357914924621582
coverage_5pct,8,8190,"22,23,24,25,26,27,28,29,30,31",emotion,0.9705103969754255,0.007427932969523064,0.882608695652174,0.966655897556391,0.014434500122944945,0.7608695652173914,0.010029414477924492,14.62242317199707
coverage_5pct,9,8190,"22,23,24,25,26,27,28,29,30,31",emotion,0.9712665406427222,0.01072018667580937,0.8913043478260869,0.9685816102756891,0.014155603540079269,0.7880434782608696,0.0076455894292268844,15.198503494262695
coverage_5pct,10,8190,"22,23,24,25,26,27,28,29,30,31",emotion,0.9724007561436674,0.009534608856649182,0.9043478260869564,0.9704675099206349,0.01346640975144222,0.7880434782608695,0.006770822789941788,15.186749458312988
coverage_5pct,11,8190,"22,23,24,25,26,27,28,29,30,31",emotion,0.9712665406427222,0.007692623799385971,0.9086956521739129,0.9706649436090226,0.012337718171123674,0.7717391304347826,0.006238601065497895,15.313035011291504
coverage_5pct,12,8190,"22,23,24,25,26,27,28,29,30,31",emotion,0.9716446124763707,0.008538064113902632,0.9043478260869564,0.9690368499373434,0.012471875235630526,0.7880434782608696,0.005998722547948865,15.830519676208496
coverage_5pct,13,8190,"22,23,24,25,26,27,28,29,30,31",emotion,0.9716446124763707,0.007561436672967859,0.9130434782608695,0.965358382936508,0.014403236225294384,0.7880434782608696,0.005244065993757485,16.246408462524414
coverage_5pct,14,8190,"22,23,24,25,26,27,28,29,30,31",emotion,0.9705103969754253,0.0077111826292518715,0.8869565217391304,0.9643408651837928,0.014631710041247624,0.7771739130434783,0.004445184273567215,16.460847854614258
coverage_5pct,15,8190,"22,23,24,25,26,27,28,29,30,31",emotion,0.9674858223062381,0.005783386971938902,0.8869565217391304,0.964577459273183,0.013650075806695292,0.7771739130434783,0.003569003730403253,16.929973602294922
coverage_5pct,16,8190,"22,23,24,25,26,27,28,29,30,31",emotion,0.964461247637051,0.007012187898295412,0.8826086956521738,0.9643604453842941,0.014742648920823201,0.7717391304347826,0.0027687786135311976,17.146223068237305
coverage_5pct,17,8190,"22,23,24,25,26,27,28,29,30,31",emotion,0.9659735349716445,0.00756143667296787,0.8869565217391304,0.9608236085004177,0.016263394827039607,0.75,0.002341643831903828,17.750059127807617
coverage_5pct,18,8190,"22,23,24,25,26,27,28,29,30,31",emotion,0.9648393194706995,0.007984390201112627,0.882608695652174,0.9573804302422723,0.017788561232186625,0.7336956521739131,0.002042318828775591,18.42142105102539
coverage_5pct,19,8190,"22,23,24,25,26,27,28,29,30,31",emotion,0.9621928166351607,0.010491067618534328,0.882608695652174,0.9552138810568087,0.02098643251307624,0.7336956521739131,0.0018594128559106249,19.245935440063477
coverage_5pct,20,8190,"22,23,24,25,26,27,28,29,30,31",emotion,0.9610586011342154,0.009902306883711794,0.8782608695652174,0.9522040779030911,0.023656810913372708,0.7228260869565217,0.001577795577615504,20.12129020690918
coverage_5pct,21,8190,"22,23,24,25,26,27,28,29,30,31",emotion,0.956899810964083,0.009057957316227584,0.8652173913043478,0.9474483735380117,0.026999442644481612,0.7282608695652173,0.001429072809747467,20.69241714477539
coverage_5pct,22,8190,"22,23,24,25,26,27,28,29,30,31",emotion,0.9572778827977316,0.012343915098158409,0.8608695652173914,0.9439973631996658,0.026759867154241893,0.7228260869565217,0.0014330556443631348,21.059276580810547
coverage_5pct,23,8190,"22,23,24,25,26,27,28,29,30,31",emotion,0.9523629489603025,0.011979568633463038,0.8565217391304347,0.9429716870300751,0.027713166818643185,0.7228260869565217,0.001462646288228009,21.349578857421875
coverage_5pct,24,8190,"22,23,24,25,26,27,28,29,30,31",emotion,0.9493383742911152,0.01124088374088356,0.8565217391304347,0.9455076493316625,0.027929749334717438,0.717391304347826,0.0015129760536382042,21.554290771484375
coverage_5pct,25,8190,"22,23,24,25,26,27,28,29,30,31",emotion,0.9387523629489604,0.011750676951168245,0.8391304347826086,0.9435659461152881,0.029187702582298337,0.717391304347826,0.0015910753047193582,21.762481689453125
coverage_5pct,26,8190,"22,23,24,25,26,27,28,29,30,31",emotion,0.9289224952741023,0.010116512786585768,0.843478260869565,0.9424436742898914,0.029474472452312057,0.7119565217391305,0.001661475009286928,22.10165786743164
coverage_5pct,27,8190,"22,23,24,25,26,27,28,29,30,31",emotion,0.9274102079395086,0.012630089291863931,0.843478260869565,0.9415765977443609,0.029276284200508818,0.7010869565217392,0.0016693088239525533,22.217517852783203
coverage_5pct,28,8190,"22,23,24,25,26,27,28,29,30,31",emotion,0.9232514177693762,0.012854442344045359,0.843478260869565,0.9410877454051796,0.029176006376050827,0.7010869565217392,0.001741910798365609,22.382644653320312
coverage_5pct,29,8190,"22,23,24,25,26,27,28,29,30,31",emotion,0.9172022684310018,0.013494569601190727,0.8391304347826086,0.9407049524853801,0.030657768148216302,0.7010869565217392,0.0018250521585103652,22.475534439086914
coverage_5pct,30,8190,"22,23,24,25,26,27,28,29,30,31",emotion,0.9156899810964084,0.016806132908047534,0.826086956521739,0.9394390925229741,0.030457404963841066,0.7065217391304348,0.002050904215914806,22.841501235961914
coverage_5pct,31,8190,"22,23,24,25,26,27,28,29,30,31",emotion,0.9137996219281664,0.011379899390013212,0.808695652173913,0.9326679328529658,0.029793807017015984,0.7065217391304348,0.0030039765046736555,24.317108154296875
mass_5pct,0,8190,"22,23,24,25,26,27,28,29,30,31",emotion,0.9451795841209829,0.02336716391737231,0.8739130434782609,0.8243936367908408,0.011212195297631703,0.532608695652174,0.013182933319786705,8.310197830200195
mass_5pct,1,8190,"22,23,24,25,26,27,28,29,30,31",emotion,0.9463137996219281,0.02404845957472855,0.8826086956521738,0.8825176993145742,0.022062773593380533,0.5869565217391304,0.01283052754833891,11.2199068069458
mass_5pct,2,8190,"22,23,24,25,26,27,28,29,30,31",emotion,0.948960302457467,0.021151759139053882,0.9043478260869566,0.9208812454906206,0.019478475351605164,0.6358695652173914,0.013223031406390029,14.681081771850586
mass_5pct,3,8190,"22,23,24,25,26,27,28,29,30,31",emotion,0.9557655954631381,0.012742759581363136,0.9,0.9490014097744361,0.022054981358512974,0.6793478260869565,0.014285771443020345,13.579787254333496
mass_5pct,4,8190,"22,23,24,25,26,27,28,29,30,31",emotion,0.9553875236294896,0.010733511959605608,0.8869565217391304,0.9500554772347536,0.01863195469514025,0.7119565217391305,0.013604432877580952,13.057304382324219
mass_5pct,5,8190,"22,23,24,25,26,27,28,29,30,31",emotion,0.9610586011342155,0.010045618340708102,0.8913043478260869,0.9578523130743526,0.017655125336116278,0.7173913043478262,0.012540788874243036,13.488441467285156
mass_5pct,6,8190,"22,23,24,25,26,27,28,29,30,31",emotion,0.9644612476370511,0.00787624448241952,0.8782608695652174,0.961890729427736,0.016417398622202376,0.7445652173913044,0.011429133324772134,13.811625480651855
mass_5pct,7,8190,"22,23,24,25,26,27,28,29,30,31",emotion,0.9697542533081286,0.008866570434448827,0.8956521739130434,0.9665292789264829,0.013526331401733625,0.7445652173913044,0.011461304730506994,14.357914924621582
mass_5pct,8,8190,"22,23,24,25,26,27,28,29,30,31",emotion,0.9705103969754255,0.007427932969523064,0.882608695652174,0.966655897556391,0.014434500122944945,0.7608695652173914,0.010029414477924492,14.62242317199707
mass_5pct,9,8190,"22,23,24,25,26,27,28,29,30,31",emotion,0.9712665406427222,0.01072018667580937,0.8913043478260869,0.9685816102756891,0.014155603540079269,0.7880434782608696,0.0076455894292268844,15.198503494262695
mass_5pct,10,8190,"22,23,24,25,26,27,28,29,30,31",emotion,0.9724007561436674,0.009534608856649182,0.9043478260869564,0.9704675099206349,0.01346640975144222,0.7880434782608695,0.006770822789941788,15.186749458312988
mass_5pct,11,8190,"22,23,24,25,26,27,28,29,30,31",emotion,0.9712665406427222,0.007692623799385971,0.9086956521739129,0.9706649436090226,0.012337718171123674,0.7717391304347826,0.006238601065497895,15.313035011291504
mass_5pct,12,8190,"22,23,24,25,26,27,28,29,30,31",emotion,0.9716446124763707,0.008538064113902632,0.9043478260869564,0.9690368499373434,0.012471875235630526,0.7880434782608696,0.005998722547948865,15.830519676208496
mass_5pct,13,8190,"22,23,24,25,26,27,28,29,30,31",emotion,0.9716446124763707,0.007561436672967859,0.9130434782608695,0.965358382936508,0.014403236225294384,0.7880434782608696,0.005244065993757485,16.246408462524414
mass_5pct,14,8190,"22,23,24,25,26,27,28,29,30,31",emotion,0.9705103969754253,0.0077111826292518715,0.8869565217391304,0.9643408651837928,0.014631710041247624,0.7771739130434783,0.004445184273567215,16.460847854614258
mass_5pct,15,8190,"22,23,24,25,26,27,28,29,30,31",emotion,0.9674858223062381,0.005783386971938902,0.8869565217391304,0.964577459273183,0.013650075806695292,0.7771739130434783,0.003569003730403253,16.929973602294922
mass_5pct,16,8190,"22,23,24,25,26,27,28,29,30,31",emotion,0.964461247637051,0.007012187898295412,0.8826086956521738,0.9643604453842941,0.014742648920823201,0.7717391304347826,0.0027687786135311976,17.146223068237305
mass_5pct,17,8190,"22,23,24,25,26,27,28,29,30,31",emotion,0.9659735349716445,0.00756143667296787,0.8869565217391304,0.9608236085004177,0.016263394827039607,0.75,0.002341643831903828,17.750059127807617
mass_5pct,18,8190,"22,23,24,25,26,27,28,29,30,31",emotion,0.9648393194706995,0.007984390201112627,0.882608695652174,0.9573804302422723,0.017788561232186625,0.7336956521739131,0.002042318828775591,18.42142105102539
mass_5pct,19,8190,"22,23,24,25,26,27,28,29,30,31",emotion,0.9621928166351607,0.010491067618534328,0.882608695652174,0.9552138810568087,0.02098643251307624,0.7336956521739131,0.0018594128559106249,19.245935440063477
mass_5pct,20,8190,"22,23,24,25,26,27,28,29,30,31",emotion,0.9610586011342154,0.009902306883711794,0.8782608695652174,0.9522040779030911,0.023656810913372708,0.7228260869565217,0.001577795577615504,20.12129020690918
mass_5pct,21,8190,"22,23,24,25,26,27,28,29,30,31",emotion,0.956899810964083,0.009057957316227584,0.8652173913043478,0.9474483735380117,0.026999442644481612,0.7282608695652173,0.001429072809747467,20.69241714477539
mass_5pct,22,8190,"22,23,24,25,26,27,28,29,30,31",emotion,0.9576559546313799,0.011566773943877737,0.8652173913043478,0.9440717679615707,0.026541567531728854,0.7282608695652174,0.0014328635199044593,21.057098388671875
mass_5pct,23,8190,"22,23,24,25,26,27,28,29,30,31",emotion,0.9553875236294896,0.014125929445950399,0.8608695652173914,0.9439451493316624,0.027096647099666648,0.7228260869565217,0.001464436085794718,21.32448959350586
mass_5pct,24,8190,"22,23,24,25,26,27,28,29,30,31",emotion,0.9512287334593573,0.011979568633463063,0.8565217391304347,0.945485458437761,0.027758263297246257,0.717391304347826,0.0015182072828375803,21.536283493041992
mass_5pct,25,8190,"22,23,24,25,26,27,28,29,30,31",emotion,0.9436672967863895,0.013227112048798399,0.843478260869565,0.9436155492898914,0.028739466418549332,0.717391304347826,0.0015995025137149899,21.724632263183594
mass_5pct,26,8190,"22,23,24,25,26,27,28,29,30,31",emotion,0.93648393194707,0.013452133742651936,0.843478260869565,0.942077850877193,0.02965848362531473,0.717391304347826,0.0016710468900666964,22.035112380981445
mass_5pct,27,8190,"22,23,24,25,26,27,28,29,30,31",emotion,0.9319470699432892,0.012074646066292086,0.8391304347826086,0.9420246579991646,0.027977570861725705,0.7010869565217392,0.0016807239664103912,22.160228729248047
mass_5pct,28,8190,"22,23,24,25,26,27,28,29,30,31",emotion,0.9274102079395086,0.010395256774947079,0.8434782608695652,0.9413240131578947,0.027658313265291137,0.6956521739130435,0.0017483237111907135,22.274169921875
mass_5pct,29,8190,"22,23,24,25,26,27,28,29,30,31",emotion,0.9258979206049149,0.010983621207057767,0.8434782608695652,0.9428307095864661,0.02748069402707498,0.7010869565217392,0.0018182037407724616,22.266090393066406
mass_5pct,30,8190,"22,23,24,25,26,27,28,29,30,31",emotion,0.9217391304347826,0.014176433466353618,0.826086956521739,0.9391972770467836,0.028734157995508228,0.7065217391304348,0.002044918022628517,22.60740852355957
mass_5pct,31,8190,"22,23,24,25,26,27,28,29,30,31",emotion,0.91531190926276,0.014465880128324409,0.8217391304347826,0.9336495535714286,0.02884888062930703,0.7065217391304348,0.002828847277587365,23.5808048248291
random_5pct_seed0,0,8190,"22,23,24,25,26,27,28,29,30,31",emotion,0.9451795841209829,0.02336716391737231,0.8739130434782609,0.8243936367908408,0.011212195297631703,0.532608695652174,0.013182933319786705,8.310197830200195
random_5pct_seed0,1,8190,"22,23,24,25,26,27,28,29,30,31",emotion,0.9463137996219281,0.02404845957472855,0.8826086956521738,0.8825176993145742,0.022062773593380533,0.5869565217391304,0.01283052754833891,11.2199068069458
random_5pct_seed0,2,8190,"22,23,24,25,26,27,28,29,30,31",emotion,0.948960302457467,0.021151759139053882,0.9043478260869566,0.9208812454906206,0.019478475351605164,0.6358695652173914,0.013223031406390029,14.681081771850586
random_5pct_seed0,3,8190,"22,23,24,25,26,27,28,29,30,31",emotion,0.9557655954631381,0.012742759581363136,0.9,0.9490014097744361,0.022054981358512974,0.6793478260869565,0.014285771443020345,13.579787254333496
random_5pct_seed0,4,8190,"22,23,24,25,26,27,28,29,30,31",emotion,0.9553875236294896,0.010733511959605608,0.8869565217391304,0.9500554772347536,0.01863195469514025,0.7119565217391305,0.013604432877580952,13.057304382324219
random_5pct_seed0,5,8190,"22,23,24,25,26,27,28,29,30,31",emotion,0.9610586011342155,0.010045618340708102,0.8913043478260869,0.9578523130743526,0.017655125336116278,0.7173913043478262,0.012540788874243036,13.488441467285156
random_5pct_seed0,6,8190,"22,23,24,25,26,27,28,29,30,31",emotion,0.9644612476370511,0.00787624448241952,0.8782608695652174,0.961890729427736,0.016417398622202376,0.7445652173913044,0.011429133324772134,13.811625480651855
random_5pct_seed0,7,8190,"22,23,24,25,26,27,28,29,30,31",emotion,0.9697542533081286,0.008866570434448827,0.8956521739130434,0.9665292789264829,0.013526331401733625,0.7445652173913044,0.011461304730506994,14.357914924621582
random_5pct_seed0,8,8190,"22,23,24,25,26,27,28,29,30,31",emotion,0.9705103969754255,0.007427932969523064,0.882608695652174,0.966655897556391,0.014434500122944945,0.7608695652173914,0.010029414477924492,14.62242317199707
random_5pct_seed0,9,8190,"22,23,24,25,26,27,28,29,30,31",emotion,0.9712665406427222,0.01072018667580937,0.8913043478260869,0.9685816102756891,0.014155603540079269,0.7880434782608696,0.0076455894292268844,15.198503494262695
random_5pct_seed0,10,8190,"22,23,24,25,26,27,28,29,30,31",emotion,0.9724007561436674,0.009534608856649182,0.9043478260869564,0.9704675099206349,0.01346640975144222,0.7880434782608695,0.006770822789941788,15.186749458312988
random_5pct_seed0,11,8190,"22,23,24,25,26,27,28,29,30,31",emotion,0.9712665406427222,0.007692623799385971,0.9086956521739129,0.9706649436090226,0.012337718171123674,0.7717391304347826,0.006238601065497895,15.313035011291504
random_5pct_seed0,12,8190,"22,23,24,25,26,27,28,29,30,31",emotion,0.9716446124763707,0.008538064113902632,0.9043478260869564,0.9690368499373434,0.012471875235630526,0.7880434782608696,0.005998722547948865,15.830519676208496
random_5pct_seed0,13,8190,"22,23,24,25,26,27,28,29,30,31",emotion,0.9716446124763707,0.007561436672967859,0.9130434782608695,0.965358382936508,0.014403236225294384,0.7880434782608696,0.005244065993757485,16.246408462524414
random_5pct_seed0,14,8190,"22,23,24,25,26,27,28,29,30,31",emotion,0.9705103969754253,0.0077111826292518715,0.8869565217391304,0.9643408651837928,0.014631710041247624,0.7771739130434783,0.004445184273567215,16.460847854614258
random_5pct_seed0,15,8190,"22,23,24,25,26,27,28,29,30,31",emotion,0.9674858223062381,0.005783386971938902,0.8869565217391304,0.964577459273183,0.013650075806695292,0.7771739130434783,0.003569003730403253,16.929973602294922
random_5pct_seed0,16,8190,"22,23,24,25,26,27,28,29,30,31",emotion,0.964461247637051,0.007012187898295412,0.8826086956521738,0.9643604453842941,0.014742648920823201,0.7717391304347826,0.0027687786135311976,17.146223068237305
random_5pct_seed0,17,8190,"22,23,24,25,26,27,28,29,30,31",emotion,0.9659735349716445,0.00756143667296787,0.8869565217391304,0.9608236085004177,0.016263394827039607,0.75,0.002341643831903828,17.750059127807617
random_5pct_seed0,18,8190,"22,23,24,25,26,27,28,29,30,31",emotion,0.9648393194706995,0.007984390201112627,0.882608695652174,0.9573804302422723,0.017788561232186625,0.7336956521739131,0.002042318828775591,18.42142105102539
random_5pct_seed0,19,8190,"22,23,24,25,26,27,28,29,30,31",emotion,0.9621928166351607,0.010491067618534328,0.882608695652174,0.9552138810568087,0.02098643251307624,0.7336956521739131,0.0018594128559106249,19.245935440063477
random_5pct_seed0,20,8190,"22,23,24,25,26,27,28,29,30,31",emotion,0.9610586011342154,0.009902306883711794,0.8782608695652174,0.9522040779030911,0.023656810913372708,0.7228260869565217,0.001577795577615504,20.12129020690918
random_5pct_seed0,21,8190,"22,23,24,25,26,27,28,29,30,31",emotion,0.956899810964083,0.009057957316227584,0.8652173913043478,0.9474483735380117,0.026999442644481612,0.7282608695652173,0.001429072809747467,20.69241714477539
random_5pct_seed0,22,8190,"22,23,24,25,26,27,28,29,30,31",emotion,0.9572778827977316,0.010116512786585718,0.8608695652173914,0.9432409147869674,0.027924092012630162,0.733695652173913,0.0013712891753573375,21.357797622680664
random_5pct_seed0,23,8190,"22,23,24,25,26,27,28,29,30,31",emotion,0.9504725897920604,0.010786648482183085,0.8652173913043478,0.9412531980994152,0.02920023154193518,0.7228260869565217,0.0013809787676523078,21.831497192382812
random_5pct_seed0,24,8190,"22,23,24,25,26,27,28,29,30,31",emotion,0.9485822306238184,0.010786648482183085,0.8608695652173914,0.9423940711152883,0.029276596834818792,0.7065217391304348,0.0013973264919376893,22.111188888549805
random_5pct_seed0,25,8190,"22,23,24,25,26,27,28,29,30,31",emotion,0.9368620037807183,0.010326276206992582,0.8521739130434781,0.9398953111946533,0.03217399090296706,0.7065217391304348,0.001479094851208007,22.54271125793457
random_5pct_seed0,26,8190,"22,23,24,25,26,27,28,29,30,31",emotion,0.932703213610586,0.010865866059130405,0.8434782608695652,0.9385498250835422,0.03153145003638196,0.7119565217391304,0.0015341322048996187,23.023990631103516
random_5pct_seed0,27,8190,"22,23,24,25,26,27,28,29,30,31",emotion,0.9304347826086957,0.009815315679203908,0.8434782608695652,0.9376171548663326,0.03203381515975732,0.7119565217391304,0.0015431493200349644,23.21086883544922
random_5pct_seed0,28,8190,"22,23,24,25,26,27,28,29,30,31",emotion,0.9247637051039698,0.008403066454023745,0.8391304347826086,0.9363026707393485,0.03149289472136806,0.7065217391304348,0.0016347639898863786,23.507457733154297
random_5pct_seed0,29,8190,"22,23,24,25,26,27,28,29,30,31",emotion,0.9206049149338374,0.009786146771678467,0.8260869565217392,0.9335549159356724,0.0326500614024132,0.6956521739130435,0.0017376460795612836,23.84065818786621
random_5pct_seed0,30,8190,"22,23,24,25,26,27,28,29,30,31",emotion,0.9164461247637051,0.011919760128872912,0.8304347826086957,0.9315104166666666,0.03180553114994094,0.7065217391304348,0.0019676490498341526,24.395843505859375
random_5pct_seed0,31,8190,"22,23,24,25,26,27,28,29,30,31",emotion,0.9111531190926276,0.015170058712846032,0.8304347826086957,0.9200122702589807,0.03170609479127036,0.6739130434782609,0.005784785966561623,27.14826202392578
random_5pct_seed1,0,8190,"22,23,24,25,26,27,28,29,30,31",emotion,0.9451795841209829,0.02336716391737231,0.8739130434782609,0.8243936367908408,0.011212195297631703,0.532608695652174,0.013182933319786705,8.310197830200195
random_5pct_seed1,1,8190,"22,23,24,25,26,27,28,29,30,31",emotion,0.9463137996219281,0.02404845957472855,0.8826086956521738,0.8825176993145742,0.022062773593380533,0.5869565217391304,0.01283052754833891,11.2199068069458
random_5pct_seed1,2,8190,"22,23,24,25,26,27,28,29,30,31",emotion,0.948960302457467,0.021151759139053882,0.9043478260869566,0.9208812454906206,0.019478475351605164,0.6358695652173914,0.013223031406390029,14.681081771850586
random_5pct_seed1,3,8190,"22,23,24,25,26,27,28,29,30,31",emotion,0.9557655954631381,0.012742759581363136,0.9,0.9490014097744361,0.022054981358512974,0.6793478260869565,0.014285771443020345,13.579787254333496
random_5pct_seed1,4,8190,"22,23,24,25,26,27,28,29,30,31",emotion,0.9553875236294896,0.010733511959605608,0.8869565217391304,0.9500554772347536,0.01863195469514025,0.7119565217391305,0.013604432877580952,13.057304382324219
random_5pct_seed1,5,8190,"22,23,24,25,26,27,28,29,30,31",emotion,0.9610586011342155,0.010045618340708102,0.8913043478260869,0.9578523130743526,0.017655125336116278,0.7173913043478262,0.012540788874243036,13.488441467285156
random_5pct_seed1,6,8190,"22,23,24,25,26,27,28,29,30,31",emotion,0.9644612476370511,0.00787624448241952,0.8782608695652174,0.961890729427736,0.016417398622202376,0.7445652173913044,0.011429133324772134,13.811625480651855
random_5pct_seed1,7,8190,"22,23,24,25,26,27,28,29,30,31",emotion,0.9697542533081286,0.008866570434448827,0.8956521739130434,0.9665292789264829,0.013526331401733625,0.7445652173913044,0.011461304730506994,14.357914924621582
random_5pct_seed1,8,8190,"22,23,24,25,26,27,28,29,30,31",emotion,0.9705103969754255,0.007427932969523064,0.882608695652174,0.966655897556391,0.014434500122944945,0.7608695652173914,0.010029414477924492,14.62242317199707
random_5pct_seed1,9,8190,"22,23,24,25,26,27,28,29,30,31",emotion,0.9712665406427222,0.01072018667580937,0.8913043478260869,0.9685816102756891,0.014155603540079269,0.7880434782608696,0.0076455894292268844,15.198503494262695
random_5pct_seed1,10,8190,"22,23,24,25,26,27,28,29,30,31",emotion,0.9724007561436674,0.009534608856649182,0.9043478260869564,0.9704675099206349,0.01346640975144222,0.7880434782608695,0.006770822789941788,15.186749458312988
random_5pct_seed1,11,8190,"22,23,24,25,26,27,28,29,30,31",emotion,0.9712665406427222,0.007692623799385971,0.9086956521739129,0.9706649436090226,0.012337718171123674,0.7717391304347826,0.006238601065497895,15.313035011291504
random_5pct_seed1,12,8190,"22,23,24,25,26,27,28,29,30,31",emotion,0.9716446124763707,0.008538064113902632,0.9043478260869564,0.9690368499373434,0.012471875235630526,0.7880434782608696,0.005998722547948865,15.830519676208496
random_5pct_seed1,13,8190,"22,23,24,25,26,27,28,29,30,31",emotion,0.9716446124763707,0.007561436672967859,0.9130434782608695,0.965358382936508,0.014403236225294384,0.7880434782608696,0.005244065993757485,16.246408462524414
random_5pct_seed1,14,8190,"22,23,24,25,26,27,28,29,30,31",emotion,0.9705103969754253,0.0077111826292518715,0.8869565217391304,0.9643408651837928,0.014631710041247624,0.7771739130434783,0.004445184273567215,16.460847854614258
random_5pct_seed1,15,8190,"22,23,24,25,26,27,28,29,30,31",emotion,0.9674858223062381,0.005783386971938902,0.8869565217391304,0.964577459273183,0.013650075806695292,0.7771739130434783,0.003569003730403253,16.929973602294922
random_5pct_seed1,16,8190,"22,23,24,25,26,27,28,29,30,31",emotion,0.964461247637051,0.007012187898295412,0.8826086956521738,0.9643604453842941,0.014742648920823201,0.7717391304347826,0.0027687786135311976,17.146223068237305
random_5pct_seed1,17,8190,"22,23,24,25,26,27,28,29,30,31",emotion,0.9659735349716445,0.00756143667296787,0.8869565217391304,0.9608236085004177,0.016263394827039607,0.75,0.002341643831903828,17.750059127807617
random_5pct_seed1,18,8190,"22,23,24,25,26,27,28,29,30,31",emotion,0.9648393194706995,0.007984390201112627,0.882608695652174,0.9573804302422723,0.017788561232186625,0.7336956521739131,0.002042318828775591,18.42142105102539
random_5pct_seed1,19,8190,"22,23,24,25,26,27,28,29,30,31",emotion,0.9621928166351607,0.010491067618534328,0.882608695652174,0.9552138810568087,0.02098643251307624,0.7336956521739131,0.0018594128559106249,19.245935440063477
random_5pct_seed1,20,8190,"22,23,24,25,26,27,28,29,30,31",emotion,0.9610586011342154,0.009902306883711794,0.8782608695652174,0.9522040779030911,0.023656810913372708,0.7228260869565217,0.001577795577615504,20.12129020690918
random_5pct_seed1,21,8190,"22,23,24,25,26,27,28,29,30,31",emotion,0.956899810964083,0.009057957316227584,0.8652173913043478,0.9474483735380117,0.026999442644481612,0.7282608695652173,0.001429072809747467,20.69241714477539
random_5pct_seed1,22,8190,"22,23,24,25,26,27,28,29,30,31",emotion,0.9568998109640832,0.009444231377540052,0.8608695652173914,0.9438299524853802,0.02806639999527895,0.7282608695652174,0.001373324407680676,21.380226135253906
random_5pct_seed1,23,8190,"22,23,24,25,26,27,28,29,30,31",emotion,0.9500945179584122,0.011871696384202338,0.8608695652173912,0.9414082080200501,0.029024385710946357,0.7228260869565217,0.001379966272690436,21.85909652709961
random_5pct_seed1,24,8190,"22,23,24,25,26,27,28,29,30,31",emotion,0.9463137996219283,0.010186913864126661,0.8565217391304347,0.9426518770885548,0.028997776501885068,0.7119565217391304,0.0014148352245891838,22.146879196166992
random_5pct_seed1,25,8190,"22,23,24,25,26,27,28,29,30,31",emotion,0.9368620037807183,0.00867096025798089,0.8391304347826086,0.9412469977025897,0.03085153807854648,0.7119565217391304,0.0014926639219760007,22.589893341064453
random_5pct_seed1,26,8190,"22,23,24,25,26,27,28,29,30,31",emotion,0.9304347826086957,0.009368250807836586,0.8478260869565217,0.939907711988304,0.030374584250787325,0.717391304347826,0.0015346983413847548,23.03989601135254
random_5pct_seed1,27,8190,"22,23,24,25,26,27,28,29,30,31",emotion,0.9270321361058601,0.007032542622963417,0.843478260869565,0.9382274044486215,0.030304777534794092,0.7119565217391304,0.001547605524201412,23.265098571777344
random_5pct_seed1,28,8190,"22,23,24,25,26,27,28,29,30,31",emotion,0.9206049149338373,0.0063263518074410125,0.8391304347826086,0.9375365497076024,0.03104866957360549,0.7119565217391304,0.0016378774690795073,23.548595428466797
random_5pct_seed1,29,8190,"22,23,24,25,26,27,28,29,30,31",emotion,0.9168241965973536,0.008020114720452318,0.8304347826086957,0.932622245718463,0.03280468729891499,0.717391304347826,0.0017440156362563686,23.872737884521484
random_5pct_seed1,30,8190,"22,23,24,25,26,27,28,29,30,31",emotion,0.9122873345935728,0.008161449204129614,0.8173913043478261,0.931436990914787,0.03192623389423429,0.7065217391304348,0.001984862446536506,24.388290405273438
random_5pct_seed1,31,8190,"22,23,24,25,26,27,28,29,30,31",emotion,0.9096408317580341,0.016322898408259293,0.8304347826086957,0.9212569183375104,0.03233800448542486,0.6739130434782609,0.005730191800032203,26.76824378967285
random_5pct_seed2,0,8190,"22,23,24,25,26,27,28,29,30,31",emotion,0.9451795841209829,0.02336716391737231,0.8739130434782609,0.8243936367908408,0.011212195297631703,0.532608695652174,0.013182933319786705,8.310197830200195
random_5pct_seed2,1,8190,"22,23,24,25,26,27,28,29,30,31",emotion,0.9463137996219281,0.02404845957472855,0.8826086956521738,0.8825176993145742,0.022062773593380533,0.5869565217391304,0.01283052754833891,11.2199068069458
random_5pct_seed2,2,8190,"22,23,24,25,26,27,28,29,30,31",emotion,0.948960302457467,0.021151759139053882,0.9043478260869566,0.9208812454906206,0.019478475351605164,0.6358695652173914,0.013223031406390029,14.681081771850586
random_5pct_seed2,3,8190,"22,23,24,25,26,27,28,29,30,31",emotion,0.9557655954631381,0.012742759581363136,0.9,0.9490014097744361,0.022054981358512974,0.6793478260869565,0.014285771443020345,13.579787254333496
random_5pct_seed2,4,8190,"22,23,24,25,26,27,28,29,30,31",emotion,0.9553875236294896,0.010733511959605608,0.8869565217391304,0.9500554772347536,0.01863195469514025,0.7119565217391305,0.013604432877580952,13.057304382324219
random_5pct_seed2,5,8190,"22,23,24,25,26,27,28,29,30,31",emotion,0.9610586011342155,0.010045618340708102,0.8913043478260869,0.9578523130743526,0.017655125336116278,0.7173913043478262,0.012540788874243036,13.488441467285156
random_5pct_seed2,6,8190,"22,23,24,25,26,27,28,29,30,31",emotion,0.9644612476370511,0.00787624448241952,0.8782608695652174,0.961890729427736,0.016417398622202376,0.7445652173913044,0.011429133324772134,13.811625480651855
random_5pct_seed2,7,8190,"22,23,24,25,26,27,28,29,30,31",emotion,0.9697542533081286,0.008866570434448827,0.8956521739130434,0.9665292789264829,0.013526331401733625,0.7445652173913044,0.011461304730506994,14.357914924621582
random_5pct_seed2,8,8190,"22,23,24,25,26,27,28,29,30,31",emotion,0.9705103969754255,0.007427932969523064,0.882608695652174,0.966655897556391,0.014434500122944945,0.7608695652173914,0.010029414477924492,14.62242317199707
random_5pct_seed2,9,8190,"22,23,24,25,26,27,28,29,30,31",emotion,0.9712665406427222,0.01072018667580937,0.8913043478260869,0.9685816102756891,0.014155603540079269,0.7880434782608696,0.0076455894292268844,15.198503494262695
random_5pct_seed2,10,8190,"22,23,24,25,26,27,28,29,30,31",emotion,0.9724007561436674,0.009534608856649182,0.9043478260869564,0.9704675099206349,0.01346640975144222,0.7880434782608695,0.006770822789941788,15.186749458312988
random_5pct_seed2,11,8190,"22,23,24,25,26,27,28,29,30,31",emotion,0.9712665406427222,0.007692623799385971,0.9086956521739129,0.9706649436090226,0.012337718171123674,0.7717391304347826,0.006238601065497895,15.313035011291504
random_5pct_seed2,12,8190,"22,23,24,25,26,27,28,29,30,31",emotion,0.9716446124763707,0.008538064113902632,0.9043478260869564,0.9690368499373434,0.012471875235630526,0.7880434782608696,0.005998722547948865,15.830519676208496
random_5pct_seed2,13,8190,"22,23,24,25,26,27,28,29,30,31",emotion,0.9716446124763707,0.007561436672967859,0.9130434782608695,0.965358382936508,0.014403236225294384,0.7880434782608696,0.005244065993757485,16.246408462524414
random_5pct_seed2,14,8190,"22,23,24,25,26,27,28,29,30,31",emotion,0.9705103969754253,0.0077111826292518715,0.8869565217391304,0.9643408651837928,0.014631710041247624,0.7771739130434783,0.004445184273567215,16.460847854614258
random_5pct_seed2,15,8190,"22,23,24,25,26,27,28,29,30,31",emotion,0.9674858223062381,0.005783386971938902,0.8869565217391304,0.964577459273183,0.013650075806695292,0.7771739130434783,0.003569003730403253,16.929973602294922
random_5pct_seed2,16,8190,"22,23,24,25,26,27,28,29,30,31",emotion,0.964461247637051,0.007012187898295412,0.8826086956521738,0.9643604453842941,0.014742648920823201,0.7717391304347826,0.0027687786135311976,17.146223068237305
random_5pct_seed2,17,8190,"22,23,24,25,26,27,28,29,30,31",emotion,0.9659735349716445,0.00756143667296787,0.8869565217391304,0.9608236085004177,0.016263394827039607,0.75,0.002341643831903828,17.750059127807617
random_5pct_seed2,18,8190,"22,23,24,25,26,27,28,29,30,31",emotion,0.9648393194706995,0.007984390201112627,0.882608695652174,0.9573804302422723,0.017788561232186625,0.7336956521739131,0.002042318828775591,18.42142105102539
random_5pct_seed2,19,8190,"22,23,24,25,26,27,28,29,30,31",emotion,0.9621928166351607,0.010491067618534328,0.882608695652174,0.9552138810568087,0.02098643251307624,0.7336956521739131,0.0018594128559106249,19.245935440063477
random_5pct_seed2,20,8190,"22,23,24,25,26,27,28,29,30,31",emotion,0.9610586011342154,0.009902306883711794,0.8782608695652174,0.9522040779030911,0.023656810913372708,0.7228260869565217,0.001577795577615504,20.12129020690918
random_5pct_seed2,21,8190,"22,23,24,25,26,27,28,29,30,31",emotion,0.956899810964083,0.009057957316227584,0.8652173913043478,0.9474483735380117,0.026999442644481612,0.7282608695652173,0.001429072809747467,20.69241714477539
random_5pct_seed2,22,8190,"22,23,24,25,26,27,28,29,30,31",emotion,0.9565217391304348,0.010760113021366844,0.8608695652173914,0.9431851112155388,0.02782575727940332,0.7282608695652174,0.0013780161439606031,21.388338088989258
random_5pct_seed2,23,8190,"22,23,24,25,26,27,28,29,30,31",emotion,0.9508506616257091,0.012367052728768346,0.8608695652173914,0.941672214390142,0.029033639653614732,0.7228260869565217,0.001393539542138833,21.891437530517578
random_5pct_seed2,24,8190,"22,23,24,25,26,27,28,29,30,31",emotion,0.9478260869565217,0.011125851772825872,0.8565217391304347,0.9418174342105263,0.030015811838935452,0.7119565217391304,0.0014182141006540139,22.19407844543457
random_5pct_seed2,25,8190,"22,23,24,25,26,27,28,29,30,31",emotion,0.9387523629489604,0.009756890662052098,0.8478260869565217,0.9393956897451964,0.03138925859744517,0.7119565217391304,0.0014924985739916963,22.637170791625977
random_5pct_seed2,26,8190,"22,23,24,25,26,27,28,29,30,31",emotion,0.9300567107750473,0.010892143887249843,0.8434782608695652,0.9385534147869674,0.031916486485078666,0.717391304347826,0.0015484110804926399,23.121976852416992
random_5pct_seed2,27,8190,"22,23,24,25,26,27,28,29,30,31",emotion,0.9289224952741021,0.009459354255725373,0.8347826086956521,0.9374249425647452,0.031190643613753958,0.717391304347826,0.0015601242585122632,23.32706642150879
random_5pct_seed2,28,8190,"22,23,24,25,26,27,28,29,30,31",emotion,0.9258979206049149,0.009519605528933177,0.8304347826086957,0.9345629699248119,0.03197189439114208,0.7119565217391304,0.0016537786391880305,23.62265396118164
random_5pct_seed2,29,8190,"22,23,24,25,26,27,28,29,30,31",emotion,0.9240075614366731,0.011799233674349516,0.826086956521739,0.9327612651420218,0.032662178066048826,0.7010869565217392,0.0017614209193751451,23.950532913208008
random_5pct_seed2,30,8190,"22,23,24,25,26,27,28,29,30,31",emotion,0.9187145557655955,0.011774980342077463,0.826086956521739,0.9298549107142856,0.032413654248705265,0.7010869565217391,0.002020313186949396,24.53317642211914
random_5pct_seed2,31,8190,"22,23,24,25,26,27,28,29,30,31",emotion,0.9081285444234404,0.01575248896483905,0.8217391304347826,0.9169737494778614,0.029950304840637838,0.6576086956521738,0.0057944203483660806,27.136423110961914
random_5pct_seed3,0,8190,"22,23,24,25,26,27,28,29,30,31",emotion,0.9451795841209829,0.02336716391737231,0.8739130434782609,0.8243936367908408,0.011212195297631703,0.532608695652174,0.013182933319786705,8.310197830200195
random_5pct_seed3,1,8190,"22,23,24,25,26,27,28,29,30,31",emotion,0.9463137996219281,0.02404845957472855,0.8826086956521738,0.8825176993145742,0.022062773593380533,0.5869565217391304,0.01283052754833891,11.2199068069458
random_5pct_seed3,2,8190,"22,23,24,25,26,27,28,29,30,31",emotion,0.948960302457467,0.021151759139053882,0.9043478260869566,0.9208812454906206,0.019478475351605164,0.6358695652173914,0.013223031406390029,14.681081771850586
random_5pct_seed3,3,8190,"22,23,24,25,26,27,28,29,30,31",emotion,0.9557655954631381,0.012742759581363136,0.9,0.9490014097744361,0.022054981358512974,0.6793478260869565,0.014285771443020345,13.579787254333496
random_5pct_seed3,4,8190,"22,23,24,25,26,27,28,29,30,31",emotion,0.9553875236294896,0.010733511959605608,0.8869565217391304,0.9500554772347536,0.01863195469514025,0.7119565217391305,0.013604432877580952,13.057304382324219
random_5pct_seed3,5,8190,"22,23,24,25,26,27,28,29,30,31",emotion,0.9610586011342155,0.010045618340708102,0.8913043478260869,0.9578523130743526,0.017655125336116278,0.7173913043478262,0.012540788874243036,13.488441467285156
random_5pct_seed3,6,8190,"22,23,24,25,26,27,28,29,30,31",emotion,0.9644612476370511,0.00787624448241952,0.8782608695652174,0.961890729427736,0.016417398622202376,0.7445652173913044,0.011429133324772134,13.811625480651855
random_5pct_seed3,7,8190,"22,23,24,25,26,27,28,29,30,31",emotion,0.9697542533081286,0.008866570434448827,0.8956521739130434,0.9665292789264829,0.013526331401733625,0.7445652173913044,0.011461304730506994,14.357914924621582
random_5pct_seed3,8,8190,"22,23,24,25,26,27,28,29,30,31",emotion,0.9705103969754255,0.007427932969523064,0.882608695652174,0.966655897556391,0.014434500122944945,0.7608695652173914,0.010029414477924492,14.62242317199707
random_5pct_seed3,9,8190,"22,23,24,25,26,27,28,29,30,31",emotion,0.9712665406427222,0.01072018667580937,0.8913043478260869,0.9685816102756891,0.014155603540079269,0.7880434782608696,0.0076455894292268844,15.198503494262695
random_5pct_seed3,10,8190,"22,23,24,25,26,27,28,29,30,31",emotion,0.9724007561436674,0.009534608856649182,0.9043478260869564,0.9704675099206349,0.01346640975144222,0.7880434782608695,0.006770822789941788,15.186749458312988
random_5pct_seed3,11,8190,"22,23,24,25,26,27,28,29,30,31",emotion,0.9712665406427222,0.007692623799385971,0.9086956521739129,0.9706649436090226,0.012337718171123674,0.7717391304347826,0.006238601065497895,15.313035011291504
random_5pct_seed3,12,8190,"22,23,24,25,26,27,28,29,30,31",emotion,0.9716446124763707,0.008538064113902632,0.9043478260869564,0.9690368499373434,0.012471875235630526,0.7880434782608696,0.005998722547948865,15.830519676208496
random_5pct_seed3,13,8190,"22,23,24,25,26,27,28,29,30,31",emotion,0.9716446124763707,0.007561436672967859,0.9130434782608695,0.965358382936508,0.014403236225294384,0.7880434782608696,0.005244065993757485,16.246408462524414
random_5pct_seed3,14,8190,"22,23,24,25,26,27,28,29,30,31",emotion,0.9705103969754253,0.0077111826292518715,0.8869565217391304,0.9643408651837928,0.014631710041247624,0.7771739130434783,0.004445184273567215,16.460847854614258
random_5pct_seed3,15,8190,"22,23,24,25,26,27,28,29,30,31",emotion,0.9674858223062381,0.005783386971938902,0.8869565217391304,0.964577459273183,0.013650075806695292,0.7771739130434783,0.003569003730403253,16.929973602294922
random_5pct_seed3,16,8190,"22,23,24,25,26,27,28,29,30,31",emotion,0.964461247637051,0.007012187898295412,0.8826086956521738,0.9643604453842941,0.014742648920823201,0.7717391304347826,0.0027687786135311976,17.146223068237305
random_5pct_seed3,17,8190,"22,23,24,25,26,27,28,29,30,31",emotion,0.9659735349716445,0.00756143667296787,0.8869565217391304,0.9608236085004177,0.016263394827039607,0.75,0.002341643831903828,17.750059127807617
random_5pct_seed3,18,8190,"22,23,24,25,26,27,28,29,30,31",emotion,0.9648393194706995,0.007984390201112627,0.882608695652174,0.9573804302422723,0.017788561232186625,0.7336956521739131,0.002042318828775591,18.42142105102539
random_5pct_seed3,19,8190,"22,23,24,25,26,27,28,29,30,31",emotion,0.9621928166351607,0.010491067618534328,0.882608695652174,0.9552138810568087,0.02098643251307624,0.7336956521739131,0.0018594128559106249,19.245935440063477
random_5pct_seed3,20,8190,"22,23,24,25,26,27,28,29,30,31",emotion,0.9610586011342154,0.009902306883711794,0.8782608695652174,0.9522040779030911,0.023656810913372708,0.7228260869565217,0.001577795577615504,20.12129020690918
random_5pct_seed3,21,8190,"22,23,24,25,26,27,28,29,30,31",emotion,0.956899810964083,0.009057957316227584,0.8652173913043478,0.9474483735380117,0.026999442644481612,0.7282608695652173,0.001429072809747467,20.69241714477539
random_5pct_seed3,22,8190,"22,23,24,25,26,27,28,29,30,31",emotion,0.9580340264650283,0.010518281847443097,0.8608695652173914,0.9432409147869674,0.028081030059046316,0.7282608695652174,0.001373111548813366,21.37554359436035
random_5pct_seed3,23,8190,"22,23,24,25,26,27,28,29,30,31",emotion,0.9519848771266541,0.011253592488572571,0.8565217391304347,0.9412531980994152,0.02920023154193518,0.7282608695652174,0.0013841467124852125,21.878360748291016
random_5pct_seed3,24,8190,"22,23,24,25,26,27,28,29,30,31",emotion,0.9455576559546314,0.009136518694589497,0.8565217391304347,0.9416030310150376,0.029522399151346673,0.717391304347826,0.0014034712251917991,22.176010131835938
random_5pct_seed3,25,8190,"22,23,24,25,26,27,28,29,30,31",emotion,0.9368620037807185,0.008752995767705279,0.8391304347826087,0.9401273365705932,0.029966500333248856,0.7119565217391304,0.0014734349420673087,22.594867706298828
random_5pct_seed3,26,8190,"22,23,24,25,26,27,28,29,30,31",emotion,0.9293005671077506,0.008588141165671496,0.8434782608695652,0.9397863147451964,0.031430419108485035,0.717391304347826,0.0015222676349569975,23.067916870117188
random_5pct_seed3,27,8190,"22,23,24,25,26,27,28,29,30,31",emotion,0.9274102079395086,0.009609274122600228,0.8391304347826086,0.9380103905597328,0.030632086640357478,0.717391304347826,0.0015394719824679548,23.2883358001709
random_5pct_seed3,28,8190,"22,23,24,25,26,27,28,29,30,31",emotion,0.9243856332703213,0.007272356923127122,0.8347826086956521,0.9346001723057644,0.03138248888936908,0.7065217391304348,0.0016330733711605872,23.5905704498291
random_5pct_seed3,29,8190,"22,23,24,25,26,27,28,29,30,31",emotion,0.9198487712665406,0.010599505307278816,0.8304347826086957,0.93312447786132,0.03231410722594529,0.7065217391304348,0.0017350425797375557,23.90207862854004
random_5pct_seed3,30,8190,"22,23,24,25,26,27,28,29,30,31",emotion,0.9156899810964083,0.010996627275802633,0.8347826086956521,0.9310107952172098,0.03140841019285773,0.7010869565217391,0.001972703589454561,24.44717788696289
random_5pct_seed3,31,8190,"22,23,24,25,26,27,28,29,30,31",emotion,0.9119092627599243,0.021606400094108972,0.817391304347826,0.9198520389515455,0.030941210994197586,0.6684782608695652,0.0056942454417171495,26.933536529541016
random_5pct_seed4,0,8190,"22,23,24,25,26,27,28,29,30,31",emotion,0.9451795841209829,0.02336716391737231,0.8739130434782609,0.8243936367908408,0.011212195297631703,0.532608695652174,0.013182933319786705,8.310197830200195
random_5pct_seed4,1,8190,"22,23,24,25,26,27,28,29,30,31",emotion,0.9463137996219281,0.02404845957472855,0.8826086956521738,0.8825176993145742,0.022062773593380533,0.5869565217391304,0.01283052754833891,11.2199068069458
random_5pct_seed4,2,8190,"22,23,24,25,26,27,28,29,30,31",emotion,0.948960302457467,0.021151759139053882,0.9043478260869566,0.9208812454906206,0.019478475351605164,0.6358695652173914,0.013223031406390029,14.681081771850586
random_5pct_seed4,3,8190,"22,23,24,25,26,27,28,29,30,31",emotion,0.9557655954631381,0.012742759581363136,0.9,0.9490014097744361,0.022054981358512974,0.6793478260869565,0.014285771443020345,13.579787254333496
random_5pct_seed4,4,8190,"22,23,24,25,26,27,28,29,30,31",emotion,0.9553875236294896,0.010733511959605608,0.8869565217391304,0.9500554772347536,0.01863195469514025,0.7119565217391305,0.013604432877580952,13.057304382324219
random_5pct_seed4,5,8190,"22,23,24,25,26,27,28,29,30,31",emotion,0.9610586011342155,0.010045618340708102,0.8913043478260869,0.9578523130743526,0.017655125336116278,0.7173913043478262,0.012540788874243036,13.488441467285156
random_5pct_seed4,6,8190,"22,23,24,25,26,27,28,29,30,31",emotion,0.9644612476370511,0.00787624448241952,0.8782608695652174,0.961890729427736,0.016417398622202376,0.7445652173913044,0.011429133324772134,13.811625480651855
random_5pct_seed4,7,8190,"22,23,24,25,26,27,28,29,30,31",emotion,0.9697542533081286,0.008866570434448827,0.8956521739130434,0.9665292789264829,0.013526331401733625,0.7445652173913044,0.011461304730506994,14.357914924621582
random_5pct_seed4,8,8190,"22,23,24,25,26,27,28,29,30,31",emotion,0.9705103969754255,0.007427932969523064,0.882608695652174,0.966655897556391,0.014434500122944945,0.7608695652173914,0.010029414477924492,14.62242317199707
random_5pct_seed4,9,8190,"22,23,24,25,26,27,28,29,30,31",emotion,0.9712665406427222,0.01072018667580937,0.8913043478260869,0.9685816102756891,0.014155603540079269,0.7880434782608696,0.0076455894292268844,15.198503494262695
random_5pct_seed4,10,8190,"22,23,24,25,26,27,28,29,30,31",emotion,0.9724007561436674,0.009534608856649182,0.9043478260869564,0.9704675099206349,0.01346640975144222,0.7880434782608695,0.006770822789941788,15.186749458312988
random_5pct_seed4,11,8190,"22,23,24,25,26,27,28,29,30,31",emotion,0.9712665406427222,0.007692623799385971,0.9086956521739129,0.9706649436090226,0.012337718171123674,0.7717391304347826,0.006238601065497895,15.313035011291504
random_5pct_seed4,12,8190,"22,23,24,25,26,27,28,29,30,31",emotion,0.9716446124763707,0.008538064113902632,0.9043478260869564,0.9690368499373434,0.012471875235630526,0.7880434782608696,0.005998722547948865,15.830519676208496
random_5pct_seed4,13,8190,"22,23,24,25,26,27,28,29,30,31",emotion,0.9716446124763707,0.007561436672967859,0.9130434782608695,0.965358382936508,0.014403236225294384,0.7880434782608696,0.005244065993757485,16.246408462524414
random_5pct_seed4,14,8190,"22,23,24,25,26,27,28,29,30,31",emotion,0.9705103969754253,0.0077111826292518715,0.8869565217391304,0.9643408651837928,0.014631710041247624,0.7771739130434783,0.004445184273567215,16.460847854614258
random_5pct_seed4,15,8190,"22,23,24,25,26,27,28,29,30,31",emotion,0.9674858223062381,0.005783386971938902,0.8869565217391304,0.964577459273183,0.013650075806695292,0.7771739130434783,0.003569003730403253,16.929973602294922
random_5pct_seed4,16,8190,"22,23,24,25,26,27,28,29,30,31",emotion,0.964461247637051,0.007012187898295412,0.8826086956521738,0.9643604453842941,0.014742648920823201,0.7717391304347826,0.0027687786135311976,17.146223068237305
random_5pct_seed4,17,8190,"22,23,24,25,26,27,28,29,30,31",emotion,0.9659735349716445,0.00756143667296787,0.8869565217391304,0.9608236085004177,0.016263394827039607,0.75,0.002341643831903828,17.750059127807617
random_5pct_seed4,18,8190,"22,23,24,25,26,27,28,29,30,31",emotion,0.9648393194706995,0.007984390201112627,0.882608695652174,0.9573804302422723,0.017788561232186625,0.7336956521739131,0.002042318828775591,18.42142105102539
random_5pct_seed4,19,8190,"22,23,24,25,26,27,28,29,30,31",emotion,0.9621928166351607,0.010491067618534328,0.882608695652174,0.9552138810568087,0.02098643251307624,0.7336956521739131,0.0018594128559106249,19.245935440063477
random_5pct_seed4,20,8190,"22,23,24,25,26,27,28,29,30,31",emotion,0.9610586011342154,0.009902306883711794,0.8782608695652174,0.9522040779030911,0.023656810913372708,0.7228260869565217,0.001577795577615504,20.12129020690918
random_5pct_seed4,21,8190,"22,23,24,25,26,27,28,29,30,31",emotion,0.956899810964083,0.009057957316227584,0.8652173913043478,0.9474483735380117,0.026999442644481612,0.7282608695652173,0.001429072809747467,20.69241714477539
random_5pct_seed4,22,8190,"22,23,24,25,26,27,28,29,30,31",emotion,0.9550094517958412,0.010172872625386527,0.8608695652173914,0.9431417084377611,0.027956854299550672,0.7282608695652174,0.001374377195047738,21.354711532592773
random_5pct_seed4,23,8190,"22,23,24,25,26,27,28,29,30,31",emotion,0.9512287334593573,0.01203908002124058,0.8608695652173914,0.9413400036549708,0.028941803406920267,0.717391304347826,0.001378689179154513,21.823163986206055
random_5pct_seed4,24,8190,"22,23,24,25,26,27,28,29,30,31",emotion,0.9463137996219281,0.010186913864126656,0.8565217391304347,0.942216870300752,0.02881836680229887,0.7010869565217391,0.001398553797601898,22.126367568969727
random_5pct_seed4,25,8190,"22,23,24,25,26,27,28,29,30,31",emotion,0.9357277882797732,0.008785595492341964,0.8391304347826086,0.9398855210944027,0.029380029405222614,0.7119565217391304,0.0014738304721171325,22.567771911621094
random_5pct_seed4,26,8190,"22,23,24,25,26,27,28,29,30,31",emotion,0.9296786389413988,0.008571481322309747,0.8434782608695652,0.9386392413324979,0.03094357867611122,0.7119565217391304,0.0015257291573618215,23.03374671936035
random_5pct_seed4,27,8190,"22,23,24,25,26,27,28,29,30,31",emotion,0.9281663516068054,0.010284665791104297,0.8347826086956521,0.9373815397869674,0.030836528176047002,0.7119565217391304,0.0015366311761237927,23.221078872680664
random_5pct_seed4,28,8190,"22,23,24,25,26,27,28,29,30,31",emotion,0.9232514177693762,0.008334747707012707,0.8347826086956521,0.9348455774853802,0.031228614802035246,0.7065217391304348,0.0016281893915121026,23.513031005859375
random_5pct_seed4,29,8190,"22,23,24,25,26,27,28,29,30,31",emotion,0.9206049149338374,0.009638978286564822,0.8304347826086957,0.9324486346073517,0.032496681988645304,0.7119565217391305,0.0017352492734574732,23.84174346923828
random_5pct_seed4,30,8190,"22,23,24,25,26,27,28,29,30,31",emotion,0.9160680529300567,0.011316922152813437,0.8304347826086957,0.9316053806390978,0.031863601015367976,0.7010869565217391,0.0019857294529215253,24.450429916381836
random_5pct_seed4,31,8190,"22,23,24,25,26,27,28,29,30,31",emotion,0.9126654064272213,0.01725930012932073,0.817391304347826,0.9192202511487051,0.029996972288120493,0.6630434782608695,0.005825425072084944,27.247882843017578
affinity_10pct,0,16380,"22,23,24,25,26,27,28,29,30,31",emotion,0.9451795841209829,0.02336716391737231,0.8739130434782609,0.8243936367908408,0.011212195297631703,0.532608695652174,0.013182933319786705,8.310197830200195
affinity_10pct,1,16380,"22,23,24,25,26,27,28,29,30,31",emotion,0.9463137996219281,0.02404845957472855,0.8826086956521738,0.8825176993145742,0.022062773593380533,0.5869565217391304,0.01283052754833891,11.2199068069458
affinity_10pct,2,16380,"22,23,24,25,26,27,28,29,30,31",emotion,0.948960302457467,0.021151759139053882,0.9043478260869566,0.9208812454906206,0.019478475351605164,0.6358695652173914,0.013223031406390029,14.681081771850586
affinity_10pct,3,16380,"22,23,24,25,26,27,28,29,30,31",emotion,0.9557655954631381,0.012742759581363136,0.9,0.9490014097744361,0.022054981358512974,0.6793478260869565,0.014285771443020345,13.579787254333496
affinity_10pct,4,16380,"22,23,24,25,26,27,28,29,30,31",emotion,0.9553875236294896,0.010733511959605608,0.8869565217391304,0.9500554772347536,0.01863195469514025,0.7119565217391305,0.013604432877580952,13.057304382324219
affinity_10pct,5,16380,"22,23,24,25,26,27,28,29,30,31",emotion,0.9610586011342155,0.010045618340708102,0.8913043478260869,0.9578523130743526,0.017655125336116278,0.7173913043478262,0.012540788874243036,13.488441467285156
affinity_10pct,6,16380,"22,23,24,25,26,27,28,29,30,31",emotion,0.9644612476370511,0.00787624448241952,0.8782608695652174,0.961890729427736,0.016417398622202376,0.7445652173913044,0.011429133324772134,13.811625480651855
affinity_10pct,7,16380,"22,23,24,25,26,27,28,29,30,31",emotion,0.9697542533081286,0.008866570434448827,0.8956521739130434,0.9665292789264829,0.013526331401733625,0.7445652173913044,0.011461304730506994,14.357914924621582
affinity_10pct,8,16380,"22,23,24,25,26,27,28,29,30,31",emotion,0.9705103969754255,0.007427932969523064,0.882608695652174,0.966655897556391,0.014434500122944945,0.7608695652173914,0.010029414477924492,14.62242317199707
affinity_10pct,9,16380,"22,23,24,25,26,27,28,29,30,31",emotion,0.9712665406427222,0.01072018667580937,0.8913043478260869,0.9685816102756891,0.014155603540079269,0.7880434782608696,0.0076455894292268844,15.198503494262695
affinity_10pct,10,16380,"22,23,24,25,26,27,28,29,30,31",emotion,0.9724007561436674,0.009534608856649182,0.9043478260869564,0.9704675099206349,0.01346640975144222,0.7880434782608695,0.006770822789941788,15.186749458312988
affinity_10pct,11,16380,"22,23,24,25,26,27,28,29,30,31",emotion,0.9712665406427222,0.007692623799385971,0.9086956521739129,0.9706649436090226,0.012337718171123674,0.7717391304347826,0.006238601065497895,15.313035011291504
affinity_10pct,12,16380,"22,23,24,25,26,27,28,29,30,31",emotion,0.9716446124763707,0.008538064113902632,0.9043478260869564,0.9690368499373434,0.012471875235630526,0.7880434782608696,0.005998722547948865,15.830519676208496
affinity_10pct,13,16380,"22,23,24,25,26,27,28,29,30,31",emotion,0.9716446124763707,0.007561436672967859,0.9130434782608695,0.965358382936508,0.014403236225294384,0.7880434782608696,0.005244065993757485,16.246408462524414
affinity_10pct,14,16380,"22,23,24,25,26,27,28,29,30,31",emotion,0.9705103969754253,0.0077111826292518715,0.8869565217391304,0.9643408651837928,0.014631710041247624,0.7771739130434783,0.004445184273567215,16.460847854614258
affinity_10pct,15,16380,"22,23,24,25,26,27,28,29,30,31",emotion,0.9674858223062381,0.005783386971938902,0.8869565217391304,0.964577459273183,0.013650075806695292,0.7771739130434783,0.003569003730403253,16.929973602294922
affinity_10pct,16,16380,"22,23,24,25,26,27,28,29,30,31",emotion,0.964461247637051,0.007012187898295412,0.8826086956521738,0.9643604453842941,0.014742648920823201,0.7717391304347826,0.0027687786135311976,17.146223068237305
affinity_10pct,17,16380,"22,23,24,25,26,27,28,29,30,31",emotion,0.9659735349716445,0.00756143667296787,0.8869565217391304,0.9608236085004177,0.016263394827039607,0.75,0.002341643831903828,17.750059127807617
affinity_10pct,18,16380,"22,23,24,25,26,27,28,29,30,31",emotion,0.9648393194706995,0.007984390201112627,0.882608695652174,0.9573804302422723,0.017788561232186625,0.7336956521739131,0.002042318828775591,18.42142105102539
affinity_10pct,19,16380,"22,23,24,25,26,27,28,29,30,31",emotion,0.9621928166351607,0.010491067618534328,0.882608695652174,0.9552138810568087,0.02098643251307624,0.7336956521739131,0.0018594128559106249,19.245935440063477
affinity_10pct,20,16380,"22,23,24,25,26,27,28,29,30,31",emotion,0.9610586011342154,0.009902306883711794,0.8782608695652174,0.9522040779030911,0.023656810913372708,0.7228260869565217,0.001577795577615504,20.12129020690918
affinity_10pct,21,16380,"22,23,24,25,26,27,28,29,30,31",emotion,0.956899810964083,0.009057957316227584,0.8652173913043478,0.9474483735380117,0.026999442644481612,0.7282608695652173,0.001429072809747467,20.69241714477539
affinity_10pct,22,16380,"22,23,24,25,26,27,28,29,30,31",emotion,0.956899810964083,0.009214410288811994,0.8608695652173914,0.9436129385964912,0.02833458783325014,0.733695652173913,0.0013659529667737758,21.344514846801758
affinity_10pct,23,16380,"22,23,24,25,26,27,28,29,30,31",emotion,0.9508506616257091,0.011955681134852125,0.8652173913043478,0.9410769762949038,0.029203504935085497,0.7228260869565217,0.0013762028746783228,21.7827091217041
affinity_10pct,24,16380,"22,23,24,25,26,27,28,29,30,31",emotion,0.9455576559546314,0.010983621207057833,0.8565217391304347,0.9416650349832916,0.029050323841856816,0.7119565217391304,0.0013894415269642968,22.0278377532959
affinity_10pct,25,16380,"22,23,24,25,26,27,28,29,30,31",emotion,0.9387523629489604,0.008504515598640457,0.843478260869565,0.9399759163533835,0.03132895953664717,0.7065217391304348,0.0014615877505624875,22.44902801513672
affinity_10pct,26,16380,"22,23,24,25,26,27,28,29,30,31",emotion,0.9296786389413988,0.007966467866051218,0.8347826086956521,0.9390432461361738,0.03183753615306095,0.7119565217391304,0.0015104488009137773,22.898117065429688
affinity_10pct,27,16380,"22,23,24,25,26,27,28,29,30,31",emotion,0.929678638941399,0.006025473516260595,0.8391304347826086,0.9377561742898914,0.031219180779567788,0.7119565217391304,0.0015133643110811779,23.032068252563477
affinity_10pct,28,16380,"22,23,24,25,26,27,28,29,30,31",emotion,0.9243856332703213,0.008538064113902653,0.8304347826086955,0.935781837406015,0.030865391893574408,0.7010869565217391,0.0015912571141193377,23.26094627380371
affinity_10pct,29,16380,"22,23,24,25,26,27,28,29,30,31",emotion,0.9213610586011342,0.009756890662052155,0.8260869565217392,0.9340731385756058,0.031135462274515673,0.7010869565217391,0.0016744103667741816,23.514904022216797
affinity_10pct,30,16380,"22,23,24,25,26,27,28,29,30,31",emotion,0.9172022684310018,0.0093682508078366,0.826086956521739,0.9297077328738513,0.031766984964842065,0.7010869565217391,0.0018828307486067342,24.004419326782227
affinity_10pct,31,16380,"22,23,24,25,26,27,28,29,30,31",emotion,0.9092627599243857,0.01793352170227817,0.826086956521739,0.9149230498120302,0.029488245372076897,0.657608695652174,0.005442334287247386,26.37952995300293
coverage_10pct,0,16380,"22,23,24,25,26,27,28,29,30,31",emotion,0.9451795841209829,0.02336716391737231,0.8739130434782609,0.8243936367908408,0.011212195297631703,0.532608695652174,0.013182933319786705,8.310197830200195
coverage_10pct,1,16380,"22,23,24,25,26,27,28,29,30,31",emotion,0.9463137996219281,0.02404845957472855,0.8826086956521738,0.8825176993145742,0.022062773593380533,0.5869565217391304,0.01283052754833891,11.2199068069458
coverage_10pct,2,16380,"22,23,24,25,26,27,28,29,30,31",emotion,0.948960302457467,0.021151759139053882,0.9043478260869566,0.9208812454906206,0.019478475351605164,0.6358695652173914,0.013223031406390029,14.681081771850586
coverage_10pct,3,16380,"22,23,24,25,26,27,28,29,30,31",emotion,0.9557655954631381,0.012742759581363136,0.9,0.9490014097744361,0.022054981358512974,0.6793478260869565,0.014285771443020345,13.579787254333496
coverage_10pct,4,16380,"22,23,24,25,26,27,28,29,30,31",emotion,0.9553875236294896,0.010733511959605608,0.8869565217391304,0.9500554772347536,0.01863195469514025,0.7119565217391305,0.013604432877580952,13.057304382324219
coverage_10pct,5,16380,"22,23,24,25,26,27,28,29,30,31",emotion,0.9610586011342155,0.010045618340708102,0.8913043478260869,0.9578523130743526,0.017655125336116278,0.7173913043478262,0.012540788874243036,13.488441467285156
coverage_10pct,6,16380,"22,23,24,25,26,27,28,29,30,31",emotion,0.9644612476370511,0.00787624448241952,0.8782608695652174,0.961890729427736,0.016417398622202376,0.7445652173913044,0.011429133324772134,13.811625480651855
coverage_10pct,7,16380,"22,23,24,25,26,27,28,29,30,31",emotion,0.9697542533081286,0.008866570434448827,0.8956521739130434,0.9665292789264829,0.013526331401733625,0.7445652173913044,0.011461304730506994,14.357914924621582
coverage_10pct,8,16380,"22,23,24,25,26,27,28,29,30,31",emotion,0.9705103969754255,0.007427932969523064,0.882608695652174,0.966655897556391,0.014434500122944945,0.7608695652173914,0.010029414477924492,14.62242317199707
coverage_10pct,9,16380,"22,23,24,25,26,27,28,29,30,31",emotion,0.9712665406427222,0.01072018667580937,0.8913043478260869,0.9685816102756891,0.014155603540079269,0.7880434782608696,0.0076455894292268844,15.198503494262695
coverage_10pct,10,16380,"22,23,24,25,26,27,28,29,30,31",emotion,0.9724007561436674,0.009534608856649182,0.9043478260869564,0.9704675099206349,0.01346640975144222,0.7880434782608695,0.006770822789941788,15.186749458312988
coverage_10pct,11,16380,"22,23,24,25,26,27,28,29,30,31",emotion,0.9712665406427222,0.007692623799385971,0.9086956521739129,0.9706649436090226,0.012337718171123674,0.7717391304347826,0.006238601065497895,15.313035011291504
coverage_10pct,12,16380,"22,23,24,25,26,27,28,29,30,31",emotion,0.9716446124763707,0.008538064113902632,0.9043478260869564,0.9690368499373434,0.012471875235630526,0.7880434782608696,0.005998722547948865,15.830519676208496
coverage_10pct,13,16380,"22,23,24,25,26,27,28,29,30,31",emotion,0.9716446124763707,0.007561436672967859,0.9130434782608695,0.965358382936508,0.014403236225294384,0.7880434782608696,0.005244065993757485,16.246408462524414
coverage_10pct,14,16380,"22,23,24,25,26,27,28,29,30,31",emotion,0.9705103969754253,0.0077111826292518715,0.8869565217391304,0.9643408651837928,0.014631710041247624,0.7771739130434783,0.004445184273567215,16.460847854614258
coverage_10pct,15,16380,"22,23,24,25,26,27,28,29,30,31",emotion,0.9674858223062381,0.005783386971938902,0.8869565217391304,0.964577459273183,0.013650075806695292,0.7771739130434783,0.003569003730403253,16.929973602294922
coverage_10pct,16,16380,"22,23,24,25,26,27,28,29,30,31",emotion,0.964461247637051,0.007012187898295412,0.8826086956521738,0.9643604453842941,0.014742648920823201,0.7717391304347826,0.0027687786135311976,17.146223068237305
coverage_10pct,17,16380,"22,23,24,25,26,27,28,29,30,31",emotion,0.9659735349716445,0.00756143667296787,0.8869565217391304,0.9608236085004177,0.016263394827039607,0.75,0.002341643831903828,17.750059127807617
coverage_10pct,18,16380,"22,23,24,25,26,27,28,29,30,31",emotion,0.9648393194706995,0.007984390201112627,0.882608695652174,0.9573804302422723,0.017788561232186625,0.7336956521739131,0.002042318828775591,18.42142105102539
coverage_10pct,19,16380,"22,23,24,25,26,27,28,29,30,31",emotion,0.9621928166351607,0.010491067618534328,0.882608695652174,0.9552138810568087,0.02098643251307624,0.7336956521739131,0.0018594128559106249,19.245935440063477
coverage_10pct,20,16380,"22,23,24,25,26,27,28,29,30,31",emotion,0.9610586011342154,0.009902306883711794,0.8782608695652174,0.9522040779030911,0.023656810913372708,0.7228260869565217,0.001577795577615504,20.12129020690918
coverage_10pct,21,16380,"22,23,24,25,26,27,28,29,30,31",emotion,0.956899810964083,0.009057957316227584,0.8652173913043478,0.9474483735380117,0.026999442644481612,0.7282608695652173,0.001429072809747467,20.69241714477539
coverage_10pct,22,16380,"22,23,24,25,26,27,28,29,30,31",emotion,0.9568998109640832,0.011048498447033973,0.8608695652173914,0.9460558949456976,0.026690399757107568,0.7282608695652174,0.001424635184045786,21.000072479248047
coverage_10pct,23,16380,"22,23,24,25,26,27,28,29,30,31",emotion,0.9527410207939508,0.014095540175657683,0.8608695652173914,0.9452126409774436,0.02648049034264889,0.7228260869565217,0.0014533556782654333,21.219255447387695
coverage_10pct,24,16380,"22,23,24,25,26,27,28,29,30,31",emotion,0.9504725897920606,0.010518281847443156,0.8565217391304347,0.9466387322472849,0.027651978174088022,0.717391304347826,0.0015049592996515537,21.411026000976562
coverage_10pct,25,16380,"22,23,24,25,26,27,28,29,30,31",emotion,0.9440453686200379,0.011811341664887223,0.8434782608695652,0.9461365001044277,0.027390037370835132,0.7119565217391304,0.001579941974811816,21.54051399230957
coverage_10pct,26,16380,"22,23,24,25,26,27,28,29,30,31",emotion,0.9361058601134218,0.014366729678638949,0.8391304347826086,0.9453242481203008,0.026771507191325837,0.7119565217391304,0.0016507314285506558,21.82571792602539
coverage_10pct,27,16380,"22,23,24,25,26,27,28,29,30,31",emotion,0.9330812854442344,0.012516404806991928,0.8478260869565217,0.9429645076232247,0.028308277530371986,0.7065217391304348,0.00164994760663828,21.867313385009766
coverage_10pct,28,16380,"22,23,24,25,26,27,28,29,30,31",emotion,0.9228733459357278,0.011554409671029197,0.8478260869565217,0.9417988330200501,0.028225989483511918,0.7010869565217391,0.0017231535964871147,21.98851776123047
coverage_10pct,29,16380,"22,23,24,25,26,27,28,29,30,31",emotion,0.918336483931947,0.013963089083266112,0.8478260869565217,0.9420556599832915,0.025734155758231066,0.7010869565217392,0.0017917399317488591,21.967397689819336
coverage_10pct,30,16380,"22,23,24,25,26,27,28,29,30,31",emotion,0.9187145557655955,0.014884702975447646,0.8478260869565217,0.9411504020467837,0.026014240835677944,0.6956521739130436,0.0020159479520277523,22.24807357788086
coverage_10pct,31,16380,"22,23,24,25,26,27,28,29,30,31",emotion,0.920226843100189,0.013172968915073227,0.8304347826086957,0.9354910714285716,0.026964384491581832,0.7119565217391304,0.0028034085321482216,23.068927764892578
mass_10pct,0,16380,"22,23,24,25,26,27,28,29,30,31",emotion,0.9451795841209829,0.02336716391737231,0.8739130434782609,0.8243936367908408,0.011212195297631703,0.532608695652174,0.013182933319786705,8.310197830200195
mass_10pct,1,16380,"22,23,24,25,26,27,28,29,30,31",emotion,0.9463137996219281,0.02404845957472855,0.8826086956521738,0.8825176993145742,0.022062773593380533,0.5869565217391304,0.01283052754833891,11.2199068069458
mass_10pct,2,16380,"22,23,24,25,26,27,28,29,30,31",emotion,0.948960302457467,0.021151759139053882,0.9043478260869566,0.9208812454906206,0.019478475351605164,0.6358695652173914,0.013223031406390029,14.681081771850586
mass_10pct,3,16380,"22,23,24,25,26,27,28,29,30,31",emotion,0.9557655954631381,0.012742759581363136,0.9,0.9490014097744361,0.022054981358512974,0.6793478260869565,0.014285771443020345,13.579787254333496
mass_10pct,4,16380,"22,23,24,25,26,27,28,29,30,31",emotion,0.9553875236294896,0.010733511959605608,0.8869565217391304,0.9500554772347536,0.01863195469514025,0.7119565217391305,0.013604432877580952,13.057304382324219
mass_10pct,5,16380,"22,23,24,25,26,27,28,29,30,31",emotion,0.9610586011342155,0.010045618340708102,0.8913043478260869,0.9578523130743526,0.017655125336116278,0.7173913043478262,0.012540788874243036,13.488441467285156
mass_10pct,6,16380,"22,23,24,25,26,27,28,29,30,31",emotion,0.9644612476370511,0.00787624448241952,0.8782608695652174,0.961890729427736,0.016417398622202376,0.7445652173913044,0.011429133324772134,13.811625480651855
mass_10pct,7,16380,"22,23,24,25,26,27,28,29,30,31",emotion,0.9697542533081286,0.008866570434448827,0.8956521739130434,0.9665292789264829,0.013526331401733625,0.7445652173913044,0.011461304730506994,14.357914924621582
mass_10pct,8,16380,"22,23,24,25,26,27,28,29,30,31",emotion,0.9705103969754255,0.007427932969523064,0.882608695652174,0.966655897556391,0.014434500122944945,0.7608695652173914,0.010029414477924492,14.62242317199707
mass_10pct,9,16380,"22,23,24,25,26,27,28,29,30,31",emotion,0.9712665406427222,0.01072018667580937,0.8913043478260869,0.9685816102756891,0.014155603540079269,0.7880434782608696,0.0076455894292268844,15.198503494262695
mass_10pct,10,16380,"22,23,24,25,26,27,28,29,30,31",emotion,0.9724007561436674,0.009534608856649182,0.9043478260869564,0.9704675099206349,0.01346640975144222,0.7880434782608695,0.006770822789941788,15.186749458312988
mass_10pct,11,16380,"22,23,24,25,26,27,28,29,30,31",emotion,0.9712665406427222,0.007692623799385971,0.9086956521739129,0.9706649436090226,0.012337718171123674,0.7717391304347826,0.006238601065497895,15.313035011291504
mass_10pct,12,16380,"22,23,24,25,26,27,28,29,30,31",emotion,0.9716446124763707,0.008538064113902632,0.9043478260869564,0.9690368499373434,0.012471875235630526,0.7880434782608696,0.005998722547948865,15.830519676208496
mass_10pct,13,16380,"22,23,24,25,26,27,28,29,30,31",emotion,0.9716446124763707,0.007561436672967859,0.9130434782608695,0.965358382936508,0.014403236225294384,0.7880434782608696,0.005244065993757485,16.246408462524414
mass_10pct,14,16380,"22,23,24,25,26,27,28,29,30,31",emotion,0.9705103969754253,0.0077111826292518715,0.8869565217391304,0.9643408651837928,0.014631710041247624,0.7771739130434783,0.004445184273567215,16.460847854614258
mass_10pct,15,16380,"22,23,24,25,26,27,28,29,30,31",emotion,0.9674858223062381,0.005783386971938902,0.8869565217391304,0.964577459273183,0.013650075806695292,0.7771739130434783,0.003569003730403253,16.929973602294922
mass_10pct,16,16380,"22,23,24,25,26,27,28,29,30,31",emotion,0.964461247637051,0.007012187898295412,0.8826086956521738,0.9643604453842941,0.014742648920823201,0.7717391304347826,0.0027687786135311976,17.146223068237305
mass_10pct,17,16380,"22,23,24,25,26,27,28,29,30,31",emotion,0.9659735349716445,0.00756143667296787,0.8869565217391304,0.9608236085004177,0.016263394827039607,0.75,0.002341643831903828,17.750059127807617
mass_10pct,18,16380,"22,23,24,25,26,27,28,29,30,31",emotion,0.9648393194706995,0.007984390201112627,0.882608695652174,0.9573804302422723,0.017788561232186625,0.7336956521739131,0.002042318828775591,18.42142105102539
mass_10pct,19,16380,"22,23,24,25,26,27,28,29,30,31",emotion,0.9621928166351607,0.010491067618534328,0.882608695652174,0.9552138810568087,0.02098643251307624,0.7336956521739131,0.0018594128559106249,19.245935440063477
mass_10pct,20,16380,"22,23,24,25,26,27,28,29,30,31",emotion,0.9610586011342154,0.009902306883711794,0.8782608695652174,0.9522040779030911,0.023656810913372708,0.7228260869565217,0.001577795577615504,20.12129020690918
mass_10pct,21,16380,"22,23,24,25,26,27,28,29,30,31",emotion,0.956899810964083,0.009057957316227584,0.8652173913043478,0.9474483735380117,0.026999442644481612,0.7282608695652173,0.001429072809747467,20.69241714477539
mass_10pct,22,16380,"22,23,24,25,26,27,28,29,30,31",emotion,0.9572778827977316,0.01106142823314007,0.8652173913043478,0.9456652699456976,0.02643210896310548,0.733695652173913,0.001421609054203965,20.969562530517578
mass_10pct,23,16380,"22,23,24,25,26,27,28,29,30,31",emotion,0.9553875236294896,0.013129493651557899,0.8608695652173914,0.9438671548663324,0.02658589261084009,0.7282608695652174,0.001452827134375334,21.17772674560547
mass_10pct,24,16380,"22,23,24,25,26,27,28,29,30,31",emotion,0.9550094517958414,0.012731537421915101,0.8652173913043478,0.9458450814536341,0.026198239930126887,0.7228260869565217,0.0015048172297724705,21.355356216430664
mass_10pct,25,16380,"22,23,24,25,26,27,28,29,30,31",emotion,0.9489603024574669,0.013473368378983322,0.8521739130434781,0.9434419381787802,0.027848332840656354,0.7228260869565217,0.00157941771371084,21.458681106567383
mass_10pct,26,16380,"22,23,24,25,26,27,28,29,30,31",emotion,0.9425330812854442,0.016243894940597962,0.8478260869565217,0.943249725877193,0.026930753947088503,0.7282608695652174,0.0016432654348357278,21.697580337524414
mass_10pct,27,16380,"22,23,24,25,26,27,28,29,30,31",emotion,0.9376181474480152,0.01473995364054285,0.8565217391304347,0.9413772060359231,0.02715331038438991,0.717391304347826,0.0016429486845405128,21.740020751953125
mass_10pct,28,16380,"22,23,24,25,26,27,28,29,30,31",emotion,0.9311909262759924,0.01251640480699194,0.8478260869565217,0.9419104401629073,0.025618805492217345,0.7119565217391304,0.0017115001093909177,21.841487884521484
mass_10pct,29,16380,"22,23,24,25,26,27,28,29,30,31",emotion,0.9277882797731569,0.01209829867674858,0.8565217391304347,0.9421238643483709,0.02603789036469434,0.7065217391304348,0.0017746028537244385,21.783430099487305
mass_10pct,30,16380,"22,23,24,25,26,27,28,29,30,31",emotion,0.9266540642722116,0.011048498447033988,0.8434782608695652,0.9406357691102758,0.027208673206532752,0.7119565217391305,0.0019913730164549115,22.021699905395508
mass_10pct,31,16380,"22,23,24,25,26,27,28,29,30,31",emotion,0.924007561436673,0.010172872625386535,0.8347826086956521,0.9369171626984129,0.026903312477236138,0.7228260869565216,0.0026082590395970495,22.53213119506836
random_10pct_seed0,0,16380,"22,23,24,25,26,27,28,29,30,31",emotion,0.9451795841209829,0.02336716391737231,0.8739130434782609,0.8243936367908408,0.011212195297631703,0.532608695652174,0.013182933319786705,8.310197830200195
random_10pct_seed0,1,16380,"22,23,24,25,26,27,28,29,30,31",emotion,0.9463137996219281,0.02404845957472855,0.8826086956521738,0.8825176993145742,0.022062773593380533,0.5869565217391304,0.01283052754833891,11.2199068069458
random_10pct_seed0,2,16380,"22,23,24,25,26,27,28,29,30,31",emotion,0.948960302457467,0.021151759139053882,0.9043478260869566,0.9208812454906206,0.019478475351605164,0.6358695652173914,0.013223031406390029,14.681081771850586
random_10pct_seed0,3,16380,"22,23,24,25,26,27,28,29,30,31",emotion,0.9557655954631381,0.012742759581363136,0.9,0.9490014097744361,0.022054981358512974,0.6793478260869565,0.014285771443020345,13.579787254333496
random_10pct_seed0,4,16380,"22,23,24,25,26,27,28,29,30,31",emotion,0.9553875236294896,0.010733511959605608,0.8869565217391304,0.9500554772347536,0.01863195469514025,0.7119565217391305,0.013604432877580952,13.057304382324219
random_10pct_seed0,5,16380,"22,23,24,25,26,27,28,29,30,31",emotion,0.9610586011342155,0.010045618340708102,0.8913043478260869,0.9578523130743526,0.017655125336116278,0.7173913043478262,0.012540788874243036,13.488441467285156
random_10pct_seed0,6,16380,"22,23,24,25,26,27,28,29,30,31",emotion,0.9644612476370511,0.00787624448241952,0.8782608695652174,0.961890729427736,0.016417398622202376,0.7445652173913044,0.011429133324772134,13.811625480651855
random_10pct_seed0,7,16380,"22,23,24,25,26,27,28,29,30,31",emotion,0.9697542533081286,0.008866570434448827,0.8956521739130434,0.9665292789264829,0.013526331401733625,0.7445652173913044,0.011461304730506994,14.357914924621582
random_10pct_seed0,8,16380,"22,23,24,25,26,27,28,29,30,31",emotion,0.9705103969754255,0.007427932969523064,0.882608695652174,0.966655897556391,0.014434500122944945,0.7608695652173914,0.010029414477924492,14.62242317199707
random_10pct_seed0,9,16380,"22,23,24,25,26,27,28,29,30,31",emotion,0.9712665406427222,0.01072018667580937,0.8913043478260869,0.9685816102756891,0.014155603540079269,0.7880434782608696,0.0076455894292268844,15.198503494262695
random_10pct_seed0,10,16380,"22,23,24,25,26,27,28,29,30,31",emotion,0.9724007561436674,0.009534608856649182,0.9043478260869564,0.9704675099206349,0.01346640975144222,0.7880434782608695,0.006770822789941788,15.186749458312988
random_10pct_seed0,11,16380,"22,23,24,25,26,27,28,29,30,31",emotion,0.9712665406427222,0.007692623799385971,0.9086956521739129,0.9706649436090226,0.012337718171123674,0.7717391304347826,0.006238601065497895,15.313035011291504
random_10pct_seed0,12,16380,"22,23,24,25,26,27,28,29,30,31",emotion,0.9716446124763707,0.008538064113902632,0.9043478260869564,0.9690368499373434,0.012471875235630526,0.7880434782608696,0.005998722547948865,15.830519676208496
random_10pct_seed0,13,16380,"22,23,24,25,26,27,28,29,30,31",emotion,0.9716446124763707,0.007561436672967859,0.9130434782608695,0.965358382936508,0.014403236225294384,0.7880434782608696,0.005244065993757485,16.246408462524414
random_10pct_seed0,14,16380,"22,23,24,25,26,27,28,29,30,31",emotion,0.9705103969754253,0.0077111826292518715,0.8869565217391304,0.9643408651837928,0.014631710041247624,0.7771739130434783,0.004445184273567215,16.460847854614258
random_10pct_seed0,15,16380,"22,23,24,25,26,27,28,29,30,31",emotion,0.9674858223062381,0.005783386971938902,0.8869565217391304,0.964577459273183,0.013650075806695292,0.7771739130434783,0.003569003730403253,16.929973602294922
random_10pct_seed0,16,16380,"22,23,24,25,26,27,28,29,30,31",emotion,0.964461247637051,0.007012187898295412,0.8826086956521738,0.9643604453842941,0.014742648920823201,0.7717391304347826,0.0027687786135311976,17.146223068237305
random_10pct_seed0,17,16380,"22,23,24,25,26,27,28,29,30,31",emotion,0.9659735349716445,0.00756143667296787,0.8869565217391304,0.9608236085004177,0.016263394827039607,0.75,0.002341643831903828,17.750059127807617
random_10pct_seed0,18,16380,"22,23,24,25,26,27,28,29,30,31",emotion,0.9648393194706995,0.007984390201112627,0.882608695652174,0.9573804302422723,0.017788561232186625,0.7336956521739131,0.002042318828775591,18.42142105102539
random_10pct_seed0,19,16380,"22,23,24,25,26,27,28,29,30,31",emotion,0.9621928166351607,0.010491067618534328,0.882608695652174,0.9552138810568087,0.02098643251307624,0.7336956521739131,0.0018594128559106249,19.245935440063477
random_10pct_seed0,20,16380,"22,23,24,25,26,27,28,29,30,31",emotion,0.9610586011342154,0.009902306883711794,0.8782608695652174,0.9522040779030911,0.023656810913372708,0.7228260869565217,0.001577795577615504,20.12129020690918
random_10pct_seed0,21,16380,"22,23,24,25,26,27,28,29,30,31",emotion,0.956899810964083,0.009057957316227584,0.8652173913043478,0.9474483735380117,0.026999442644481612,0.7282608695652173,0.001429072809747467,20.69241714477539
random_10pct_seed0,22,16380,"22,23,24,25,26,27,28,29,30,31",emotion,0.9572778827977315,0.010599505307278751,0.8652173913043478,0.9427076806599832,0.028312311669456,0.7282608695652174,0.0013671325361639397,21.3347110748291
random_10pct_seed0,23,16380,"22,23,24,25,26,27,28,29,30,31",emotion,0.951984877126654,0.011504819701098632,0.8608695652173914,0.9412381866123642,0.0289883054754213,0.7228260869565217,0.001376915504258558,21.784175872802734
random_10pct_seed0,24,16380,"22,23,24,25,26,27,28,29,30,31",emotion,0.9478260869565217,0.011504819701098656,0.8608695652173914,0.9434889306599834,0.029004576267355642,0.7119565217391304,0.0013900048601386272,22.0310115814209
random_10pct_seed0,25,16380,"22,23,24,25,26,27,28,29,30,31",emotion,0.9402646502835539,0.009383496140635834,0.8434782608695652,0.9420034461152882,0.030712014641839164,0.7010869565217391,0.0014734013057740025,22.444259643554688
random_10pct_seed0,26,16380,"22,23,24,25,26,27,28,29,30,31",emotion,0.932703213610586,0.007984390201112652,0.8434782608695652,0.9407287750626567,0.030877639332762063,0.7119565217391304,0.0015279451977602276,22.892982482910156
random_10pct_seed0,27,16380,"22,23,24,25,26,27,28,29,30,31",emotion,0.9330812854442343,0.008670960257980906,0.8347826086956521,0.9386738330200501,0.03191819632767879,0.7119565217391304,0.0015403474211322932,23.071889877319336
random_10pct_seed0,28,16380,"22,23,24,25,26,27,28,29,30,31",emotion,0.9270321361058602,0.007803314722325274,0.8347826086956521,0.9368101242690059,0.030963874568650285,0.7065217391304348,0.0016283299436287146,23.322391510009766
random_10pct_seed0,29,16380,"22,23,24,25,26,27,28,29,30,31",emotion,0.9221172022684311,0.010381497329108494,0.8304347826086957,0.9340783599624061,0.031668605779570674,0.6902173913043479,0.0017235253953272744,23.59609031677246
random_10pct_seed0,30,16380,"22,23,24,25,26,27,28,29,30,31",emotion,0.9194706994328922,0.007617936362801461,0.8304347826086957,0.9328320802005013,0.0305724870380915,0.6902173913043479,0.0019544650527254515,24.02589988708496
random_10pct_seed0,31,16380,"22,23,24,25,26,27,28,29,30,31",emotion,0.9119092627599243,0.011750676951168312,0.826086956521739,0.9204897008145364,0.03218233921134898,0.6739130434782609,0.005716735257585093,26.435115814208984
random_10pct_seed1,0,16380,"22,23,24,25,26,27,28,29,30,31",emotion,0.9451795841209829,0.02336716391737231,0.8739130434782609,0.8243936367908408,0.011212195297631703,0.532608695652174,0.013182933319786705,8.310197830200195
random_10pct_seed1,1,16380,"22,23,24,25,26,27,28,29,30,31",emotion,0.9463137996219281,0.02404845957472855,0.8826086956521738,0.8825176993145742,0.022062773593380533,0.5869565217391304,0.01283052754833891,11.2199068069458
random_10pct_seed1,2,16380,"22,23,24,25,26,27,28,29,30,31",emotion,0.948960302457467,0.021151759139053882,0.9043478260869566,0.9208812454906206,0.019478475351605164,0.6358695652173914,0.013223031406390029,14.681081771850586
random_10pct_seed1,3,16380,"22,23,24,25,26,27,28,29,30,31",emotion,0.9557655954631381,0.012742759581363136,0.9,0.9490014097744361,0.022054981358512974,0.6793478260869565,0.014285771443020345,13.579787254333496
random_10pct_seed1,4,16380,"22,23,24,25,26,27,28,29,30,31",emotion,0.9553875236294896,0.010733511959605608,0.8869565217391304,0.9500554772347536,0.01863195469514025,0.7119565217391305,0.013604432877580952,13.057304382324219
random_10pct_seed1,5,16380,"22,23,24,25,26,27,28,29,30,31",emotion,0.9610586011342155,0.010045618340708102,0.8913043478260869,0.9578523130743526,0.017655125336116278,0.7173913043478262,0.012540788874243036,13.488441467285156
random_10pct_seed1,6,16380,"22,23,24,25,26,27,28,29,30,31",emotion,0.9644612476370511,0.00787624448241952,0.8782608695652174,0.961890729427736,0.016417398622202376,0.7445652173913044,0.011429133324772134,13.811625480651855
random_10pct_seed1,7,16380,"22,23,24,25,26,27,28,29,30,31",emotion,0.9697542533081286,0.008866570434448827,0.8956521739130434,0.9665292789264829,0.013526331401733625,0.7445652173913044,0.011461304730506994,14.357914924621582
random_10pct_seed1,8,16380,"22,23,24,25,26,27,28,29,30,31",emotion,0.9705103969754255,0.007427932969523064,0.882608695652174,0.966655897556391,0.014434500122944945,0.7608695652173914,0.010029414477924492,14.62242317199707
random_10pct_seed1,9,16380,"22,23,24,25,26,27,28,29,30,31",emotion,0.9712665406427222,0.01072018667580937,0.8913043478260869,0.9685816102756891,0.014155603540079269,0.7880434782608696,0.0076455894292268844,15.198503494262695
random_10pct_seed1,10,16380,"22,23,24,25,26,27,28,29,30,31",emotion,0.9724007561436674,0.009534608856649182,0.9043478260869564,0.9704675099206349,0.01346640975144222,0.7880434782608695,0.006770822789941788,15.186749458312988
random_10pct_seed1,11,16380,"22,23,24,25,26,27,28,29,30,31",emotion,0.9712665406427222,0.007692623799385971,0.9086956521739129,0.9706649436090226,0.012337718171123674,0.7717391304347826,0.006238601065497895,15.313035011291504
random_10pct_seed1,12,16380,"22,23,24,25,26,27,28,29,30,31",emotion,0.9716446124763707,0.008538064113902632,0.9043478260869564,0.9690368499373434,0.012471875235630526,0.7880434782608696,0.005998722547948865,15.830519676208496
random_10pct_seed1,13,16380,"22,23,24,25,26,27,28,29,30,31",emotion,0.9716446124763707,0.007561436672967859,0.9130434782608695,0.965358382936508,0.014403236225294384,0.7880434782608696,0.005244065993757485,16.246408462524414
random_10pct_seed1,14,16380,"22,23,24,25,26,27,28,29,30,31",emotion,0.9705103969754253,0.0077111826292518715,0.8869565217391304,0.9643408651837928,0.014631710041247624,0.7771739130434783,0.004445184273567215,16.460847854614258
random_10pct_seed1,15,16380,"22,23,24,25,26,27,28,29,30,31",emotion,0.9674858223062381,0.005783386971938902,0.8869565217391304,0.964577459273183,0.013650075806695292,0.7771739130434783,0.003569003730403253,16.929973602294922
random_10pct_seed1,16,16380,"22,23,24,25,26,27,28,29,30,31",emotion,0.964461247637051,0.007012187898295412,0.8826086956521738,0.9643604453842941,0.014742648920823201,0.7717391304347826,0.0027687786135311976,17.146223068237305
random_10pct_seed1,17,16380,"22,23,24,25,26,27,28,29,30,31",emotion,0.9659735349716445,0.00756143667296787,0.8869565217391304,0.9608236085004177,0.016263394827039607,0.75,0.002341643831903828,17.750059127807617
random_10pct_seed1,18,16380,"22,23,24,25,26,27,28,29,30,31",emotion,0.9648393194706995,0.007984390201112627,0.882608695652174,0.9573804302422723,0.017788561232186625,0.7336956521739131,0.002042318828775591,18.42142105102539
random_10pct_seed1,19,16380,"22,23,24,25,26,27,28,29,30,31",emotion,0.9621928166351607,0.010491067618534328,0.882608695652174,0.9552138810568087,0.02098643251307624,0.7336956521739131,0.0018594128559106249,19.245935440063477
random_10pct_seed1,20,16380,"22,23,24,25,26,27,28,29,30,31",emotion,0.9610586011342154,0.009902306883711794,0.8782608695652174,0.9522040779030911,0.023656810913372708,0.7228260869565217,0.001577795577615504,20.12129020690918
random_10pct_seed1,21,16380,"22,23,24,25,26,27,28,29,30,31",emotion,0.956899810964083,0.009057957316227584,0.8652173913043478,0.9474483735380117,0.026999442644481612,0.7282608695652173,0.001429072809747467,20.69241714477539
random_10pct_seed1,22,16380,"22,23,24,25,26,27,28,29,30,31",emotion,0.9568998109640832,0.009444231377540052,0.8608695652173914,0.9438609544695071,0.027879745825938416,0.733695652173913,0.0013721148737231292,21.35491371154785
random_10pct_seed1,23,16380,"22,23,24,25,26,27,28,29,30,31",emotion,0.9512287334593573,0.011859650012369072,0.8652173913043478,0.9419486215538847,0.028351369118774273,0.7282608695652174,0.001393479999974856,21.79568099975586
random_10pct_seed1,24,16380,"22,23,24,25,26,27,28,29,30,31",emotion,0.9466918714555768,0.010102373698213546,0.8565217391304347,0.9428502897869674,0.028896066166937445,0.7119565217391304,0.0014237297788297631,22.054649353027344
random_10pct_seed1,25,16380,"22,23,24,25,26,27,28,29,30,31",emotion,0.9383742911153119,0.009974220006255526,0.843478260869565,0.9417156171679198,0.029786244713449744,0.7119565217391304,0.0015085522325454237,22.49593162536621
random_10pct_seed1,26,16380,"22,23,24,25,26,27,28,29,30,31",emotion,0.9293005671077506,0.01032627620699255,0.8347826086956521,0.9396534957184629,0.029780949750788606,0.717391304347826,0.0015538451783336793,22.959880828857422
random_10pct_seed1,27,16380,"22,23,24,25,26,27,28,29,30,31",emotion,0.9281663516068053,0.008621364272961335,0.8391304347826086,0.9378093671679198,0.030363135390441942,0.717391304347826,0.001566386964903299,23.153182983398438
random_10pct_seed1,28,16380,"22,23,24,25,26,27,28,29,30,31",emotion,0.9236294896030246,0.006393774867783633,0.826086956521739,0.9362096647869673,0.03107976147978885,0.7119565217391305,0.0016522644927102759,23.41543960571289
random_10pct_seed1,29,16380,"22,23,24,25,26,27,28,29,30,31",emotion,0.9206049149338373,0.007173408680911244,0.8217391304347826,0.935750835421888,0.03012513408031079,0.7119565217391305,0.001754308131722171,23.712276458740234
random_10pct_seed1,30,16380,"22,23,24,25,26,27,28,29,30,31",emotion,0.9137996219281662,0.009459354255725362,0.8260869565217392,0.9335761278195488,0.03109338109706777,0.7010869565217391,0.0019912954738374733,24.158044815063477
random_10pct_seed1,31,16380,"22,23,24,25,26,27,28,29,30,31",emotion,0.9107750472589793,0.010381497329108516,0.8217391304347826,0.922749582289056,0.030373441409527118,0.6684782608695652,0.005558670911935182,26.07990074157715
random_10pct_seed2,0,16380,"22,23,24,25,26,27,28,29,30,31",emotion,0.9451795841209829,0.02336716391737231,0.8739130434782609,0.8243936367908408,0.011212195297631703,0.532608695652174,0.013182933319786705,8.310197830200195
random_10pct_seed2,1,16380,"22,23,24,25,26,27,28,29,30,31",emotion,0.9463137996219281,0.02404845957472855,0.8826086956521738,0.8825176993145742,0.022062773593380533,0.5869565217391304,0.01283052754833891,11.2199068069458
random_10pct_seed2,2,16380,"22,23,24,25,26,27,28,29,30,31",emotion,0.948960302457467,0.021151759139053882,0.9043478260869566,0.9208812454906206,0.019478475351605164,0.6358695652173914,0.013223031406390029,14.681081771850586
random_10pct_seed2,3,16380,"22,23,24,25,26,27,28,29,30,31",emotion,0.9557655954631381,0.012742759581363136,0.9,0.9490014097744361,0.022054981358512974,0.6793478260869565,0.014285771443020345,13.579787254333496
random_10pct_seed2,4,16380,"22,23,24,25,26,27,28,29,30,31",emotion,0.9553875236294896,0.010733511959605608,0.8869565217391304,0.9500554772347536,0.01863195469514025,0.7119565217391305,0.013604432877580952,13.057304382324219
random_10pct_seed2,5,16380,"22,23,24,25,26,27,28,29,30,31",emotion,0.9610586011342155,0.010045618340708102,0.8913043478260869,0.9578523130743526,0.017655125336116278,0.7173913043478262,0.012540788874243036,13.488441467285156
random_10pct_seed2,6,16380,"22,23,24,25,26,27,28,29,30,31",emotion,0.9644612476370511,0.00787624448241952,0.8782608695652174,0.961890729427736,0.016417398622202376,0.7445652173913044,0.011429133324772134,13.811625480651855
random_10pct_seed2,7,16380,"22,23,24,25,26,27,28,29,30,31",emotion,0.9697542533081286,0.008866570434448827,0.8956521739130434,0.9665292789264829,0.013526331401733625,0.7445652173913044,0.011461304730506994,14.357914924621582
random_10pct_seed2,8,16380,"22,23,24,25,26,27,28,29,30,31",emotion,0.9705103969754255,0.007427932969523064,0.882608695652174,0.966655897556391,0.014434500122944945,0.7608695652173914,0.010029414477924492,14.62242317199707
random_10pct_seed2,9,16380,"22,23,24,25,26,27,28,29,30,31",emotion,0.9712665406427222,0.01072018667580937,0.8913043478260869,0.9685816102756891,0.014155603540079269,0.7880434782608696,0.0076455894292268844,15.198503494262695
random_10pct_seed2,10,16380,"22,23,24,25,26,27,28,29,30,31",emotion,0.9724007561436674,0.009534608856649182,0.9043478260869564,0.9704675099206349,0.01346640975144222,0.7880434782608695,0.006770822789941788,15.186749458312988
random_10pct_seed2,11,16380,"22,23,24,25,26,27,28,29,30,31",emotion,0.9712665406427222,0.007692623799385971,0.9086956521739129,0.9706649436090226,0.012337718171123674,0.7717391304347826,0.006238601065497895,15.313035011291504
random_10pct_seed2,12,16380,"22,23,24,25,26,27,28,29,30,31",emotion,0.9716446124763707,0.008538064113902632,0.9043478260869564,0.9690368499373434,0.012471875235630526,0.7880434782608696,0.005998722547948865,15.830519676208496
random_10pct_seed2,13,16380,"22,23,24,25,26,27,28,29,30,31",emotion,0.9716446124763707,0.007561436672967859,0.9130434782608695,0.965358382936508,0.014403236225294384,0.7880434782608696,0.005244065993757485,16.246408462524414
random_10pct_seed2,14,16380,"22,23,24,25,26,27,28,29,30,31",emotion,0.9705103969754253,0.0077111826292518715,0.8869565217391304,0.9643408651837928,0.014631710041247624,0.7771739130434783,0.004445184273567215,16.460847854614258
random_10pct_seed2,15,16380,"22,23,24,25,26,27,28,29,30,31",emotion,0.9674858223062381,0.005783386971938902,0.8869565217391304,0.964577459273183,0.013650075806695292,0.7771739130434783,0.003569003730403253,16.929973602294922
random_10pct_seed2,16,16380,"22,23,24,25,26,27,28,29,30,31",emotion,0.964461247637051,0.007012187898295412,0.8826086956521738,0.9643604453842941,0.014742648920823201,0.7717391304347826,0.0027687786135311976,17.146223068237305
random_10pct_seed2,17,16380,"22,23,24,25,26,27,28,29,30,31",emotion,0.9659735349716445,0.00756143667296787,0.8869565217391304,0.9608236085004177,0.016263394827039607,0.75,0.002341643831903828,17.750059127807617
random_10pct_seed2,18,16380,"22,23,24,25,26,27,28,29,30,31",emotion,0.9648393194706995,0.007984390201112627,0.882608695652174,0.9573804302422723,0.017788561232186625,0.7336956521739131,0.002042318828775591,18.42142105102539
random_10pct_seed2,19,16380,"22,23,24,25,26,27,28,29,30,31",emotion,0.9621928166351607,0.010491067618534328,0.882608695652174,0.9552138810568087,0.02098643251307624,0.7336956521739131,0.0018594128559106249,19.245935440063477
random_10pct_seed2,20,16380,"22,23,24,25,26,27,28,29,30,31",emotion,0.9610586011342154,0.009902306883711794,0.8782608695652174,0.9522040779030911,0.023656810913372708,0.7228260869565217,0.001577795577615504,20.12129020690918
random_10pct_seed2,21,16380,"22,23,24,25,26,27,28,29,30,31",emotion,0.956899810964083,0.009057957316227584,0.8652173913043478,0.9474483735380117,0.026999442644481612,0.7282608695652173,0.001429072809747467,20.69241714477539
random_10pct_seed2,22,16380,"22,23,24,25,26,27,28,29,30,31",emotion,0.9565217391304348,0.010826329726484932,0.8608695652173914,0.9428812917710944,0.027923745790242642,0.7282608695652174,0.0013956518920896777,21.33759307861328
random_10pct_seed2,23,16380,"22,23,24,25,26,27,28,29,30,31",emotion,0.9504725897920604,0.011304284603195477,0.8565217391304347,0.9427474937343359,0.02814401526201764,0.7228260869565217,0.001406689376602266,21.836902618408203
random_10pct_seed2,24,16380,"22,23,24,25,26,27,28,29,30,31",emotion,0.9474480151228735,0.010312424723618808,0.8565217391304347,0.9419440528404344,0.028763265078557174,0.7119565217391304,0.001427552746632088,22.15281105041504
random_10pct_seed2,25,16380,"22,23,24,25,26,27,28,29,30,31",emotion,0.9421550094517958,0.010733511959605594,0.8478260869565217,0.9399723266499582,0.030742191131799955,0.7119565217391304,0.0014965877729335997,22.5657958984375
random_10pct_seed2,26,16380,"22,23,24,25,26,27,28,29,30,31",emotion,0.9353497164461247,0.008736650289823327,0.8391304347826086,0.9395569000626567,0.030744376800697918,0.717391304347826,0.0015496583208881587,23.01987648010254
random_10pct_seed2,27,16380,"22,23,24,25,26,27,28,29,30,31",emotion,0.9319470699432891,0.00978614677167849,0.8347826086956521,0.9379819992690059,0.031125928744601107,0.717391304347826,0.0015625079590850799,23.21772003173828
random_10pct_seed2,28,16380,"22,23,24,25,26,27,28,29,30,31",emotion,0.9285444234404536,0.0077849755319372325,0.8217391304347826,0.9357064536340852,0.03159686370282899,0.7119565217391304,0.0016499650535776178,23.463552474975586
random_10pct_seed2,29,16380,"22,23,24,25,26,27,28,29,30,31",emotion,0.9251417769376182,0.010256831732514569,0.8304347826086957,0.9336345420843777,0.031175502655998458,0.7119565217391304,0.0017472491300376536,23.73783302307129
random_10pct_seed2,30,16380,"22,23,24,25,26,27,28,29,30,31",emotion,0.9209829867674859,0.010381497329108513,0.8304347826086957,0.9313182043650794,0.030453000747781345,0.7010869565217392,0.001995398468850218,24.268749237060547
random_10pct_seed2,31,16380,"22,23,24,25,26,27,28,29,30,31",emotion,0.9126654064272213,0.013494569601190753,0.8347826086956521,0.9209266656223893,0.032223884525791724,0.6739130434782609,0.005675954669305594,26.728029251098633
random_10pct_seed3,0,16380,"22,23,24,25,26,27,28,29,30,31",emotion,0.9451795841209829,0.02336716391737231,0.8739130434782609,0.8243936367908408,0.011212195297631703,0.532608695652174,0.013182933319786705,8.310197830200195
random_10pct_seed3,1,16380,"22,23,24,25,26,27,28,29,30,31",emotion,0.9463137996219281,0.02404845957472855,0.8826086956521738,0.8825176993145742,0.022062773593380533,0.5869565217391304,0.01283052754833891,11.2199068069458
random_10pct_seed3,2,16380,"22,23,24,25,26,27,28,29,30,31",emotion,0.948960302457467,0.021151759139053882,0.9043478260869566,0.9208812454906206,0.019478475351605164,0.6358695652173914,0.013223031406390029,14.681081771850586
random_10pct_seed3,3,16380,"22,23,24,25,26,27,28,29,30,31",emotion,0.9557655954631381,0.012742759581363136,0.9,0.9490014097744361,0.022054981358512974,0.6793478260869565,0.014285771443020345,13.579787254333496
random_10pct_seed3,4,16380,"22,23,24,25,26,27,28,29,30,31",emotion,0.9553875236294896,0.010733511959605608,0.8869565217391304,0.9500554772347536,0.01863195469514025,0.7119565217391305,0.013604432877580952,13.057304382324219
random_10pct_seed3,5,16380,"22,23,24,25,26,27,28,29,30,31",emotion,0.9610586011342155,0.010045618340708102,0.8913043478260869,0.9578523130743526,0.017655125336116278,0.7173913043478262,0.012540788874243036,13.488441467285156
random_10pct_seed3,6,16380,"22,23,24,25,26,27,28,29,30,31",emotion,0.9644612476370511,0.00787624448241952,0.8782608695652174,0.961890729427736,0.016417398622202376,0.7445652173913044,0.011429133324772134,13.811625480651855
random_10pct_seed3,7,16380,"22,23,24,25,26,27,28,29,30,31",emotion,0.9697542533081286,0.008866570434448827,0.8956521739130434,0.9665292789264829,0.013526331401733625,0.7445652173913044,0.011461304730506994,14.357914924621582
random_10pct_seed3,8,16380,"22,23,24,25,26,27,28,29,30,31",emotion,0.9705103969754255,0.007427932969523064,0.882608695652174,0.966655897556391,0.014434500122944945,0.7608695652173914,0.010029414477924492,14.62242317199707
random_10pct_seed3,9,16380,"22,23,24,25,26,27,28,29,30,31",emotion,0.9712665406427222,0.01072018667580937,0.8913043478260869,0.9685816102756891,0.014155603540079269,0.7880434782608696,0.0076455894292268844,15.198503494262695
random_10pct_seed3,10,16380,"22,23,24,25,26,27,28,29,30,31",emotion,0.9724007561436674,0.009534608856649182,0.9043478260869564,0.9704675099206349,0.01346640975144222,0.7880434782608695,0.006770822789941788,15.186749458312988
random_10pct_seed3,11,16380,"22,23,24,25,26,27,28,29,30,31",emotion,0.9712665406427222,0.007692623799385971,0.9086956521739129,0.9706649436090226,0.012337718171123674,0.7717391304347826,0.006238601065497895,15.313035011291504
random_10pct_seed3,12,16380,"22,23,24,25,26,27,28,29,30,31",emotion,0.9716446124763707,0.008538064113902632,0.9043478260869564,0.9690368499373434,0.012471875235630526,0.7880434782608696,0.005998722547948865,15.830519676208496
random_10pct_seed3,13,16380,"22,23,24,25,26,27,28,29,30,31",emotion,0.9716446124763707,0.007561436672967859,0.9130434782608695,0.965358382936508,0.014403236225294384,0.7880434782608696,0.005244065993757485,16.246408462524414
random_10pct_seed3,14,16380,"22,23,24,25,26,27,28,29,30,31",emotion,0.9705103969754253,0.0077111826292518715,0.8869565217391304,0.9643408651837928,0.014631710041247624,0.7771739130434783,0.004445184273567215,16.460847854614258
random_10pct_seed3,15,16380,"22,23,24,25,26,27,28,29,30,31",emotion,0.9674858223062381,0.005783386971938902,0.8869565217391304,0.964577459273183,0.013650075806695292,0.7771739130434783,0.003569003730403253,16.929973602294922
random_10pct_seed3,16,16380,"22,23,24,25,26,27,28,29,30,31",emotion,0.964461247637051,0.007012187898295412,0.8826086956521738,0.9643604453842941,0.014742648920823201,0.7717391304347826,0.0027687786135311976,17.146223068237305
random_10pct_seed3,17,16380,"22,23,24,25,26,27,28,29,30,31",emotion,0.9659735349716445,0.00756143667296787,0.8869565217391304,0.9608236085004177,0.016263394827039607,0.75,0.002341643831903828,17.750059127807617
random_10pct_seed3,18,16380,"22,23,24,25,26,27,28,29,30,31",emotion,0.9648393194706995,0.007984390201112627,0.882608695652174,0.9573804302422723,0.017788561232186625,0.7336956521739131,0.002042318828775591,18.42142105102539
random_10pct_seed3,19,16380,"22,23,24,25,26,27,28,29,30,31",emotion,0.9621928166351607,0.010491067618534328,0.882608695652174,0.9552138810568087,0.02098643251307624,0.7336956521739131,0.0018594128559106249,19.245935440063477
random_10pct_seed3,20,16380,"22,23,24,25,26,27,28,29,30,31",emotion,0.9610586011342154,0.009902306883711794,0.8782608695652174,0.9522040779030911,0.023656810913372708,0.7228260869565217,0.001577795577615504,20.12129020690918
random_10pct_seed3,21,16380,"22,23,24,25,26,27,28,29,30,31",emotion,0.956899810964083,0.009057957316227584,0.8652173913043478,0.9474483735380117,0.026999442644481612,0.7282608695652173,0.001429072809747467,20.69241714477539
random_10pct_seed3,22,16380,"22,23,24,25,26,27,28,29,30,31",emotion,0.9572778827977315,0.010256831732514552,0.8608695652173914,0.943327720342523,0.028075560880864037,0.733695652173913,0.0013887626777262518,21.342859268188477
random_10pct_seed3,23,16380,"22,23,24,25,26,27,28,29,30,31",emotion,0.9527410207939507,0.011652956527351573,0.8608695652173914,0.9411911941311613,0.029343966649727753,0.7282608695652174,0.0014162883954154104,21.820871353149414
random_10pct_seed3,24,16380,"22,23,24,25,26,27,28,29,30,31",emotion,0.9478260869565218,0.009073724007561438,0.8608695652173914,0.941656223893066,0.029943369961266047,0.717391304347826,0.0014315377834825949,22.085798263549805
random_10pct_seed3,25,16380,"22,23,24,25,26,27,28,29,30,31",emotion,0.9406427221172022,0.010865866059130366,0.8478260869565217,0.939873120300752,0.03134355803904325,0.7119565217391304,0.0015264811255855104,22.505943298339844
random_10pct_seed3,26,16380,"22,23,24,25,26,27,28,29,30,31",emotion,0.9319470699432891,0.011022593373998699,0.8434782608695652,0.9383922044695072,0.03108957058427594,0.717391304347826,0.0015855246499464348,23.015613555908203
random_10pct_seed3,27,16380,"22,23,24,25,26,27,28,29,30,31",emotion,0.9319470699432891,0.009931134621220172,0.8434782608695652,0.9365780988930661,0.03096635074543683,0.7119565217391304,0.001604079882067344,23.24831771850586
random_10pct_seed3,28,16380,"22,23,24,25,26,27,28,29,30,31",emotion,0.9258979206049149,0.008317580340264688,0.8347826086956521,0.9359554485171262,0.03131943637749469,0.7119565217391304,0.001695211417190312,23.513179779052734
random_10pct_seed3,29,16380,"22,23,24,25,26,27,28,29,30,31",emotion,0.9221172022684311,0.008898754099009316,0.8304347826086957,0.9333689040309106,0.031408114660472344,0.7119565217391305,0.0017982903503684922,23.82597541809082
random_10pct_seed3,30,16380,"22,23,24,25,26,27,28,29,30,31",emotion,0.9179584120982985,0.008670960257980859,0.8391304347826086,0.9312385782163743,0.031863953779578444,0.7010869565217391,0.002026511878074011,24.277006149291992
random_10pct_seed3,31,16380,"22,23,24,25,26,27,28,29,30,31",emotion,0.9160680529300567,0.016592142349710157,0.8217391304347826,0.9224013810568086,0.03208976941732699,0.6630434782608696,0.0055070441072822,26.28778076171875
random_10pct_seed4,0,16380,"22,23,24,25,26,27,28,29,30,31",emotion,0.9451795841209829,0.02336716391737231,0.8739130434782609,0.8243936367908408,0.011212195297631703,0.532608695652174,0.013182933319786705,8.310197830200195
random_10pct_seed4,1,16380,"22,23,24,25,26,27,28,29,30,31",emotion,0.9463137996219281,0.02404845957472855,0.8826086956521738,0.8825176993145742,0.022062773593380533,0.5869565217391304,0.01283052754833891,11.2199068069458
random_10pct_seed4,2,16380,"22,23,24,25,26,27,28,29,30,31",emotion,0.948960302457467,0.021151759139053882,0.9043478260869566,0.9208812454906206,0.019478475351605164,0.6358695652173914,0.013223031406390029,14.681081771850586
random_10pct_seed4,3,16380,"22,23,24,25,26,27,28,29,30,31",emotion,0.9557655954631381,0.012742759581363136,0.9,0.9490014097744361,0.022054981358512974,0.6793478260869565,0.014285771443020345,13.579787254333496
random_10pct_seed4,4,16380,"22,23,24,25,26,27,28,29,30,31",emotion,0.9553875236294896,0.010733511959605608,0.8869565217391304,0.9500554772347536,0.01863195469514025,0.7119565217391305,0.013604432877580952,13.057304382324219
random_10pct_seed4,5,16380,"22,23,24,25,26,27,28,29,30,31",emotion,0.9610586011342155,0.010045618340708102,0.8913043478260869,0.9578523130743526,0.017655125336116278,0.7173913043478262,0.012540788874243036,13.488441467285156
random_10pct_seed4,6,16380,"22,23,24,25,26,27,28,29,30,31",emotion,0.9644612476370511,0.00787624448241952,0.8782608695652174,0.961890729427736,0.016417398622202376,0.7445652173913044,0.011429133324772134,13.811625480651855
random_10pct_seed4,7,16380,"22,23,24,25,26,27,28,29,30,31",emotion,0.9697542533081286,0.008866570434448827,0.8956521739130434,0.9665292789264829,0.013526331401733625,0.7445652173913044,0.011461304730506994,14.357914924621582
random_10pct_seed4,8,16380,"22,23,24,25,26,27,28,29,30,31",emotion,0.9705103969754255,0.007427932969523064,0.882608695652174,0.966655897556391,0.014434500122944945,0.7608695652173914,0.010029414477924492,14.62242317199707
random_10pct_seed4,9,16380,"22,23,24,25,26,27,28,29,30,31",emotion,0.9712665406427222,0.01072018667580937,0.8913043478260869,0.9685816102756891,0.014155603540079269,0.7880434782608696,0.0076455894292268844,15.198503494262695
random_10pct_seed4,10,16380,"22,23,24,25,26,27,28,29,30,31",emotion,0.9724007561436674,0.009534608856649182,0.9043478260869564,0.9704675099206349,0.01346640975144222,0.7880434782608695,0.006770822789941788,15.186749458312988
random_10pct_seed4,11,16380,"22,23,24,25,26,27,28,29,30,31",emotion,0.9712665406427222,0.007692623799385971,0.9086956521739129,0.9706649436090226,0.012337718171123674,0.7717391304347826,0.006238601065497895,15.313035011291504
random_10pct_seed4,12,16380,"22,23,24,25,26,27,28,29,30,31",emotion,0.9716446124763707,0.008538064113902632,0.9043478260869564,0.9690368499373434,0.012471875235630526,0.7880434782608696,0.005998722547948865,15.830519676208496
random_10pct_seed4,13,16380,"22,23,24,25,26,27,28,29,30,31",emotion,0.9716446124763707,0.007561436672967859,0.9130434782608695,0.965358382936508,0.014403236225294384,0.7880434782608696,0.005244065993757485,16.246408462524414
random_10pct_seed4,14,16380,"22,23,24,25,26,27,28,29,30,31",emotion,0.9705103969754253,0.0077111826292518715,0.8869565217391304,0.9643408651837928,0.014631710041247624,0.7771739130434783,0.004445184273567215,16.460847854614258
random_10pct_seed4,15,16380,"22,23,24,25,26,27,28,29,30,31",emotion,0.9674858223062381,0.005783386971938902,0.8869565217391304,0.964577459273183,0.013650075806695292,0.7771739130434783,0.003569003730403253,16.929973602294922
random_10pct_seed4,16,16380,"22,23,24,25,26,27,28,29,30,31",emotion,0.964461247637051,0.007012187898295412,0.8826086956521738,0.9643604453842941,0.014742648920823201,0.7717391304347826,0.0027687786135311976,17.146223068237305
random_10pct_seed4,17,16380,"22,23,24,25,26,27,28,29,30,31",emotion,0.9659735349716445,0.00756143667296787,0.8869565217391304,0.9608236085004177,0.016263394827039607,0.75,0.002341643831903828,17.750059127807617
random_10pct_seed4,18,16380,"22,23,24,25,26,27,28,29,30,31",emotion,0.9648393194706995,0.007984390201112627,0.882608695652174,0.9573804302422723,0.017788561232186625,0.7336956521739131,0.002042318828775591,18.42142105102539
random_10pct_seed4,19,16380,"22,23,24,25,26,27,28,29,30,31",emotion,0.9621928166351607,0.010491067618534328,0.882608695652174,0.9552138810568087,0.02098643251307624,0.7336956521739131,0.0018594128559106249,19.245935440063477
random_10pct_seed4,20,16380,"22,23,24,25,26,27,28,29,30,31",emotion,0.9610586011342154,0.009902306883711794,0.8782608695652174,0.9522040779030911,0.023656810913372708,0.7228260869565217,0.001577795577615504,20.12129020690918
random_10pct_seed4,21,16380,"22,23,24,25,26,27,28,29,30,31",emotion,0.956899810964083,0.009057957316227584,0.8652173913043478,0.9474483735380117,0.026999442644481612,0.7282608695652173,0.001429072809747467,20.69241714477539
random_10pct_seed4,22,16380,"22,23,24,25,26,27,28,29,30,31",emotion,0.9565217391304348,0.011591462923822947,0.8608695652173914,0.9432719167710943,0.02782041203667456,0.7282608695652174,0.0013881614597696101,21.30699348449707
random_10pct_seed4,23,16380,"22,23,24,25,26,27,28,29,30,31",emotion,0.9512287334593573,0.012504979514965021,0.8608695652173914,0.9422426508980785,0.028476342266891438,0.717391304347826,0.0014141175693146435,21.739356994628906
random_10pct_seed4,24,16380,"22,23,24,25,26,27,28,29,30,31",emotion,0.9459357277882798,0.011379899390013212,0.8565217391304347,0.942514489348371,0.02874253048842529,0.7010869565217391,0.0014298788203178647,22.026391983032227
random_10pct_seed4,25,16380,"22,23,24,25,26,27,28,29,30,31",emotion,0.9376181474480152,0.009337685470872192,0.8391304347826086,0.9405985667293233,0.03002349492186953,0.7065217391304348,0.0015044704804031417,22.458580017089844
random_10pct_seed4,26,16380,"22,23,24,25,26,27,28,29,30,31",emotion,0.9311909262759924,0.01032627620699259,0.8434782608695652,0.9393336857769423,0.029742844266099994,0.7119565217391304,0.001560343370225592,22.93828773498535
random_10pct_seed4,27,16380,"22,23,24,25,26,27,28,29,30,31",emotion,0.9300567107750473,0.009931134621220217,0.826086956521739,0.9385808270676692,0.03087687375846474,0.7119565217391304,0.0015752907978949793,23.13932228088379
random_10pct_seed4,28,16380,"22,23,24,25,26,27,28,29,30,31",emotion,0.9262759924385634,0.0081964020373077,0.8304347826086955,0.9356454286758562,0.030492367038856934,0.7065217391304348,0.0016643811956948973,23.39157485961914
random_10pct_seed4,29,16380,"22,23,24,25,26,27,28,29,30,31",emotion,0.9255198487712665,0.009609274122600263,0.8304347826086957,0.9344735536758564,0.031307422662047904,0.7010869565217391,0.0017704340904307614,23.71046257019043
random_10pct_seed4,30,16380,"22,23,24,25,26,27,28,29,30,31",emotion,0.9175803402646503,0.010996627275802664,0.826086956521739,0.9332112834168755,0.03219941061643023,0.7010869565217391,0.00200661281832315,24.21567726135254
random_10pct_seed4,31,16380,"22,23,24,25,26,27,28,29,30,31",emotion,0.912665406427221,0.014710832860751357,0.8260869565217392,0.9232208124477862,0.03088243152694892,0.6793478260869565,0.005689966930999435,26.707195281982422
clean,0,0,"22,23,24,25,26,27,28,29,30,31",medical,0.947107438016529,0.04574661984495222,0.8545454545454547,0.6731150793650794,0.0,0.45454545454545453,0.01529820473983401,8.336723327636719
clean,1,0,"22,23,24,25,26,27,28,29,30,31",medical,0.9322314049586776,0.042592061906529304,0.8272727272727272,0.7471230158730159,0.0,0.36363636363636365,0.014518492374271053,9.71576976776123
clean,2,0,"22,23,24,25,26,27,28,29,30,31",medical,0.9537190082644628,0.0341153180835542,0.8818181818181818,0.8129960317460317,0.0,0.5,0.020112271531067094,12.685179710388184
clean,3,0,"22,23,24,25,26,27,28,29,30,31",medical,0.971900826446281,0.02484842376590565,0.9,0.8351190476190476,0.0,0.5454545454545454,0.026908438094523035,14.330023765563965
clean,4,0,"22,23,24,25,26,27,28,29,30,31",medical,0.9900826446280993,0.012146230129503405,0.9545454545454545,0.8902777777777778,0.0,0.5454545454545454,0.025344117951586198,16.12894058227539
clean,5,0,"22,23,24,25,26,27,28,29,30,31",medical,0.9966942148760332,0.004048743376501108,0.9636363636363636,0.9086309523809525,0.0,0.5909090909090909,0.021458719925575465,16.921388626098633
clean,6,0,"22,23,24,25,26,27,28,29,30,31",medical,0.9933884297520661,0.009637937016273234,0.9818181818181818,0.9315476190476192,0.0,0.5909090909090909,0.020850126502852895,18.222009658813477
clean,7,0,"22,23,24,25,26,27,28,29,30,31",medical,0.9933884297520661,0.009637937016273234,0.9727272727272727,0.9315476190476192,0.0,0.6363636363636364,0.018854741410615605,18.767370223999023
clean,8,0,"22,23,24,25,26,27,28,29,30,31",medical,0.9917355371900827,0.01280325073126419,0.9636363636363636,0.9325396825396826,0.0,0.6818181818181818,0.017875626888927854,19.54151153564453
clean,9,0,"22,23,24,25,26,27,28,29,30,31",medical,0.9950413223140497,0.006611570247933901,0.9636363636363636,0.926984126984127,0.0,0.6818181818181818,0.013997373361187337,20.225017547607422
clean,10,0,"22,23,24,25,26,27,28,29,30,31",medical,0.9950413223140497,0.006611570247933901,0.9545454545454547,0.9274801587301587,0.0,0.6818181818181818,0.012370944751782131,20.44523048400879
clean,11,0,"22,23,24,25,26,27,28,29,30,31",medical,0.9983471074380166,0.0033057851239669312,0.9636363636363636,0.9394841269841271,0.0,0.6818181818181818,0.011022211157990736,20.707603454589844
clean,12,0,"22,23,24,25,26,27,28,29,30,31",medical,0.9966942148760332,0.004048743376501108,0.9727272727272727,0.9369047619047619,0.0,0.6818181818181818,0.00986681963023861,21.17929458618164
clean,13,0,"22,23,24,25,26,27,28,29,30,31",medical,0.9966942148760332,0.004048743376501108,0.9636363636363636,0.9383928571428571,0.0,0.6818181818181818,0.008543325997925733,21.566326141357422
clean,14,0,"22,23,24,25,26,27,28,29,30,31",medical,0.9966942148760332,0.004048743376501108,0.9636363636363636,0.9423611111111112,0.0,0.6363636363636364,0.007488700939933479,21.963773727416992
clean,15,0,"22,23,24,25,26,27,28,29,30,31",medical,0.9966942148760332,0.004048743376501108,0.9636363636363636,0.9403769841269841,0.0,0.6363636363636364,0.006009440716010173,22.382080078125
clean,16,0,"22,23,24,25,26,27,28,29,30,31",medical,0.9966942148760332,0.004048743376501108,0.9636363636363636,0.9398809523809523,0.0,0.6363636363636364,0.004842167606537662,23.104246139526367
clean,17,0,"22,23,24,25,26,27,28,29,30,31",medical,0.9966942148760332,0.004048743376501108,0.9545454545454547,0.927579365079365,0.0,0.6818181818181818,0.003948995117349807,23.6357421875
clean,18,0,"22,23,24,25,26,27,28,29,30,31",medical,0.9917355371900827,0.009053265413308541,0.9545454545454547,0.9078373015873016,0.0,0.6818181818181818,0.003275331534612902,24.241111755371094
clean,19,0,"22,23,24,25,26,27,28,29,30,31",medical,0.9900826446280991,0.009637937016273242,0.9545454545454547,0.91140873015873,0.0,0.6818181818181818,0.00287175041786214,24.941465377807617
clean,20,0,"22,23,24,25,26,27,28,29,30,31",medical,0.9867768595041323,0.009917355371900844,0.9545454545454547,0.9080357142857143,0.0,0.6818181818181818,0.0024477944973791965,25.896329879760742
clean,21,0,"22,23,24,25,26,27,28,29,30,31",medical,0.9851239669421487,0.008097486753002255,0.9545454545454547,0.9065476190476192,0.0,0.6818181818181818,0.0022484625885438314,26.62400245666504
clean,22,0,"22,23,24,25,26,27,28,29,30,31",medical,0.9834710743801652,0.010453810446837618,0.9545454545454547,0.9029761904761905,0.0,0.6818181818181818,0.0022115826196772437,27.37189292907715
clean,23,0,"22,23,24,25,26,27,28,29,30,31",medical,0.9752066115702478,0.018845874795027077,0.9363636363636363,0.897420634920635,0.0,0.6818181818181818,0.002273447516993543,28.07198143005371
clean,24,0,"22,23,24,25,26,27,28,29,30,31",medical,0.9752066115702478,0.01652892561983472,0.9454545454545455,0.9009920634920635,0.0,0.6818181818181818,0.0023767327120334247,28.52497100830078
clean,25,0,"22,23,24,25,26,27,28,29,30,31",medical,0.971900826446281,0.017802197709535568,0.9363636363636363,0.8918650793650793,0.0,0.6818181818181818,0.002582945278295945,29.12364387512207
clean,26,0,"22,23,24,25,26,27,28,29,30,31",medical,0.9702479338842973,0.019275874032546464,0.9272727272727274,0.8868055555555555,0.0,0.6818181818181818,0.002714558077382856,29.73383903503418
clean,27,0,"22,23,24,25,26,27,28,29,30,31",medical,0.9636363636363635,0.01780219770953558,0.9363636363636363,0.8869047619047619,0.0,0.6818181818181818,0.00282500583294798,30.384693145751953
clean,28,0,"22,23,24,25,26,27,28,29,30,31",medical,0.9619834710743802,0.021296030953264683,0.9272727272727274,0.8813492063492063,0.0,0.6818181818181818,0.0031265116202811027,31.466096878051758
clean,29,0,"22,23,24,25,26,27,28,29,30,31",medical,0.9619834710743802,0.024292460259006752,0.9272727272727274,0.8869047619047619,0.0,0.6818181818181818,0.0033863212321751934,32.14015579223633
clean,30,0,"22,23,24,25,26,27,28,29,30,31",medical,0.9636363636363636,0.02314049586776863,0.909090909090909,0.8761904761904761,0.0,0.7272727272727273,0.0039842755972936406,33.493045806884766
clean,31,0,"22,23,24,25,26,27,28,29,30,31",medical,0.9603305785123967,0.026856325304581683,0.9363636363636363,0.8658730158730158,0.0,0.7272727272727273,0.014445335977147145,38.23373794555664
affinity_5pct,0,8190,"22,23,24,25,26,27,28,29,30,31",medical,0.947107438016529,0.04574661984495222,0.8545454545454547,0.6731150793650794,0.0,0.45454545454545453,0.01529820473983401,8.336723327636719
affinity_5pct,1,8190,"22,23,24,25,26,27,28,29,30,31",medical,0.9322314049586776,0.042592061906529304,0.8272727272727272,0.7471230158730159,0.0,0.36363636363636365,0.014518492374271053,9.71576976776123
affinity_5pct,2,8190,"22,23,24,25,26,27,28,29,30,31",medical,0.9537190082644628,0.0341153180835542,0.8818181818181818,0.8129960317460317,0.0,0.5,0.020112271531067094,12.685179710388184
affinity_5pct,3,8190,"22,23,24,25,26,27,28,29,30,31",medical,0.971900826446281,0.02484842376590565,0.9,0.8351190476190476,0.0,0.5454545454545454,0.026908438094523035,14.330023765563965
affinity_5pct,4,8190,"22,23,24,25,26,27,28,29,30,31",medical,0.9900826446280993,0.012146230129503405,0.9545454545454545,0.8902777777777778,0.0,0.5454545454545454,0.025344117951586198,16.12894058227539
affinity_5pct,5,8190,"22,23,24,25,26,27,28,29,30,31",medical,0.9966942148760332,0.004048743376501108,0.9636363636363636,0.9086309523809525,0.0,0.5909090909090909,0.021458719925575465,16.921388626098633
affinity_5pct,6,8190,"22,23,24,25,26,27,28,29,30,31",medical,0.9933884297520661,0.009637937016273234,0.9818181818181818,0.9315476190476192,0.0,0.5909090909090909,0.020850126502852895,18.222009658813477
affinity_5pct,7,8190,"22,23,24,25,26,27,28,29,30,31",medical,0.9933884297520661,0.009637937016273234,0.9727272727272727,0.9315476190476192,0.0,0.6363636363636364,0.018854741410615605,18.767370223999023
affinity_5pct,8,8190,"22,23,24,25,26,27,28,29,30,31",medical,0.9917355371900827,0.01280325073126419,0.9636363636363636,0.9325396825396826,0.0,0.6818181818181818,0.017875626888927854,19.54151153564453
affinity_5pct,9,8190,"22,23,24,25,26,27,28,29,30,31",medical,0.9950413223140497,0.006611570247933901,0.9636363636363636,0.926984126984127,0.0,0.6818181818181818,0.013997373361187337,20.225017547607422
affinity_5pct,10,8190,"22,23,24,25,26,27,28,29,30,31",medical,0.9950413223140497,0.006611570247933901,0.9545454545454547,0.9274801587301587,0.0,0.6818181818181818,0.012370944751782131,20.44523048400879
affinity_5pct,11,8190,"22,23,24,25,26,27,28,29,30,31",medical,0.9983471074380166,0.0033057851239669312,0.9636363636363636,0.9394841269841271,0.0,0.6818181818181818,0.011022211157990736,20.707603454589844
affinity_5pct,12,8190,"22,23,24,25,26,27,28,29,30,31",medical,0.9966942148760332,0.004048743376501108,0.9727272727272727,0.9369047619047619,0.0,0.6818181818181818,0.00986681963023861,21.17929458618164
affinity_5pct,13,8190,"22,23,24,25,26,27,28,29,30,31",medical,0.9966942148760332,0.004048743376501108,0.9636363636363636,0.9383928571428571,0.0,0.6818181818181818,0.008543325997925733,21.566326141357422
affinity_5pct,14,8190,"22,23,24,25,26,27,28,29,30,31",medical,0.9966942148760332,0.004048743376501108,0.9636363636363636,0.9423611111111112,0.0,0.6363636363636364,0.007488700939933479,21.963773727416992
affinity_5pct,15,8190,"22,23,24,25,26,27,28,29,30,31",medical,0.9966942148760332,0.004048743376501108,0.9636363636363636,0.9403769841269841,0.0,0.6363636363636364,0.006009440716010173,22.382080078125
affinity_5pct,16,8190,"22,23,24,25,26,27,28,29,30,31",medical,0.9966942148760332,0.004048743376501108,0.9636363636363636,0.9398809523809523,0.0,0.6363636363636364,0.004842167606537662,23.104246139526367
affinity_5pct,17,8190,"22,23,24,25,26,27,28,29,30,31",medical,0.9966942148760332,0.004048743376501108,0.9545454545454547,0.927579365079365,0.0,0.6818181818181818,0.003948995117349807,23.6357421875
affinity_5pct,18,8190,"22,23,24,25,26,27,28,29,30,31",medical,0.9917355371900827,0.009053265413308541,0.9545454545454547,0.9078373015873016,0.0,0.6818181818181818,0.003275331534612902,24.241111755371094
affinity_5pct,19,8190,"22,23,24,25,26,27,28,29,30,31",medical,0.9900826446280991,0.009637937016273242,0.9545454545454547,0.91140873015873,0.0,0.6818181818181818,0.00287175041786214,24.941465377807617
affinity_5pct,20,8190,"22,23,24,25,26,27,28,29,30,31",medical,0.9867768595041323,0.009917355371900844,0.9545454545454547,0.9080357142857143,0.0,0.6818181818181818,0.0024477944973791965,25.896329879760742
affinity_5pct,21,8190,"22,23,24,25,26,27,28,29,30,31",medical,0.9851239669421487,0.008097486753002255,0.9545454545454547,0.9065476190476192,0.0,0.6818181818181818,0.0022484625885438314,26.62400245666504
affinity_5pct,22,8190,"22,23,24,25,26,27,28,29,30,31",medical,0.9834710743801652,0.010453810446837618,0.9545454545454547,0.9029761904761905,0.0,0.6818181818181818,0.0022000596813984696,27.360563278198242
affinity_5pct,23,8190,"22,23,24,25,26,27,28,29,30,31",medical,0.9768595041322312,0.016025387958401104,0.9454545454545455,0.897420634920635,0.0,0.6818181818181818,0.0022517795488807835,28.043684005737305
affinity_5pct,24,8190,"22,23,24,25,26,27,28,29,30,31",medical,0.9752066115702478,0.01652892561983472,0.9454545454545455,0.9009920634920635,0.0,0.6818181818181818,0.002349092062403635,28.483505249023438
affinity_5pct,25,8190,"22,23,24,25,26,27,28,29,30,31",medical,0.971900826446281,0.017802197709535568,0.9363636363636363,0.8938492063492064,0.0,0.6818181818181818,0.0025418705573611033,29.022436141967773
affinity_5pct,26,8190,"22,23,24,25,26,27,28,29,30,31",medical,0.9702479338842973,0.019275874032546464,0.9272727272727274,0.8882936507936507,0.0,0.6818181818181818,0.002658289247127743,29.54585075378418
affinity_5pct,27,8190,"22,23,24,25,26,27,28,29,30,31",medical,0.965289256198347,0.020511857266100608,0.9363636363636363,0.8848214285714285,0.0,0.6818181818181818,0.002751324923974563,30.135507583618164
affinity_5pct,28,8190,"22,23,24,25,26,27,28,29,30,31",medical,0.9570247933884298,0.01840583260439676,0.9272727272727274,0.8828373015873014,0.0,0.6818181818181818,0.0030186902502556956,31.10952377319336
affinity_5pct,29,8190,"22,23,24,25,26,27,28,29,30,31",medical,0.9619834710743802,0.024292460259006752,0.9272727272727274,0.8869047619047619,0.0,0.6818181818181818,0.0032520944315188594,31.719772338867188
affinity_5pct,30,8190,"22,23,24,25,26,27,28,29,30,31",medical,0.9603305785123967,0.023022129383775413,0.9181818181818182,0.8742063492063492,0.0,0.7272727272727273,0.003807331286452942,32.94689178466797
affinity_5pct,31,8190,"22,23,24,25,26,27,28,29,30,31",medical,0.9570247933884298,0.023022129383775413,0.9363636363636363,0.8658730158730158,0.0,0.6818181818181818,0.013640315699137484,37.53578567504883
coverage_5pct,0,8190,"22,23,24,25,26,27,28,29,30,31",medical,0.947107438016529,0.04574661984495222,0.8545454545454547,0.6731150793650794,0.0,0.45454545454545453,0.01529820473983401,8.336723327636719
coverage_5pct,1,8190,"22,23,24,25,26,27,28,29,30,31",medical,0.9322314049586776,0.042592061906529304,0.8272727272727272,0.7471230158730159,0.0,0.36363636363636365,0.014518492374271053,9.71576976776123
coverage_5pct,2,8190,"22,23,24,25,26,27,28,29,30,31",medical,0.9537190082644628,0.0341153180835542,0.8818181818181818,0.8129960317460317,0.0,0.5,0.020112271531067094,12.685179710388184
coverage_5pct,3,8190,"22,23,24,25,26,27,28,29,30,31",medical,0.971900826446281,0.02484842376590565,0.9,0.8351190476190476,0.0,0.5454545454545454,0.026908438094523035,14.330023765563965
coverage_5pct,4,8190,"22,23,24,25,26,27,28,29,30,31",medical,0.9900826446280993,0.012146230129503405,0.9545454545454545,0.8902777777777778,0.0,0.5454545454545454,0.025344117951586198,16.12894058227539
coverage_5pct,5,8190,"22,23,24,25,26,27,28,29,30,31",medical,0.9966942148760332,0.004048743376501108,0.9636363636363636,0.9086309523809525,0.0,0.5909090909090909,0.021458719925575465,16.921388626098633
coverage_5pct,6,8190,"22,23,24,25,26,27,28,29,30,31",medical,0.9933884297520661,0.009637937016273234,0.9818181818181818,0.9315476190476192,0.0,0.5909090909090909,0.020850126502852895,18.222009658813477
coverage_5pct,7,8190,"22,23,24,25,26,27,28,29,30,31",medical,0.9933884297520661,0.009637937016273234,0.9727272727272727,0.9315476190476192,0.0,0.6363636363636364,0.018854741410615605,18.767370223999023
coverage_5pct,8,8190,"22,23,24,25,26,27,28,29,30,31",medical,0.9917355371900827,0.01280325073126419,0.9636363636363636,0.9325396825396826,0.0,0.6818181818181818,0.017875626888927854,19.54151153564453
coverage_5pct,9,8190,"22,23,24,25,26,27,28,29,30,31",medical,0.9950413223140497,0.006611570247933901,0.9636363636363636,0.926984126984127,0.0,0.6818181818181818,0.013997373361187337,20.225017547607422
coverage_5pct,10,8190,"22,23,24,25,26,27,28,29,30,31",medical,0.9950413223140497,0.006611570247933901,0.9545454545454547,0.9274801587301587,0.0,0.6818181818181818,0.012370944751782131,20.44523048400879
coverage_5pct,11,8190,"22,23,24,25,26,27,28,29,30,31",medical,0.9983471074380166,0.0033057851239669312,0.9636363636363636,0.9394841269841271,0.0,0.6818181818181818,0.011022211157990736,20.707603454589844
coverage_5pct,12,8190,"22,23,24,25,26,27,28,29,30,31",medical,0.9966942148760332,0.004048743376501108,0.9727272727272727,0.9369047619047619,0.0,0.6818181818181818,0.00986681963023861,21.17929458618164
coverage_5pct,13,8190,"22,23,24,25,26,27,28,29,30,31",medical,0.9966942148760332,0.004048743376501108,0.9636363636363636,0.9383928571428571,0.0,0.6818181818181818,0.008543325997925733,21.566326141357422
coverage_5pct,14,8190,"22,23,24,25,26,27,28,29,30,31",medical,0.9966942148760332,0.004048743376501108,0.9636363636363636,0.9423611111111112,0.0,0.6363636363636364,0.007488700939933479,21.963773727416992
coverage_5pct,15,8190,"22,23,24,25,26,27,28,29,30,31",medical,0.9966942148760332,0.004048743376501108,0.9636363636363636,0.9403769841269841,0.0,0.6363636363636364,0.006009440716010173,22.382080078125
coverage_5pct,16,8190,"22,23,24,25,26,27,28,29,30,31",medical,0.9966942148760332,0.004048743376501108,0.9636363636363636,0.9398809523809523,0.0,0.6363636363636364,0.004842167606537662,23.104246139526367
coverage_5pct,17,8190,"22,23,24,25,26,27,28,29,30,31",medical,0.9966942148760332,0.004048743376501108,0.9545454545454547,0.927579365079365,0.0,0.6818181818181818,0.003948995117349807,23.6357421875
coverage_5pct,18,8190,"22,23,24,25,26,27,28,29,30,31",medical,0.9917355371900827,0.009053265413308541,0.9545454545454547,0.9078373015873016,0.0,0.6818181818181818,0.003275331534612902,24.241111755371094
coverage_5pct,19,8190,"22,23,24,25,26,27,28,29,30,31",medical,0.9900826446280991,0.009637937016273242,0.9545454545454547,0.91140873015873,0.0,0.6818181818181818,0.00287175041786214,24.941465377807617
coverage_5pct,20,8190,"22,23,24,25,26,27,28,29,30,31",medical,0.9867768595041323,0.009917355371900844,0.9545454545454547,0.9080357142857143,0.0,0.6818181818181818,0.0024477944973791965,25.896329879760742
coverage_5pct,21,8190,"22,23,24,25,26,27,28,29,30,31",medical,0.9851239669421487,0.008097486753002255,0.9545454545454547,0.9065476190476192,0.0,0.6818181818181818,0.0022484625885438314,26.62400245666504
coverage_5pct,22,8190,"22,23,24,25,26,27,28,29,30,31",medical,0.9834710743801652,0.010453810446837618,0.9545454545454547,0.9029761904761905,0.0,0.6818181818181818,0.0022805872846882735,26.99995994567871
coverage_5pct,23,8190,"22,23,24,25,26,27,28,29,30,31",medical,0.9801652892561983,0.013428162652290868,0.9454545454545455,0.9014880952380953,0.0,0.6818181818181818,0.002374770642860291,27.393857955932617
coverage_5pct,24,8190,"22,23,24,25,26,27,28,29,30,31",medical,0.975206611570248,0.014783920512395316,0.9454545454545455,0.9,0.0,0.6818181818181818,0.002503940039170094,27.729175567626953
coverage_5pct,25,8190,"22,23,24,25,26,27,28,29,30,31",medical,0.975206611570248,0.014783920512395316,0.9454545454545455,0.9035714285714286,0.0,0.6818181818181818,0.002722727341008313,28.103652954101562
coverage_5pct,26,8190,"22,23,24,25,26,27,28,29,30,31",medical,0.9702479338842975,0.019971976815858807,0.9545454545454547,0.9035714285714286,0.0,0.6818181818181818,0.002880522809643682,28.512067794799805
coverage_5pct,27,8190,"22,23,24,25,26,27,28,29,30,31",medical,0.9669421487603305,0.02155108233124844,0.9454545454545455,0.9035714285714286,0.0,0.6818181818181818,0.0029529566172399324,28.738510131835938
coverage_5pct,28,8190,"22,23,24,25,26,27,28,29,30,31",medical,0.9702479338842975,0.02192809778747375,0.9454545454545455,0.8980158730158729,0.0,0.6818181818181818,0.003257188290032187,29.55746078491211
coverage_5pct,29,8190,"22,23,24,25,26,27,28,29,30,31",medical,0.9669421487603305,0.023952688836676787,0.9545454545454547,0.8980158730158729,0.0,0.6818181818181818,0.0035189668261452756,30.05025291442871
coverage_5pct,30,8190,"22,23,24,25,26,27,28,29,30,31",medical,0.9636363636363635,0.023723471230425335,0.9545454545454547,0.9,0.0,0.6818181818181818,0.004086887693153574,30.962947845458984
coverage_5pct,31,8190,"22,23,24,25,26,27,28,29,30,31",medical,0.9619834710743801,0.025392217348325977,0.9454545454545455,0.9054563492063492,0.0,0.6818181818181818,0.0070614565336174495,33.68705368041992
mass_5pct,0,8190,"22,23,24,25,26,27,28,29,30,31",medical,0.947107438016529,0.04574661984495222,0.8545454545454547,0.6731150793650794,0.0,0.45454545454545453,0.01529820473983401,8.336723327636719
mass_5pct,1,8190,"22,23,24,25,26,27,28,29,30,31",medical,0.9322314049586776,0.042592061906529304,0.8272727272727272,0.7471230158730159,0.0,0.36363636363636365,0.014518492374271053,9.71576976776123
mass_5pct,2,8190,"22,23,24,25,26,27,28,29,30,31",medical,0.9537190082644628,0.0341153180835542,0.8818181818181818,0.8129960317460317,0.0,0.5,0.020112271531067094,12.685179710388184
mass_5pct,3,8190,"22,23,24,25,26,27,28,29,30,31",medical,0.971900826446281,0.02484842376590565,0.9,0.8351190476190476,0.0,0.5454545454545454,0.026908438094523035,14.330023765563965
mass_5pct,4,8190,"22,23,24,25,26,27,28,29,30,31",medical,0.9900826446280993,0.012146230129503405,0.9545454545454545,0.8902777777777778,0.0,0.5454545454545454,0.025344117951586198,16.12894058227539
mass_5pct,5,8190,"22,23,24,25,26,27,28,29,30,31",medical,0.9966942148760332,0.004048743376501108,0.9636363636363636,0.9086309523809525,0.0,0.5909090909090909,0.021458719925575465,16.921388626098633
mass_5pct,6,8190,"22,23,24,25,26,27,28,29,30,31",medical,0.9933884297520661,0.009637937016273234,0.9818181818181818,0.9315476190476192,0.0,0.5909090909090909,0.020850126502852895,18.222009658813477
mass_5pct,7,8190,"22,23,24,25,26,27,28,29,30,31",medical,0.9933884297520661,0.009637937016273234,0.9727272727272727,0.9315476190476192,0.0,0.6363636363636364,0.018854741410615605,18.767370223999023
mass_5pct,8,8190,"22,23,24,25,26,27,28,29,30,31",medical,0.9917355371900827,0.01280325073126419,0.9636363636363636,0.9325396825396826,0.0,0.6818181818181818,0.017875626888927854,19.54151153564453
mass_5pct,9,8190,"22,23,24,25,26,27,28,29,30,31",medical,0.9950413223140497,0.006611570247933901,0.9636363636363636,0.926984126984127,0.0,0.6818181818181818,0.013997373361187337,20.225017547607422
mass_5pct,10,8190,"22,23,24,25,26,27,28,29,30,31",medical,0.9950413223140497,0.006611570247933901,0.9545454545454547,0.9274801587301587,0.0,0.6818181818181818,0.012370944751782131,20.44523048400879
mass_5pct,11,8190,"22,23,24,25,26,27,28,29,30,31",medical,0.9983471074380166,0.0033057851239669312,0.9636363636363636,0.9394841269841271,0.0,0.6818181818181818,0.011022211157990736,20.707603454589844
mass_5pct,12,8190,"22,23,24,25,26,27,28,29,30,31",medical,0.9966942148760332,0.004048743376501108,0.9727272727272727,0.9369047619047619,0.0,0.6818181818181818,0.00986681963023861,21.17929458618164
mass_5pct,13,8190,"22,23,24,25,26,27,28,29,30,31",medical,0.9966942148760332,0.004048743376501108,0.9636363636363636,0.9383928571428571,0.0,0.6818181818181818,0.008543325997925733,21.566326141357422
mass_5pct,14,8190,"22,23,24,25,26,27,28,29,30,31",medical,0.9966942148760332,0.004048743376501108,0.9636363636363636,0.9423611111111112,0.0,0.6363636363636364,0.007488700939933479,21.963773727416992
mass_5pct,15,8190,"22,23,24,25,26,27,28,29,30,31",medical,0.9966942148760332,0.004048743376501108,0.9636363636363636,0.9403769841269841,0.0,0.6363636363636364,0.006009440716010173,22.382080078125
mass_5pct,16,8190,"22,23,24,25,26,27,28,29,30,31",medical,0.9966942148760332,0.004048743376501108,0.9636363636363636,0.9398809523809523,0.0,0.6363636363636364,0.004842167606537662,23.104246139526367
mass_5pct,17,8190,"22,23,24,25,26,27,28,29,30,31",medical,0.9966942148760332,0.004048743376501108,0.9545454545454547,0.927579365079365,0.0,0.6818181818181818,0.003948995117349807,23.6357421875
mass_5pct,18,8190,"22,23,24,25,26,27,28,29,30,31",medical,0.9917355371900827,0.009053265413308541,0.9545454545454547,0.9078373015873016,0.0,0.6818181818181818,0.003275331534612902,24.241111755371094
mass_5pct,19,8190,"22,23,24,25,26,27,28,29,30,31",medical,0.9900826446280991,0.009637937016273242,0.9545454545454547,0.91140873015873,0.0,0.6818181818181818,0.00287175041786214,24.941465377807617
mass_5pct,20,8190,"22,23,24,25,26,27,28,29,30,31",medical,0.9867768595041323,0.009917355371900844,0.9545454545454547,0.9080357142857143,0.0,0.6818181818181818,0.0024477944973791965,25.896329879760742
mass_5pct,21,8190,"22,23,24,25,26,27,28,29,30,31",medical,0.9851239669421487,0.008097486753002255,0.9545454545454547,0.9065476190476192,0.0,0.6818181818181818,0.0022484625885438314,26.62400245666504
mass_5pct,22,8190,"22,23,24,25,26,27,28,29,30,31",medical,0.9867768595041321,0.00842813142742611,0.9545454545454547,0.9029761904761905,0.0,0.6818181818181818,0.0022777992138510728,26.9669189453125
mass_5pct,23,8190,"22,23,24,25,26,27,28,29,30,31",medical,0.9801652892561983,0.013428162652290868,0.9545454545454547,0.8979166666666668,0.0,0.6818181818181818,0.002375282200415274,27.3624267578125
mass_5pct,24,8190,"22,23,24,25,26,27,28,29,30,31",medical,0.975206611570248,0.014783920512395316,0.9454545454545455,0.8980158730158729,0.0,0.6818181818181818,0.002507189351714789,27.663122177124023
mass_5pct,25,8190,"22,23,24,25,26,27,28,29,30,31",medical,0.975206611570248,0.014783920512395316,0.9454545454545455,0.8964285714285715,0.0,0.6818181818181818,0.0027154152439747836,27.94145965576172
mass_5pct,26,8190,"22,23,24,25,26,27,28,29,30,31",medical,0.9702479338842975,0.019971976815858807,0.9454545454545455,0.8853174603174604,0.0,0.6818181818181818,0.002868873462236299,28.31854820251465
mass_5pct,27,8190,"22,23,24,25,26,27,28,29,30,31",medical,0.9702479338842975,0.019971976815858807,0.9545454545454547,0.8817460317460318,0.0,0.6818181818181818,0.0029452744523437158,28.567899703979492
mass_5pct,28,8190,"22,23,24,25,26,27,28,29,30,31",medical,0.9685950413223141,0.02302212938377543,0.9454545454545455,0.888888888888889,0.0,0.6363636363636364,0.003199176638087775,29.223491668701172
mass_5pct,29,8190,"22,23,24,25,26,27,28,29,30,31",medical,0.9702479338842975,0.021296030953264704,0.9545454545454547,0.8908730158730158,0.0,0.6818181818181818,0.003456996247494737,29.722394943237305
mass_5pct,30,8190,"22,23,24,25,26,27,28,29,30,31",medical,0.965289256198347,0.026342772645469813,0.9545454545454547,0.8944444444444445,0.0,0.6818181818181818,0.004002767476756652,30.723976135253906
mass_5pct,31,8190,"22,23,24,25,26,27,28,29,30,31",medical,0.9669421487603305,0.028147746059382493,0.9363636363636363,0.8944444444444445,0.0,0.6818181818181818,0.006711725962412318,33.40800476074219
random_5pct_seed0,0,8190,"22,23,24,25,26,27,28,29,30,31",medical,0.947107438016529,0.04574661984495222,0.8545454545454547,0.6731150793650794,0.0,0.45454545454545453,0.01529820473983401,8.336723327636719
random_5pct_seed0,1,8190,"22,23,24,25,26,27,28,29,30,31",medical,0.9322314049586776,0.042592061906529304,0.8272727272727272,0.7471230158730159,0.0,0.36363636363636365,0.014518492374271053,9.71576976776123
random_5pct_seed0,2,8190,"22,23,24,25,26,27,28,29,30,31",medical,0.9537190082644628,0.0341153180835542,0.8818181818181818,0.8129960317460317,0.0,0.5,0.020112271531067094,12.685179710388184
random_5pct_seed0,3,8190,"22,23,24,25,26,27,28,29,30,31",medical,0.971900826446281,0.02484842376590565,0.9,0.8351190476190476,0.0,0.5454545454545454,0.026908438094523035,14.330023765563965
random_5pct_seed0,4,8190,"22,23,24,25,26,27,28,29,30,31",medical,0.9900826446280993,0.012146230129503405,0.9545454545454545,0.8902777777777778,0.0,0.5454545454545454,0.025344117951586198,16.12894058227539
random_5pct_seed0,5,8190,"22,23,24,25,26,27,28,29,30,31",medical,0.9966942148760332,0.004048743376501108,0.9636363636363636,0.9086309523809525,0.0,0.5909090909090909,0.021458719925575465,16.921388626098633
random_5pct_seed0,6,8190,"22,23,24,25,26,27,28,29,30,31",medical,0.9933884297520661,0.009637937016273234,0.9818181818181818,0.9315476190476192,0.0,0.5909090909090909,0.020850126502852895,18.222009658813477
random_5pct_seed0,7,8190,"22,23,24,25,26,27,28,29,30,31",medical,0.9933884297520661,0.009637937016273234,0.9727272727272727,0.9315476190476192,0.0,0.6363636363636364,0.018854741410615605,18.767370223999023
random_5pct_seed0,8,8190,"22,23,24,25,26,27,28,29,30,31",medical,0.9917355371900827,0.01280325073126419,0.9636363636363636,0.9325396825396826,0.0,0.6818181818181818,0.017875626888927854,19.54151153564453
random_5pct_seed0,9,8190,"22,23,24,25,26,27,28,29,30,31",medical,0.9950413223140497,0.006611570247933901,0.9636363636363636,0.926984126984127,0.0,0.6818181818181818,0.013997373361187337,20.225017547607422
random_5pct_seed0,10,8190,"22,23,24,25,26,27,28,29,30,31",medical,0.9950413223140497,0.006611570247933901,0.9545454545454547,0.9274801587301587,0.0,0.6818181818181818,0.012370944751782131,20.44523048400879
random_5pct_seed0,11,8190,"22,23,24,25,26,27,28,29,30,31",medical,0.9983471074380166,0.0033057851239669312,0.9636363636363636,0.9394841269841271,0.0,0.6818181818181818,0.011022211157990736,20.707603454589844
random_5pct_seed0,12,8190,"22,23,24,25,26,27,28,29,30,31",medical,0.9966942148760332,0.004048743376501108,0.9727272727272727,0.9369047619047619,0.0,0.6818181818181818,0.00986681963023861,21.17929458618164
random_5pct_seed0,13,8190,"22,23,24,25,26,27,28,29,30,31",medical,0.9966942148760332,0.004048743376501108,0.9636363636363636,0.9383928571428571,0.0,0.6818181818181818,0.008543325997925733,21.566326141357422
random_5pct_seed0,14,8190,"22,23,24,25,26,27,28,29,30,31",medical,0.9966942148760332,0.004048743376501108,0.9636363636363636,0.9423611111111112,0.0,0.6363636363636364,0.007488700939933479,21.963773727416992
random_5pct_seed0,15,8190,"22,23,24,25,26,27,28,29,30,31",medical,0.9966942148760332,0.004048743376501108,0.9636363636363636,0.9403769841269841,0.0,0.6363636363636364,0.006009440716010173,22.382080078125
random_5pct_seed0,16,8190,"22,23,24,25,26,27,28,29,30,31",medical,0.9966942148760332,0.004048743376501108,0.9636363636363636,0.9398809523809523,0.0,0.6363636363636364,0.004842167606537662,23.104246139526367
random_5pct_seed0,17,8190,"22,23,24,25,26,27,28,29,30,31",medical,0.9966942148760332,0.004048743376501108,0.9545454545454547,0.927579365079365,0.0,0.6818181818181818,0.003948995117349807,23.6357421875
random_5pct_seed0,18,8190,"22,23,24,25,26,27,28,29,30,31",medical,0.9917355371900827,0.009053265413308541,0.9545454545454547,0.9078373015873016,0.0,0.6818181818181818,0.003275331534612902,24.241111755371094
random_5pct_seed0,19,8190,"22,23,24,25,26,27,28,29,30,31",medical,0.9900826446280991,0.009637937016273242,0.9545454545454547,0.91140873015873,0.0,0.6818181818181818,0.00287175041786214,24.941465377807617
random_5pct_seed0,20,8190,"22,23,24,25,26,27,28,29,30,31",medical,0.9867768595041323,0.009917355371900844,0.9545454545454547,0.9080357142857143,0.0,0.6818181818181818,0.0024477944973791965,25.896329879760742
random_5pct_seed0,21,8190,"22,23,24,25,26,27,28,29,30,31",medical,0.9851239669421487,0.008097486753002255,0.9545454545454547,0.9065476190476192,0.0,0.6818181818181818,0.0022484625885438314,26.62400245666504
random_5pct_seed0,22,8190,"22,23,24,25,26,27,28,29,30,31",medical,0.9834710743801652,0.010453810446837618,0.9545454545454547,0.9029761904761905,0.0,0.6818181818181818,0.0022043463879182212,27.346479415893555
random_5pct_seed0,23,8190,"22,23,24,25,26,27,28,29,30,31",medical,0.9768595041322312,0.016025387958401104,0.9454545454545455,0.8994047619047619,0.0,0.6818181818181818,0.0022590782232340123,27.98741340637207
random_5pct_seed0,24,8190,"22,23,24,25,26,27,28,29,30,31",medical,0.9735537190082644,0.01685626285485219,0.9454545454545455,0.9009920634920635,0.0,0.6818181818181818,0.0023567476668719944,28.39436912536621
random_5pct_seed0,25,8190,"22,23,24,25,26,27,28,29,30,31",medical,0.971900826446281,0.017802197709535568,0.9363636363636363,0.8938492063492064,0.0,0.6818181818181818,0.0025668653904727945,28.94529151916504
random_5pct_seed0,26,8190,"22,23,24,25,26,27,28,29,30,31",medical,0.9685950413223139,0.019834710743801675,0.9181818181818182,0.8882936507936507,0.0,0.6818181818181818,0.002699080270018306,29.51596450805664
random_5pct_seed0,27,8190,"22,23,24,25,26,27,28,29,30,31",medical,0.9636363636363635,0.019971976815858813,0.9363636363636363,0.8833333333333332,0.0,0.6818181818181818,0.002800060115151104,30.125659942626953
random_5pct_seed0,28,8190,"22,23,24,25,26,27,28,29,30,31",medical,0.9586776859504132,0.020243716882505595,0.9272727272727274,0.8813492063492063,0.0,0.6818181818181818,0.0030840527813976726,31.131685256958008
random_5pct_seed0,29,8190,"22,23,24,25,26,27,28,29,30,31",medical,0.9603305785123967,0.022420925564050485,0.9272727272727274,0.8869047619047619,0.0,0.6818181818181818,0.003312895930216442,31.696226119995117
random_5pct_seed0,30,8190,"22,23,24,25,26,27,28,29,30,31",medical,0.9586776859504132,0.017335683440828947,0.9181818181818182,0.8742063492063492,0.0,0.6818181818181818,0.0038779282284150396,32.88395309448242
random_5pct_seed0,31,8190,"22,23,24,25,26,27,28,29,30,31",medical,0.9603305785123967,0.02417973361707074,0.9454545454545455,0.8603174603174603,0.0,0.6818181818181818,0.01344298966050772,37.23063659667969
random_5pct_seed1,0,8190,"22,23,24,25,26,27,28,29,30,31",medical,0.947107438016529,0.04574661984495222,0.8545454545454547,0.6731150793650794,0.0,0.45454545454545453,0.01529820473983401,8.336723327636719
random_5pct_seed1,1,8190,"22,23,24,25,26,27,28,29,30,31",medical,0.9322314049586776,0.042592061906529304,0.8272727272727272,0.7471230158730159,0.0,0.36363636363636365,0.014518492374271053,9.71576976776123
random_5pct_seed1,2,8190,"22,23,24,25,26,27,28,29,30,31",medical,0.9537190082644628,0.0341153180835542,0.8818181818181818,0.8129960317460317,0.0,0.5,0.020112271531067094,12.685179710388184
random_5pct_seed1,3,8190,"22,23,24,25,26,27,28,29,30,31",medical,0.971900826446281,0.02484842376590565,0.9,0.8351190476190476,0.0,0.5454545454545454,0.026908438094523035,14.330023765563965
random_5pct_seed1,4,8190,"22,23,24,25,26,27,28,29,30,31",medical,0.9900826446280993,0.012146230129503405,0.9545454545454545,0.8902777777777778,0.0,0.5454545454545454,0.025344117951586198,16.12894058227539
random_5pct_seed1,5,8190,"22,23,24,25,26,27,28,29,30,31",medical,0.9966942148760332,0.004048743376501108,0.9636363636363636,0.9086309523809525,0.0,0.5909090909090909,0.021458719925575465,16.921388626098633
random_5pct_seed1,6,8190,"22,23,24,25,26,27,28,29,30,31",medical,0.9933884297520661,0.009637937016273234,0.9818181818181818,0.9315476190476192,0.0,0.5909090909090909,0.020850126502852895,18.222009658813477
random_5pct_seed1,7,8190,"22,23,24,25,26,27,28,29,30,31",medical,0.9933884297520661,0.009637937016273234,0.9727272727272727,0.9315476190476192,0.0,0.6363636363636364,0.018854741410615605,18.767370223999023
random_5pct_seed1,8,8190,"22,23,24,25,26,27,28,29,30,31",medical,0.9917355371900827,0.01280325073126419,0.9636363636363636,0.9325396825396826,0.0,0.6818181818181818,0.017875626888927854,19.54151153564453
random_5pct_seed1,9,8190,"22,23,24,25,26,27,28,29,30,31",medical,0.9950413223140497,0.006611570247933901,0.9636363636363636,0.926984126984127,0.0,0.6818181818181818,0.013997373361187337,20.225017547607422
random_5pct_seed1,10,8190,"22,23,24,25,26,27,28,29,30,31",medical,0.9950413223140497,0.006611570247933901,0.9545454545454547,0.9274801587301587,0.0,0.6818181818181818,0.012370944751782131,20.44523048400879
random_5pct_seed1,11,8190,"22,23,24,25,26,27,28,29,30,31",medical,0.9983471074380166,0.0033057851239669312,0.9636363636363636,0.9394841269841271,0.0,0.6818181818181818,0.011022211157990736,20.707603454589844
random_5pct_seed1,12,8190,"22,23,24,25,26,27,28,29,30,31",medical,0.9966942148760332,0.004048743376501108,0.9727272727272727,0.9369047619047619,0.0,0.6818181818181818,0.00986681963023861,21.17929458618164
random_5pct_seed1,13,8190,"22,23,24,25,26,27,28,29,30,31",medical,0.9966942148760332,0.004048743376501108,0.9636363636363636,0.9383928571428571,0.0,0.6818181818181818,0.008543325997925733,21.566326141357422
random_5pct_seed1,14,8190,"22,23,24,25,26,27,28,29,30,31",medical,0.9966942148760332,0.004048743376501108,0.9636363636363636,0.9423611111111112,0.0,0.6363636363636364,0.007488700939933479,21.963773727416992
random_5pct_seed1,15,8190,"22,23,24,25,26,27,28,29,30,31",medical,0.9966942148760332,0.004048743376501108,0.9636363636363636,0.9403769841269841,0.0,0.6363636363636364,0.006009440716010173,22.382080078125
random_5pct_seed1,16,8190,"22,23,24,25,26,27,28,29,30,31",medical,0.9966942148760332,0.004048743376501108,0.9636363636363636,0.9398809523809523,0.0,0.6363636363636364,0.004842167606537662,23.104246139526367
random_5pct_seed1,17,8190,"22,23,24,25,26,27,28,29,30,31",medical,0.9966942148760332,0.004048743376501108,0.9545454545454547,0.927579365079365,0.0,0.6818181818181818,0.003948995117349807,23.6357421875
random_5pct_seed1,18,8190,"22,23,24,25,26,27,28,29,30,31",medical,0.9917355371900827,0.009053265413308541,0.9545454545454547,0.9078373015873016,0.0,0.6818181818181818,0.003275331534612902,24.241111755371094
random_5pct_seed1,19,8190,"22,23,24,25,26,27,28,29,30,31",medical,0.9900826446280991,0.009637937016273242,0.9545454545454547,0.91140873015873,0.0,0.6818181818181818,0.00287175041786214,24.941465377807617
random_5pct_seed1,20,8190,"22,23,24,25,26,27,28,29,30,31",medical,0.9867768595041323,0.009917355371900844,0.9545454545454547,0.9080357142857143,0.0,0.6818181818181818,0.0024477944973791965,25.896329879760742
random_5pct_seed1,21,8190,"22,23,24,25,26,27,28,29,30,31",medical,0.9851239669421487,0.008097486753002255,0.9545454545454547,0.9065476190476192,0.0,0.6818181818181818,0.0022484625885438314,26.62400245666504
random_5pct_seed1,22,8190,"22,23,24,25,26,27,28,29,30,31",medical,0.9834710743801652,0.010453810446837618,0.9545454545454547,0.9029761904761905,0.0,0.6818181818181818,0.0022089581824129567,27.382225036621094
random_5pct_seed1,23,8190,"22,23,24,25,26,27,28,29,30,31",medical,0.9768595041322312,0.016025387958401104,0.9363636363636363,0.9009920634920635,0.0,0.6818181818181818,0.002261830312196178,28.048200607299805
random_5pct_seed1,24,8190,"22,23,24,25,26,27,28,29,30,31",medical,0.9735537190082644,0.019133614715355747,0.9454545454545455,0.9009920634920635,0.0,0.6818181818181818,0.002386978660375405,28.49907112121582
random_5pct_seed1,25,8190,"22,23,24,25,26,27,28,29,30,31",medical,0.9735537190082644,0.01764806322649806,0.9363636363636363,0.9009920634920635,0.0,0.6818181818181818,0.0025955011472237333,29.079769134521484
random_5pct_seed1,26,8190,"22,23,24,25,26,27,28,29,30,31",medical,0.9702479338842975,0.019971976815858807,0.9363636363636363,0.8918650793650793,0.0,0.6818181818181818,0.0027252054775006584,29.694005966186523
random_5pct_seed1,27,8190,"22,23,24,25,26,27,28,29,30,31",medical,0.9652892561983469,0.019133614715355764,0.9363636363636363,0.8869047619047619,0.0,0.6818181818181818,0.0028234880945300356,30.28978157043457
random_5pct_seed1,28,8190,"22,23,24,25,26,27,28,29,30,31",medical,0.9619834710743801,0.017802197709535544,0.9272727272727274,0.888888888888889,0.0,0.6818181818181818,0.0031084650438482075,31.293743133544922
random_5pct_seed1,29,8190,"22,23,24,25,26,27,28,29,30,31",medical,0.9619834710743802,0.024292460259006752,0.9272727272727274,0.8904761904761905,0.0,0.6818181818181818,0.0033571607763450695,31.913793563842773
random_5pct_seed1,30,8190,"22,23,24,25,26,27,28,29,30,31",medical,0.9619834710743802,0.021296030953264683,0.9181818181818182,0.8761904761904761,0.0,0.6818181818181818,0.0039469014219095655,33.10502624511719
random_5pct_seed1,31,8190,"22,23,24,25,26,27,28,29,30,31",medical,0.9586776859504132,0.024516358635026984,0.9363636363636363,0.8624007936507937,0.0,0.6818181818181818,0.014068509483640357,37.440677642822266
random_5pct_seed2,0,8190,"22,23,24,25,26,27,28,29,30,31",medical,0.947107438016529,0.04574661984495222,0.8545454545454547,0.6731150793650794,0.0,0.45454545454545453,0.01529820473983401,8.336723327636719
random_5pct_seed2,1,8190,"22,23,24,25,26,27,28,29,30,31",medical,0.9322314049586776,0.042592061906529304,0.8272727272727272,0.7471230158730159,0.0,0.36363636363636365,0.014518492374271053,9.71576976776123
random_5pct_seed2,2,8190,"22,23,24,25,26,27,28,29,30,31",medical,0.9537190082644628,0.0341153180835542,0.8818181818181818,0.8129960317460317,0.0,0.5,0.020112271531067094,12.685179710388184
random_5pct_seed2,3,8190,"22,23,24,25,26,27,28,29,30,31",medical,0.971900826446281,0.02484842376590565,0.9,0.8351190476190476,0.0,0.5454545454545454,0.026908438094523035,14.330023765563965
random_5pct_seed2,4,8190,"22,23,24,25,26,27,28,29,30,31",medical,0.9900826446280993,0.012146230129503405,0.9545454545454545,0.8902777777777778,0.0,0.5454545454545454,0.025344117951586198,16.12894058227539
random_5pct_seed2,5,8190,"22,23,24,25,26,27,28,29,30,31",medical,0.9966942148760332,0.004048743376501108,0.9636363636363636,0.9086309523809525,0.0,0.5909090909090909,0.021458719925575465,16.921388626098633
random_5pct_seed2,6,8190,"22,23,24,25,26,27,28,29,30,31",medical,0.9933884297520661,0.009637937016273234,0.9818181818181818,0.9315476190476192,0.0,0.5909090909090909,0.020850126502852895,18.222009658813477
random_5pct_seed2,7,8190,"22,23,24,25,26,27,28,29,30,31",medical,0.9933884297520661,0.009637937016273234,0.9727272727272727,0.9315476190476192,0.0,0.6363636363636364,0.018854741410615605,18.767370223999023
random_5pct_seed2,8,8190,"22,23,24,25,26,27,28,29,30,31",medical,0.9917355371900827,0.01280325073126419,0.9636363636363636,0.9325396825396826,0.0,0.6818181818181818,0.017875626888927854,19.54151153564453
random_5pct_seed2,9,8190,"22,23,24,25,26,27,28,29,30,31",medical,0.9950413223140497,0.006611570247933901,0.9636363636363636,0.926984126984127,0.0,0.6818181818181818,0.013997373361187337,20.225017547607422
random_5pct_seed2,10,8190,"22,23,24,25,26,27,28,29,30,31",medical,0.9950413223140497,0.006611570247933901,0.9545454545454547,0.9274801587301587,0.0,0.6818181818181818,0.012370944751782131,20.44523048400879
random_5pct_seed2,11,8190,"22,23,24,25,26,27,28,29,30,31",medical,0.9983471074380166,0.0033057851239669312,0.9636363636363636,0.9394841269841271,0.0,0.6818181818181818,0.011022211157990736,20.707603454589844
random_5pct_seed2,12,8190,"22,23,24,25,26,27,28,29,30,31",medical,0.9966942148760332,0.004048743376501108,0.9727272727272727,0.9369047619047619,0.0,0.6818181818181818,0.00986681963023861,21.17929458618164
random_5pct_seed2,13,8190,"22,23,24,25,26,27,28,29,30,31",medical,0.9966942148760332,0.004048743376501108,0.9636363636363636,0.9383928571428571,0.0,0.6818181818181818,0.008543325997925733,21.566326141357422
random_5pct_seed2,14,8190,"22,23,24,25,26,27,28,29,30,31",medical,0.9966942148760332,0.004048743376501108,0.9636363636363636,0.9423611111111112,0.0,0.6363636363636364,0.007488700939933479,21.963773727416992
random_5pct_seed2,15,8190,"22,23,24,25,26,27,28,29,30,31",medical,0.9966942148760332,0.004048743376501108,0.9636363636363636,0.9403769841269841,0.0,0.6363636363636364,0.006009440716010173,22.382080078125
random_5pct_seed2,16,8190,"22,23,24,25,26,27,28,29,30,31",medical,0.9966942148760332,0.004048743376501108,0.9636363636363636,0.9398809523809523,0.0,0.6363636363636364,0.004842167606537662,23.104246139526367
random_5pct_seed2,17,8190,"22,23,24,25,26,27,28,29,30,31",medical,0.9966942148760332,0.004048743376501108,0.9545454545454547,0.927579365079365,0.0,0.6818181818181818,0.003948995117349807,23.6357421875
random_5pct_seed2,18,8190,"22,23,24,25,26,27,28,29,30,31",medical,0.9917355371900827,0.009053265413308541,0.9545454545454547,0.9078373015873016,0.0,0.6818181818181818,0.003275331534612902,24.241111755371094
random_5pct_seed2,19,8190,"22,23,24,25,26,27,28,29,30,31",medical,0.9900826446280991,0.009637937016273242,0.9545454545454547,0.91140873015873,0.0,0.6818181818181818,0.00287175041786214,24.941465377807617
random_5pct_seed2,20,8190,"22,23,24,25,26,27,28,29,30,31",medical,0.9867768595041323,0.009917355371900844,0.9545454545454547,0.9080357142857143,0.0,0.6818181818181818,0.0024477944973791965,25.896329879760742
random_5pct_seed2,21,8190,"22,23,24,25,26,27,28,29,30,31",medical,0.9851239669421487,0.008097486753002255,0.9545454545454547,0.9065476190476192,0.0,0.6818181818181818,0.0022484625885438314,26.62400245666504
random_5pct_seed2,22,8190,"22,23,24,25,26,27,28,29,30,31",medical,0.9834710743801652,0.010453810446837618,0.9545454545454547,0.9029761904761905,0.0,0.6818181818181818,0.0022096578523507215,27.364097595214844
random_5pct_seed2,23,8190,"22,23,24,25,26,27,28,29,30,31",medical,0.9752066115702478,0.018845874795027077,0.9363636363636363,0.897420634920635,0.0,0.6818181818181818,0.0022716645424939452,28.06612777709961
random_5pct_seed2,24,8190,"22,23,24,25,26,27,28,29,30,31",medical,0.9735537190082644,0.01685626285485219,0.9454545454545455,0.9009920634920635,0.0,0.6818181818181818,0.0023750608240818982,28.488414764404297
random_5pct_seed2,25,8190,"22,23,24,25,26,27,28,29,30,31",medical,0.975206611570248,0.01884587479502711,0.9363636363636363,0.897420634920635,0.0,0.6818181818181818,0.0025775732415218577,29.039031982421875
random_5pct_seed2,26,8190,"22,23,24,25,26,27,28,29,30,31",medical,0.9735537190082646,0.019133614715355775,0.9363636363636363,0.8918650793650793,0.0,0.6818181818181818,0.00269692968545876,29.544944763183594
random_5pct_seed2,27,8190,"22,23,24,25,26,27,28,29,30,31",medical,0.9669421487603305,0.02090762089367527,0.9363636363636363,0.8848214285714285,0.0,0.6818181818181818,0.0027853104825992236,30.069910049438477
random_5pct_seed2,28,8190,"22,23,24,25,26,27,28,29,30,31",medical,0.9603305785123967,0.019133614715355737,0.9272727272727274,0.879265873015873,0.0,0.6818181818181818,0.0030422242478815864,30.888065338134766
random_5pct_seed2,29,8190,"22,23,24,25,26,27,28,29,30,31",medical,0.9603305785123967,0.022420925564050488,0.9181818181818182,0.8848214285714285,0.0,0.6818181818181818,0.0032984036397399885,31.554397583007812
random_5pct_seed2,30,8190,"22,23,24,25,26,27,28,29,30,31",medical,0.9603305785123967,0.019834710743801675,0.909090909090909,0.879265873015873,0.0,0.7272727272727273,0.0038751794742469814,32.690528869628906
random_5pct_seed2,31,8190,"22,23,24,25,26,27,28,29,30,31",medical,0.9586776859504132,0.024516358635026984,0.9363636363636363,0.8658730158730158,0.0,0.7272727272727273,0.01418434267798696,37.14542770385742
random_5pct_seed3,0,8190,"22,23,24,25,26,27,28,29,30,31",medical,0.947107438016529,0.04574661984495222,0.8545454545454547,0.6731150793650794,0.0,0.45454545454545453,0.01529820473983401,8.336723327636719
random_5pct_seed3,1,8190,"22,23,24,25,26,27,28,29,30,31",medical,0.9322314049586776,0.042592061906529304,0.8272727272727272,0.7471230158730159,0.0,0.36363636363636365,0.014518492374271053,9.71576976776123
random_5pct_seed3,2,8190,"22,23,24,25,26,27,28,29,30,31",medical,0.9537190082644628,0.0341153180835542,0.8818181818181818,0.8129960317460317,0.0,0.5,0.020112271531067094,12.685179710388184
random_5pct_seed3,3,8190,"22,23,24,25,26,27,28,29,30,31",medical,0.971900826446281,0.02484842376590565,0.9,0.8351190476190476,0.0,0.5454545454545454,0.026908438094523035,14.330023765563965
random_5pct_seed3,4,8190,"22,23,24,25,26,27,28,29,30,31",medical,0.9900826446280993,0.012146230129503405,0.9545454545454545,0.8902777777777778,0.0,0.5454545454545454,0.025344117951586198,16.12894058227539
random_5pct_seed3,5,8190,"22,23,24,25,26,27,28,29,30,31",medical,0.9966942148760332,0.004048743376501108,0.9636363636363636,0.9086309523809525,0.0,0.5909090909090909,0.021458719925575465,16.921388626098633
random_5pct_seed3,6,8190,"22,23,24,25,26,27,28,29,30,31",medical,0.9933884297520661,0.009637937016273234,0.9818181818181818,0.9315476190476192,0.0,0.5909090909090909,0.020850126502852895,18.222009658813477
random_5pct_seed3,7,8190,"22,23,24,25,26,27,28,29,30,31",medical,0.9933884297520661,0.009637937016273234,0.9727272727272727,0.9315476190476192,0.0,0.6363636363636364,0.018854741410615605,18.767370223999023
random_5pct_seed3,8,8190,"22,23,24,25,26,27,28,29,30,31",medical,0.9917355371900827,0.01280325073126419,0.9636363636363636,0.9325396825396826,0.0,0.6818181818181818,0.017875626888927854,19.54151153564453
random_5pct_seed3,9,8190,"22,23,24,25,26,27,28,29,30,31",medical,0.9950413223140497,0.006611570247933901,0.9636363636363636,0.926984126984127,0.0,0.6818181818181818,0.013997373361187337,20.225017547607422
random_5pct_seed3,10,8190,"22,23,24,25,26,27,28,29,30,31",medical,0.9950413223140497,0.006611570247933901,0.9545454545454547,0.9274801587301587,0.0,0.6818181818181818,0.012370944751782131,20.44523048400879
random_5pct_seed3,11,8190,"22,23,24,25,26,27,28,29,30,31",medical,0.9983471074380166,0.0033057851239669312,0.9636363636363636,0.9394841269841271,0.0,0.6818181818181818,0.011022211157990736,20.707603454589844
random_5pct_seed3,12,8190,"22,23,24,25,26,27,28,29,30,31",medical,0.9966942148760332,0.004048743376501108,0.9727272727272727,0.9369047619047619,0.0,0.6818181818181818,0.00986681963023861,21.17929458618164
random_5pct_seed3,13,8190,"22,23,24,25,26,27,28,29,30,31",medical,0.9966942148760332,0.004048743376501108,0.9636363636363636,0.9383928571428571,0.0,0.6818181818181818,0.008543325997925733,21.566326141357422
random_5pct_seed3,14,8190,"22,23,24,25,26,27,28,29,30,31",medical,0.9966942148760332,0.004048743376501108,0.9636363636363636,0.9423611111111112,0.0,0.6363636363636364,0.007488700939933479,21.963773727416992
random_5pct_seed3,15,8190,"22,23,24,25,26,27,28,29,30,31",medical,0.9966942148760332,0.004048743376501108,0.9636363636363636,0.9403769841269841,0.0,0.6363636363636364,0.006009440716010173,22.382080078125
random_5pct_seed3,16,8190,"22,23,24,25,26,27,28,29,30,31",medical,0.9966942148760332,0.004048743376501108,0.9636363636363636,0.9398809523809523,0.0,0.6363636363636364,0.004842167606537662,23.104246139526367
random_5pct_seed3,17,8190,"22,23,24,25,26,27,28,29,30,31",medical,0.9966942148760332,0.004048743376501108,0.9545454545454547,0.927579365079365,0.0,0.6818181818181818,0.003948995117349807,23.6357421875
random_5pct_seed3,18,8190,"22,23,24,25,26,27,28,29,30,31",medical,0.9917355371900827,0.009053265413308541,0.9545454545454547,0.9078373015873016,0.0,0.6818181818181818,0.003275331534612902,24.241111755371094
random_5pct_seed3,19,8190,"22,23,24,25,26,27,28,29,30,31",medical,0.9900826446280991,0.009637937016273242,0.9545454545454547,0.91140873015873,0.0,0.6818181818181818,0.00287175041786214,24.941465377807617
random_5pct_seed3,20,8190,"22,23,24,25,26,27,28,29,30,31",medical,0.9867768595041323,0.009917355371900844,0.9545454545454547,0.9080357142857143,0.0,0.6818181818181818,0.0024477944973791965,25.896329879760742
random_5pct_seed3,21,8190,"22,23,24,25,26,27,28,29,30,31",medical,0.9851239669421487,0.008097486753002255,0.9545454545454547,0.9065476190476192,0.0,0.6818181818181818,0.0022484625885438314,26.62400245666504
random_5pct_seed3,22,8190,"22,23,24,25,26,27,28,29,30,31",medical,0.9834710743801652,0.010453810446837618,0.9545454545454547,0.9029761904761905,0.0,0.6818181818181818,0.0022014831002683533,27.317270278930664
random_5pct_seed3,23,8190,"22,23,24,25,26,27,28,29,30,31",medical,0.9768595041322312,0.016025387958401104,0.9454545454545455,0.897420634920635,0.0,0.6818181818181818,0.002260015843185359,28.02983283996582
random_5pct_seed3,24,8190,"22,23,24,25,26,27,28,29,30,31",medical,0.9735537190082644,0.01685626285485219,0.9454545454545455,0.9009920634920635,0.0,0.6818181818181818,0.002361969212407611,28.47158432006836
random_5pct_seed3,25,8190,"22,23,24,25,26,27,28,29,30,31",medical,0.971900826446281,0.017802197709535568,0.9363636363636363,0.8938492063492064,0.0,0.6818181818181818,0.00255349670862548,28.97824478149414
random_5pct_seed3,26,8190,"22,23,24,25,26,27,28,29,30,31",medical,0.9702479338842973,0.019275874032546464,0.9272727272727274,0.8847222222222222,0.0,0.6818181818181818,0.002683157298848826,29.531545639038086
random_5pct_seed3,27,8190,"22,23,24,25,26,27,28,29,30,31",medical,0.9652892561983469,0.019133614715355764,0.9363636363636363,0.8848214285714285,0.0,0.6818181818181818,0.0027788584267878225,30.06489372253418
random_5pct_seed3,28,8190,"22,23,24,25,26,27,28,29,30,31",medical,0.9586776859504132,0.020243716882505595,0.9363636363636363,0.879265873015873,0.0,0.6818181818181818,0.003063780385302306,31.004756927490234
random_5pct_seed3,29,8190,"22,23,24,25,26,27,28,29,30,31",medical,0.9619834710743802,0.024292460259006752,0.9272727272727274,0.8761904761904761,0.0,0.6818181818181818,0.0033103458332510716,31.613431930541992
random_5pct_seed3,30,8190,"22,23,24,25,26,27,28,29,30,31",medical,0.9619834710743801,0.021296030953264683,0.909090909090909,0.8670634920634921,0.0,0.7272727272727273,0.003889782916921436,32.74179458618164
random_5pct_seed3,31,8190,"22,23,24,25,26,27,28,29,30,31",medical,0.9603305785123967,0.026856325304581683,0.9363636363636363,0.8638888888888889,0.0,0.6818181818181818,0.014269225137982788,37.00638198852539
random_5pct_seed4,0,8190,"22,23,24,25,26,27,28,29,30,31",medical,0.947107438016529,0.04574661984495222,0.8545454545454547,0.6731150793650794,0.0,0.45454545454545453,0.01529820473983401,8.336723327636719
random_5pct_seed4,1,8190,"22,23,24,25,26,27,28,29,30,31",medical,0.9322314049586776,0.042592061906529304,0.8272727272727272,0.7471230158730159,0.0,0.36363636363636365,0.014518492374271053,9.71576976776123
random_5pct_seed4,2,8190,"22,23,24,25,26,27,28,29,30,31",medical,0.9537190082644628,0.0341153180835542,0.8818181818181818,0.8129960317460317,0.0,0.5,0.020112271531067094,12.685179710388184
random_5pct_seed4,3,8190,"22,23,24,25,26,27,28,29,30,31",medical,0.971900826446281,0.02484842376590565,0.9,0.8351190476190476,0.0,0.5454545454545454,0.026908438094523035,14.330023765563965
random_5pct_seed4,4,8190,"22,23,24,25,26,27,28,29,30,31",medical,0.9900826446280993,0.012146230129503405,0.9545454545454545,0.8902777777777778,0.0,0.5454545454545454,0.025344117951586198,16.12894058227539
random_5pct_seed4,5,8190,"22,23,24,25,26,27,28,29,30,31",medical,0.9966942148760332,0.004048743376501108,0.9636363636363636,0.9086309523809525,0.0,0.5909090909090909,0.021458719925575465,16.921388626098633
random_5pct_seed4,6,8190,"22,23,24,25,26,27,28,29,30,31",medical,0.9933884297520661,0.009637937016273234,0.9818181818181818,0.9315476190476192,0.0,0.5909090909090909,0.020850126502852895,18.222009658813477
random_5pct_seed4,7,8190,"22,23,24,25,26,27,28,29,30,31",medical,0.9933884297520661,0.009637937016273234,0.9727272727272727,0.9315476190476192,0.0,0.6363636363636364,0.018854741410615605,18.767370223999023
random_5pct_seed4,8,8190,"22,23,24,25,26,27,28,29,30,31",medical,0.9917355371900827,0.01280325073126419,0.9636363636363636,0.9325396825396826,0.0,0.6818181818181818,0.017875626888927854,19.54151153564453
random_5pct_seed4,9,8190,"22,23,24,25,26,27,28,29,30,31",medical,0.9950413223140497,0.006611570247933901,0.9636363636363636,0.926984126984127,0.0,0.6818181818181818,0.013997373361187337,20.225017547607422
random_5pct_seed4,10,8190,"22,23,24,25,26,27,28,29,30,31",medical,0.9950413223140497,0.006611570247933901,0.9545454545454547,0.9274801587301587,0.0,0.6818181818181818,0.012370944751782131,20.44523048400879
random_5pct_seed4,11,8190,"22,23,24,25,26,27,28,29,30,31",medical,0.9983471074380166,0.0033057851239669312,0.9636363636363636,0.9394841269841271,0.0,0.6818181818181818,0.011022211157990736,20.707603454589844
random_5pct_seed4,12,8190,"22,23,24,25,26,27,28,29,30,31",medical,0.9966942148760332,0.004048743376501108,0.9727272727272727,0.9369047619047619,0.0,0.6818181818181818,0.00986681963023861,21.17929458618164
random_5pct_seed4,13,8190,"22,23,24,25,26,27,28,29,30,31",medical,0.9966942148760332,0.004048743376501108,0.9636363636363636,0.9383928571428571,0.0,0.6818181818181818,0.008543325997925733,21.566326141357422
random_5pct_seed4,14,8190,"22,23,24,25,26,27,28,29,30,31",medical,0.9966942148760332,0.004048743376501108,0.9636363636363636,0.9423611111111112,0.0,0.6363636363636364,0.007488700939933479,21.963773727416992
random_5pct_seed4,15,8190,"22,23,24,25,26,27,28,29,30,31",medical,0.9966942148760332,0.004048743376501108,0.9636363636363636,0.9403769841269841,0.0,0.6363636363636364,0.006009440716010173,22.382080078125
random_5pct_seed4,16,8190,"22,23,24,25,26,27,28,29,30,31",medical,0.9966942148760332,0.004048743376501108,0.9636363636363636,0.9398809523809523,0.0,0.6363636363636364,0.004842167606537662,23.104246139526367
random_5pct_seed4,17,8190,"22,23,24,25,26,27,28,29,30,31",medical,0.9966942148760332,0.004048743376501108,0.9545454545454547,0.927579365079365,0.0,0.6818181818181818,0.003948995117349807,23.6357421875
random_5pct_seed4,18,8190,"22,23,24,25,26,27,28,29,30,31",medical,0.9917355371900827,0.009053265413308541,0.9545454545454547,0.9078373015873016,0.0,0.6818181818181818,0.003275331534612902,24.241111755371094
random_5pct_seed4,19,8190,"22,23,24,25,26,27,28,29,30,31",medical,0.9900826446280991,0.009637937016273242,0.9545454545454547,0.91140873015873,0.0,0.6818181818181818,0.00287175041786214,24.941465377807617
random_5pct_seed4,20,8190,"22,23,24,25,26,27,28,29,30,31",medical,0.9867768595041323,0.009917355371900844,0.9545454545454547,0.9080357142857143,0.0,0.6818181818181818,0.0024477944973791965,25.896329879760742
random_5pct_seed4,21,8190,"22,23,24,25,26,27,28,29,30,31",medical,0.9851239669421487,0.008097486753002255,0.9545454545454547,0.9065476190476192,0.0,0.6818181818181818,0.0022484625885438314,26.62400245666504
random_5pct_seed4,22,8190,"22,23,24,25,26,27,28,29,30,31",medical,0.9834710743801652,0.010453810446837618,0.9545454545454547,0.9029761904761905,0.0,0.6818181818181818,0.0022063013265006814,27.34677505493164
random_5pct_seed4,23,8190,"22,23,24,25,26,27,28,29,30,31",medical,0.9752066115702478,0.018845874795027077,0.9454545454545455,0.897420634920635,0.0,0.6818181818181818,0.0022610818699172475,27.992839813232422
random_5pct_seed4,24,8190,"22,23,24,25,26,27,28,29,30,31",medical,0.9735537190082644,0.01685626285485219,0.9454545454545455,0.9009920634920635,0.0,0.6818181818181818,0.0023608397964530736,28.432939529418945
random_5pct_seed4,25,8190,"22,23,24,25,26,27,28,29,30,31",medical,0.971900826446281,0.017802197709535568,0.9454545454545455,0.9009920634920635,0.0,0.6818181818181818,0.0025586745756627227,28.953752517700195
random_5pct_seed4,26,8190,"22,23,24,25,26,27,28,29,30,31",medical,0.971900826446281,0.017802197709535568,0.9272727272727274,0.8898809523809523,0.0,0.6818181818181818,0.0026825247520353424,29.484825134277344
random_5pct_seed4,27,8190,"22,23,24,25,26,27,28,29,30,31",medical,0.9636363636363635,0.01780219770953558,0.9272727272727274,0.8869047619047619,0.0,0.6818181818181818,0.0027764256167328583,30.051382064819336
random_5pct_seed4,28,8190,"22,23,24,25,26,27,28,29,30,31",medical,0.9586776859504132,0.017335683440828947,0.9272727272727274,0.8869047619047619,0.0,0.6818181818181818,0.003060410581830264,31.01308822631836
random_5pct_seed4,29,8190,"22,23,24,25,26,27,28,29,30,31",medical,0.9603305785123967,0.022420925564050488,0.9272727272727274,0.8869047619047619,0.0,0.6818181818181818,0.0033051643068763292,31.59882354736328
random_5pct_seed4,30,8190,"22,23,24,25,26,27,28,29,30,31",medical,0.9586776859504132,0.01884587479502709,0.9181818181818182,0.8761904761904761,0.0,0.7272727272727273,0.003886041364329351,32.698123931884766
random_5pct_seed4,31,8190,"22,23,24,25,26,27,28,29,30,31",medical,0.9553719008264462,0.023723471230425335,0.9363636363636363,0.8603174603174603,0.0,0.6818181818181818,0.013638372394558562,36.578853607177734
affinity_10pct,0,16380,"22,23,24,25,26,27,28,29,30,31",medical,0.947107438016529,0.04574661984495222,0.8545454545454547,0.6731150793650794,0.0,0.45454545454545453,0.01529820473983401,8.336723327636719
affinity_10pct,1,16380,"22,23,24,25,26,27,28,29,30,31",medical,0.9322314049586776,0.042592061906529304,0.8272727272727272,0.7471230158730159,0.0,0.36363636363636365,0.014518492374271053,9.71576976776123
affinity_10pct,2,16380,"22,23,24,25,26,27,28,29,30,31",medical,0.9537190082644628,0.0341153180835542,0.8818181818181818,0.8129960317460317,0.0,0.5,0.020112271531067094,12.685179710388184
affinity_10pct,3,16380,"22,23,24,25,26,27,28,29,30,31",medical,0.971900826446281,0.02484842376590565,0.9,0.8351190476190476,0.0,0.5454545454545454,0.026908438094523035,14.330023765563965
affinity_10pct,4,16380,"22,23,24,25,26,27,28,29,30,31",medical,0.9900826446280993,0.012146230129503405,0.9545454545454545,0.8902777777777778,0.0,0.5454545454545454,0.025344117951586198,16.12894058227539
affinity_10pct,5,16380,"22,23,24,25,26,27,28,29,30,31",medical,0.9966942148760332,0.004048743376501108,0.9636363636363636,0.9086309523809525,0.0,0.5909090909090909,0.021458719925575465,16.921388626098633
affinity_10pct,6,16380,"22,23,24,25,26,27,28,29,30,31",medical,0.9933884297520661,0.009637937016273234,0.9818181818181818,0.9315476190476192,0.0,0.5909090909090909,0.020850126502852895,18.222009658813477
affinity_10pct,7,16380,"22,23,24,25,26,27,28,29,30,31",medical,0.9933884297520661,0.009637937016273234,0.9727272727272727,0.9315476190476192,0.0,0.6363636363636364,0.018854741410615605,18.767370223999023
affinity_10pct,8,16380,"22,23,24,25,26,27,28,29,30,31",medical,0.9917355371900827,0.01280325073126419,0.9636363636363636,0.9325396825396826,0.0,0.6818181818181818,0.017875626888927854,19.54151153564453
affinity_10pct,9,16380,"22,23,24,25,26,27,28,29,30,31",medical,0.9950413223140497,0.006611570247933901,0.9636363636363636,0.926984126984127,0.0,0.6818181818181818,0.013997373361187337,20.225017547607422
affinity_10pct,10,16380,"22,23,24,25,26,27,28,29,30,31",medical,0.9950413223140497,0.006611570247933901,0.9545454545454547,0.9274801587301587,0.0,0.6818181818181818,0.012370944751782131,20.44523048400879
affinity_10pct,11,16380,"22,23,24,25,26,27,28,29,30,31",medical,0.9983471074380166,0.0033057851239669312,0.9636363636363636,0.9394841269841271,0.0,0.6818181818181818,0.011022211157990736,20.707603454589844
affinity_10pct,12,16380,"22,23,24,25,26,27,28,29,30,31",medical,0.9966942148760332,0.004048743376501108,0.9727272727272727,0.9369047619047619,0.0,0.6818181818181818,0.00986681963023861,21.17929458618164
affinity_10pct,13,16380,"22,23,24,25,26,27,28,29,30,31",medical,0.9966942148760332,0.004048743376501108,0.9636363636363636,0.9383928571428571,0.0,0.6818181818181818,0.008543325997925733,21.566326141357422
affinity_10pct,14,16380,"22,23,24,25,26,27,28,29,30,31",medical,0.9966942148760332,0.004048743376501108,0.9636363636363636,0.9423611111111112,0.0,0.6363636363636364,0.007488700939933479,21.963773727416992
affinity_10pct,15,16380,"22,23,24,25,26,27,28,29,30,31",medical,0.9966942148760332,0.004048743376501108,0.9636363636363636,0.9403769841269841,0.0,0.6363636363636364,0.006009440716010173,22.382080078125
affinity_10pct,16,16380,"22,23,24,25,26,27,28,29,30,31",medical,0.9966942148760332,0.004048743376501108,0.9636363636363636,0.9398809523809523,0.0,0.6363636363636364,0.004842167606537662,23.104246139526367
affinity_10pct,17,16380,"22,23,24,25,26,27,28,29,30,31",medical,0.9966942148760332,0.004048743376501108,0.9545454545454547,0.927579365079365,0.0,0.6818181818181818,0.003948995117349807,23.6357421875
affinity_10pct,18,16380,"22,23,24,25,26,27,28,29,30,31",medical,0.9917355371900827,0.009053265413308541,0.9545454545454547,0.9078373015873016,0.0,0.6818181818181818,0.003275331534612902,24.241111755371094
affinity_10pct,19,16380,"22,23,24,25,26,27,28,29,30,31",medical,0.9900826446280991,0.009637937016273242,0.9545454545454547,0.91140873015873,0.0,0.6818181818181818,0.00287175041786214,24.941465377807617
affinity_10pct,20,16380,"22,23,24,25,26,27,28,29,30,31",medical,0.9867768595041323,0.009917355371900844,0.9545454545454547,0.9080357142857143,0.0,0.6818181818181818,0.0024477944973791965,25.896329879760742
affinity_10pct,21,16380,"22,23,24,25,26,27,28,29,30,31",medical,0.9851239669421487,0.008097486753002255,0.9545454545454547,0.9065476190476192,0.0,0.6818181818181818,0.0022484625885438314,26.62400245666504
affinity_10pct,22,16380,"22,23,24,25,26,27,28,29,30,31",medical,0.9834710743801652,0.010453810446837618,0.9545454545454547,0.9029761904761905,0.0,0.6818181818181818,0.0021885257113898327,27.33243751525879
affinity_10pct,23,16380,"22,23,24,25,26,27,28,29,30,31",medical,0.9768595041322312,0.016025387958401104,0.9454545454545455,0.897420634920635,0.0,0.6818181818181818,0.002231478765098105,27.99602699279785
affinity_10pct,24,16380,"22,23,24,25,26,27,28,29,30,31",medical,0.9735537190082644,0.01685626285485219,0.9454545454545455,0.9009920634920635,0.0,0.6818181818181818,0.0023262541133811654,28.43104362487793
affinity_10pct,25,16380,"22,23,24,25,26,27,28,29,30,31",medical,0.971900826446281,0.017802197709535568,0.9363636363636363,0.8938492063492064,0.0,0.6818181818181818,0.0025030368611175247,28.911283493041992
affinity_10pct,26,16380,"22,23,24,25,26,27,28,29,30,31",medical,0.9685950413223139,0.02116735285101769,0.9363636363636363,0.8882936507936507,0.0,0.6818181818181818,0.002605533345523714,29.334064483642578
affinity_10pct,27,16380,"22,23,24,25,26,27,28,29,30,31",medical,0.9685950413223139,0.02116735285101769,0.9363636363636363,0.8848214285714285,0.0,0.6818181818181818,0.002685168172777641,29.880264282226562
affinity_10pct,28,16380,"22,23,24,25,26,27,28,29,30,31",medical,0.9570247933884298,0.01840583260439676,0.9272727272727274,0.8828373015873014,0.0,0.6818181818181818,0.0029222624109308537,30.753965377807617
affinity_10pct,29,16380,"22,23,24,25,26,27,28,29,30,31",medical,0.9619834710743802,0.024292460259006752,0.9272727272727274,0.8848214285714285,0.0,0.6818181818181818,0.003140910039846956,31.33564567565918
affinity_10pct,30,16380,"22,23,24,25,26,27,28,29,30,31",medical,0.9570247933884298,0.01602538795840107,0.9272727272727274,0.8721230158730159,0.0,0.6818181818181818,0.003656217687771912,32.40210723876953
affinity_10pct,31,16380,"22,23,24,25,26,27,28,29,30,31",medical,0.9553719008264462,0.023723471230425335,0.9363636363636363,0.8623015873015872,0.0,0.6818181818181818,0.01291160444057693,36.780155181884766
coverage_10pct,0,16380,"22,23,24,25,26,27,28,29,30,31",medical,0.947107438016529,0.04574661984495222,0.8545454545454547,0.6731150793650794,0.0,0.45454545454545453,0.01529820473983401,8.336723327636719
coverage_10pct,1,16380,"22,23,24,25,26,27,28,29,30,31",medical,0.9322314049586776,0.042592061906529304,0.8272727272727272,0.7471230158730159,0.0,0.36363636363636365,0.014518492374271053,9.71576976776123
coverage_10pct,2,16380,"22,23,24,25,26,27,28,29,30,31",medical,0.9537190082644628,0.0341153180835542,0.8818181818181818,0.8129960317460317,0.0,0.5,0.020112271531067094,12.685179710388184
coverage_10pct,3,16380,"22,23,24,25,26,27,28,29,30,31",medical,0.971900826446281,0.02484842376590565,0.9,0.8351190476190476,0.0,0.5454545454545454,0.026908438094523035,14.330023765563965
coverage_10pct,4,16380,"22,23,24,25,26,27,28,29,30,31",medical,0.9900826446280993,0.012146230129503405,0.9545454545454545,0.8902777777777778,0.0,0.5454545454545454,0.025344117951586198,16.12894058227539
coverage_10pct,5,16380,"22,23,24,25,26,27,28,29,30,31",medical,0.9966942148760332,0.004048743376501108,0.9636363636363636,0.9086309523809525,0.0,0.5909090909090909,0.021458719925575465,16.921388626098633
coverage_10pct,6,16380,"22,23,24,25,26,27,28,29,30,31",medical,0.9933884297520661,0.009637937016273234,0.9818181818181818,0.9315476190476192,0.0,0.5909090909090909,0.020850126502852895,18.222009658813477
coverage_10pct,7,16380,"22,23,24,25,26,27,28,29,30,31",medical,0.9933884297520661,0.009637937016273234,0.9727272727272727,0.9315476190476192,0.0,0.6363636363636364,0.018854741410615605,18.767370223999023
coverage_10pct,8,16380,"22,23,24,25,26,27,28,29,30,31",medical,0.9917355371900827,0.01280325073126419,0.9636363636363636,0.9325396825396826,0.0,0.6818181818181818,0.017875626888927854,19.54151153564453
coverage_10pct,9,16380,"22,23,24,25,26,27,28,29,30,31",medical,0.9950413223140497,0.006611570247933901,0.9636363636363636,0.926984126984127,0.0,0.6818181818181818,0.013997373361187337,20.225017547607422
coverage_10pct,10,16380,"22,23,24,25,26,27,28,29,30,31",medical,0.9950413223140497,0.006611570247933901,0.9545454545454547,0.9274801587301587,0.0,0.6818181818181818,0.012370944751782131,20.44523048400879
coverage_10pct,11,16380,"22,23,24,25,26,27,28,29,30,31",medical,0.9983471074380166,0.0033057851239669312,0.9636363636363636,0.9394841269841271,0.0,0.6818181818181818,0.011022211157990736,20.707603454589844
coverage_10pct,12,16380,"22,23,24,25,26,27,28,29,30,31",medical,0.9966942148760332,0.004048743376501108,0.9727272727272727,0.9369047619047619,0.0,0.6818181818181818,0.00986681963023861,21.17929458618164
coverage_10pct,13,16380,"22,23,24,25,26,27,28,29,30,31",medical,0.9966942148760332,0.004048743376501108,0.9636363636363636,0.9383928571428571,0.0,0.6818181818181818,0.008543325997925733,21.566326141357422
coverage_10pct,14,16380,"22,23,24,25,26,27,28,29,30,31",medical,0.9966942148760332,0.004048743376501108,0.9636363636363636,0.9423611111111112,0.0,0.6363636363636364,0.007488700939933479,21.963773727416992
coverage_10pct,15,16380,"22,23,24,25,26,27,28,29,30,31",medical,0.9966942148760332,0.004048743376501108,0.9636363636363636,0.9403769841269841,0.0,0.6363636363636364,0.006009440716010173,22.382080078125
coverage_10pct,16,16380,"22,23,24,25,26,27,28,29,30,31",medical,0.9966942148760332,0.004048743376501108,0.9636363636363636,0.9398809523809523,0.0,0.6363636363636364,0.004842167606537662,23.104246139526367
coverage_10pct,17,16380,"22,23,24,25,26,27,28,29,30,31",medical,0.9966942148760332,0.004048743376501108,0.9545454545454547,0.927579365079365,0.0,0.6818181818181818,0.003948995117349807,23.6357421875
coverage_10pct,18,16380,"22,23,24,25,26,27,28,29,30,31",medical,0.9917355371900827,0.009053265413308541,0.9545454545454547,0.9078373015873016,0.0,0.6818181818181818,0.003275331534612902,24.241111755371094
coverage_10pct,19,16380,"22,23,24,25,26,27,28,29,30,31",medical,0.9900826446280991,0.009637937016273242,0.9545454545454547,0.91140873015873,0.0,0.6818181818181818,0.00287175041786214,24.941465377807617
coverage_10pct,20,16380,"22,23,24,25,26,27,28,29,30,31",medical,0.9867768595041323,0.009917355371900844,0.9545454545454547,0.9080357142857143,0.0,0.6818181818181818,0.0024477944973791965,25.896329879760742
coverage_10pct,21,16380,"22,23,24,25,26,27,28,29,30,31",medical,0.9851239669421487,0.008097486753002255,0.9545454545454547,0.9065476190476192,0.0,0.6818181818181818,0.0022484625885438314,26.62400245666504
coverage_10pct,22,16380,"22,23,24,25,26,27,28,29,30,31",medical,0.9867768595041321,0.00842813142742611,0.9545454545454547,0.9029761904761905,0.0,0.6818181818181818,0.002274689093696325,26.957101821899414
coverage_10pct,23,16380,"22,23,24,25,26,27,28,29,30,31",medical,0.9801652892561983,0.013428162652290868,0.9454545454545455,0.9034722222222221,0.0,0.6818181818181818,0.0023591454673641543,27.273988723754883
coverage_10pct,24,16380,"22,23,24,25,26,27,28,29,30,31",medical,0.9768595041322314,0.014218719449657252,0.9545454545454547,0.9,0.0,0.6818181818181818,0.0024796466369282344,27.503639221191406
coverage_10pct,25,16380,"22,23,24,25,26,27,28,29,30,31",medical,0.975206611570248,0.014783920512395316,0.9454545454545455,0.9,0.0,0.6818181818181818,0.0026692221474076128,27.732486724853516
coverage_10pct,26,16380,"22,23,24,25,26,27,28,29,30,31",medical,0.9685950413223139,0.020511857266100608,0.9545454545454545,0.8964285714285715,0.0,0.6818181818181818,0.00281723164736869,28.062673568725586
coverage_10pct,27,16380,"22,23,24,25,26,27,28,29,30,31",medical,0.9735537190082644,0.01602538795840111,0.9454545454545455,0.8964285714285715,0.0,0.6818181818181818,0.0028734993291229527,28.210527420043945
coverage_10pct,28,16380,"22,23,24,25,26,27,28,29,30,31",medical,0.971900826446281,0.017802197709535568,0.9454545454545455,0.8964285714285715,0.0,0.6363636363636364,0.003146473615350587,28.901630401611328
coverage_10pct,29,16380,"22,23,24,25,26,27,28,29,30,31",medical,0.9735537190082644,0.01764806322649806,0.9545454545454547,0.8908730158730158,0.0,0.6363636363636364,0.0033587597258158963,29.169626235961914
coverage_10pct,30,16380,"22,23,24,25,26,27,28,29,30,31",medical,0.9685950413223139,0.02116735285101769,0.9545454545454547,0.8892857142857142,0.0,0.6363636363636364,0.003899645816975883,29.950899124145508
coverage_10pct,31,16380,"22,23,24,25,26,27,28,29,30,31",medical,0.965289256198347,0.024738230656356636,0.9545454545454547,0.8932539682539682,0.0,0.6818181818181818,0.006277881539301089,32.22163772583008
mass_10pct,0,16380,"22,23,24,25,26,27,28,29,30,31",medical,0.947107438016529,0.04574661984495222,0.8545454545454547,0.6731150793650794,0.0,0.45454545454545453,0.01529820473983401,8.336723327636719
mass_10pct,1,16380,"22,23,24,25,26,27,28,29,30,31",medical,0.9322314049586776,0.042592061906529304,0.8272727272727272,0.7471230158730159,0.0,0.36363636363636365,0.014518492374271053,9.71576976776123
mass_10pct,2,16380,"22,23,24,25,26,27,28,29,30,31",medical,0.9537190082644628,0.0341153180835542,0.8818181818181818,0.8129960317460317,0.0,0.5,0.020112271531067094,12.685179710388184
mass_10pct,3,16380,"22,23,24,25,26,27,28,29,30,31",medical,0.971900826446281,0.02484842376590565,0.9,0.8351190476190476,0.0,0.5454545454545454,0.026908438094523035,14.330023765563965
mass_10pct,4,16380,"22,23,24,25,26,27,28,29,30,31",medical,0.9900826446280993,0.012146230129503405,0.9545454545454545,0.8902777777777778,0.0,0.5454545454545454,0.025344117951586198,16.12894058227539
mass_10pct,5,16380,"22,23,24,25,26,27,28,29,30,31",medical,0.9966942148760332,0.004048743376501108,0.9636363636363636,0.9086309523809525,0.0,0.5909090909090909,0.021458719925575465,16.921388626098633
mass_10pct,6,16380,"22,23,24,25,26,27,28,29,30,31",medical,0.9933884297520661,0.009637937016273234,0.9818181818181818,0.9315476190476192,0.0,0.5909090909090909,0.020850126502852895,18.222009658813477
mass_10pct,7,16380,"22,23,24,25,26,27,28,29,30,31",medical,0.9933884297520661,0.009637937016273234,0.9727272727272727,0.9315476190476192,0.0,0.6363636363636364,0.018854741410615605,18.767370223999023
mass_10pct,8,16380,"22,23,24,25,26,27,28,29,30,31",medical,0.9917355371900827,0.01280325073126419,0.9636363636363636,0.9325396825396826,0.0,0.6818181818181818,0.017875626888927854,19.54151153564453
mass_10pct,9,16380,"22,23,24,25,26,27,28,29,30,31",medical,0.9950413223140497,0.006611570247933901,0.9636363636363636,0.926984126984127,0.0,0.6818181818181818,0.013997373361187337,20.225017547607422
mass_10pct,10,16380,"22,23,24,25,26,27,28,29,30,31",medical,0.9950413223140497,0.006611570247933901,0.9545454545454547,0.9274801587301587,0.0,0.6818181818181818,0.012370944751782131,20.44523048400879
mass_10pct,11,16380,"22,23,24,25,26,27,28,29,30,31",medical,0.9983471074380166,0.0033057851239669312,0.9636363636363636,0.9394841269841271,0.0,0.6818181818181818,0.011022211157990736,20.707603454589844
mass_10pct,12,16380,"22,23,24,25,26,27,28,29,30,31",medical,0.9966942148760332,0.004048743376501108,0.9727272727272727,0.9369047619047619,0.0,0.6818181818181818,0.00986681963023861,21.17929458618164
mass_10pct,13,16380,"22,23,24,25,26,27,28,29,30,31",medical,0.9966942148760332,0.004048743376501108,0.9636363636363636,0.9383928571428571,0.0,0.6818181818181818,0.008543325997925733,21.566326141357422
mass_10pct,14,16380,"22,23,24,25,26,27,28,29,30,31",medical,0.9966942148760332,0.004048743376501108,0.9636363636363636,0.9423611111111112,0.0,0.6363636363636364,0.007488700939933479,21.963773727416992
mass_10pct,15,16380,"22,23,24,25,26,27,28,29,30,31",medical,0.9966942148760332,0.004048743376501108,0.9636363636363636,0.9403769841269841,0.0,0.6363636363636364,0.006009440716010173,22.382080078125
mass_10pct,16,16380,"22,23,24,25,26,27,28,29,30,31",medical,0.9966942148760332,0.004048743376501108,0.9636363636363636,0.9398809523809523,0.0,0.6363636363636364,0.004842167606537662,23.104246139526367
mass_10pct,17,16380,"22,23,24,25,26,27,28,29,30,31",medical,0.9966942148760332,0.004048743376501108,0.9545454545454547,0.927579365079365,0.0,0.6818181818181818,0.003948995117349807,23.6357421875
mass_10pct,18,16380,"22,23,24,25,26,27,28,29,30,31",medical,0.9917355371900827,0.009053265413308541,0.9545454545454547,0.9078373015873016,0.0,0.6818181818181818,0.003275331534612902,24.241111755371094
mass_10pct,19,16380,"22,23,24,25,26,27,28,29,30,31",medical,0.9900826446280991,0.009637937016273242,0.9545454545454547,0.91140873015873,0.0,0.6818181818181818,0.00287175041786214,24.941465377807617
mass_10pct,20,16380,"22,23,24,25,26,27,28,29,30,31",medical,0.9867768595041323,0.009917355371900844,0.9545454545454547,0.9080357142857143,0.0,0.6818181818181818,0.0024477944973791965,25.896329879760742
mass_10pct,21,16380,"22,23,24,25,26,27,28,29,30,31",medical,0.9851239669421487,0.008097486753002255,0.9545454545454547,0.9065476190476192,0.0,0.6818181818181818,0.0022484625885438314,26.62400245666504
mass_10pct,22,16380,"22,23,24,25,26,27,28,29,30,31",medical,0.9834710743801652,0.010453810446837618,0.9545454545454547,0.9029761904761905,0.0,0.6818181818181818,0.002269294351059492,26.91200065612793
mass_10pct,23,16380,"22,23,24,25,26,27,28,29,30,31",medical,0.9785123966942149,0.013428162652290866,0.9545454545454547,0.9034722222222221,0.0,0.6818181818181818,0.002351417096678743,27.212615966796875
mass_10pct,24,16380,"22,23,24,25,26,27,28,29,30,31",medical,0.975206611570248,0.014783920512395316,0.9545454545454547,0.8980158730158729,0.0,0.6818181818181818,0.0024816915272666273,27.510086059570312
mass_10pct,25,16380,"22,23,24,25,26,27,28,29,30,31",medical,0.975206611570248,0.014783920512395316,0.9545454545454547,0.8944444444444445,0.0,0.6818181818181818,0.0026807182604852153,27.730562210083008
mass_10pct,26,16380,"22,23,24,25,26,27,28,29,30,31",medical,0.9685950413223139,0.020511857266100608,0.9545454545454547,0.8908730158730158,0.0,0.6818181818181818,0.0028358297667973043,28.06700325012207
mass_10pct,27,16380,"22,23,24,25,26,27,28,29,30,31",medical,0.9702479338842975,0.02192809778747375,0.9454545454545455,0.8873015873015871,0.0,0.6818181818181818,0.0028959553902249136,28.212482452392578
mass_10pct,28,16380,"22,23,24,25,26,27,28,29,30,31",medical,0.9702479338842975,0.021296030953264704,0.9454545454545455,0.8908730158730158,0.0,0.6818181818181818,0.0031227694043387544,28.696672439575195
mass_10pct,29,16380,"22,23,24,25,26,27,28,29,30,31",medical,0.9685950413223141,0.02302212938377543,0.9545454545454547,0.8908730158730158,0.0,0.6818181818181818,0.0033466699329620653,29.01866912841797
mass_10pct,30,16380,"22,23,24,25,26,27,28,29,30,31",medical,0.971900826446281,0.024292460259006745,0.9545454545454547,0.8949404761904762,0.0,0.7272727272727273,0.003881736947019543,29.871376037597656
mass_10pct,31,16380,"22,23,24,25,26,27,28,29,30,31",medical,0.9669421487603305,0.02956784102479061,0.9545454545454547,0.9004960317460318,0.0,0.7272727272727273,0.006239440396362594,32.26140594482422
random_10pct_seed0,0,16380,"22,23,24,25,26,27,28,29,30,31",medical,0.947107438016529,0.04574661984495222,0.8545454545454547,0.6731150793650794,0.0,0.45454545454545453,0.01529820473983401,8.336723327636719
random_10pct_seed0,1,16380,"22,23,24,25,26,27,28,29,30,31",medical,0.9322314049586776,0.042592061906529304,0.8272727272727272,0.7471230158730159,0.0,0.36363636363636365,0.014518492374271053,9.71576976776123
random_10pct_seed0,2,16380,"22,23,24,25,26,27,28,29,30,31",medical,0.9537190082644628,0.0341153180835542,0.8818181818181818,0.8129960317460317,0.0,0.5,0.020112271531067094,12.685179710388184
random_10pct_seed0,3,16380,"22,23,24,25,26,27,28,29,30,31",medical,0.971900826446281,0.02484842376590565,0.9,0.8351190476190476,0.0,0.5454545454545454,0.026908438094523035,14.330023765563965
random_10pct_seed0,4,16380,"22,23,24,25,26,27,28,29,30,31",medical,0.9900826446280993,0.012146230129503405,0.9545454545454545,0.8902777777777778,0.0,0.5454545454545454,0.025344117951586198,16.12894058227539
random_10pct_seed0,5,16380,"22,23,24,25,26,27,28,29,30,31",medical,0.9966942148760332,0.004048743376501108,0.9636363636363636,0.9086309523809525,0.0,0.5909090909090909,0.021458719925575465,16.921388626098633
random_10pct_seed0,6,16380,"22,23,24,25,26,27,28,29,30,31",medical,0.9933884297520661,0.009637937016273234,0.9818181818181818,0.9315476190476192,0.0,0.5909090909090909,0.020850126502852895,18.222009658813477
random_10pct_seed0,7,16380,"22,23,24,25,26,27,28,29,30,31",medical,0.9933884297520661,0.009637937016273234,0.9727272727272727,0.9315476190476192,0.0,0.6363636363636364,0.018854741410615605,18.767370223999023
random_10pct_seed0,8,16380,"22,23,24,25,26,27,28,29,30,31",medical,0.9917355371900827,0.01280325073126419,0.9636363636363636,0.9325396825396826,0.0,0.6818181818181818,0.017875626888927854,19.54151153564453
random_10pct_seed0,9,16380,"22,23,24,25,26,27,28,29,30,31",medical,0.9950413223140497,0.006611570247933901,0.9636363636363636,0.926984126984127,0.0,0.6818181818181818,0.013997373361187337,20.225017547607422
random_10pct_seed0,10,16380,"22,23,24,25,26,27,28,29,30,31",medical,0.9950413223140497,0.006611570247933901,0.9545454545454547,0.9274801587301587,0.0,0.6818181818181818,0.012370944751782131,20.44523048400879
random_10pct_seed0,11,16380,"22,23,24,25,26,27,28,29,30,31",medical,0.9983471074380166,0.0033057851239669312,0.9636363636363636,0.9394841269841271,0.0,0.6818181818181818,0.011022211157990736,20.707603454589844
random_10pct_seed0,12,16380,"22,23,24,25,26,27,28,29,30,31",medical,0.9966942148760332,0.004048743376501108,0.9727272727272727,0.9369047619047619,0.0,0.6818181818181818,0.00986681963023861,21.17929458618164
random_10pct_seed0,13,16380,"22,23,24,25,26,27,28,29,30,31",medical,0.9966942148760332,0.004048743376501108,0.9636363636363636,0.9383928571428571,0.0,0.6818181818181818,0.008543325997925733,21.566326141357422
random_10pct_seed0,14,16380,"22,23,24,25,26,27,28,29,30,31",medical,0.9966942148760332,0.004048743376501108,0.9636363636363636,0.9423611111111112,0.0,0.6363636363636364,0.007488700939933479,21.963773727416992
random_10pct_seed0,15,16380,"22,23,24,25,26,27,28,29,30,31",medical,0.9966942148760332,0.004048743376501108,0.9636363636363636,0.9403769841269841,0.0,0.6363636363636364,0.006009440716010173,22.382080078125
random_10pct_seed0,16,16380,"22,23,24,25,26,27,28,29,30,31",medical,0.9966942148760332,0.004048743376501108,0.9636363636363636,0.9398809523809523,0.0,0.6363636363636364,0.004842167606537662,23.104246139526367
random_10pct_seed0,17,16380,"22,23,24,25,26,27,28,29,30,31",medical,0.9966942148760332,0.004048743376501108,0.9545454545454547,0.927579365079365,0.0,0.6818181818181818,0.003948995117349807,23.6357421875
random_10pct_seed0,18,16380,"22,23,24,25,26,27,28,29,30,31",medical,0.9917355371900827,0.009053265413308541,0.9545454545454547,0.9078373015873016,0.0,0.6818181818181818,0.003275331534612902,24.241111755371094
random_10pct_seed0,19,16380,"22,23,24,25,26,27,28,29,30,31",medical,0.9900826446280991,0.009637937016273242,0.9545454545454547,0.91140873015873,0.0,0.6818181818181818,0.00287175041786214,24.941465377807617
random_10pct_seed0,20,16380,"22,23,24,25,26,27,28,29,30,31",medical,0.9867768595041323,0.009917355371900844,0.9545454545454547,0.9080357142857143,0.0,0.6818181818181818,0.0024477944973791965,25.896329879760742
random_10pct_seed0,21,16380,"22,23,24,25,26,27,28,29,30,31",medical,0.9851239669421487,0.008097486753002255,0.9545454545454547,0.9065476190476192,0.0,0.6818181818181818,0.0022484625885438314,26.62400245666504
random_10pct_seed0,22,16380,"22,23,24,25,26,27,28,29,30,31",medical,0.9834710743801652,0.010453810446837618,0.9545454545454547,0.9029761904761905,0.0,0.6818181818181818,0.0021921824146662328,27.296951293945312
random_10pct_seed0,23,16380,"22,23,24,25,26,27,28,29,30,31",medical,0.9752066115702478,0.01652892561983472,0.9454545454545455,0.897420634920635,0.0,0.6818181818181818,0.00224077758496366,27.931467056274414
random_10pct_seed0,24,16380,"22,23,24,25,26,27,28,29,30,31",medical,0.9735537190082644,0.01685626285485219,0.9454545454545455,0.9009920634920635,0.0,0.6818181818181818,0.0023331478360593128,28.30843162536621
random_10pct_seed0,25,16380,"22,23,24,25,26,27,28,29,30,31",medical,0.971900826446281,0.017802197709535568,0.9272727272727274,0.9029761904761904,0.0,0.6818181818181818,0.002534770914818796,28.781776428222656
random_10pct_seed0,26,16380,"22,23,24,25,26,27,28,29,30,31",medical,0.9702479338842973,0.019275874032546464,0.9272727272727274,0.8938492063492064,0.0,0.6818181818181818,0.002656631410854704,29.24382972717285
random_10pct_seed0,27,16380,"22,23,24,25,26,27,28,29,30,31",medical,0.9636363636363635,0.023723471230425338,0.9272727272727274,0.8883928571428571,0.0,0.6818181818181818,0.002750639152698575,29.790761947631836
random_10pct_seed0,28,16380,"22,23,24,25,26,27,28,29,30,31",medical,0.9570247933884298,0.01840583260439676,0.9181818181818182,0.8903769841269842,0.0,0.6818181818181818,0.0030107594771993096,30.664628982543945
random_10pct_seed0,29,16380,"22,23,24,25,26,27,28,29,30,31",medical,0.9586776859504132,0.020907620893675254,0.9181818181818182,0.8869047619047619,0.0,0.6818181818181818,0.003227991267936492,31.169418334960938
random_10pct_seed0,30,16380,"22,23,24,25,26,27,28,29,30,31",medical,0.9553719008264462,0.015328295033877186,0.9181818181818182,0.8817460317460318,0.0,0.6818181818181818,0.0037893648273668035,32.131649017333984
random_10pct_seed0,31,16380,"22,23,24,25,26,27,28,29,30,31",medical,0.9570247933884296,0.02302212938377541,0.9181818181818182,0.8481150793650795,0.0,0.6818181818181818,0.013067065392447175,35.944793701171875
random_10pct_seed1,0,16380,"22,23,24,25,26,27,28,29,30,31",medical,0.947107438016529,0.04574661984495222,0.8545454545454547,0.6731150793650794,0.0,0.45454545454545453,0.01529820473983401,8.336723327636719
random_10pct_seed1,1,16380,"22,23,24,25,26,27,28,29,30,31",medical,0.9322314049586776,0.042592061906529304,0.8272727272727272,0.7471230158730159,0.0,0.36363636363636365,0.014518492374271053,9.71576976776123
random_10pct_seed1,2,16380,"22,23,24,25,26,27,28,29,30,31",medical,0.9537190082644628,0.0341153180835542,0.8818181818181818,0.8129960317460317,0.0,0.5,0.020112271531067094,12.685179710388184
random_10pct_seed1,3,16380,"22,23,24,25,26,27,28,29,30,31",medical,0.971900826446281,0.02484842376590565,0.9,0.8351190476190476,0.0,0.5454545454545454,0.026908438094523035,14.330023765563965
random_10pct_seed1,4,16380,"22,23,24,25,26,27,28,29,30,31",medical,0.9900826446280993,0.012146230129503405,0.9545454545454545,0.8902777777777778,0.0,0.5454545454545454,0.025344117951586198,16.12894058227539
random_10pct_seed1,5,16380,"22,23,24,25,26,27,28,29,30,31",medical,0.9966942148760332,0.004048743376501108,0.9636363636363636,0.9086309523809525,0.0,0.5909090909090909,0.021458719925575465,16.921388626098633
random_10pct_seed1,6,16380,"22,23,24,25,26,27,28,29,30,31",medical,0.9933884297520661,0.009637937016273234,0.9818181818181818,0.9315476190476192,0.0,0.5909090909090909,0.020850126502852895,18.222009658813477
random_10pct_seed1,7,16380,"22,23,24,25,26,27,28,29,30,31",medical,0.9933884297520661,0.009637937016273234,0.9727272727272727,0.9315476190476192,0.0,0.6363636363636364,0.018854741410615605,18.767370223999023
random_10pct_seed1,8,16380,"22,23,24,25,26,27,28,29,30,31",medical,0.9917355371900827,0.01280325073126419,0.9636363636363636,0.9325396825396826,0.0,0.6818181818181818,0.017875626888927854,19.54151153564453
random_10pct_seed1,9,16380,"22,23,24,25,26,27,28,29,30,31",medical,0.9950413223140497,0.006611570247933901,0.9636363636363636,0.926984126984127,0.0,0.6818181818181818,0.013997373361187337,20.225017547607422
random_10pct_seed1,10,16380,"22,23,24,25,26,27,28,29,30,31",medical,0.9950413223140497,0.006611570247933901,0.9545454545454547,0.9274801587301587,0.0,0.6818181818181818,0.012370944751782131,20.44523048400879
random_10pct_seed1,11,16380,"22,23,24,25,26,27,28,29,30,31",medical,0.9983471074380166,0.0033057851239669312,0.9636363636363636,0.9394841269841271,0.0,0.6818181818181818,0.011022211157990736,20.707603454589844
random_10pct_seed1,12,16380,"22,23,24,25,26,27,28,29,30,31",medical,0.9966942148760332,0.004048743376501108,0.9727272727272727,0.9369047619047619,0.0,0.6818181818181818,0.00986681963023861,21.17929458618164
random_10pct_seed1,13,16380,"22,23,24,25,26,27,28,29,30,31",medical,0.9966942148760332,0.004048743376501108,0.9636363636363636,0.9383928571428571,0.0,0.6818181818181818,0.008543325997925733,21.566326141357422
random_10pct_seed1,14,16380,"22,23,24,25,26,27,28,29,30,31",medical,0.9966942148760332,0.004048743376501108,0.9636363636363636,0.9423611111111112,0.0,0.6363636363636364,0.007488700939933479,21.963773727416992
random_10pct_seed1,15,16380,"22,23,24,25,26,27,28,29,30,31",medical,0.9966942148760332,0.004048743376501108,0.9636363636363636,0.9403769841269841,0.0,0.6363636363636364,0.006009440716010173,22.382080078125
random_10pct_seed1,16,16380,"22,23,24,25,26,27,28,29,30,31",medical,0.9966942148760332,0.004048743376501108,0.9636363636363636,0.9398809523809523,0.0,0.6363636363636364,0.004842167606537662,23.104246139526367
random_10pct_seed1,17,16380,"22,23,24,25,26,27,28,29,30,31",medical,0.9966942148760332,0.004048743376501108,0.9545454545454547,0.927579365079365,0.0,0.6818181818181818,0.003948995117349807,23.6357421875
random_10pct_seed1,18,16380,"22,23,24,25,26,27,28,29,30,31",medical,0.9917355371900827,0.009053265413308541,0.9545454545454547,0.9078373015873016,0.0,0.6818181818181818,0.003275331534612902,24.241111755371094
random_10pct_seed1,19,16380,"22,23,24,25,26,27,28,29,30,31",medical,0.9900826446280991,0.009637937016273242,0.9545454545454547,0.91140873015873,0.0,0.6818181818181818,0.00287175041786214,24.941465377807617
random_10pct_seed1,20,16380,"22,23,24,25,26,27,28,29,30,31",medical,0.9867768595041323,0.009917355371900844,0.9545454545454547,0.9080357142857143,0.0,0.6818181818181818,0.0024477944973791965,25.896329879760742
random_10pct_seed1,21,16380,"22,23,24,25,26,27,28,29,30,31",medical,0.9851239669421487,0.008097486753002255,0.9545454545454547,0.9065476190476192,0.0,0.6818181818181818,0.0022484625885438314,26.62400245666504
random_10pct_seed1,22,16380,"22,23,24,25,26,27,28,29,30,31",medical,0.9834710743801652,0.010453810446837618,0.9545454545454547,0.9029761904761905,0.0,0.6818181818181818,0.002200546069627829,27.336387634277344
random_10pct_seed1,23,16380,"22,23,24,25,26,27,28,29,30,31",medical,0.9768595041322312,0.016025387958401104,0.9454545454545455,0.8994047619047619,0.0,0.6818181818181818,0.0022606428002679424,27.94349479675293
random_10pct_seed1,24,16380,"22,23,24,25,26,27,28,29,30,31",medical,0.9752066115702478,0.01652892561983472,0.9454545454545455,0.9029761904761904,0.0,0.6818181818181818,0.0023776324264600524,28.3454532623291
random_10pct_seed1,25,16380,"22,23,24,25,26,27,28,29,30,31",medical,0.9735537190082644,0.01764806322649806,0.9363636363636363,0.897420634920635,0.0,0.6818181818181818,0.002577893807303,28.847423553466797
random_10pct_seed1,26,16380,"22,23,24,25,26,27,28,29,30,31",medical,0.971900826446281,0.017802197709535568,0.9363636363636363,0.8938492063492064,0.0,0.6818181818181818,0.0026869452541207206,29.339035034179688
random_10pct_seed1,27,16380,"22,23,24,25,26,27,28,29,30,31",medical,0.9685950413223139,0.02116735285101769,0.9272727272727274,0.8903769841269842,0.0,0.6818181818181818,0.0027763229000365985,29.88930892944336
random_10pct_seed1,28,16380,"22,23,24,25,26,27,28,29,30,31",medical,0.965289256198347,0.021803150344252797,0.9363636363636363,0.8832341269841271,0.0,0.6818181818181818,0.00304033565803119,30.83492660522461
random_10pct_seed1,29,16380,"22,23,24,25,26,27,28,29,30,31",medical,0.9636363636363636,0.02314049586776863,0.9181818181818182,0.8853174603174604,0.0,0.6818181818181818,0.003268046258045554,31.389904022216797
random_10pct_seed1,30,16380,"22,23,24,25,26,27,28,29,30,31",medical,0.9636363636363636,0.02314049586776863,0.9181818181818182,0.8781746031746032,0.0,0.6818181818181818,0.0038133730720335546,32.403968811035156
random_10pct_seed1,31,16380,"22,23,24,25,26,27,28,29,30,31",medical,0.9603305785123967,0.02417973361707074,0.9272727272727274,0.8609126984126985,0.0,0.6818181818181818,0.012927016155579896,36.015018463134766
random_10pct_seed2,0,16380,"22,23,24,25,26,27,28,29,30,31",medical,0.947107438016529,0.04574661984495222,0.8545454545454547,0.6731150793650794,0.0,0.45454545454545453,0.01529820473983401,8.336723327636719
random_10pct_seed2,1,16380,"22,23,24,25,26,27,28,29,30,31",medical,0.9322314049586776,0.042592061906529304,0.8272727272727272,0.7471230158730159,0.0,0.36363636363636365,0.014518492374271053,9.71576976776123
random_10pct_seed2,2,16380,"22,23,24,25,26,27,28,29,30,31",medical,0.9537190082644628,0.0341153180835542,0.8818181818181818,0.8129960317460317,0.0,0.5,0.020112271531067094,12.685179710388184
random_10pct_seed2,3,16380,"22,23,24,25,26,27,28,29,30,31",medical,0.971900826446281,0.02484842376590565,0.9,0.8351190476190476,0.0,0.5454545454545454,0.026908438094523035,14.330023765563965
random_10pct_seed2,4,16380,"22,23,24,25,26,27,28,29,30,31",medical,0.9900826446280993,0.012146230129503405,0.9545454545454545,0.8902777777777778,0.0,0.5454545454545454,0.025344117951586198,16.12894058227539
random_10pct_seed2,5,16380,"22,23,24,25,26,27,28,29,30,31",medical,0.9966942148760332,0.004048743376501108,0.9636363636363636,0.9086309523809525,0.0,0.5909090909090909,0.021458719925575465,16.921388626098633
random_10pct_seed2,6,16380,"22,23,24,25,26,27,28,29,30,31",medical,0.9933884297520661,0.009637937016273234,0.9818181818181818,0.9315476190476192,0.0,0.5909090909090909,0.020850126502852895,18.222009658813477
random_10pct_seed2,7,16380,"22,23,24,25,26,27,28,29,30,31",medical,0.9933884297520661,0.009637937016273234,0.9727272727272727,0.9315476190476192,0.0,0.6363636363636364,0.018854741410615605,18.767370223999023
random_10pct_seed2,8,16380,"22,23,24,25,26,27,28,29,30,31",medical,0.9917355371900827,0.01280325073126419,0.9636363636363636,0.9325396825396826,0.0,0.6818181818181818,0.017875626888927854,19.54151153564453
random_10pct_seed2,9,16380,"22,23,24,25,26,27,28,29,30,31",medical,0.9950413223140497,0.006611570247933901,0.9636363636363636,0.926984126984127,0.0,0.6818181818181818,0.013997373361187337,20.225017547607422
random_10pct_seed2,10,16380,"22,23,24,25,26,27,28,29,30,31",medical,0.9950413223140497,0.006611570247933901,0.9545454545454547,0.9274801587301587,0.0,0.6818181818181818,0.012370944751782131,20.44523048400879
random_10pct_seed2,11,16380,"22,23,24,25,26,27,28,29,30,31",medical,0.9983471074380166,0.0033057851239669312,0.9636363636363636,0.9394841269841271,0.0,0.6818181818181818,0.011022211157990736,20.707603454589844
random_10pct_seed2,12,16380,"22,23,24,25,26,27,28,29,30,31",medical,0.9966942148760332,0.004048743376501108,0.9727272727272727,0.9369047619047619,0.0,0.6818181818181818,0.00986681963023861,21.17929458618164
random_10pct_seed2,13,16380,"22,23,24,25,26,27,28,29,30,31",medical,0.9966942148760332,0.004048743376501108,0.9636363636363636,0.9383928571428571,0.0,0.6818181818181818,0.008543325997925733,21.566326141357422
random_10pct_seed2,14,16380,"22,23,24,25,26,27,28,29,30,31",medical,0.9966942148760332,0.004048743376501108,0.9636363636363636,0.9423611111111112,0.0,0.6363636363636364,0.007488700939933479,21.963773727416992
random_10pct_seed2,15,16380,"22,23,24,25,26,27,28,29,30,31",medical,0.9966942148760332,0.004048743376501108,0.9636363636363636,0.9403769841269841,0.0,0.6363636363636364,0.006009440716010173,22.382080078125
random_10pct_seed2,16,16380,"22,23,24,25,26,27,28,29,30,31",medical,0.9966942148760332,0.004048743376501108,0.9636363636363636,0.9398809523809523,0.0,0.6363636363636364,0.004842167606537662,23.104246139526367
random_10pct_seed2,17,16380,"22,23,24,25,26,27,28,29,30,31",medical,0.9966942148760332,0.004048743376501108,0.9545454545454547,0.927579365079365,0.0,0.6818181818181818,0.003948995117349807,23.6357421875
random_10pct_seed2,18,16380,"22,23,24,25,26,27,28,29,30,31",medical,0.9917355371900827,0.009053265413308541,0.9545454545454547,0.9078373015873016,0.0,0.6818181818181818,0.003275331534612902,24.241111755371094
random_10pct_seed2,19,16380,"22,23,24,25,26,27,28,29,30,31",medical,0.9900826446280991,0.009637937016273242,0.9545454545454547,0.91140873015873,0.0,0.6818181818181818,0.00287175041786214,24.941465377807617
random_10pct_seed2,20,16380,"22,23,24,25,26,27,28,29,30,31",medical,0.9867768595041323,0.009917355371900844,0.9545454545454547,0.9080357142857143,0.0,0.6818181818181818,0.0024477944973791965,25.896329879760742
random_10pct_seed2,21,16380,"22,23,24,25,26,27,28,29,30,31",medical,0.9851239669421487,0.008097486753002255,0.9545454545454547,0.9065476190476192,0.0,0.6818181818181818,0.0022484625885438314,26.62400245666504
random_10pct_seed2,22,16380,"22,23,24,25,26,27,28,29,30,31",medical,0.9834710743801652,0.010453810446837618,0.9545454545454547,0.9029761904761905,0.0,0.6818181818181818,0.002237658401007203,27.32308578491211
random_10pct_seed2,23,16380,"22,23,24,25,26,27,28,29,30,31",medical,0.9768595041322312,0.016025387958401104,0.9363636363636363,0.9009920634920635,0.0,0.6818181818181818,0.002289654775961991,28.045608520507812
random_10pct_seed2,24,16380,"22,23,24,25,26,27,28,29,30,31",medical,0.9752066115702478,0.01652892561983472,0.9454545454545455,0.9009920634920635,0.0,0.6818181818181818,0.002387549972112546,28.45056915283203
random_10pct_seed2,25,16380,"22,23,24,25,26,27,28,29,30,31",medical,0.9768595041322314,0.01764806322649806,0.9363636363636363,0.9009920634920635,0.0,0.6818181818181818,0.0025737440603954553,28.95517921447754
random_10pct_seed2,26,16380,"22,23,24,25,26,27,28,29,30,31",medical,0.971900826446281,0.021296030953264693,0.9272727272727274,0.8898809523809523,0.0,0.6818181818181818,0.0026843863584549155,29.401660919189453
random_10pct_seed2,27,16380,"22,23,24,25,26,27,28,29,30,31",medical,0.9685950413223141,0.02302212938377543,0.9363636363636363,0.8883928571428571,0.0,0.6818181818181818,0.0027606134736949395,29.879724502563477
random_10pct_seed2,28,16380,"22,23,24,25,26,27,28,29,30,31",medical,0.9636363636363635,0.019971976815858813,0.9181818181818182,0.8828373015873014,0.0,0.6818181818181818,0.0030000345049085997,30.608692169189453
random_10pct_seed2,29,16380,"22,23,24,25,26,27,28,29,30,31",medical,0.9619834710743801,0.021296030953264683,0.9181818181818182,0.8864087301587301,0.0,0.6818181818181818,0.003239240589923531,31.217636108398438
random_10pct_seed2,30,16380,"22,23,24,25,26,27,28,29,30,31",medical,0.9619834710743801,0.021296030953264683,0.9181818181818182,0.879265873015873,0.0,0.7272727272727273,0.0037845110943898197,32.19997787475586
random_10pct_seed2,31,16380,"22,23,24,25,26,27,28,29,30,31",medical,0.9603305785123967,0.026856325304581683,0.9363636363636363,0.8567460317460318,0.0,0.6818181818181818,0.013194898283514056,36.39436721801758
random_10pct_seed3,0,16380,"22,23,24,25,26,27,28,29,30,31",medical,0.947107438016529,0.04574661984495222,0.8545454545454547,0.6731150793650794,0.0,0.45454545454545453,0.01529820473983401,8.336723327636719
random_10pct_seed3,1,16380,"22,23,24,25,26,27,28,29,30,31",medical,0.9322314049586776,0.042592061906529304,0.8272727272727272,0.7471230158730159,0.0,0.36363636363636365,0.014518492374271053,9.71576976776123
random_10pct_seed3,2,16380,"22,23,24,25,26,27,28,29,30,31",medical,0.9537190082644628,0.0341153180835542,0.8818181818181818,0.8129960317460317,0.0,0.5,0.020112271531067094,12.685179710388184
random_10pct_seed3,3,16380,"22,23,24,25,26,27,28,29,30,31",medical,0.971900826446281,0.02484842376590565,0.9,0.8351190476190476,0.0,0.5454545454545454,0.026908438094523035,14.330023765563965
random_10pct_seed3,4,16380,"22,23,24,25,26,27,28,29,30,31",medical,0.9900826446280993,0.012146230129503405,0.9545454545454545,0.8902777777777778,0.0,0.5454545454545454,0.025344117951586198,16.12894058227539
random_10pct_seed3,5,16380,"22,23,24,25,26,27,28,29,30,31",medical,0.9966942148760332,0.004048743376501108,0.9636363636363636,0.9086309523809525,0.0,0.5909090909090909,0.021458719925575465,16.921388626098633
random_10pct_seed3,6,16380,"22,23,24,25,26,27,28,29,30,31",medical,0.9933884297520661,0.009637937016273234,0.9818181818181818,0.9315476190476192,0.0,0.5909090909090909,0.020850126502852895,18.222009658813477
random_10pct_seed3,7,16380,"22,23,24,25,26,27,28,29,30,31",medical,0.9933884297520661,0.009637937016273234,0.9727272727272727,0.9315476190476192,0.0,0.6363636363636364,0.018854741410615605,18.767370223999023
random_10pct_seed3,8,16380,"22,23,24,25,26,27,28,29,30,31",medical,0.9917355371900827,0.01280325073126419,0.9636363636363636,0.9325396825396826,0.0,0.6818181818181818,0.017875626888927854,19.54151153564453
random_10pct_seed3,9,16380,"22,23,24,25,26,27,28,29,30,31",medical,0.9950413223140497,0.006611570247933901,0.9636363636363636,0.926984126984127,0.0,0.6818181818181818,0.013997373361187337,20.225017547607422
random_10pct_seed3,10,16380,"22,23,24,25,26,27,28,29,30,31",medical,0.9950413223140497,0.006611570247933901,0.9545454545454547,0.9274801587301587,0.0,0.6818181818181818,0.012370944751782131,20.44523048400879
random_10pct_seed3,11,16380,"22,23,24,25,26,27,28,29,30,31",medical,0.9983471074380166,0.0033057851239669312,0.9636363636363636,0.9394841269841271,0.0,0.6818181818181818,0.011022211157990736,20.707603454589844
random_10pct_seed3,12,16380,"22,23,24,25,26,27,28,29,30,31",medical,0.9966942148760332,0.004048743376501108,0.9727272727272727,0.9369047619047619,0.0,0.6818181818181818,0.00986681963023861,21.17929458618164
random_10pct_seed3,13,16380,"22,23,24,25,26,27,28,29,30,31",medical,0.9966942148760332,0.004048743376501108,0.9636363636363636,0.9383928571428571,0.0,0.6818181818181818,0.008543325997925733,21.566326141357422
random_10pct_seed3,14,16380,"22,23,24,25,26,27,28,29,30,31",medical,0.9966942148760332,0.004048743376501108,0.9636363636363636,0.9423611111111112,0.0,0.6363636363636364,0.007488700939933479,21.963773727416992
random_10pct_seed3,15,16380,"22,23,24,25,26,27,28,29,30,31",medical,0.9966942148760332,0.004048743376501108,0.9636363636363636,0.9403769841269841,0.0,0.6363636363636364,0.006009440716010173,22.382080078125
random_10pct_seed3,16,16380,"22,23,24,25,26,27,28,29,30,31",medical,0.9966942148760332,0.004048743376501108,0.9636363636363636,0.9398809523809523,0.0,0.6363636363636364,0.004842167606537662,23.104246139526367
random_10pct_seed3,17,16380,"22,23,24,25,26,27,28,29,30,31",medical,0.9966942148760332,0.004048743376501108,0.9545454545454547,0.927579365079365,0.0,0.6818181818181818,0.003948995117349807,23.6357421875
random_10pct_seed3,18,16380,"22,23,24,25,26,27,28,29,30,31",medical,0.9917355371900827,0.009053265413308541,0.9545454545454547,0.9078373015873016,0.0,0.6818181818181818,0.003275331534612902,24.241111755371094
random_10pct_seed3,19,16380,"22,23,24,25,26,27,28,29,30,31",medical,0.9900826446280991,0.009637937016273242,0.9545454545454547,0.91140873015873,0.0,0.6818181818181818,0.00287175041786214,24.941465377807617
random_10pct_seed3,20,16380,"22,23,24,25,26,27,28,29,30,31",medical,0.9867768595041323,0.009917355371900844,0.9545454545454547,0.9080357142857143,0.0,0.6818181818181818,0.0024477944973791965,25.896329879760742
random_10pct_seed3,21,16380,"22,23,24,25,26,27,28,29,30,31",medical,0.9851239669421487,0.008097486753002255,0.9545454545454547,0.9065476190476192,0.0,0.6818181818181818,0.0022484625885438314,26.62400245666504
random_10pct_seed3,22,16380,"22,23,24,25,26,27,28,29,30,31",medical,0.9818181818181818,0.01096404889373686,0.9545454545454547,0.9029761904761905,0.0,0.6818181818181818,0.0022224465430012996,27.314834594726562
random_10pct_seed3,23,16380,"22,23,24,25,26,27,28,29,30,31",medical,0.9752066115702478,0.01652892561983472,0.9454545454545455,0.897420634920635,0.0,0.6818181818181818,0.0022904445060900613,27.976451873779297
random_10pct_seed3,24,16380,"22,23,24,25,26,27,28,29,30,31",medical,0.9735537190082644,0.01685626285485219,0.9454545454545455,0.9009920634920635,0.0,0.6818181818181818,0.0023946161261494403,28.43549919128418
random_10pct_seed3,25,16380,"22,23,24,25,26,27,28,29,30,31",medical,0.971900826446281,0.017802197709535568,0.9363636363636363,0.897420634920635,0.0,0.6818181818181818,0.0026087114685228174,28.934097290039062
random_10pct_seed3,26,16380,"22,23,24,25,26,27,28,29,30,31",medical,0.9702479338842975,0.019971976815858807,0.9363636363636363,0.8938492063492064,0.0,0.6818181818181818,0.0027315601233530717,29.411848068237305
random_10pct_seed3,27,16380,"22,23,24,25,26,27,28,29,30,31",medical,0.9652892561983469,0.019133614715355764,0.9272727272727274,0.8882936507936507,0.0,0.6818181818181818,0.0028194563660571825,29.923643112182617
random_10pct_seed3,28,16380,"22,23,24,25,26,27,28,29,30,31",medical,0.9586776859504132,0.017335683440828947,0.9272727272727274,0.8848214285714285,0.0,0.6818181818181818,0.0030853509401355117,30.766042709350586
random_10pct_seed3,29,16380,"22,23,24,25,26,27,28,29,30,31",medical,0.9586776859504132,0.020907620893675254,0.9272727272727274,0.8848214285714285,0.0,0.6818181818181818,0.0033250016399130056,31.35376739501953
random_10pct_seed3,30,16380,"22,23,24,25,26,27,28,29,30,31",medical,0.9603305785123967,0.019834710743801675,0.9181818181818182,0.8776785714285714,0.0,0.7272727272727273,0.003875581725868993,32.248809814453125
random_10pct_seed3,31,16380,"22,23,24,25,26,27,28,29,30,31",medical,0.9570247933884298,0.020511857266100594,0.9272727272727274,0.871031746031746,0.0,0.6818181818181818,0.013340963392096561,35.94202423095703
random_10pct_seed4,0,16380,"22,23,24,25,26,27,28,29,30,31",medical,0.947107438016529,0.04574661984495222,0.8545454545454547,0.6731150793650794,0.0,0.45454545454545453,0.01529820473983401,8.336723327636719
random_10pct_seed4,1,16380,"22,23,24,25,26,27,28,29,30,31",medical,0.9322314049586776,0.042592061906529304,0.8272727272727272,0.7471230158730159,0.0,0.36363636363636365,0.014518492374271053,9.71576976776123
random_10pct_seed4,2,16380,"22,23,24,25,26,27,28,29,30,31",medical,0.9537190082644628,0.0341153180835542,0.8818181818181818,0.8129960317460317,0.0,0.5,0.020112271531067094,12.685179710388184
random_10pct_seed4,3,16380,"22,23,24,25,26,27,28,29,30,31",medical,0.971900826446281,0.02484842376590565,0.9,0.8351190476190476,0.0,0.5454545454545454,0.026908438094523035,14.330023765563965
random_10pct_seed4,4,16380,"22,23,24,25,26,27,28,29,30,31",medical,0.9900826446280993,0.012146230129503405,0.9545454545454545,0.8902777777777778,0.0,0.5454545454545454,0.025344117951586198,16.12894058227539
random_10pct_seed4,5,16380,"22,23,24,25,26,27,28,29,30,31",medical,0.9966942148760332,0.004048743376501108,0.9636363636363636,0.9086309523809525,0.0,0.5909090909090909,0.021458719925575465,16.921388626098633
random_10pct_seed4,6,16380,"22,23,24,25,26,27,28,29,30,31",medical,0.9933884297520661,0.009637937016273234,0.9818181818181818,0.9315476190476192,0.0,0.5909090909090909,0.020850126502852895,18.222009658813477
random_10pct_seed4,7,16380,"22,23,24,25,26,27,28,29,30,31",medical,0.9933884297520661,0.009637937016273234,0.9727272727272727,0.9315476190476192,0.0,0.6363636363636364,0.018854741410615605,18.767370223999023
random_10pct_seed4,8,16380,"22,23,24,25,26,27,28,29,30,31",medical,0.9917355371900827,0.01280325073126419,0.9636363636363636,0.9325396825396826,0.0,0.6818181818181818,0.017875626888927854,19.54151153564453
random_10pct_seed4,9,16380,"22,23,24,25,26,27,28,29,30,31",medical,0.9950413223140497,0.006611570247933901,0.9636363636363636,0.926984126984127,0.0,0.6818181818181818,0.013997373361187337,20.225017547607422
random_10pct_seed4,10,16380,"22,23,24,25,26,27,28,29,30,31",medical,0.9950413223140497,0.006611570247933901,0.9545454545454547,0.9274801587301587,0.0,0.6818181818181818,0.012370944751782131,20.44523048400879
random_10pct_seed4,11,16380,"22,23,24,25,26,27,28,29,30,31",medical,0.9983471074380166,0.0033057851239669312,0.9636363636363636,0.9394841269841271,0.0,0.6818181818181818,0.011022211157990736,20.707603454589844
random_10pct_seed4,12,16380,"22,23,24,25,26,27,28,29,30,31",medical,0.9966942148760332,0.004048743376501108,0.9727272727272727,0.9369047619047619,0.0,0.6818181818181818,0.00986681963023861,21.17929458618164
random_10pct_seed4,13,16380,"22,23,24,25,26,27,28,29,30,31",medical,0.9966942148760332,0.004048743376501108,0.9636363636363636,0.9383928571428571,0.0,0.6818181818181818,0.008543325997925733,21.566326141357422
random_10pct_seed4,14,16380,"22,23,24,25,26,27,28,29,30,31",medical,0.9966942148760332,0.004048743376501108,0.9636363636363636,0.9423611111111112,0.0,0.6363636363636364,0.007488700939933479,21.963773727416992
random_10pct_seed4,15,16380,"22,23,24,25,26,27,28,29,30,31",medical,0.9966942148760332,0.004048743376501108,0.9636363636363636,0.9403769841269841,0.0,0.6363636363636364,0.006009440716010173,22.382080078125
random_10pct_seed4,16,16380,"22,23,24,25,26,27,28,29,30,31",medical,0.9966942148760332,0.004048743376501108,0.9636363636363636,0.9398809523809523,0.0,0.6363636363636364,0.004842167606537662,23.104246139526367
random_10pct_seed4,17,16380,"22,23,24,25,26,27,28,29,30,31",medical,0.9966942148760332,0.004048743376501108,0.9545454545454547,0.927579365079365,0.0,0.6818181818181818,0.003948995117349807,23.6357421875
random_10pct_seed4,18,16380,"22,23,24,25,26,27,28,29,30,31",medical,0.9917355371900827,0.009053265413308541,0.9545454545454547,0.9078373015873016,0.0,0.6818181818181818,0.003275331534612902,24.241111755371094
random_10pct_seed4,19,16380,"22,23,24,25,26,27,28,29,30,31",medical,0.9900826446280991,0.009637937016273242,0.9545454545454547,0.91140873015873,0.0,0.6818181818181818,0.00287175041786214,24.941465377807617
random_10pct_seed4,20,16380,"22,23,24,25,26,27,28,29,30,31",medical,0.9867768595041323,0.009917355371900844,0.9545454545454547,0.9080357142857143,0.0,0.6818181818181818,0.0024477944973791965,25.896329879760742
random_10pct_seed4,21,16380,"22,23,24,25,26,27,28,29,30,31",medical,0.9851239669421487,0.008097486753002255,0.9545454545454547,0.9065476190476192,0.0,0.6818181818181818,0.0022484625885438314,26.62400245666504
random_10pct_seed4,22,16380,"22,23,24,25,26,27,28,29,30,31",medical,0.9834710743801652,0.010453810446837618,0.9545454545454547,0.9029761904761905,0.0,0.6818181818181818,0.002221603024113228,27.296144485473633
random_10pct_seed4,23,16380,"22,23,24,25,26,27,28,29,30,31",medical,0.9752066115702478,0.01652892561983472,0.9454545454545455,0.897420634920635,0.0,0.6818181818181818,0.002297997897081072,27.981060028076172
random_10pct_seed4,24,16380,"22,23,24,25,26,27,28,29,30,31",medical,0.9735537190082644,0.01685626285485219,0.9454545454545455,0.9029761904761904,0.0,0.6818181818181818,0.002389426215460011,28.352304458618164
random_10pct_seed4,25,16380,"22,23,24,25,26,27,28,29,30,31",medical,0.971900826446281,0.017802197709535568,0.9363636363636363,0.9029761904761904,0.0,0.6818181818181818,0.0025723351848757625,28.790607452392578
random_10pct_seed4,26,16380,"22,23,24,25,26,27,28,29,30,31",medical,0.9669421487603305,0.02024371688250562,0.9272727272727274,0.8924603174603175,0.0,0.6818181818181818,0.002688629658315511,29.252033233642578
random_10pct_seed4,27,16380,"22,23,24,25,26,27,28,29,30,31",medical,0.965289256198347,0.01764806322649806,0.9272727272727274,0.8904761904761905,0.0,0.6818181818181818,0.002773403910471983,29.78046417236328
random_10pct_seed4,28,16380,"22,23,24,25,26,27,28,29,30,31",medical,0.9586776859504132,0.017335683440828947,0.9272727272727274,0.8869047619047619,0.0,0.6818181818181818,0.0030364965589116943,30.649011611938477
random_10pct_seed4,29,16380,"22,23,24,25,26,27,28,29,30,31",medical,0.9603305785123967,0.019133614715355737,0.9181818181818182,0.8904761904761905,0.0,0.6818181818181818,0.0032711447597971732,31.186288833618164
random_10pct_seed4,30,16380,"22,23,24,25,26,27,28,29,30,31",medical,0.9603305785123967,0.019133614715355737,0.9181818181818182,0.8833333333333334,0.0,0.6818181818181818,0.003841652514452565,32.156673431396484
random_10pct_seed4,31,16380,"22,23,24,25,26,27,28,29,30,31",medical,0.9520661157024793,0.018405832604396745,0.9363636363636363,0.8680555555555556,0.0,0.6818181818181818,0.012714824790973744,35.74955368041992
clean,0,0,"22,23,24,25,26,27,28,29,30,31",legal,0.7278106508875739,0.07343002157391039,0.6846153846153846,,,,0.0095434986797992,7.054530620574951
clean,1,0,"22,23,24,25,26,27,28,29,30,31",legal,0.7680473372781066,0.05593515880755726,0.6923076923076923,,,,0.009923162252490902,8.512789726257324
clean,2,0,"22,23,24,25,26,27,28,29,30,31",legal,0.7739644970414201,0.04635066515400271,0.7384615384615385,,,,0.01149687202729921,10.99017333984375
clean,3,0,"22,23,24,25,26,27,28,29,30,31",legal,0.7798816568047338,0.04870796598167262,0.7384615384615385,,,,0.01480077958404824,13.337386131286621
clean,4,0,"22,23,24,25,26,27,28,29,30,31",legal,0.7940828402366864,0.040892668741233124,0.7538461538461538,,,,0.013583992859011795,13.892704010009766
clean,5,0,"22,23,24,25,26,27,28,29,30,31",legal,0.8437869822485208,0.04210756656723601,0.7538461538461538,,,,0.013373077147486256,14.998588562011719
clean,6,0,"22,23,24,25,26,27,28,29,30,31",legal,0.8650887573964496,0.047983751320031465,0.8,,,,0.013544002030381752,15.628641128540039
clean,7,0,"22,23,24,25,26,27,28,29,30,31",legal,0.8603550295857989,0.040755444633662895,0.7923076923076924,,,,0.012823179388516626,15.618762016296387
clean,8,0,"22,23,24,25,26,27,28,29,30,31",legal,0.8662721893491124,0.035423975259398235,0.7692307692307694,,,,0.011945082404504537,16.22882080078125
clean,9,0,"22,23,24,25,26,27,28,29,30,31",legal,0.8816568047337278,0.02775393940723921,0.7692307692307694,,,,0.008817905222713085,16.893482208251953
clean,10,0,"22,23,24,25,26,27,28,29,30,31",legal,0.8887573964497042,0.038783360019346624,0.776923076923077,,,,0.008208770543496446,17.307931900024414
clean,11,0,"22,23,24,25,26,27,28,29,30,31",legal,0.8840236686390532,0.02499255867685547,0.7846153846153846,,,,0.0075505670229060184,17.20674705505371
clean,12,0,"22,23,24,25,26,27,28,29,30,31",legal,0.8899408284023668,0.025546784786891034,0.7769230769230769,,,,0.006968854749601183,17.741838455200195
clean,13,0,"22,23,24,25,26,27,28,29,30,31",legal,0.8828402366863906,0.02708999560298127,0.7923076923076924,,,,0.006011056674863902,17.770559310913086
clean,14,0,"22,23,24,25,26,27,28,29,30,31",legal,0.8816568047337278,0.026986400594062473,0.7846153846153847,,,,0.00520749735940651,18.412668228149414
clean,15,0,"22,23,24,25,26,27,28,29,30,31",legal,0.8781065088757396,0.02001365032578436,0.7846153846153847,,,,0.00428809101297134,19.366222381591797
clean,16,0,"22,23,24,25,26,27,28,29,30,31",legal,0.8650887573964496,0.01848579804948322,0.776923076923077,,,,0.0032952340409712066,19.910797119140625
clean,17,0,"22,23,24,25,26,27,28,29,30,31",legal,0.8662721893491124,0.030540799764648404,0.7615384615384615,,,,0.002666689429186908,20.885868072509766
clean,18,0,"22,23,24,25,26,27,28,29,30,31",legal,0.8698224852071006,0.027753939407239248,0.7846153846153847,,,,0.002240933002871426,21.713790893554688
clean,19,0,"22,23,24,25,26,27,28,29,30,31",legal,0.8804733727810652,0.02436835536328286,0.7846153846153847,,,,0.0019632543053464957,22.601490020751953
clean,20,0,"22,23,24,25,26,27,28,29,30,31",legal,0.8745562130177514,0.02029163100530443,0.8,,,,0.0016737452063819713,23.094161987304688
clean,21,0,"22,23,24,25,26,27,28,29,30,31",legal,0.8698224852071006,0.02672565630919814,0.7846153846153847,,,,0.001538045489540285,23.436973571777344
clean,22,0,"22,23,24,25,26,27,28,29,30,31",legal,0.8781065088757396,0.02714164483119457,0.7846153846153846,,,,0.0015085023855910817,23.705684661865234
clean,23,0,"22,23,24,25,26,27,28,29,30,31",legal,0.8816568047337278,0.02698640059406243,0.7538461538461538,,,,0.0015453179695485986,23.86707305908203
clean,24,0,"22,23,24,25,26,27,28,29,30,31",legal,0.8733727810650886,0.03099597835197346,0.7615384615384616,,,,0.0016099912652578485,23.87601661682129
clean,25,0,"22,23,24,25,26,27,28,29,30,31",legal,0.8627218934911243,0.03397088779741378,0.7615384615384616,,,,0.001717322895703699,23.6331787109375
clean,26,0,"22,23,24,25,26,27,28,29,30,31",legal,0.8698224852071006,0.03429911655902829,0.7538461538461539,,,,0.0018247777154704048,23.727140426635742
clean,27,0,"22,23,24,25,26,27,28,29,30,31",legal,0.872189349112426,0.03401208961704123,0.7692307692307694,,,,0.0018748933214216557,23.784032821655273
clean,28,0,"22,23,24,25,26,27,28,29,30,31",legal,0.8591715976331361,0.023490453539975382,0.7615384615384615,,,,0.0020226478693637917,23.795827865600586
clean,29,0,"22,23,24,25,26,27,28,29,30,31",legal,0.8532544378698225,0.029798055176364913,0.7615384615384615,,,,0.002136297985855795,23.782987594604492
clean,30,0,"22,23,24,25,26,27,28,29,30,31",legal,0.8461538461538461,0.02922861310113247,0.7461538461538461,,,,0.0024816690049815904,23.832130432128906
clean,31,0,"22,23,24,25,26,27,28,29,30,31",legal,0.7869822485207101,0.0353051689708315,0.7153846153846153,,,,0.007728504931624025,24.710500717163086
affinity_5pct,0,8190,"22,23,24,25,26,27,28,29,30,31",legal,0.7278106508875739,0.07343002157391039,0.6846153846153846,,,,0.0095434986797992,7.054530620574951
affinity_5pct,1,8190,"22,23,24,25,26,27,28,29,30,31",legal,0.7680473372781066,0.05593515880755726,0.6923076923076923,,,,0.009923162252490902,8.512789726257324
affinity_5pct,2,8190,"22,23,24,25,26,27,28,29,30,31",legal,0.7739644970414201,0.04635066515400271,0.7384615384615385,,,,0.01149687202729921,10.99017333984375
affinity_5pct,3,8190,"22,23,24,25,26,27,28,29,30,31",legal,0.7798816568047338,0.04870796598167262,0.7384615384615385,,,,0.01480077958404824,13.337386131286621
affinity_5pct,4,8190,"22,23,24,25,26,27,28,29,30,31",legal,0.7940828402366864,0.040892668741233124,0.7538461538461538,,,,0.013583992859011795,13.892704010009766
affinity_5pct,5,8190,"22,23,24,25,26,27,28,29,30,31",legal,0.8437869822485208,0.04210756656723601,0.7538461538461538,,,,0.013373077147486256,14.998588562011719
affinity_5pct,6,8190,"22,23,24,25,26,27,28,29,30,31",legal,0.8650887573964496,0.047983751320031465,0.8,,,,0.013544002030381752,15.628641128540039
affinity_5pct,7,8190,"22,23,24,25,26,27,28,29,30,31",legal,0.8603550295857989,0.040755444633662895,0.7923076923076924,,,,0.012823179388516626,15.618762016296387
affinity_5pct,8,8190,"22,23,24,25,26,27,28,29,30,31",legal,0.8662721893491124,0.035423975259398235,0.7692307692307694,,,,0.011945082404504537,16.22882080078125
affinity_5pct,9,8190,"22,23,24,25,26,27,28,29,30,31",legal,0.8816568047337278,0.02775393940723921,0.7692307692307694,,,,0.008817905222713085,16.893482208251953
affinity_5pct,10,8190,"22,23,24,25,26,27,28,29,30,31",legal,0.8887573964497042,0.038783360019346624,0.776923076923077,,,,0.008208770543496446,17.307931900024414
affinity_5pct,11,8190,"22,23,24,25,26,27,28,29,30,31",legal,0.8840236686390532,0.02499255867685547,0.7846153846153846,,,,0.0075505670229060184,17.20674705505371
affinity_5pct,12,8190,"22,23,24,25,26,27,28,29,30,31",legal,0.8899408284023668,0.025546784786891034,0.7769230769230769,,,,0.006968854749601183,17.741838455200195
affinity_5pct,13,8190,"22,23,24,25,26,27,28,29,30,31",legal,0.8828402366863906,0.02708999560298127,0.7923076923076924,,,,0.006011056674863902,17.770559310913086
affinity_5pct,14,8190,"22,23,24,25,26,27,28,29,30,31",legal,0.8816568047337278,0.026986400594062473,0.7846153846153847,,,,0.00520749735940651,18.412668228149414
affinity_5pct,15,8190,"22,23,24,25,26,27,28,29,30,31",legal,0.8781065088757396,0.02001365032578436,0.7846153846153847,,,,0.00428809101297134,19.366222381591797
affinity_5pct,16,8190,"22,23,24,25,26,27,28,29,30,31",legal,0.8650887573964496,0.01848579804948322,0.776923076923077,,,,0.0032952340409712066,19.910797119140625
affinity_5pct,17,8190,"22,23,24,25,26,27,28,29,30,31",legal,0.8662721893491124,0.030540799764648404,0.7615384615384615,,,,0.002666689429186908,20.885868072509766
affinity_5pct,18,8190,"22,23,24,25,26,27,28,29,30,31",legal,0.8698224852071006,0.027753939407239248,0.7846153846153847,,,,0.002240933002871426,21.713790893554688
affinity_5pct,19,8190,"22,23,24,25,26,27,28,29,30,31",legal,0.8804733727810652,0.02436835536328286,0.7846153846153847,,,,0.0019632543053464957,22.601490020751953
affinity_5pct,20,8190,"22,23,24,25,26,27,28,29,30,31",legal,0.8745562130177514,0.02029163100530443,0.8,,,,0.0016737452063819713,23.094161987304688
affinity_5pct,21,8190,"22,23,24,25,26,27,28,29,30,31",legal,0.8698224852071006,0.02672565630919814,0.7846153846153847,,,,0.001538045489540285,23.436973571777344
affinity_5pct,22,8190,"22,23,24,25,26,27,28,29,30,31",legal,0.8781065088757396,0.02840236686390531,0.7846153846153846,,,,0.001500079488204964,23.715185165405273
affinity_5pct,23,8190,"22,23,24,25,26,27,28,29,30,31",legal,0.8816568047337278,0.028745462252049995,0.7615384615384615,,,,0.0015311105419754112,23.909608840942383
affinity_5pct,24,8190,"22,23,24,25,26,27,28,29,30,31",legal,0.8733727810650886,0.02960945799573209,0.7615384615384616,,,,0.0015903739561263786,23.899147033691406
affinity_5pct,25,8190,"22,23,24,25,26,27,28,29,30,31",legal,0.8650887573964496,0.03292408933312082,0.7615384615384616,,,,0.0016962048061270885,23.65463638305664
affinity_5pct,26,8190,"22,23,24,25,26,27,28,29,30,31",legal,0.8698224852071006,0.036857778703899266,0.7461538461538461,,,,0.0017922036945124953,23.71295738220215
affinity_5pct,27,8190,"22,23,24,25,26,27,28,29,30,31",legal,0.8698224852071006,0.031533520933666785,0.7615384615384615,,,,0.0018325427515692994,23.727352142333984
affinity_5pct,28,8190,"22,23,24,25,26,27,28,29,30,31",legal,0.8544378698224853,0.026089239863962853,0.7538461538461538,,,,0.001963928268879256,23.683713912963867
affinity_5pct,29,8190,"22,23,24,25,26,27,28,29,30,31",legal,0.855621301775148,0.03144456865227561,0.7461538461538461,,,,0.0020654290842364587,23.649084091186523
affinity_5pct,30,8190,"22,23,24,25,26,27,28,29,30,31",legal,0.8508875739644971,0.034785653151950424,0.7538461538461538,,,,0.0023770901825085344,23.605369567871094
affinity_5pct,31,8190,"22,23,24,25,26,27,28,29,30,31",legal,0.7881656804733728,0.037310965137122946,0.7076923076923076,,,,0.007422676974129905,24.406673431396484
coverage_5pct,0,8190,"22,23,24,25,26,27,28,29,30,31",legal,0.7278106508875739,0.07343002157391039,0.6846153846153846,,,,0.0095434986797992,7.054530620574951
coverage_5pct,1,8190,"22,23,24,25,26,27,28,29,30,31",legal,0.7680473372781066,0.05593515880755726,0.6923076923076923,,,,0.009923162252490902,8.512789726257324
coverage_5pct,2,8190,"22,23,24,25,26,27,28,29,30,31",legal,0.7739644970414201,0.04635066515400271,0.7384615384615385,,,,0.01149687202729921,10.99017333984375
coverage_5pct,3,8190,"22,23,24,25,26,27,28,29,30,31",legal,0.7798816568047338,0.04870796598167262,0.7384615384615385,,,,0.01480077958404824,13.337386131286621
coverage_5pct,4,8190,"22,23,24,25,26,27,28,29,30,31",legal,0.7940828402366864,0.040892668741233124,0.7538461538461538,,,,0.013583992859011795,13.892704010009766
coverage_5pct,5,8190,"22,23,24,25,26,27,28,29,30,31",legal,0.8437869822485208,0.04210756656723601,0.7538461538461538,,,,0.013373077147486256,14.998588562011719
coverage_5pct,6,8190,"22,23,24,25,26,27,28,29,30,31",legal,0.8650887573964496,0.047983751320031465,0.8,,,,0.013544002030381752,15.628641128540039
coverage_5pct,7,8190,"22,23,24,25,26,27,28,29,30,31",legal,0.8603550295857989,0.040755444633662895,0.7923076923076924,,,,0.012823179388516626,15.618762016296387
coverage_5pct,8,8190,"22,23,24,25,26,27,28,29,30,31",legal,0.8662721893491124,0.035423975259398235,0.7692307692307694,,,,0.011945082404504537,16.22882080078125
coverage_5pct,9,8190,"22,23,24,25,26,27,28,29,30,31",legal,0.8816568047337278,0.02775393940723921,0.7692307692307694,,,,0.008817905222713085,16.893482208251953
coverage_5pct,10,8190,"22,23,24,25,26,27,28,29,30,31",legal,0.8887573964497042,0.038783360019346624,0.776923076923077,,,,0.008208770543496446,17.307931900024414
coverage_5pct,11,8190,"22,23,24,25,26,27,28,29,30,31",legal,0.8840236686390532,0.02499255867685547,0.7846153846153846,,,,0.0075505670229060184,17.20674705505371
coverage_5pct,12,8190,"22,23,24,25,26,27,28,29,30,31",legal,0.8899408284023668,0.025546784786891034,0.7769230769230769,,,,0.006968854749601183,17.741838455200195
coverage_5pct,13,8190,"22,23,24,25,26,27,28,29,30,31",legal,0.8828402366863906,0.02708999560298127,0.7923076923076924,,,,0.006011056674863902,17.770559310913086
coverage_5pct,14,8190,"22,23,24,25,26,27,28,29,30,31",legal,0.8816568047337278,0.026986400594062473,0.7846153846153847,,,,0.00520749735940651,18.412668228149414
coverage_5pct,15,8190,"22,23,24,25,26,27,28,29,30,31",legal,0.8781065088757396,0.02001365032578436,0.7846153846153847,,,,0.00428809101297134,19.366222381591797
coverage_5pct,16,8190,"22,23,24,25,26,27,28,29,30,31",legal,0.8650887573964496,0.01848579804948322,0.776923076923077,,,,0.0032952340409712066,19.910797119140625
coverage_5pct,17,8190,"22,23,24,25,26,27,28,29,30,31",legal,0.8662721893491124,0.030540799764648404,0.7615384615384615,,,,0.002666689429186908,20.885868072509766
coverage_5pct,18,8190,"22,23,24,25,26,27,28,29,30,31",legal,0.8698224852071006,0.027753939407239248,0.7846153846153847,,,,0.002240933002871426,21.713790893554688
coverage_5pct,19,8190,"22,23,24,25,26,27,28,29,30,31",legal,0.8804733727810652,0.02436835536328286,0.7846153846153847,,,,0.0019632543053464957,22.601490020751953
coverage_5pct,20,8190,"22,23,24,25,26,27,28,29,30,31",legal,0.8745562130177514,0.02029163100530443,0.8,,,,0.0016737452063819713,23.094161987304688
coverage_5pct,21,8190,"22,23,24,25,26,27,28,29,30,31",legal,0.8698224852071006,0.02672565630919814,0.7846153846153847,,,,0.001538045489540285,23.436973571777344
coverage_5pct,22,8190,"22,23,24,25,26,27,28,29,30,31",legal,0.8804733727810652,0.02734726629181383,0.7769230769230769,,,,0.0015659172722286563,23.481048583984375
coverage_5pct,23,8190,"22,23,24,25,26,27,28,29,30,31",legal,0.8710059171597633,0.02683025810356128,0.7615384615384615,,,,0.0016375607446557083,23.50196075439453
coverage_5pct,24,8190,"22,23,24,25,26,27,28,29,30,31",legal,0.8686390532544379,0.02760213914719673,0.7615384615384615,,,,0.0017261396693966091,23.48488998413086
coverage_5pct,25,8190,"22,23,24,25,26,27,28,29,30,31",legal,0.8603550295857989,0.027398430539148474,0.7846153846153847,,,,0.0018394166439440474,23.237510681152344
coverage_5pct,26,8190,"22,23,24,25,26,27,28,29,30,31",legal,0.8615384615384617,0.038274465393600555,0.7615384615384617,,,,0.001958952128282898,23.3780517578125
coverage_5pct,27,8190,"22,23,24,25,26,27,28,29,30,31",legal,0.8615384615384615,0.037721603433157974,0.7615384615384615,,,,0.0020055081491778814,23.342920303344727
coverage_5pct,28,8190,"22,23,24,25,26,27,28,29,30,31",legal,0.8544378698224853,0.024992558676855493,0.7461538461538462,,,,0.002154647979504931,23.343524932861328
coverage_5pct,29,8190,"22,23,24,25,26,27,28,29,30,31",legal,0.8449704142011834,0.028842739898115827,0.7538461538461538,,,,0.0022762407880184687,23.31658172607422
coverage_5pct,30,8190,"22,23,24,25,26,27,28,29,30,31",legal,0.829585798816568,0.03985197216682305,0.7076923076923076,,,,0.0026199694160746745,23.55316925048828
coverage_5pct,31,8190,"22,23,24,25,26,27,28,29,30,31",legal,0.8118343195266272,0.03967586890944426,0.7,,,,0.003876191255876904,23.760807037353516
mass_5pct,0,8190,"22,23,24,25,26,27,28,29,30,31",legal,0.7278106508875739,0.07343002157391039,0.6846153846153846,,,,0.0095434986797992,7.054530620574951
mass_5pct,1,8190,"22,23,24,25,26,27,28,29,30,31",legal,0.7680473372781066,0.05593515880755726,0.6923076923076923,,,,0.009923162252490902,8.512789726257324
mass_5pct,2,8190,"22,23,24,25,26,27,28,29,30,31",legal,0.7739644970414201,0.04635066515400271,0.7384615384615385,,,,0.01149687202729921,10.99017333984375
mass_5pct,3,8190,"22,23,24,25,26,27,28,29,30,31",legal,0.7798816568047338,0.04870796598167262,0.7384615384615385,,,,0.01480077958404824,13.337386131286621
mass_5pct,4,8190,"22,23,24,25,26,27,28,29,30,31",legal,0.7940828402366864,0.040892668741233124,0.7538461538461538,,,,0.013583992859011795,13.892704010009766
mass_5pct,5,8190,"22,23,24,25,26,27,28,29,30,31",legal,0.8437869822485208,0.04210756656723601,0.7538461538461538,,,,0.013373077147486256,14.998588562011719
mass_5pct,6,8190,"22,23,24,25,26,27,28,29,30,31",legal,0.8650887573964496,0.047983751320031465,0.8,,,,0.013544002030381752,15.628641128540039
mass_5pct,7,8190,"22,23,24,25,26,27,28,29,30,31",legal,0.8603550295857989,0.040755444633662895,0.7923076923076924,,,,0.012823179388516626,15.618762016296387
mass_5pct,8,8190,"22,23,24,25,26,27,28,29,30,31",legal,0.8662721893491124,0.035423975259398235,0.7692307692307694,,,,0.011945082404504537,16.22882080078125
mass_5pct,9,8190,"22,23,24,25,26,27,28,29,30,31",legal,0.8816568047337278,0.02775393940723921,0.7692307692307694,,,,0.008817905222713085,16.893482208251953
mass_5pct,10,8190,"22,23,24,25,26,27,28,29,30,31",legal,0.8887573964497042,0.038783360019346624,0.776923076923077,,,,0.008208770543496446,17.307931900024414
mass_5pct,11,8190,"22,23,24,25,26,27,28,29,30,31",legal,0.8840236686390532,0.02499255867685547,0.7846153846153846,,,,0.0075505670229060184,17.20674705505371
mass_5pct,12,8190,"22,23,24,25,26,27,28,29,30,31",legal,0.8899408284023668,0.025546784786891034,0.7769230769230769,,,,0.006968854749601183,17.741838455200195
mass_5pct,13,8190,"22,23,24,25,26,27,28,29,30,31",legal,0.8828402366863906,0.02708999560298127,0.7923076923076924,,,,0.006011056674863902,17.770559310913086
mass_5pct,14,8190,"22,23,24,25,26,27,28,29,30,31",legal,0.8816568047337278,0.026986400594062473,0.7846153846153847,,,,0.00520749735940651,18.412668228149414
mass_5pct,15,8190,"22,23,24,25,26,27,28,29,30,31",legal,0.8781065088757396,0.02001365032578436,0.7846153846153847,,,,0.00428809101297134,19.366222381591797
mass_5pct,16,8190,"22,23,24,25,26,27,28,29,30,31",legal,0.8650887573964496,0.01848579804948322,0.776923076923077,,,,0.0032952340409712066,19.910797119140625
mass_5pct,17,8190,"22,23,24,25,26,27,28,29,30,31",legal,0.8662721893491124,0.030540799764648404,0.7615384615384615,,,,0.002666689429186908,20.885868072509766
mass_5pct,18,8190,"22,23,24,25,26,27,28,29,30,31",legal,0.8698224852071006,0.027753939407239248,0.7846153846153847,,,,0.002240933002871426,21.713790893554688
mass_5pct,19,8190,"22,23,24,25,26,27,28,29,30,31",legal,0.8804733727810652,0.02436835536328286,0.7846153846153847,,,,0.0019632543053464957,22.601490020751953
mass_5pct,20,8190,"22,23,24,25,26,27,28,29,30,31",legal,0.8745562130177514,0.02029163100530443,0.8,,,,0.0016737452063819713,23.094161987304688
mass_5pct,21,8190,"22,23,24,25,26,27,28,29,30,31",legal,0.8698224852071006,0.02672565630919814,0.7846153846153847,,,,0.001538045489540285,23.436973571777344
mass_5pct,22,8190,"22,23,24,25,26,27,28,29,30,31",legal,0.8769230769230768,0.027602139147196666,0.7846153846153846,,,,0.0015619252364295066,23.472848892211914
mass_5pct,23,8190,"22,23,24,25,26,27,28,29,30,31",legal,0.8686390532544379,0.028353014321209354,0.7846153846153847,,,,0.0016300354512578386,23.47930335998535
mass_5pct,24,8190,"22,23,24,25,26,27,28,29,30,31",legal,0.8627218934911243,0.02349045353997543,0.7769230769230768,,,,0.0017294887593373165,23.45836639404297
mass_5pct,25,8190,"22,23,24,25,26,27,28,29,30,31",legal,0.8674556213017752,0.03099597835197353,0.7846153846153847,,,,0.0018451237136767329,23.14362335205078
mass_5pct,26,8190,"22,23,24,25,26,27,28,29,30,31",legal,0.8745562130177514,0.03206205250684988,0.8,,,,0.001969306947986138,23.261878967285156
mass_5pct,27,8190,"22,23,24,25,26,27,28,29,30,31",legal,0.8757396449704142,0.03871107037584885,0.7846153846153847,,,,0.0020248436371818057,23.259511947631836
mass_5pct,28,8190,"22,23,24,25,26,27,28,29,30,31",legal,0.8710059171597633,0.030723680439638287,0.7692307692307694,,,,0.0021685185699282794,23.22823143005371
mass_5pct,29,8190,"22,23,24,25,26,27,28,29,30,31",legal,0.8568047337278106,0.04635066515400271,0.7615384615384615,,,,0.002285983100507427,23.16860580444336
mass_5pct,30,8190,"22,23,24,25,26,27,28,29,30,31",legal,0.8497041420118343,0.0481585560931972,0.7230769230769232,,,,0.0026381742179800716,23.392290115356445
mass_5pct,31,8190,"22,23,24,25,26,27,28,29,30,31",legal,0.8390532544378699,0.042570664493739585,0.7461538461538462,,,,0.0039471662587358125,23.62190818786621
random_5pct_seed0,0,8190,"22,23,24,25,26,27,28,29,30,31",legal,0.7278106508875739,0.07343002157391039,0.6846153846153846,,,,0.0095434986797992,7.054530620574951
random_5pct_seed0,1,8190,"22,23,24,25,26,27,28,29,30,31",legal,0.7680473372781066,0.05593515880755726,0.6923076923076923,,,,0.009923162252490902,8.512789726257324
random_5pct_seed0,2,8190,"22,23,24,25,26,27,28,29,30,31",legal,0.7739644970414201,0.04635066515400271,0.7384615384615385,,,,0.01149687202729921,10.99017333984375
random_5pct_seed0,3,8190,"22,23,24,25,26,27,28,29,30,31",legal,0.7798816568047338,0.04870796598167262,0.7384615384615385,,,,0.01480077958404824,13.337386131286621
random_5pct_seed0,4,8190,"22,23,24,25,26,27,28,29,30,31",legal,0.7940828402366864,0.040892668741233124,0.7538461538461538,,,,0.013583992859011795,13.892704010009766
random_5pct_seed0,5,8190,"22,23,24,25,26,27,28,29,30,31",legal,0.8437869822485208,0.04210756656723601,0.7538461538461538,,,,0.013373077147486256,14.998588562011719
random_5pct_seed0,6,8190,"22,23,24,25,26,27,28,29,30,31",legal,0.8650887573964496,0.047983751320031465,0.8,,,,0.013544002030381752,15.628641128540039
random_5pct_seed0,7,8190,"22,23,24,25,26,27,28,29,30,31",legal,0.8603550295857989,0.040755444633662895,0.7923076923076924,,,,0.012823179388516626,15.618762016296387
random_5pct_seed0,8,8190,"22,23,24,25,26,27,28,29,30,31",legal,0.8662721893491124,0.035423975259398235,0.7692307692307694,,,,0.011945082404504537,16.22882080078125
random_5pct_seed0,9,8190,"22,23,24,25,26,27,28,29,30,31",legal,0.8816568047337278,0.02775393940723921,0.7692307692307694,,,,0.008817905222713085,16.893482208251953
random_5pct_seed0,10,8190,"22,23,24,25,26,27,28,29,30,31",legal,0.8887573964497042,0.038783360019346624,0.776923076923077,,,,0.008208770543496446,17.307931900024414
random_5pct_seed0,11,8190,"22,23,24,25,26,27,28,29,30,31",legal,0.8840236686390532,0.02499255867685547,0.7846153846153846,,,,0.0075505670229060184,17.20674705505371
random_5pct_seed0,12,8190,"22,23,24,25,26,27,28,29,30,31",legal,0.8899408284023668,0.025546784786891034,0.7769230769230769,,,,0.006968854749601183,17.741838455200195
random_5pct_seed0,13,8190,"22,23,24,25,26,27,28,29,30,31",legal,0.8828402366863906,0.02708999560298127,0.7923076923076924,,,,0.006011056674863902,17.770559310913086
random_5pct_seed0,14,8190,"22,23,24,25,26,27,28,29,30,31",legal,0.8816568047337278,0.026986400594062473,0.7846153846153847,,,,0.00520749735940651,18.412668228149414
random_5pct_seed0,15,8190,"22,23,24,25,26,27,28,29,30,31",legal,0.8781065088757396,0.02001365032578436,0.7846153846153847,,,,0.00428809101297134,19.366222381591797
random_5pct_seed0,16,8190,"22,23,24,25,26,27,28,29,30,31",legal,0.8650887573964496,0.01848579804948322,0.776923076923077,,,,0.0032952340409712066,19.910797119140625
random_5pct_seed0,17,8190,"22,23,24,25,26,27,28,29,30,31",legal,0.8662721893491124,0.030540799764648404,0.7615384615384615,,,,0.002666689429186908,20.885868072509766
random_5pct_seed0,18,8190,"22,23,24,25,26,27,28,29,30,31",legal,0.8698224852071006,0.027753939407239248,0.7846153846153847,,,,0.002240933002871426,21.713790893554688
random_5pct_seed0,19,8190,"22,23,24,25,26,27,28,29,30,31",legal,0.8804733727810652,0.02436835536328286,0.7846153846153847,,,,0.0019632543053464957,22.601490020751953
random_5pct_seed0,20,8190,"22,23,24,25,26,27,28,29,30,31",legal,0.8745562130177514,0.02029163100530443,0.8,,,,0.0016737452063819713,23.094161987304688
random_5pct_seed0,21,8190,"22,23,24,25,26,27,28,29,30,31",legal,0.8698224852071006,0.02672565630919814,0.7846153846153847,,,,0.001538045489540285,23.436973571777344
random_5pct_seed0,22,8190,"22,23,24,25,26,27,28,29,30,31",legal,0.8781065088757396,0.027398430539148463,0.7846153846153846,,,,0.00150570699047059,23.69247055053711
random_5pct_seed0,23,8190,"22,23,24,25,26,27,28,29,30,31",legal,0.8828402366863906,0.025215710949896473,0.7615384615384615,,,,0.0015418611338796628,23.85991096496582
random_5pct_seed0,24,8190,"22,23,24,25,26,27,28,29,30,31",legal,0.8733727810650886,0.02815473906123154,0.7615384615384616,,,,0.0016013232094099772,23.807966232299805
random_5pct_seed0,25,8190,"22,23,24,25,26,27,28,29,30,31",legal,0.8733727810650886,0.03275349704875278,0.7615384615384616,,,,0.0017166880308390198,23.574132919311523
random_5pct_seed0,26,8190,"22,23,24,25,26,27,28,29,30,31",legal,0.876923076923077,0.03184289715283717,0.7692307692307693,,,,0.0018215616026652226,23.643091201782227
random_5pct_seed0,27,8190,"22,23,24,25,26,27,28,29,30,31",legal,0.8781065088757398,0.03482589105221813,0.776923076923077,,,,0.0018679525164481126,23.662309646606445
random_5pct_seed0,28,8190,"22,23,24,25,26,27,28,29,30,31",legal,0.8627218934911243,0.028353014321209343,0.776923076923077,,,,0.0020023717486999937,23.592609405517578
random_5pct_seed0,29,8190,"22,23,24,25,26,27,28,29,30,31",legal,0.8603550295857987,0.03275349704875282,0.7538461538461538,,,,0.002111158590003104,23.585729598999023
random_5pct_seed0,30,8190,"22,23,24,25,26,27,28,29,30,31",legal,0.8473372781065089,0.036933695939236066,0.7538461538461538,,,,0.0024433326533279676,23.550806045532227
random_5pct_seed0,31,8190,"22,23,24,25,26,27,28,29,30,31",legal,0.7976331360946745,0.034176400185073744,0.7076923076923076,,,,0.007516550483288698,24.282997131347656
random_5pct_seed1,0,8190,"22,23,24,25,26,27,28,29,30,31",legal,0.7278106508875739,0.07343002157391039,0.6846153846153846,,,,0.0095434986797992,7.054530620574951
random_5pct_seed1,1,8190,"22,23,24,25,26,27,28,29,30,31",legal,0.7680473372781066,0.05593515880755726,0.6923076923076923,,,,0.009923162252490902,8.512789726257324
random_5pct_seed1,2,8190,"22,23,24,25,26,27,28,29,30,31",legal,0.7739644970414201,0.04635066515400271,0.7384615384615385,,,,0.01149687202729921,10.99017333984375
random_5pct_seed1,3,8190,"22,23,24,25,26,27,28,29,30,31",legal,0.7798816568047338,0.04870796598167262,0.7384615384615385,,,,0.01480077958404824,13.337386131286621
random_5pct_seed1,4,8190,"22,23,24,25,26,27,28,29,30,31",legal,0.7940828402366864,0.040892668741233124,0.7538461538461538,,,,0.013583992859011795,13.892704010009766
random_5pct_seed1,5,8190,"22,23,24,25,26,27,28,29,30,31",legal,0.8437869822485208,0.04210756656723601,0.7538461538461538,,,,0.013373077147486256,14.998588562011719
random_5pct_seed1,6,8190,"22,23,24,25,26,27,28,29,30,31",legal,0.8650887573964496,0.047983751320031465,0.8,,,,0.013544002030381752,15.628641128540039
random_5pct_seed1,7,8190,"22,23,24,25,26,27,28,29,30,31",legal,0.8603550295857989,0.040755444633662895,0.7923076923076924,,,,0.012823179388516626,15.618762016296387
random_5pct_seed1,8,8190,"22,23,24,25,26,27,28,29,30,31",legal,0.8662721893491124,0.035423975259398235,0.7692307692307694,,,,0.011945082404504537,16.22882080078125
random_5pct_seed1,9,8190,"22,23,24,25,26,27,28,29,30,31",legal,0.8816568047337278,0.02775393940723921,0.7692307692307694,,,,0.008817905222713085,16.893482208251953
random_5pct_seed1,10,8190,"22,23,24,25,26,27,28,29,30,31",legal,0.8887573964497042,0.038783360019346624,0.776923076923077,,,,0.008208770543496446,17.307931900024414
random_5pct_seed1,11,8190,"22,23,24,25,26,27,28,29,30,31",legal,0.8840236686390532,0.02499255867685547,0.7846153846153846,,,,0.0075505670229060184,17.20674705505371
random_5pct_seed1,12,8190,"22,23,24,25,26,27,28,29,30,31",legal,0.8899408284023668,0.025546784786891034,0.7769230769230769,,,,0.006968854749601183,17.741838455200195
random_5pct_seed1,13,8190,"22,23,24,25,26,27,28,29,30,31",legal,0.8828402366863906,0.02708999560298127,0.7923076923076924,,,,0.006011056674863902,17.770559310913086
random_5pct_seed1,14,8190,"22,23,24,25,26,27,28,29,30,31",legal,0.8816568047337278,0.026986400594062473,0.7846153846153847,,,,0.00520749735940651,18.412668228149414
random_5pct_seed1,15,8190,"22,23,24,25,26,27,28,29,30,31",legal,0.8781065088757396,0.02001365032578436,0.7846153846153847,,,,0.00428809101297134,19.366222381591797
random_5pct_seed1,16,8190,"22,23,24,25,26,27,28,29,30,31",legal,0.8650887573964496,0.01848579804948322,0.776923076923077,,,,0.0032952340409712066,19.910797119140625
random_5pct_seed1,17,8190,"22,23,24,25,26,27,28,29,30,31",legal,0.8662721893491124,0.030540799764648404,0.7615384615384615,,,,0.002666689429186908,20.885868072509766
random_5pct_seed1,18,8190,"22,23,24,25,26,27,28,29,30,31",legal,0.8698224852071006,0.027753939407239248,0.7846153846153847,,,,0.002240933002871426,21.713790893554688
random_5pct_seed1,19,8190,"22,23,24,25,26,27,28,29,30,31",legal,0.8804733727810652,0.02436835536328286,0.7846153846153847,,,,0.0019632543053464957,22.601490020751953
random_5pct_seed1,20,8190,"22,23,24,25,26,27,28,29,30,31",legal,0.8745562130177514,0.02029163100530443,0.8,,,,0.0016737452063819713,23.094161987304688
random_5pct_seed1,21,8190,"22,23,24,25,26,27,28,29,30,31",legal,0.8698224852071006,0.02672565630919814,0.7846153846153847,,,,0.001538045489540285,23.436973571777344
random_5pct_seed1,22,8190,"22,23,24,25,26,27,28,29,30,31",legal,0.8781065088757396,0.025546784786890975,0.7846153846153846,,,,0.0015028318674108476,23.70509910583496
random_5pct_seed1,23,8190,"22,23,24,25,26,27,28,29,30,31",legal,0.8816568047337279,0.02149810902317746,0.7615384615384615,,,,0.0015376672548302883,23.895748138427734
random_5pct_seed1,24,8190,"22,23,24,25,26,27,28,29,30,31",legal,0.8745562130177514,0.029324288031630473,0.7615384615384616,,,,0.0016160767538592191,23.901643753051758
random_5pct_seed1,25,8190,"22,23,24,25,26,27,28,29,30,31",legal,0.8627218934911243,0.03577802711912653,0.7615384615384616,,,,0.001723020288464605,23.625322341918945
random_5pct_seed1,26,8190,"22,23,24,25,26,27,28,29,30,31",legal,0.872189349112426,0.03401208961704123,0.7615384615384616,,,,0.001824513657338711,23.740341186523438
random_5pct_seed1,27,8190,"22,23,24,25,26,27,28,29,30,31",legal,0.8674556213017752,0.030540799764648387,0.776923076923077,,,,0.0018744489993187674,23.80908203125
random_5pct_seed1,28,8190,"22,23,24,25,26,27,28,29,30,31",legal,0.855621301775148,0.025546784786891014,0.776923076923077,,,,0.0020080046432245924,23.74755096435547
random_5pct_seed1,29,8190,"22,23,24,25,26,27,28,29,30,31",legal,0.8508875739644971,0.030264406751584434,0.7461538461538461,,,,0.002120201436511815,23.744741439819336
random_5pct_seed1,30,8190,"22,23,24,25,26,27,28,29,30,31",legal,0.8449704142011836,0.03878336001934661,0.7384615384615384,,,,0.0024596052478100816,23.713409423828125
random_5pct_seed1,31,8190,"22,23,24,25,26,27,28,29,30,31",legal,0.7964497041420118,0.04638087086926727,0.7230769230769231,,,,0.007531314401394873,24.39605140686035
random_5pct_seed2,0,8190,"22,23,24,25,26,27,28,29,30,31",legal,0.7278106508875739,0.07343002157391039,0.6846153846153846,,,,0.0095434986797992,7.054530620574951
random_5pct_seed2,1,8190,"22,23,24,25,26,27,28,29,30,31",legal,0.7680473372781066,0.05593515880755726,0.6923076923076923,,,,0.009923162252490902,8.512789726257324
random_5pct_seed2,2,8190,"22,23,24,25,26,27,28,29,30,31",legal,0.7739644970414201,0.04635066515400271,0.7384615384615385,,,,0.01149687202729921,10.99017333984375
random_5pct_seed2,3,8190,"22,23,24,25,26,27,28,29,30,31",legal,0.7798816568047338,0.04870796598167262,0.7384615384615385,,,,0.01480077958404824,13.337386131286621
random_5pct_seed2,4,8190,"22,23,24,25,26,27,28,29,30,31",legal,0.7940828402366864,0.040892668741233124,0.7538461538461538,,,,0.013583992859011795,13.892704010009766
random_5pct_seed2,5,8190,"22,23,24,25,26,27,28,29,30,31",legal,0.8437869822485208,0.04210756656723601,0.7538461538461538,,,,0.013373077147486256,14.998588562011719
random_5pct_seed2,6,8190,"22,23,24,25,26,27,28,29,30,31",legal,0.8650887573964496,0.047983751320031465,0.8,,,,0.013544002030381752,15.628641128540039
random_5pct_seed2,7,8190,"22,23,24,25,26,27,28,29,30,31",legal,0.8603550295857989,0.040755444633662895,0.7923076923076924,,,,0.012823179388516626,15.618762016296387
random_5pct_seed2,8,8190,"22,23,24,25,26,27,28,29,30,31",legal,0.8662721893491124,0.035423975259398235,0.7692307692307694,,,,0.011945082404504537,16.22882080078125
random_5pct_seed2,9,8190,"22,23,24,25,26,27,28,29,30,31",legal,0.8816568047337278,0.02775393940723921,0.7692307692307694,,,,0.008817905222713085,16.893482208251953
random_5pct_seed2,10,8190,"22,23,24,25,26,27,28,29,30,31",legal,0.8887573964497042,0.038783360019346624,0.776923076923077,,,,0.008208770543496446,17.307931900024414
random_5pct_seed2,11,8190,"22,23,24,25,26,27,28,29,30,31",legal,0.8840236686390532,0.02499255867685547,0.7846153846153846,,,,0.0075505670229060184,17.20674705505371
random_5pct_seed2,12,8190,"22,23,24,25,26,27,28,29,30,31",legal,0.8899408284023668,0.025546784786891034,0.7769230769230769,,,,0.006968854749601183,17.741838455200195
random_5pct_seed2,13,8190,"22,23,24,25,26,27,28,29,30,31",legal,0.8828402366863906,0.02708999560298127,0.7923076923076924,,,,0.006011056674863902,17.770559310913086
random_5pct_seed2,14,8190,"22,23,24,25,26,27,28,29,30,31",legal,0.8816568047337278,0.026986400594062473,0.7846153846153847,,,,0.00520749735940651,18.412668228149414
random_5pct_seed2,15,8190,"22,23,24,25,26,27,28,29,30,31",legal,0.8781065088757396,0.02001365032578436,0.7846153846153847,,,,0.00428809101297134,19.366222381591797
random_5pct_seed2,16,8190,"22,23,24,25,26,27,28,29,30,31",legal,0.8650887573964496,0.01848579804948322,0.776923076923077,,,,0.0032952340409712066,19.910797119140625
random_5pct_seed2,17,8190,"22,23,24,25,26,27,28,29,30,31",legal,0.8662721893491124,0.030540799764648404,0.7615384615384615,,,,0.002666689429186908,20.885868072509766
random_5pct_seed2,18,8190,"22,23,24,25,26,27,28,29,30,31",legal,0.8698224852071006,0.027753939407239248,0.7846153846153847,,,,0.002240933002871426,21.713790893554688
random_5pct_seed2,19,8190,"22,23,24,25,26,27,28,29,30,31",legal,0.8804733727810652,0.02436835536328286,0.7846153846153847,,,,0.0019632543053464957,22.601490020751953
random_5pct_seed2,20,8190,"22,23,24,25,26,27,28,29,30,31",legal,0.8745562130177514,0.02029163100530443,0.8,,,,0.0016737452063819713,23.094161987304688
random_5pct_seed2,21,8190,"22,23,24,25,26,27,28,29,30,31",legal,0.8698224852071006,0.02672565630919814,0.7846153846153847,,,,0.001538045489540285,23.436973571777344
random_5pct_seed2,22,8190,"22,23,24,25,26,27,28,29,30,31",legal,0.8757396449704142,0.026725656309198133,0.7846153846153846,,,,0.0015041826253403556,23.675922393798828
random_5pct_seed2,23,8190,"22,23,24,25,26,27,28,29,30,31",legal,0.8804733727810652,0.027854679990390086,0.7615384615384615,,,,0.0015484393275148056,23.924793243408203
random_5pct_seed2,24,8190,"22,23,24,25,26,27,28,29,30,31",legal,0.8745562130177514,0.0337641245389044,0.7615384615384616,,,,0.0016118283055830407,23.920024871826172
random_5pct_seed2,25,8190,"22,23,24,25,26,27,28,29,30,31",legal,0.8662721893491124,0.032538999017437904,0.7615384615384616,,,,0.0017238422006951026,23.71675682067871
random_5pct_seed2,26,8190,"22,23,24,25,26,27,28,29,30,31",legal,0.8674556213017752,0.033597797790718115,0.7692307692307694,,,,0.0018265910656937168,23.777587890625
random_5pct_seed2,27,8190,"22,23,24,25,26,27,28,29,30,31",legal,0.8698224852071006,0.031974570618003094,0.776923076923077,,,,0.0018664155832616158,23.766538619995117
random_5pct_seed2,28,8190,"22,23,24,25,26,27,28,29,30,31",legal,0.8603550295857989,0.026620643501069838,0.7615384615384615,,,,0.0020042437031410065,23.710912704467773
random_5pct_seed2,29,8190,"22,23,24,25,26,27,28,29,30,31",legal,0.855621301775148,0.03639895029403482,0.7538461538461538,,,,0.0021050936544705356,23.650602340698242
random_5pct_seed2,30,8190,"22,23,24,25,26,27,28,29,30,31",legal,0.842603550295858,0.03099597835197351,0.7461538461538462,,,,0.0024443631902318907,23.611854553222656
random_5pct_seed2,31,8190,"22,23,24,25,26,27,28,29,30,31",legal,0.7928994082840237,0.036667297952259564,0.7,,,,0.0074764266682755265,24.31597900390625
random_5pct_seed3,0,8190,"22,23,24,25,26,27,28,29,30,31",legal,0.7278106508875739,0.07343002157391039,0.6846153846153846,,,,0.0095434986797992,7.054530620574951
random_5pct_seed3,1,8190,"22,23,24,25,26,27,28,29,30,31",legal,0.7680473372781066,0.05593515880755726,0.6923076923076923,,,,0.009923162252490902,8.512789726257324
random_5pct_seed3,2,8190,"22,23,24,25,26,27,28,29,30,31",legal,0.7739644970414201,0.04635066515400271,0.7384615384615385,,,,0.01149687202729921,10.99017333984375
random_5pct_seed3,3,8190,"22,23,24,25,26,27,28,29,30,31",legal,0.7798816568047338,0.04870796598167262,0.7384615384615385,,,,0.01480077958404824,13.337386131286621
random_5pct_seed3,4,8190,"22,23,24,25,26,27,28,29,30,31",legal,0.7940828402366864,0.040892668741233124,0.7538461538461538,,,,0.013583992859011795,13.892704010009766
random_5pct_seed3,5,8190,"22,23,24,25,26,27,28,29,30,31",legal,0.8437869822485208,0.04210756656723601,0.7538461538461538,,,,0.013373077147486256,14.998588562011719
random_5pct_seed3,6,8190,"22,23,24,25,26,27,28,29,30,31",legal,0.8650887573964496,0.047983751320031465,0.8,,,,0.013544002030381752,15.628641128540039
random_5pct_seed3,7,8190,"22,23,24,25,26,27,28,29,30,31",legal,0.8603550295857989,0.040755444633662895,0.7923076923076924,,,,0.012823179388516626,15.618762016296387
random_5pct_seed3,8,8190,"22,23,24,25,26,27,28,29,30,31",legal,0.8662721893491124,0.035423975259398235,0.7692307692307694,,,,0.011945082404504537,16.22882080078125
random_5pct_seed3,9,8190,"22,23,24,25,26,27,28,29,30,31",legal,0.8816568047337278,0.02775393940723921,0.7692307692307694,,,,0.008817905222713085,16.893482208251953
random_5pct_seed3,10,8190,"22,23,24,25,26,27,28,29,30,31",legal,0.8887573964497042,0.038783360019346624,0.776923076923077,,,,0.008208770543496446,17.307931900024414
random_5pct_seed3,11,8190,"22,23,24,25,26,27,28,29,30,31",legal,0.8840236686390532,0.02499255867685547,0.7846153846153846,,,,0.0075505670229060184,17.20674705505371
random_5pct_seed3,12,8190,"22,23,24,25,26,27,28,29,30,31",legal,0.8899408284023668,0.025546784786891034,0.7769230769230769,,,,0.006968854749601183,17.741838455200195
random_5pct_seed3,13,8190,"22,23,24,25,26,27,28,29,30,31",legal,0.8828402366863906,0.02708999560298127,0.7923076923076924,,,,0.006011056674863902,17.770559310913086
random_5pct_seed3,14,8190,"22,23,24,25,26,27,28,29,30,31",legal,0.8816568047337278,0.026986400594062473,0.7846153846153847,,,,0.00520749735940651,18.412668228149414
random_5pct_seed3,15,8190,"22,23,24,25,26,27,28,29,30,31",legal,0.8781065088757396,0.02001365032578436,0.7846153846153847,,,,0.00428809101297134,19.366222381591797
random_5pct_seed3,16,8190,"22,23,24,25,26,27,28,29,30,31",legal,0.8650887573964496,0.01848579804948322,0.776923076923077,,,,0.0032952340409712066,19.910797119140625
random_5pct_seed3,17,8190,"22,23,24,25,26,27,28,29,30,31",legal,0.8662721893491124,0.030540799764648404,0.7615384615384615,,,,0.002666689429186908,20.885868072509766
random_5pct_seed3,18,8190,"22,23,24,25,26,27,28,29,30,31",legal,0.8698224852071006,0.027753939407239248,0.7846153846153847,,,,0.002240933002871426,21.713790893554688
random_5pct_seed3,19,8190,"22,23,24,25,26,27,28,29,30,31",legal,0.8804733727810652,0.02436835536328286,0.7846153846153847,,,,0.0019632543053464957,22.601490020751953
random_5pct_seed3,20,8190,"22,23,24,25,26,27,28,29,30,31",legal,0.8745562130177514,0.02029163100530443,0.8,,,,0.0016737452063819713,23.094161987304688
random_5pct_seed3,21,8190,"22,23,24,25,26,27,28,29,30,31",legal,0.8698224852071006,0.02672565630919814,0.7846153846153847,,,,0.001538045489540285,23.436973571777344
random_5pct_seed3,22,8190,"22,23,24,25,26,27,28,29,30,31",legal,0.875739644970414,0.02825405061849305,0.7846153846153846,,,,0.001502578350215833,23.689655303955078
random_5pct_seed3,23,8190,"22,23,24,25,26,27,28,29,30,31",legal,0.8828402366863906,0.02932428803163045,0.7615384615384616,,,,0.0015373627866588357,23.903152465820312
random_5pct_seed3,24,8190,"22,23,24,25,26,27,28,29,30,31",legal,0.8710059171597633,0.0331360946745562,0.7615384615384616,,,,0.0016009418337566972,23.879566192626953
random_5pct_seed3,25,8190,"22,23,24,25,26,27,28,29,30,31",legal,0.8650887573964496,0.0278546799903901,0.7615384615384616,,,,0.0017047916651289352,23.604928970336914
random_5pct_seed3,26,8190,"22,23,24,25,26,27,28,29,30,31",legal,0.8674556213017752,0.035423975259398256,0.7615384615384616,,,,0.001805518865298672,23.68866729736328
random_5pct_seed3,27,8190,"22,23,24,25,26,27,28,29,30,31",legal,0.8662721893491124,0.037160517084278304,0.7692307692307693,,,,0.0018542567298697188,23.730880737304688
random_5pct_seed3,28,8190,"22,23,24,25,26,27,28,29,30,31",legal,0.8520710059171599,0.028005111399288154,0.7538461538461537,,,,0.001995668627368774,23.682350158691406
random_5pct_seed3,29,8190,"22,23,24,25,26,27,28,29,30,31",legal,0.8532544378698226,0.027602139147196735,0.7538461538461538,,,,0.002105056569272179,23.67675018310547
random_5pct_seed3,30,8190,"22,23,24,25,26,27,28,29,30,31",legal,0.8437869822485208,0.030310647277788635,0.7384615384615384,,,,0.002441063425466017,23.596921920776367
random_5pct_seed3,31,8190,"22,23,24,25,26,27,28,29,30,31",legal,0.7976331360946747,0.02835301432120931,0.7307692307692308,,,,0.007598656313767993,24.272563934326172
random_5pct_seed4,0,8190,"22,23,24,25,26,27,28,29,30,31",legal,0.7278106508875739,0.07343002157391039,0.6846153846153846,,,,0.0095434986797992,7.054530620574951
random_5pct_seed4,1,8190,"22,23,24,25,26,27,28,29,30,31",legal,0.7680473372781066,0.05593515880755726,0.6923076923076923,,,,0.009923162252490902,8.512789726257324
random_5pct_seed4,2,8190,"22,23,24,25,26,27,28,29,30,31",legal,0.7739644970414201,0.04635066515400271,0.7384615384615385,,,,0.01149687202729921,10.99017333984375
random_5pct_seed4,3,8190,"22,23,24,25,26,27,28,29,30,31",legal,0.7798816568047338,0.04870796598167262,0.7384615384615385,,,,0.01480077958404824,13.337386131286621
random_5pct_seed4,4,8190,"22,23,24,25,26,27,28,29,30,31",legal,0.7940828402366864,0.040892668741233124,0.7538461538461538,,,,0.013583992859011795,13.892704010009766
random_5pct_seed4,5,8190,"22,23,24,25,26,27,28,29,30,31",legal,0.8437869822485208,0.04210756656723601,0.7538461538461538,,,,0.013373077147486256,14.998588562011719
random_5pct_seed4,6,8190,"22,23,24,25,26,27,28,29,30,31",legal,0.8650887573964496,0.047983751320031465,0.8,,,,0.013544002030381752,15.628641128540039
random_5pct_seed4,7,8190,"22,23,24,25,26,27,28,29,30,31",legal,0.8603550295857989,0.040755444633662895,0.7923076923076924,,,,0.012823179388516626,15.618762016296387
random_5pct_seed4,8,8190,"22,23,24,25,26,27,28,29,30,31",legal,0.8662721893491124,0.035423975259398235,0.7692307692307694,,,,0.011945082404504537,16.22882080078125
random_5pct_seed4,9,8190,"22,23,24,25,26,27,28,29,30,31",legal,0.8816568047337278,0.02775393940723921,0.7692307692307694,,,,0.008817905222713085,16.893482208251953
random_5pct_seed4,10,8190,"22,23,24,25,26,27,28,29,30,31",legal,0.8887573964497042,0.038783360019346624,0.776923076923077,,,,0.008208770543496446,17.307931900024414
random_5pct_seed4,11,8190,"22,23,24,25,26,27,28,29,30,31",legal,0.8840236686390532,0.02499255867685547,0.7846153846153846,,,,0.0075505670229060184,17.20674705505371
random_5pct_seed4,12,8190,"22,23,24,25,26,27,28,29,30,31",legal,0.8899408284023668,0.025546784786891034,0.7769230769230769,,,,0.006968854749601183,17.741838455200195
random_5pct_seed4,13,8190,"22,23,24,25,26,27,28,29,30,31",legal,0.8828402366863906,0.02708999560298127,0.7923076923076924,,,,0.006011056674863902,17.770559310913086
random_5pct_seed4,14,8190,"22,23,24,25,26,27,28,29,30,31",legal,0.8816568047337278,0.026986400594062473,0.7846153846153847,,,,0.00520749735940651,18.412668228149414
random_5pct_seed4,15,8190,"22,23,24,25,26,27,28,29,30,31",legal,0.8781065088757396,0.02001365032578436,0.7846153846153847,,,,0.00428809101297134,19.366222381591797
random_5pct_seed4,16,8190,"22,23,24,25,26,27,28,29,30,31",legal,0.8650887573964496,0.01848579804948322,0.776923076923077,,,,0.0032952340409712066,19.910797119140625
random_5pct_seed4,17,8190,"22,23,24,25,26,27,28,29,30,31",legal,0.8662721893491124,0.030540799764648404,0.7615384615384615,,,,0.002666689429186908,20.885868072509766
random_5pct_seed4,18,8190,"22,23,24,25,26,27,28,29,30,31",legal,0.8698224852071006,0.027753939407239248,0.7846153846153847,,,,0.002240933002871426,21.713790893554688
random_5pct_seed4,19,8190,"22,23,24,25,26,27,28,29,30,31",legal,0.8804733727810652,0.02436835536328286,0.7846153846153847,,,,0.0019632543053464957,22.601490020751953
random_5pct_seed4,20,8190,"22,23,24,25,26,27,28,29,30,31",legal,0.8745562130177514,0.02029163100530443,0.8,,,,0.0016737452063819713,23.094161987304688
random_5pct_seed4,21,8190,"22,23,24,25,26,27,28,29,30,31",legal,0.8698224852071006,0.02672565630919814,0.7846153846153847,,,,0.001538045489540285,23.436973571777344
random_5pct_seed4,22,8190,"22,23,24,25,26,27,28,29,30,31",legal,0.8781065088757396,0.022947596958183797,0.7846153846153846,,,,0.0015114663221545976,23.747182846069336
random_5pct_seed4,23,8190,"22,23,24,25,26,27,28,29,30,31",legal,0.8840236686390532,0.026620643501069834,0.7538461538461538,,,,0.0015460476236391907,23.893207550048828
random_5pct_seed4,24,8190,"22,23,24,25,26,27,28,29,30,31",legal,0.8804733727810652,0.029324288031630473,0.7692307692307693,,,,0.0016066188511338897,23.879419326782227
random_5pct_seed4,25,8190,"22,23,24,25,26,27,28,29,30,31",legal,0.8662721893491124,0.037160517084278276,0.7615384615384616,,,,0.0017184616569002609,23.686464309692383
random_5pct_seed4,26,8190,"22,23,24,25,26,27,28,29,30,31",legal,0.8757396449704142,0.029467217983405278,0.7615384615384616,,,,0.0018204471458208582,23.76814079284668
random_5pct_seed4,27,8190,"22,23,24,25,26,27,28,29,30,31",legal,0.8745562130177514,0.030494908228935205,0.776923076923077,,,,0.0018683980030348435,23.82355308532715
random_5pct_seed4,28,8190,"22,23,24,25,26,27,28,29,30,31",legal,0.8603550295857989,0.026356281007479367,0.7615384615384616,,,,0.002005382061040506,23.789958953857422
random_5pct_seed4,29,8190,"22,23,24,25,26,27,28,29,30,31",legal,0.8591715976331361,0.028598925381288956,0.7538461538461537,,,,0.002110731056683135,23.740327835083008
random_5pct_seed4,30,8190,"22,23,24,25,26,27,28,29,30,31",legal,0.8449704142011834,0.03026440675158447,0.7538461538461537,,,,0.002447494747817802,23.69823455810547
random_5pct_seed4,31,8190,"22,23,24,25,26,27,28,29,30,31",legal,0.8,0.024079278046598557,0.7230769230769232,,,,0.007353533749665742,24.326704025268555
affinity_10pct,0,16380,"22,23,24,25,26,27,28,29,30,31",legal,0.7278106508875739,0.07343002157391039,0.6846153846153846,,,,0.0095434986797992,7.054530620574951
affinity_10pct,1,16380,"22,23,24,25,26,27,28,29,30,31",legal,0.7680473372781066,0.05593515880755726,0.6923076923076923,,,,0.009923162252490902,8.512789726257324
affinity_10pct,2,16380,"22,23,24,25,26,27,28,29,30,31",legal,0.7739644970414201,0.04635066515400271,0.7384615384615385,,,,0.01149687202729921,10.99017333984375
affinity_10pct,3,16380,"22,23,24,25,26,27,28,29,30,31",legal,0.7798816568047338,0.04870796598167262,0.7384615384615385,,,,0.01480077958404824,13.337386131286621
affinity_10pct,4,16380,"22,23,24,25,26,27,28,29,30,31",legal,0.7940828402366864,0.040892668741233124,0.7538461538461538,,,,0.013583992859011795,13.892704010009766
affinity_10pct,5,16380,"22,23,24,25,26,27,28,29,30,31",legal,0.8437869822485208,0.04210756656723601,0.7538461538461538,,,,0.013373077147486256,14.998588562011719
affinity_10pct,6,16380,"22,23,24,25,26,27,28,29,30,31",legal,0.8650887573964496,0.047983751320031465,0.8,,,,0.013544002030381752,15.628641128540039
affinity_10pct,7,16380,"22,23,24,25,26,27,28,29,30,31",legal,0.8603550295857989,0.040755444633662895,0.7923076923076924,,,,0.012823179388516626,15.618762016296387
affinity_10pct,8,16380,"22,23,24,25,26,27,28,29,30,31",legal,0.8662721893491124,0.035423975259398235,0.7692307692307694,,,,0.011945082404504537,16.22882080078125
affinity_10pct,9,16380,"22,23,24,25,26,27,28,29,30,31",legal,0.8816568047337278,0.02775393940723921,0.7692307692307694,,,,0.008817905222713085,16.893482208251953
affinity_10pct,10,16380,"22,23,24,25,26,27,28,29,30,31",legal,0.8887573964497042,0.038783360019346624,0.776923076923077,,,,0.008208770543496446,17.307931900024414
affinity_10pct,11,16380,"22,23,24,25,26,27,28,29,30,31",legal,0.8840236686390532,0.02499255867685547,0.7846153846153846,,,,0.0075505670229060184,17.20674705505371
affinity_10pct,12,16380,"22,23,24,25,26,27,28,29,30,31",legal,0.8899408284023668,0.025546784786891034,0.7769230769230769,,,,0.006968854749601183,17.741838455200195
affinity_10pct,13,16380,"22,23,24,25,26,27,28,29,30,31",legal,0.8828402366863906,0.02708999560298127,0.7923076923076924,,,,0.006011056674863902,17.770559310913086
affinity_10pct,14,16380,"22,23,24,25,26,27,28,29,30,31",legal,0.8816568047337278,0.026986400594062473,0.7846153846153847,,,,0.00520749735940651,18.412668228149414
affinity_10pct,15,16380,"22,23,24,25,26,27,28,29,30,31",legal,0.8781065088757396,0.02001365032578436,0.7846153846153847,,,,0.00428809101297134,19.366222381591797
affinity_10pct,16,16380,"22,23,24,25,26,27,28,29,30,31",legal,0.8650887573964496,0.01848579804948322,0.776923076923077,,,,0.0032952340409712066,19.910797119140625
affinity_10pct,17,16380,"22,23,24,25,26,27,28,29,30,31",legal,0.8662721893491124,0.030540799764648404,0.7615384615384615,,,,0.002666689429186908,20.885868072509766
affinity_10pct,18,16380,"22,23,24,25,26,27,28,29,30,31",legal,0.8698224852071006,0.027753939407239248,0.7846153846153847,,,,0.002240933002871426,21.713790893554688
affinity_10pct,19,16380,"22,23,24,25,26,27,28,29,30,31",legal,0.8804733727810652,0.02436835536328286,0.7846153846153847,,,,0.0019632543053464957,22.601490020751953
affinity_10pct,20,16380,"22,23,24,25,26,27,28,29,30,31",legal,0.8745562130177514,0.02029163100530443,0.8,,,,0.0016737452063819713,23.094161987304688
affinity_10pct,21,16380,"22,23,24,25,26,27,28,29,30,31",legal,0.8698224852071006,0.02672565630919814,0.7846153846153847,,,,0.001538045489540285,23.436973571777344
affinity_10pct,22,16380,"22,23,24,25,26,27,28,29,30,31",legal,0.8769230769230768,0.02908451059750178,0.7846153846153846,,,,0.0014918055153047005,23.7166805267334
affinity_10pct,23,16380,"22,23,24,25,26,27,28,29,30,31",legal,0.8804733727810652,0.02810495168529683,0.7538461538461538,,,,0.0015169801682979323,23.917234420776367
affinity_10pct,24,16380,"22,23,24,25,26,27,28,29,30,31",legal,0.8733727810650886,0.02960945799573209,0.7615384615384616,,,,0.001569164116589583,23.881711959838867
affinity_10pct,25,16380,"22,23,24,25,26,27,28,29,30,31",legal,0.8674556213017752,0.03099597835197347,0.7615384615384616,,,,0.0016668637196463054,23.632232666015625
affinity_10pct,26,16380,"22,23,24,25,26,27,28,29,30,31",legal,0.8721893491124261,0.03935689739246365,0.7538461538461537,,,,0.0017526938225514987,23.689247131347656
affinity_10pct,27,16380,"22,23,24,25,26,27,28,29,30,31",legal,0.8698224852071007,0.03761005581555197,0.7615384615384615,,,,0.001786425765864852,23.67720603942871
affinity_10pct,28,16380,"22,23,24,25,26,27,28,29,30,31",legal,0.862721893491124,0.030494908228935202,0.7461538461538462,,,,0.0018991239431030982,23.584068298339844
affinity_10pct,29,16380,"22,23,24,25,26,27,28,29,30,31",legal,0.854437869822485,0.02790491389953044,0.7461538461538462,,,,0.0019866043156215873,23.514482498168945
affinity_10pct,30,16380,"22,23,24,25,26,27,28,29,30,31",legal,0.8473372781065089,0.03313609467455619,0.7538461538461538,,,,0.0022697288557250728,23.315797805786133
affinity_10pct,31,16380,"22,23,24,25,26,27,28,29,30,31",legal,0.7822485207100592,0.03558176657603056,0.7076923076923076,,,,0.00705314744298946,23.957883834838867
coverage_10pct,0,16380,"22,23,24,25,26,27,28,29,30,31",legal,0.7278106508875739,0.07343002157391039,0.6846153846153846,,,,0.0095434986797992,7.054530620574951
coverage_10pct,1,16380,"22,23,24,25,26,27,28,29,30,31",legal,0.7680473372781066,0.05593515880755726,0.6923076923076923,,,,0.009923162252490902,8.512789726257324
coverage_10pct,2,16380,"22,23,24,25,26,27,28,29,30,31",legal,0.7739644970414201,0.04635066515400271,0.7384615384615385,,,,0.01149687202729921,10.99017333984375
coverage_10pct,3,16380,"22,23,24,25,26,27,28,29,30,31",legal,0.7798816568047338,0.04870796598167262,0.7384615384615385,,,,0.01480077958404824,13.337386131286621
coverage_10pct,4,16380,"22,23,24,25,26,27,28,29,30,31",legal,0.7940828402366864,0.040892668741233124,0.7538461538461538,,,,0.013583992859011795,13.892704010009766
coverage_10pct,5,16380,"22,23,24,25,26,27,28,29,30,31",legal,0.8437869822485208,0.04210756656723601,0.7538461538461538,,,,0.013373077147486256,14.998588562011719
coverage_10pct,6,16380,"22,23,24,25,26,27,28,29,30,31",legal,0.8650887573964496,0.047983751320031465,0.8,,,,0.013544002030381752,15.628641128540039
coverage_10pct,7,16380,"22,23,24,25,26,27,28,29,30,31",legal,0.8603550295857989,0.040755444633662895,0.7923076923076924,,,,0.012823179388516626,15.618762016296387
coverage_10pct,8,16380,"22,23,24,25,26,27,28,29,30,31",legal,0.8662721893491124,0.035423975259398235,0.7692307692307694,,,,0.011945082404504537,16.22882080078125
coverage_10pct,9,16380,"22,23,24,25,26,27,28,29,30,31",legal,0.8816568047337278,0.02775393940723921,0.7692307692307694,,,,0.008817905222713085,16.893482208251953
coverage_10pct,10,16380,"22,23,24,25,26,27,28,29,30,31",legal,0.8887573964497042,0.038783360019346624,0.776923076923077,,,,0.008208770543496446,17.307931900024414
coverage_10pct,11,16380,"22,23,24,25,26,27,28,29,30,31",legal,0.8840236686390532,0.02499255867685547,0.7846153846153846,,,,0.0075505670229060184,17.20674705505371
coverage_10pct,12,16380,"22,23,24,25,26,27,28,29,30,31",legal,0.8899408284023668,0.025546784786891034,0.7769230769230769,,,,0.006968854749601183,17.741838455200195
coverage_10pct,13,16380,"22,23,24,25,26,27,28,29,30,31",legal,0.8828402366863906,0.02708999560298127,0.7923076923076924,,,,0.006011056674863902,17.770559310913086
coverage_10pct,14,16380,"22,23,24,25,26,27,28,29,30,31",legal,0.8816568047337278,0.026986400594062473,0.7846153846153847,,,,0.00520749735940651,18.412668228149414
coverage_10pct,15,16380,"22,23,24,25,26,27,28,29,30,31",legal,0.8781065088757396,0.02001365032578436,0.7846153846153847,,,,0.00428809101297134,19.366222381591797
coverage_10pct,16,16380,"22,23,24,25,26,27,28,29,30,31",legal,0.8650887573964496,0.01848579804948322,0.776923076923077,,,,0.0032952340409712066,19.910797119140625
coverage_10pct,17,16380,"22,23,24,25,26,27,28,29,30,31",legal,0.8662721893491124,0.030540799764648404,0.7615384615384615,,,,0.002666689429186908,20.885868072509766
coverage_10pct,18,16380,"22,23,24,25,26,27,28,29,30,31",legal,0.8698224852071006,0.027753939407239248,0.7846153846153847,,,,0.002240933002871426,21.713790893554688
coverage_10pct,19,16380,"22,23,24,25,26,27,28,29,30,31",legal,0.8804733727810652,0.02436835536328286,0.7846153846153847,,,,0.0019632543053464957,22.601490020751953
coverage_10pct,20,16380,"22,23,24,25,26,27,28,29,30,31",legal,0.8745562130177514,0.02029163100530443,0.8,,,,0.0016737452063819713,23.094161987304688
coverage_10pct,21,16380,"22,23,24,25,26,27,28,29,30,31",legal,0.8698224852071006,0.02672565630919814,0.7846153846153847,,,,0.001538045489540285,23.436973571777344
coverage_10pct,22,16380,"22,23,24,25,26,27,28,29,30,31",legal,0.8781065088757396,0.029132623964712834,0.7692307692307693,,,,0.0015585335799931377,23.47849464416504
coverage_10pct,23,16380,"22,23,24,25,26,27,28,29,30,31",legal,0.8757396449704142,0.02245404255740864,0.7538461538461538,,,,0.00162839050857444,23.46269416809082
coverage_10pct,24,16380,"22,23,24,25,26,27,28,29,30,31",legal,0.8650887573964496,0.023190435434633658,0.7846153846153847,,,,0.001716899217030221,23.35769271850586
coverage_10pct,25,16380,"22,23,24,25,26,27,28,29,30,31",legal,0.8650887573964499,0.03334675219788257,0.7923076923076924,,,,0.0018221193165082195,23.088138580322266
coverage_10pct,26,16380,"22,23,24,25,26,27,28,29,30,31",legal,0.8674556213017752,0.0340120896170412,0.7846153846153847,,,,0.0019250387462526053,23.1143856048584
coverage_10pct,27,16380,"22,23,24,25,26,27,28,29,30,31",legal,0.8603550295857987,0.032105704062131465,0.7846153846153847,,,,0.001966260348290283,23.09703254699707
coverage_10pct,28,16380,"22,23,24,25,26,27,28,29,30,31",legal,0.8615384615384615,0.029609457995732082,0.7615384615384616,,,,0.0021113605102783817,23.152122497558594
coverage_10pct,29,16380,"22,23,24,25,26,27,28,29,30,31",legal,0.8449704142011834,0.026303089669695696,0.7615384615384616,,,,0.0022277516038342604,23.07172393798828
coverage_10pct,30,16380,"22,23,24,25,26,27,28,29,30,31",legal,0.8390532544378697,0.02349045353997539,0.7384615384615384,,,,0.0025741139016476344,23.30821990966797
coverage_10pct,31,16380,"22,23,24,25,26,27,28,29,30,31",legal,0.834319526627219,0.0201531199596762,0.7230769230769231,,,,0.003658773353641287,23.275453567504883
mass_10pct,0,16380,"22,23,24,25,26,27,28,29,30,31",legal,0.7278106508875739,0.07343002157391039,0.6846153846153846,,,,0.0095434986797992,7.054530620574951
mass_10pct,1,16380,"22,23,24,25,26,27,28,29,30,31",legal,0.7680473372781066,0.05593515880755726,0.6923076923076923,,,,0.009923162252490902,8.512789726257324
mass_10pct,2,16380,"22,23,24,25,26,27,28,29,30,31",legal,0.7739644970414201,0.04635066515400271,0.7384615384615385,,,,0.01149687202729921,10.99017333984375
mass_10pct,3,16380,"22,23,24,25,26,27,28,29,30,31",legal,0.7798816568047338,0.04870796598167262,0.7384615384615385,,,,0.01480077958404824,13.337386131286621
mass_10pct,4,16380,"22,23,24,25,26,27,28,29,30,31",legal,0.7940828402366864,0.040892668741233124,0.7538461538461538,,,,0.013583992859011795,13.892704010009766
mass_10pct,5,16380,"22,23,24,25,26,27,28,29,30,31",legal,0.8437869822485208,0.04210756656723601,0.7538461538461538,,,,0.013373077147486256,14.998588562011719
mass_10pct,6,16380,"22,23,24,25,26,27,28,29,30,31",legal,0.8650887573964496,0.047983751320031465,0.8,,,,0.013544002030381752,15.628641128540039
mass_10pct,7,16380,"22,23,24,25,26,27,28,29,30,31",legal,0.8603550295857989,0.040755444633662895,0.7923076923076924,,,,0.012823179388516626,15.618762016296387
mass_10pct,8,16380,"22,23,24,25,26,27,28,29,30,31",legal,0.8662721893491124,0.035423975259398235,0.7692307692307694,,,,0.011945082404504537,16.22882080078125
mass_10pct,9,16380,"22,23,24,25,26,27,28,29,30,31",legal,0.8816568047337278,0.02775393940723921,0.7692307692307694,,,,0.008817905222713085,16.893482208251953
mass_10pct,10,16380,"22,23,24,25,26,27,28,29,30,31",legal,0.8887573964497042,0.038783360019346624,0.776923076923077,,,,0.008208770543496446,17.307931900024414
mass_10pct,11,16380,"22,23,24,25,26,27,28,29,30,31",legal,0.8840236686390532,0.02499255867685547,0.7846153846153846,,,,0.0075505670229060184,17.20674705505371
mass_10pct,12,16380,"22,23,24,25,26,27,28,29,30,31",legal,0.8899408284023668,0.025546784786891034,0.7769230769230769,,,,0.006968854749601183,17.741838455200195
mass_10pct,13,16380,"22,23,24,25,26,27,28,29,30,31",legal,0.8828402366863906,0.02708999560298127,0.7923076923076924,,,,0.006011056674863902,17.770559310913086
mass_10pct,14,16380,"22,23,24,25,26,27,28,29,30,31",legal,0.8816568047337278,0.026986400594062473,0.7846153846153847,,,,0.00520749735940651,18.412668228149414
mass_10pct,15,16380,"22,23,24,25,26,27,28,29,30,31",legal,0.8781065088757396,0.02001365032578436,0.7846153846153847,,,,0.00428809101297134,19.366222381591797
mass_10pct,16,16380,"22,23,24,25,26,27,28,29,30,31",legal,0.8650887573964496,0.01848579804948322,0.776923076923077,,,,0.0032952340409712066,19.910797119140625
mass_10pct,17,16380,"22,23,24,25,26,27,28,29,30,31",legal,0.8662721893491124,0.030540799764648404,0.7615384615384615,,,,0.002666689429186908,20.885868072509766
mass_10pct,18,16380,"22,23,24,25,26,27,28,29,30,31",legal,0.8698224852071006,0.027753939407239248,0.7846153846153847,,,,0.002240933002871426,21.713790893554688
mass_10pct,19,16380,"22,23,24,25,26,27,28,29,30,31",legal,0.8804733727810652,0.02436835536328286,0.7846153846153847,,,,0.0019632543053464957,22.601490020751953
mass_10pct,20,16380,"22,23,24,25,26,27,28,29,30,31",legal,0.8745562130177514,0.02029163100530443,0.8,,,,0.0016737452063819713,23.094161987304688
mass_10pct,21,16380,"22,23,24,25,26,27,28,29,30,31",legal,0.8698224852071006,0.02672565630919814,0.7846153846153847,,,,0.001538045489540285,23.436973571777344
mass_10pct,22,16380,"22,23,24,25,26,27,28,29,30,31",legal,0.876923076923077,0.026567981444548708,0.7846153846153846,,,,0.001559168273822853,23.467390060424805
mass_10pct,23,16380,"22,23,24,25,26,27,28,29,30,31",legal,0.8745562130177514,0.023490453539975396,0.7769230769230768,,,,0.0016272153762796338,23.444725036621094
mass_10pct,24,16380,"22,23,24,25,26,27,28,29,30,31",legal,0.8639053254437871,0.02510438276401946,0.7923076923076924,,,,0.0017197587609195653,23.383380889892578
mass_10pct,25,16380,"22,23,24,25,26,27,28,29,30,31",legal,0.8627218934911243,0.032062052506849924,0.7846153846153847,,,,0.001822607957097655,23.086843490600586
mass_10pct,26,16380,"22,23,24,25,26,27,28,29,30,31",legal,0.8816568047337278,0.03409434388375842,0.8,,,,0.0019283215910648188,23.106904983520508
mass_10pct,27,16380,"22,23,24,25,26,27,28,29,30,31",legal,0.8781065088757396,0.03210570406213145,0.7846153846153847,,,,0.0019801485114047113,23.11481475830078
mass_10pct,28,16380,"22,23,24,25,26,27,28,29,30,31",legal,0.8603550295857989,0.04421666672726484,0.7846153846153847,,,,0.002107227142140955,23.005340576171875
mass_10pct,29,16380,"22,23,24,25,26,27,28,29,30,31",legal,0.8497041420118343,0.05352985977703498,0.776923076923077,,,,0.0022104598514272045,22.848697662353516
mass_10pct,30,16380,"22,23,24,25,26,27,28,29,30,31",legal,0.8437869822485208,0.05792775503204925,0.7384615384615384,,,,0.0025529872932515962,23.07350730895996
mass_10pct,31,16380,"22,23,24,25,26,27,28,29,30,31",legal,0.8485207100591715,0.047720343558949004,0.7307692307692307,,,,0.0036473992473572414,23.038801193237305
random_10pct_seed0,0,16380,"22,23,24,25,26,27,28,29,30,31",legal,0.7278106508875739,0.07343002157391039,0.6846153846153846,,,,0.0095434986797992,7.054530620574951
random_10pct_seed0,1,16380,"22,23,24,25,26,27,28,29,30,31",legal,0.7680473372781066,0.05593515880755726,0.6923076923076923,,,,0.009923162252490902,8.512789726257324
random_10pct_seed0,2,16380,"22,23,24,25,26,27,28,29,30,31",legal,0.7739644970414201,0.04635066515400271,0.7384615384615385,,,,0.01149687202729921,10.99017333984375
random_10pct_seed0,3,16380,"22,23,24,25,26,27,28,29,30,31",legal,0.7798816568047338,0.04870796598167262,0.7384615384615385,,,,0.01480077958404824,13.337386131286621
random_10pct_seed0,4,16380,"22,23,24,25,26,27,28,29,30,31",legal,0.7940828402366864,0.040892668741233124,0.7538461538461538,,,,0.013583992859011795,13.892704010009766
random_10pct_seed0,5,16380,"22,23,24,25,26,27,28,29,30,31",legal,0.8437869822485208,0.04210756656723601,0.7538461538461538,,,,0.013373077147486256,14.998588562011719
random_10pct_seed0,6,16380,"22,23,24,25,26,27,28,29,30,31",legal,0.8650887573964496,0.047983751320031465,0.8,,,,0.013544002030381752,15.628641128540039
random_10pct_seed0,7,16380,"22,23,24,25,26,27,28,29,30,31",legal,0.8603550295857989,0.040755444633662895,0.7923076923076924,,,,0.012823179388516626,15.618762016296387
random_10pct_seed0,8,16380,"22,23,24,25,26,27,28,29,30,31",legal,0.8662721893491124,0.035423975259398235,0.7692307692307694,,,,0.011945082404504537,16.22882080078125
random_10pct_seed0,9,16380,"22,23,24,25,26,27,28,29,30,31",legal,0.8816568047337278,0.02775393940723921,0.7692307692307694,,,,0.008817905222713085,16.893482208251953
random_10pct_seed0,10,16380,"22,23,24,25,26,27,28,29,30,31",legal,0.8887573964497042,0.038783360019346624,0.776923076923077,,,,0.008208770543496446,17.307931900024414
random_10pct_seed0,11,16380,"22,23,24,25,26,27,28,29,30,31",legal,0.8840236686390532,0.02499255867685547,0.7846153846153846,,,,0.0075505670229060184,17.20674705505371
random_10pct_seed0,12,16380,"22,23,24,25,26,27,28,29,30,31",legal,0.8899408284023668,0.025546784786891034,0.7769230769230769,,,,0.006968854749601183,17.741838455200195
random_10pct_seed0,13,16380,"22,23,24,25,26,27,28,29,30,31",legal,0.8828402366863906,0.02708999560298127,0.7923076923076924,,,,0.006011056674863902,17.770559310913086
random_10pct_seed0,14,16380,"22,23,24,25,26,27,28,29,30,31",legal,0.8816568047337278,0.026986400594062473,0.7846153846153847,,,,0.00520749735940651,18.412668228149414
random_10pct_seed0,15,16380,"22,23,24,25,26,27,28,29,30,31",legal,0.8781065088757396,0.02001365032578436,0.7846153846153847,,,,0.00428809101297134,19.366222381591797
random_10pct_seed0,16,16380,"22,23,24,25,26,27,28,29,30,31",legal,0.8650887573964496,0.01848579804948322,0.776923076923077,,,,0.0032952340409712066,19.910797119140625
random_10pct_seed0,17,16380,"22,23,24,25,26,27,28,29,30,31",legal,0.8662721893491124,0.030540799764648404,0.7615384615384615,,,,0.002666689429186908,20.885868072509766
random_10pct_seed0,18,16380,"22,23,24,25,26,27,28,29,30,31",legal,0.8698224852071006,0.027753939407239248,0.7846153846153847,,,,0.002240933002871426,21.713790893554688
random_10pct_seed0,19,16380,"22,23,24,25,26,27,28,29,30,31",legal,0.8804733727810652,0.02436835536328286,0.7846153846153847,,,,0.0019632543053464957,22.601490020751953
random_10pct_seed0,20,16380,"22,23,24,25,26,27,28,29,30,31",legal,0.8745562130177514,0.02029163100530443,0.8,,,,0.0016737452063819713,23.094161987304688
random_10pct_seed0,21,16380,"22,23,24,25,26,27,28,29,30,31",legal,0.8698224852071006,0.02672565630919814,0.7846153846153847,,,,0.001538045489540285,23.436973571777344
random_10pct_seed0,22,16380,"22,23,24,25,26,27,28,29,30,31",legal,0.880473372781065,0.02734726629181381,0.7846153846153846,,,,0.0014995627278346912,23.686275482177734
random_10pct_seed0,23,16380,"22,23,24,25,26,27,28,29,30,31",legal,0.8840236686390532,0.0263562810074794,0.7615384615384615,,,,0.0015282189459254747,23.865568161010742
random_10pct_seed0,24,16380,"22,23,24,25,26,27,28,29,30,31",legal,0.8757396449704142,0.02619638298364338,0.7615384615384615,,,,0.0015835961819625766,23.78817367553711
random_10pct_seed0,25,16380,"22,23,24,25,26,27,28,29,30,31",legal,0.8745562130177514,0.03577802711912659,0.7692307692307693,,,,0.0016996585250730334,23.599515914916992
random_10pct_seed0,26,16380,"22,23,24,25,26,27,28,29,30,31",legal,0.8792899408284024,0.033597797790718094,0.7615384615384616,,,,0.0017997684622321763,23.646385192871094
random_10pct_seed0,27,16380,"22,23,24,25,26,27,28,29,30,31",legal,0.8828402366863906,0.03731096513712296,0.7692307692307693,,,,0.0018520913233452951,23.685317993164062
random_10pct_seed0,28,16380,"22,23,24,25,26,27,28,29,30,31",legal,0.8721893491124261,0.03099597835197351,0.7538461538461539,,,,0.001974982181374041,23.600425720214844
random_10pct_seed0,29,16380,"22,23,24,25,26,27,28,29,30,31",legal,0.8627218934911243,0.032495929509457934,0.7615384615384615,,,,0.0020759756839058285,23.536174774169922
random_10pct_seed0,30,16380,"22,23,24,25,26,27,28,29,30,31",legal,0.8520710059171599,0.027244649546086065,0.7692307692307693,,,,0.0024057842268976337,23.3321590423584
random_10pct_seed0,31,16380,"22,23,24,25,26,27,28,29,30,31",legal,0.8094674556213018,0.027854679990390124,0.7384615384615383,,,,0.00756308861629007,23.95284652709961
random_10pct_seed1,0,16380,"22,23,24,25,26,27,28,29,30,31",legal,0.7278106508875739,0.07343002157391039,0.6846153846153846,,,,0.0095434986797992,7.054530620574951
random_10pct_seed1,1,16380,"22,23,24,25,26,27,28,29,30,31",legal,0.7680473372781066,0.05593515880755726,0.6923076923076923,,,,0.009923162252490902,8.512789726257324
random_10pct_seed1,2,16380,"22,23,24,25,26,27,28,29,30,31",legal,0.7739644970414201,0.04635066515400271,0.7384615384615385,,,,0.01149687202729921,10.99017333984375
random_10pct_seed1,3,16380,"22,23,24,25,26,27,28,29,30,31",legal,0.7798816568047338,0.04870796598167262,0.7384615384615385,,,,0.01480077958404824,13.337386131286621
random_10pct_seed1,4,16380,"22,23,24,25,26,27,28,29,30,31",legal,0.7940828402366864,0.040892668741233124,0.7538461538461538,,,,0.013583992859011795,13.892704010009766
random_10pct_seed1,5,16380,"22,23,24,25,26,27,28,29,30,31",legal,0.8437869822485208,0.04210756656723601,0.7538461538461538,,,,0.013373077147486256,14.998588562011719
random_10pct_seed1,6,16380,"22,23,24,25,26,27,28,29,30,31",legal,0.8650887573964496,0.047983751320031465,0.8,,,,0.013544002030381752,15.628641128540039
random_10pct_seed1,7,16380,"22,23,24,25,26,27,28,29,30,31",legal,0.8603550295857989,0.040755444633662895,0.7923076923076924,,,,0.012823179388516626,15.618762016296387
random_10pct_seed1,8,16380,"22,23,24,25,26,27,28,29,30,31",legal,0.8662721893491124,0.035423975259398235,0.7692307692307694,,,,0.011945082404504537,16.22882080078125
random_10pct_seed1,9,16380,"22,23,24,25,26,27,28,29,30,31",legal,0.8816568047337278,0.02775393940723921,0.7692307692307694,,,,0.008817905222713085,16.893482208251953
random_10pct_seed1,10,16380,"22,23,24,25,26,27,28,29,30,31",legal,0.8887573964497042,0.038783360019346624,0.776923076923077,,,,0.008208770543496446,17.307931900024414
random_10pct_seed1,11,16380,"22,23,24,25,26,27,28,29,30,31",legal,0.8840236686390532,0.02499255867685547,0.7846153846153846,,,,0.0075505670229060184,17.20674705505371
random_10pct_seed1,12,16380,"22,23,24,25,26,27,28,29,30,31",legal,0.8899408284023668,0.025546784786891034,0.7769230769230769,,,,0.006968854749601183,17.741838455200195
random_10pct_seed1,13,16380,"22,23,24,25,26,27,28,29,30,31",legal,0.8828402366863906,0.02708999560298127,0.7923076923076924,,,,0.006011056674863902,17.770559310913086
random_10pct_seed1,14,16380,"22,23,24,25,26,27,28,29,30,31",legal,0.8816568047337278,0.026986400594062473,0.7846153846153847,,,,0.00520749735940651,18.412668228149414
random_10pct_seed1,15,16380,"22,23,24,25,26,27,28,29,30,31",legal,0.8781065088757396,0.02001365032578436,0.7846153846153847,,,,0.00428809101297134,19.366222381591797
random_10pct_seed1,16,16380,"22,23,24,25,26,27,28,29,30,31",legal,0.8650887573964496,0.01848579804948322,0.776923076923077,,,,0.0032952340409712066,19.910797119140625
random_10pct_seed1,17,16380,"22,23,24,25,26,27,28,29,30,31",legal,0.8662721893491124,0.030540799764648404,0.7615384615384615,,,,0.002666689429186908,20.885868072509766
random_10pct_seed1,18,16380,"22,23,24,25,26,27,28,29,30,31",legal,0.8698224852071006,0.027753939407239248,0.7846153846153847,,,,0.002240933002871426,21.713790893554688
random_10pct_seed1,19,16380,"22,23,24,25,26,27,28,29,30,31",legal,0.8804733727810652,0.02436835536328286,0.7846153846153847,,,,0.0019632543053464957,22.601490020751953
random_10pct_seed1,20,16380,"22,23,24,25,26,27,28,29,30,31",legal,0.8745562130177514,0.02029163100530443,0.8,,,,0.0016737452063819713,23.094161987304688
random_10pct_seed1,21,16380,"22,23,24,25,26,27,28,29,30,31",legal,0.8698224852071006,0.02672565630919814,0.7846153846153847,,,,0.001538045489540285,23.436973571777344
random_10pct_seed1,22,16380,"22,23,24,25,26,27,28,29,30,31",legal,0.876923076923077,0.024936458586633663,0.7846153846153846,,,,0.0014984353087481583,23.69540023803711
random_10pct_seed1,23,16380,"22,23,24,25,26,27,28,29,30,31",legal,0.8816568047337279,0.02454016728204462,0.7538461538461538,,,,0.0015392910049709663,23.85537338256836
random_10pct_seed1,24,16380,"22,23,24,25,26,27,28,29,30,31",legal,0.875739644970414,0.028745462252049988,0.7615384615384616,,,,0.0016182735406731208,23.848983764648438
random_10pct_seed1,25,16380,"22,23,24,25,26,27,28,29,30,31",legal,0.8686390532544379,0.03397088779741377,0.7615384615384616,,,,0.0017331216725798848,23.626680374145508
random_10pct_seed1,26,16380,"22,23,24,25,26,27,28,29,30,31",legal,0.8745562130177514,0.031176189046910035,0.7615384615384616,,,,0.0018330070046198577,23.739377975463867
random_10pct_seed1,27,16380,"22,23,24,25,26,27,28,29,30,31",legal,0.8733727810650889,0.032966599472625174,0.776923076923077,,,,0.0018855322509976347,23.793832778930664
random_10pct_seed1,28,16380,"22,23,24,25,26,27,28,29,30,31",legal,0.8627218934911243,0.026830258103561294,0.776923076923077,,,,0.002007217227012137,23.680213928222656
random_10pct_seed1,29,16380,"22,23,24,25,26,27,28,29,30,31",legal,0.8544378698224853,0.029132623964712848,0.7692307692307694,,,,0.0021157775242823806,23.65211296081543
random_10pct_seed1,30,16380,"22,23,24,25,26,27,28,29,30,31",legal,0.8449704142011834,0.04002730065156868,0.7307692307692307,,,,0.002440657764045895,23.52643585205078
random_10pct_seed1,31,16380,"22,23,24,25,26,27,28,29,30,31",legal,0.7893491124260354,0.0450015463711989,0.7153846153846154,,,,0.007332363973444167,23.949369430541992
random_10pct_seed2,0,16380,"22,23,24,25,26,27,28,29,30,31",legal,0.7278106508875739,0.07343002157391039,0.6846153846153846,,,,0.0095434986797992,7.054530620574951
random_10pct_seed2,1,16380,"22,23,24,25,26,27,28,29,30,31",legal,0.7680473372781066,0.05593515880755726,0.6923076923076923,,,,0.009923162252490902,8.512789726257324
random_10pct_seed2,2,16380,"22,23,24,25,26,27,28,29,30,31",legal,0.7739644970414201,0.04635066515400271,0.7384615384615385,,,,0.01149687202729921,10.99017333984375
random_10pct_seed2,3,16380,"22,23,24,25,26,27,28,29,30,31",legal,0.7798816568047338,0.04870796598167262,0.7384615384615385,,,,0.01480077958404824,13.337386131286621
random_10pct_seed2,4,16380,"22,23,24,25,26,27,28,29,30,31",legal,0.7940828402366864,0.040892668741233124,0.7538461538461538,,,,0.013583992859011795,13.892704010009766
random_10pct_seed2,5,16380,"22,23,24,25,26,27,28,29,30,31",legal,0.8437869822485208,0.04210756656723601,0.7538461538461538,,,,0.013373077147486256,14.998588562011719
random_10pct_seed2,6,16380,"22,23,24,25,26,27,28,29,30,31",legal,0.8650887573964496,0.047983751320031465,0.8,,,,0.013544002030381752,15.628641128540039
random_10pct_seed2,7,16380,"22,23,24,25,26,27,28,29,30,31",legal,0.8603550295857989,0.040755444633662895,0.7923076923076924,,,,0.012823179388516626,15.618762016296387
random_10pct_seed2,8,16380,"22,23,24,25,26,27,28,29,30,31",legal,0.8662721893491124,0.035423975259398235,0.7692307692307694,,,,0.011945082404504537,16.22882080078125
random_10pct_seed2,9,16380,"22,23,24,25,26,27,28,29,30,31",legal,0.8816568047337278,0.02775393940723921,0.7692307692307694,,,,0.008817905222713085,16.893482208251953
random_10pct_seed2,10,16380,"22,23,24,25,26,27,28,29,30,31",legal,0.8887573964497042,0.038783360019346624,0.776923076923077,,,,0.008208770543496446,17.307931900024414
random_10pct_seed2,11,16380,"22,23,24,25,26,27,28,29,30,31",legal,0.8840236686390532,0.02499255867685547,0.7846153846153846,,,,0.0075505670229060184,17.20674705505371
random_10pct_seed2,12,16380,"22,23,24,25,26,27,28,29,30,31",legal,0.8899408284023668,0.025546784786891034,0.7769230769230769,,,,0.006968854749601183,17.741838455200195
random_10pct_seed2,13,16380,"22,23,24,25,26,27,28,29,30,31",legal,0.8828402366863906,0.02708999560298127,0.7923076923076924,,,,0.006011056674863902,17.770559310913086
random_10pct_seed2,14,16380,"22,23,24,25,26,27,28,29,30,31",legal,0.8816568047337278,0.026986400594062473,0.7846153846153847,,,,0.00520749735940651,18.412668228149414
random_10pct_seed2,15,16380,"22,23,24,25,26,27,28,29,30,31",legal,0.8781065088757396,0.02001365032578436,0.7846153846153847,,,,0.00428809101297134,19.366222381591797
random_10pct_seed2,16,16380,"22,23,24,25,26,27,28,29,30,31",legal,0.8650887573964496,0.01848579804948322,0.776923076923077,,,,0.0032952340409712066,19.910797119140625
random_10pct_seed2,17,16380,"22,23,24,25,26,27,28,29,30,31",legal,0.8662721893491124,0.030540799764648404,0.7615384615384615,,,,0.002666689429186908,20.885868072509766
random_10pct_seed2,18,16380,"22,23,24,25,26,27,28,29,30,31",legal,0.8698224852071006,0.027753939407239248,0.7846153846153847,,,,0.002240933002871426,21.713790893554688
random_10pct_seed2,19,16380,"22,23,24,25,26,27,28,29,30,31",legal,0.8804733727810652,0.02436835536328286,0.7846153846153847,,,,0.0019632543053464957,22.601490020751953
random_10pct_seed2,20,16380,"22,23,24,25,26,27,28,29,30,31",legal,0.8745562130177514,0.02029163100530443,0.8,,,,0.0016737452063819713,23.094161987304688
random_10pct_seed2,21,16380,"22,23,24,25,26,27,28,29,30,31",legal,0.8698224852071006,0.02672565630919814,0.7846153846153847,,,,0.001538045489540285,23.436973571777344
random_10pct_seed2,22,16380,"22,23,24,25,26,27,28,29,30,31",legal,0.8769230769230768,0.026303089669695676,0.7846153846153846,,,,0.0015206491491572827,23.608318328857422
random_10pct_seed2,23,16380,"22,23,24,25,26,27,28,29,30,31",legal,0.8816568047337279,0.025927695029830354,0.7692307692307693,,,,0.001555700709545027,23.8801212310791
random_10pct_seed2,24,16380,"22,23,24,25,26,27,28,29,30,31",legal,0.8710059171597633,0.028353014321209315,0.7615384615384616,,,,0.0016124627379601186,23.823509216308594
random_10pct_seed2,25,16380,"22,23,24,25,26,27,28,29,30,31",legal,0.8698224852071006,0.031974570618003094,0.7615384615384616,,,,0.0017201255056905618,23.655567169189453
random_10pct_seed2,26,16380,"22,23,24,25,26,27,28,29,30,31",legal,0.8686390532544379,0.031622222996183204,0.7692307692307693,,,,0.001815370472107114,23.71088218688965
random_10pct_seed2,27,16380,"22,23,24,25,26,27,28,29,30,31",legal,0.8710059171597633,0.03313609467455625,0.7692307692307694,,,,0.0018590710490474782,23.747329711914062
random_10pct_seed2,28,16380,"22,23,24,25,26,27,28,29,30,31",legal,0.8556213017751478,0.02840236686390531,0.7692307692307694,,,,0.0019885851477943195,23.65500831604004
random_10pct_seed2,29,16380,"22,23,24,25,26,27,28,29,30,31",legal,0.854437869822485,0.034624233936870516,0.7538461538461538,,,,0.002077645461571964,23.55276107788086
random_10pct_seed2,30,16380,"22,23,24,25,26,27,28,29,30,31",legal,0.8378698224852071,0.029609457995732107,0.7384615384615385,,,,0.0024004436804809792,23.437162399291992
random_10pct_seed2,31,16380,"22,23,24,25,26,27,28,29,30,31",legal,0.8047337278106509,0.028005111399288116,0.7076923076923076,,,,0.007064540520479001,24.099639892578125
random_10pct_seed3,0,16380,"22,23,24,25,26,27,28,29,30,31",legal,0.7278106508875739,0.07343002157391039,0.6846153846153846,,,,0.0095434986797992,7.054530620574951
random_10pct_seed3,1,16380,"22,23,24,25,26,27,28,29,30,31",legal,0.7680473372781066,0.05593515880755726,0.6923076923076923,,,,0.009923162252490902,8.512789726257324
random_10pct_seed3,2,16380,"22,23,24,25,26,27,28,29,30,31",legal,0.7739644970414201,0.04635066515400271,0.7384615384615385,,,,0.01149687202729921,10.99017333984375
random_10pct_seed3,3,16380,"22,23,24,25,26,27,28,29,30,31",legal,0.7798816568047338,0.04870796598167262,0.7384615384615385,,,,0.01480077958404824,13.337386131286621
random_10pct_seed3,4,16380,"22,23,24,25,26,27,28,29,30,31",legal,0.7940828402366864,0.040892668741233124,0.7538461538461538,,,,0.013583992859011795,13.892704010009766
random_10pct_seed3,5,16380,"22,23,24,25,26,27,28,29,30,31",legal,0.8437869822485208,0.04210756656723601,0.7538461538461538,,,,0.013373077147486256,14.998588562011719
random_10pct_seed3,6,16380,"22,23,24,25,26,27,28,29,30,31",legal,0.8650887573964496,0.047983751320031465,0.8,,,,0.013544002030381752,15.628641128540039
random_10pct_seed3,7,16380,"22,23,24,25,26,27,28,29,30,31",legal,0.8603550295857989,0.040755444633662895,0.7923076923076924,,,,0.012823179388516626,15.618762016296387
random_10pct_seed3,8,16380,"22,23,24,25,26,27,28,29,30,31",legal,0.8662721893491124,0.035423975259398235,0.7692307692307694,,,,0.011945082404504537,16.22882080078125
random_10pct_seed3,9,16380,"22,23,24,25,26,27,28,29,30,31",legal,0.8816568047337278,0.02775393940723921,0.7692307692307694,,,,0.008817905222713085,16.893482208251953
random_10pct_seed3,10,16380,"22,23,24,25,26,27,28,29,30,31",legal,0.8887573964497042,0.038783360019346624,0.776923076923077,,,,0.008208770543496446,17.307931900024414
random_10pct_seed3,11,16380,"22,23,24,25,26,27,28,29,30,31",legal,0.8840236686390532,0.02499255867685547,0.7846153846153846,,,,0.0075505670229060184,17.20674705505371
random_10pct_seed3,12,16380,"22,23,24,25,26,27,28,29,30,31",legal,0.8899408284023668,0.025546784786891034,0.7769230769230769,,,,0.006968854749601183,17.741838455200195
random_10pct_seed3,13,16380,"22,23,24,25,26,27,28,29,30,31",legal,0.8828402366863906,0.02708999560298127,0.7923076923076924,,,,0.006011056674863902,17.770559310913086
random_10pct_seed3,14,16380,"22,23,24,25,26,27,28,29,30,31",legal,0.8816568047337278,0.026986400594062473,0.7846153846153847,,,,0.00520749735940651,18.412668228149414
random_10pct_seed3,15,16380,"22,23,24,25,26,27,28,29,30,31",legal,0.8781065088757396,0.02001365032578436,0.7846153846153847,,,,0.00428809101297134,19.366222381591797
random_10pct_seed3,16,16380,"22,23,24,25,26,27,28,29,30,31",legal,0.8650887573964496,0.01848579804948322,0.776923076923077,,,,0.0032952340409712066,19.910797119140625
random_10pct_seed3,17,16380,"22,23,24,25,26,27,28,29,30,31",legal,0.8662721893491124,0.030540799764648404,0.7615384615384615,,,,0.002666689429186908,20.885868072509766
random_10pct_seed3,18,16380,"22,23,24,25,26,27,28,29,30,31",legal,0.8698224852071006,0.027753939407239248,0.7846153846153847,,,,0.002240933002871426,21.713790893554688
random_10pct_seed3,19,16380,"22,23,24,25,26,27,28,29,30,31",legal,0.8804733727810652,0.02436835536328286,0.7846153846153847,,,,0.0019632543053464957,22.601490020751953
random_10pct_seed3,20,16380,"22,23,24,25,26,27,28,29,30,31",legal,0.8745562130177514,0.02029163100530443,0.8,,,,0.0016737452063819713,23.094161987304688
random_10pct_seed3,21,16380,"22,23,24,25,26,27,28,29,30,31",legal,0.8698224852071006,0.02672565630919814,0.7846153846153847,,,,0.001538045489540285,23.436973571777344
random_10pct_seed3,22,16380,"22,23,24,25,26,27,28,29,30,31",legal,0.8721893491124261,0.027904913899530374,0.7846153846153846,,,,0.001515194591546698,23.70453643798828
random_10pct_seed3,23,16380,"22,23,24,25,26,27,28,29,30,31",legal,0.8792899408284024,0.023549998511399266,0.7692307692307693,,,,0.001560027391569685,23.909223556518555
random_10pct_seed3,24,16380,"22,23,24,25,26,27,28,29,30,31",legal,0.8757396449704142,0.027244649546086002,0.7769230769230769,,,,0.0016204917723873224,23.83411407470703
random_10pct_seed3,25,16380,"22,23,24,25,26,27,28,29,30,31",legal,0.8710059171597632,0.028353014321209312,0.7692307692307693,,,,0.0017360949606121112,23.57619857788086
random_10pct_seed3,26,16380,"22,23,24,25,26,27,28,29,30,31",legal,0.8721893491124261,0.04177363927745043,0.7692307692307693,,,,0.0018327249582035243,23.649717330932617
random_10pct_seed3,27,16380,"22,23,24,25,26,27,28,29,30,31",legal,0.8710059171597633,0.0327107099670657,0.776923076923077,,,,0.0018829281745411652,23.691181182861328
random_10pct_seed3,28,16380,"22,23,24,25,26,27,28,29,30,31",legal,0.8532544378698225,0.02956212070247765,0.7615384615384616,,,,0.0020225699761825533,23.645475387573242
random_10pct_seed3,29,16380,"22,23,24,25,26,27,28,29,30,31",legal,0.8544378698224853,0.024425760284674924,0.7538461538461538,,,,0.002134072266243736,23.664215087890625
random_10pct_seed3,30,16380,"22,23,24,25,26,27,28,29,30,31",legal,0.8449704142011834,0.02908451059750179,0.7384615384615385,,,,0.0024392296178331607,23.441808700561523
random_10pct_seed3,31,16380,"22,23,24,25,26,27,28,29,30,31",legal,0.8035502958579881,0.044184981544602306,0.7230769230769231,,,,0.007210832613402496,23.91676902770996
random_10pct_seed4,0,16380,"22,23,24,25,26,27,28,29,30,31",legal,0.7278106508875739,0.07343002157391039,0.6846153846153846,,,,0.0095434986797992,7.054530620574951
random_10pct_seed4,1,16380,"22,23,24,25,26,27,28,29,30,31",legal,0.7680473372781066,0.05593515880755726,0.6923076923076923,,,,0.009923162252490902,8.512789726257324
random_10pct_seed4,2,16380,"22,23,24,25,26,27,28,29,30,31",legal,0.7739644970414201,0.04635066515400271,0.7384615384615385,,,,0.01149687202729921,10.99017333984375
random_10pct_seed4,3,16380,"22,23,24,25,26,27,28,29,30,31",legal,0.7798816568047338,0.04870796598167262,0.7384615384615385,,,,0.01480077958404824,13.337386131286621
random_10pct_seed4,4,16380,"22,23,24,25,26,27,28,29,30,31",legal,0.7940828402366864,0.040892668741233124,0.7538461538461538,,,,0.013583992859011795,13.892704010009766
random_10pct_seed4,5,16380,"22,23,24,25,26,27,28,29,30,31",legal,0.8437869822485208,0.04210756656723601,0.7538461538461538,,,,0.013373077147486256,14.998588562011719
random_10pct_seed4,6,16380,"22,23,24,25,26,27,28,29,30,31",legal,0.8650887573964496,0.047983751320031465,0.8,,,,0.013544002030381752,15.628641128540039
random_10pct_seed4,7,16380,"22,23,24,25,26,27,28,29,30,31",legal,0.8603550295857989,0.040755444633662895,0.7923076923076924,,,,0.012823179388516626,15.618762016296387
random_10pct_seed4,8,16380,"22,23,24,25,26,27,28,29,30,31",legal,0.8662721893491124,0.035423975259398235,0.7692307692307694,,,,0.011945082404504537,16.22882080078125
random_10pct_seed4,9,16380,"22,23,24,25,26,27,28,29,30,31",legal,0.8816568047337278,0.02775393940723921,0.7692307692307694,,,,0.008817905222713085,16.893482208251953
random_10pct_seed4,10,16380,"22,23,24,25,26,27,28,29,30,31",legal,0.8887573964497042,0.038783360019346624,0.776923076923077,,,,0.008208770543496446,17.307931900024414
random_10pct_seed4,11,16380,"22,23,24,25,26,27,28,29,30,31",legal,0.8840236686390532,0.02499255867685547,0.7846153846153846,,,,0.0075505670229060184,17.20674705505371
random_10pct_seed4,12,16380,"22,23,24,25,26,27,28,29,30,31",legal,0.8899408284023668,0.025546784786891034,0.7769230769230769,,,,0.006968854749601183,17.741838455200195
random_10pct_seed4,13,16380,"22,23,24,25,26,27,28,29,30,31",legal,0.8828402366863906,0.02708999560298127,0.7923076923076924,,,,0.006011056674863902,17.770559310913086
random_10pct_seed4,14,16380,"22,23,24,25,26,27,28,29,30,31",legal,0.8816568047337278,0.026986400594062473,0.7846153846153847,,,,0.00520749735940651,18.412668228149414
random_10pct_seed4,15,16380,"22,23,24,25,26,27,28,29,30,31",legal,0.8781065088757396,0.02001365032578436,0.7846153846153847,,,,0.00428809101297134,19.366222381591797
random_10pct_seed4,16,16380,"22,23,24,25,26,27,28,29,30,31",legal,0.8650887573964496,0.01848579804948322,0.776923076923077,,,,0.0032952340409712066,19.910797119140625
random_10pct_seed4,17,16380,"22,23,24,25,26,27,28,29,30,31",legal,0.8662721893491124,0.030540799764648404,0.7615384615384615,,,,0.002666689429186908,20.885868072509766
random_10pct_seed4,18,16380,"22,23,24,25,26,27,28,29,30,31",legal,0.8698224852071006,0.027753939407239248,0.7846153846153847,,,,0.002240933002871426,21.713790893554688
random_10pct_seed4,19,16380,"22,23,24,25,26,27,28,29,30,31",legal,0.8804733727810652,0.02436835536328286,0.7846153846153847,,,,0.0019632543053464957,22.601490020751953
random_10pct_seed4,20,16380,"22,23,24,25,26,27,28,29,30,31",legal,0.8745562130177514,0.02029163100530443,0.8,,,,0.0016737452063819713,23.094161987304688
random_10pct_seed4,21,16380,"22,23,24,25,26,27,28,29,30,31",legal,0.8698224852071006,0.02672565630919814,0.7846153846153847,,,,0.001538045489540285,23.436973571777344
random_10pct_seed4,22,16380,"22,23,24,25,26,27,28,29,30,31",legal,0.8757396449704142,0.027753939407239202,0.7846153846153846,,,,0.001524003933275786,23.726213455200195
random_10pct_seed4,23,16380,"22,23,24,25,26,27,28,29,30,31",legal,0.8816568047337279,0.028005111399288136,0.7692307692307693,,,,0.0015708048191707125,23.887060165405273
random_10pct_seed4,24,16380,"22,23,24,25,26,27,28,29,30,31",legal,0.8733727810650886,0.03166648085268558,0.7615384615384616,,,,0.0016290707279845718,23.87659454345703
random_10pct_seed4,25,16380,"22,23,24,25,26,27,28,29,30,31",legal,0.8698224852071007,0.036667297952259544,0.7615384615384616,,,,0.0017380816096411733,23.670488357543945
random_10pct_seed4,26,16380,"22,23,24,25,26,27,28,29,30,31",legal,0.8757396449704142,0.03530516897083148,0.7692307692307693,,,,0.0018349187246360366,23.704410552978516
random_10pct_seed4,27,16380,"22,23,24,25,26,27,28,29,30,31",legal,0.8816568047337279,0.031974570618003094,0.7769230769230769,,,,0.0018894414533877635,23.80390167236328
random_10pct_seed4,28,16380,"22,23,24,25,26,27,28,29,30,31",legal,0.8686390532544378,0.031176189046910042,0.7615384615384616,,,,0.00201535174608114,23.708925247192383
random_10pct_seed4,29,16380,"22,23,24,25,26,27,28,29,30,31",legal,0.8544378698224854,0.031444568652275566,0.7384615384615384,,,,0.002120259180302897,23.66300392150879
random_10pct_seed4,30,16380,"22,23,24,25,26,27,28,29,30,31",legal,0.8497041420118343,0.0318868487226213,0.7461538461538461,,,,0.0024514520086789116,23.613563537597656
random_10pct_seed4,31,16380,"22,23,24,25,26,27,28,29,30,31",legal,0.7952662721893492,0.028402366863905324,0.7230769230769232,,,,0.007025656362446675,24.190866470336914
clean,0,0,"22,23,24,25,26,27,28,29,30,31",scientific,0.8537190082644628,0.02030267520088968,0.7909090909090909,0.9097053390983586,0.007225360262775835,0.6136363636363636,0.008643092981139633,6.384413242340088
clean,1,0,"22,23,24,25,26,27,28,29,30,31",scientific,0.9082644628099175,0.01635236275818957,0.8454545454545455,0.9177042733211707,0.011199069403489657,0.6193181818181819,0.011081765327813797,8.944086074829102
clean,2,0,"22,23,24,25,26,27,28,29,30,31",scientific,0.925206611570248,0.020133764818313776,0.8318181818181818,0.9543799180856554,0.00454891524060165,0.6647727272727273,0.013323882670899567,12.361712455749512
clean,3,0,"22,23,24,25,26,27,28,29,30,31",scientific,0.937603305785124,0.020553438207348538,0.8772727272727273,0.9665084605662441,0.008535780522339047,0.6647727272727273,0.018431163381344318,14.976731300354004
clean,4,0,"22,23,24,25,26,27,28,29,30,31",scientific,0.9404958677685951,0.015648013412199548,0.8772727272727273,0.9715326920241781,0.003057221337848877,0.6988636363636364,0.018021862350793505,16.401166915893555
clean,5,0,"22,23,24,25,26,27,28,29,30,31",scientific,0.9545454545454545,0.021748260110645852,0.8727272727272727,0.9769993208357903,0.0045623001785947866,0.7102272727272726,0.016422614919436973,17.17976951599121
clean,6,0,"22,23,24,25,26,27,28,29,30,31",scientific,0.9636363636363636,0.017217079880991443,0.8636363636363636,0.9778257972596933,0.005081044268748537,0.7159090909090909,0.016010588825311922,17.36566925048828
clean,7,0,"22,23,24,25,26,27,28,29,30,31",scientific,0.9644628099173553,0.015538508823936483,0.8772727272727273,0.9780567956349207,0.005715796043258424,0.7045454545454545,0.015145047420834779,16.83710479736328
clean,8,0,"22,23,24,25,26,27,28,29,30,31",scientific,0.9690082644628099,0.010696015789706411,0.8681818181818182,0.9798848952958377,0.007370116222233675,0.7159090909090909,0.01396585969928199,17.087352752685547
clean,9,0,"22,23,24,25,26,27,28,29,30,31",scientific,0.965702479338843,0.01592920270032757,0.8681818181818182,0.9810823013415892,0.005995445403882199,0.7215909090909092,0.010928140929854613,17.496597290039062
clean,10,0,"22,23,24,25,26,27,28,29,30,31",scientific,0.9681818181818181,0.014760802561563424,0.8772727272727273,0.982836293782864,0.005309962377537274,0.75,0.01015808701953047,18.06978988647461
clean,11,0,"22,23,24,25,26,27,28,29,30,31",scientific,0.971900826446281,0.011436654961238031,0.8863636363636364,0.9786112992346061,0.006843951951381834,0.7159090909090908,0.009686256513962044,18.292165756225586
clean,12,0,"22,23,24,25,26,27,28,29,30,31",scientific,0.9731404958677686,0.012188331573349273,0.8818181818181818,0.9783037077221239,0.00919530861089002,0.7272727272727273,0.00911917227782888,19.11211395263672
clean,13,0,"22,23,24,25,26,27,28,29,30,31",scientific,0.9723140495867769,0.010664039587242945,0.8772727272727272,0.9784078571121431,0.008715955747814514,0.7443181818181818,0.008056573702907244,19.678007125854492
clean,14,0,"22,23,24,25,26,27,28,29,30,31",scientific,0.9694214876033058,0.008707151861861748,0.8681818181818182,0.9790379268483709,0.008752292705423997,0.7613636363636364,0.0070205397078169085,20.154953002929688
clean,15,0,"22,23,24,25,26,27,28,29,30,31",scientific,0.9640495867768595,0.009295224693555383,0.8727272727272727,0.978883531208536,0.010258776482708136,0.7727272727272727,0.005646601012489705,20.857696533203125
clean,16,0,"22,23,24,25,26,27,28,29,30,31",scientific,0.9636363636363636,0.008726740529728464,0.8590909090909091,0.979554383431004,0.009783543983660912,0.7897727272727273,0.004407981227010915,21.537437438964844
clean,17,0,"22,23,24,25,26,27,28,29,30,31",scientific,0.9628099173553719,0.010696015789706411,0.85,0.9815629280769325,0.009914031233262949,0.7784090909090908,0.0036060248990511523,22.375179290771484
clean,18,0,"22,23,24,25,26,27,28,29,30,31",scientific,0.9648760330578513,0.011904843215609843,0.8454545454545455,0.9806339339463855,0.009881319474354859,0.7954545454545454,0.0031660431489934915,23.83757209777832
clean,19,0,"22,23,24,25,26,27,28,29,30,31",scientific,0.9603305785123967,0.01341544056260161,0.840909090909091,0.9820990800377168,0.009637158387819342,0.7954545454545454,0.0027744672070818543,24.825666427612305
clean,20,0,"22,23,24,25,26,27,28,29,30,31",scientific,0.9541322314049587,0.01509254741136334,0.8363636363636363,0.9825468139558455,0.009925121578982865,0.7954545454545454,0.0023115060079516025,25.498294830322266
clean,21,0,"22,23,24,25,26,27,28,29,30,31",scientific,0.9533057851239668,0.01770602089721366,0.8363636363636363,0.982969352763035,0.010244690611436782,0.7897727272727273,0.002125044559349476,26.089387893676758
clean,22,0,"22,23,24,25,26,27,28,29,30,31",scientific,0.95,0.019791619859219872,0.8363636363636365,0.9835496561563222,0.008469908470913386,0.8068181818181819,0.002082206160495259,26.734655380249023
clean,23,0,"22,23,24,25,26,27,28,29,30,31",scientific,0.9475206611570248,0.0221604755004825,0.8272727272727274,0.9837595386290482,0.008891823978413645,0.8068181818181818,0.00214080620053525,27.379676818847656
clean,24,0,"22,23,24,25,26,27,28,29,30,31",scientific,0.9462809917355373,0.02202134313136236,0.8227272727272729,0.9830102696232002,0.008009846692322423,0.7897727272727273,0.002231683654958627,27.935077667236328
clean,25,0,"22,23,24,25,26,27,28,29,30,31",scientific,0.9413223140495868,0.02425728945692423,0.8227272727272729,0.9825631403877341,0.00828644221207068,0.7784090909090909,0.0024498238616947887,28.86752700805664
clean,26,0,"22,23,24,25,26,27,28,29,30,31",scientific,0.9396694214876034,0.023206811705948717,0.8136363636363637,0.9808882174031893,0.00877118583218029,0.7784090909090908,0.0026497459678577195,30.160140991210938
clean,27,0,"22,23,24,25,26,27,28,29,30,31",scientific,0.9392561983471074,0.024292460259006738,0.8090909090909092,0.9800919079254509,0.009323019627696664,0.7670454545454546,0.002781158457680455,31.078128814697266
clean,28,0,"22,23,24,25,26,27,28,29,30,31",scientific,0.9334710743801653,0.028250685347334225,0.8045454545454545,0.9788039914430684,0.010128783152584652,0.7670454545454546,0.003111434881020725,32.67046356201172
clean,29,0,"22,23,24,25,26,27,28,29,30,31",scientific,0.9256198347107437,0.0318208649721958,0.7999999999999999,0.9792020741959064,0.010320972485146386,0.7727272727272727,0.0034691937292482544,34.25188064575195
clean,30,0,"22,23,24,25,26,27,28,29,30,31",scientific,0.9297520661157025,0.03537827238513055,0.8181818181818181,0.9781438123495012,0.00995714829667881,0.7556818181818181,0.004500189499437757,38.60026550292969
clean,31,0,"22,23,24,25,26,27,28,29,30,31",scientific,0.8991735537190083,0.049885464061414024,0.8090909090909092,0.9689442183123249,0.013738694174044897,0.7386363636363635,0.020906823433351263,48.30238723754883
affinity_5pct,0,8190,"22,23,24,25,26,27,28,29,30,31",scientific,0.8537190082644628,0.02030267520088968,0.7909090909090909,0.9097053390983586,0.007225360262775835,0.6136363636363636,0.008643092981139633,6.384413242340088
affinity_5pct,1,8190,"22,23,24,25,26,27,28,29,30,31",scientific,0.9082644628099175,0.01635236275818957,0.8454545454545455,0.9177042733211707,0.011199069403489657,0.6193181818181819,0.011081765327813797,8.944086074829102
affinity_5pct,2,8190,"22,23,24,25,26,27,28,29,30,31",scientific,0.925206611570248,0.020133764818313776,0.8318181818181818,0.9543799180856554,0.00454891524060165,0.6647727272727273,0.013323882670899567,12.361712455749512
affinity_5pct,3,8190,"22,23,24,25,26,27,28,29,30,31",scientific,0.937603305785124,0.020553438207348538,0.8772727272727273,0.9665084605662441,0.008535780522339047,0.6647727272727273,0.018431163381344318,14.976731300354004
affinity_5pct,4,8190,"22,23,24,25,26,27,28,29,30,31",scientific,0.9404958677685951,0.015648013412199548,0.8772727272727273,0.9715326920241781,0.003057221337848877,0.6988636363636364,0.018021862350793505,16.401166915893555
affinity_5pct,5,8190,"22,23,24,25,26,27,28,29,30,31",scientific,0.9545454545454545,0.021748260110645852,0.8727272727272727,0.9769993208357903,0.0045623001785947866,0.7102272727272726,0.016422614919436973,17.17976951599121
affinity_5pct,6,8190,"22,23,24,25,26,27,28,29,30,31",scientific,0.9636363636363636,0.017217079880991443,0.8636363636363636,0.9778257972596933,0.005081044268748537,0.7159090909090909,0.016010588825311922,17.36566925048828
affinity_5pct,7,8190,"22,23,24,25,26,27,28,29,30,31",scientific,0.9644628099173553,0.015538508823936483,0.8772727272727273,0.9780567956349207,0.005715796043258424,0.7045454545454545,0.015145047420834779,16.83710479736328
affinity_5pct,8,8190,"22,23,24,25,26,27,28,29,30,31",scientific,0.9690082644628099,0.010696015789706411,0.8681818181818182,0.9798848952958377,0.007370116222233675,0.7159090909090909,0.01396585969928199,17.087352752685547
affinity_5pct,9,8190,"22,23,24,25,26,27,28,29,30,31",scientific,0.965702479338843,0.01592920270032757,0.8681818181818182,0.9810823013415892,0.005995445403882199,0.7215909090909092,0.010928140929854613,17.496597290039062
affinity_5pct,10,8190,"22,23,24,25,26,27,28,29,30,31",scientific,0.9681818181818181,0.014760802561563424,0.8772727272727273,0.982836293782864,0.005309962377537274,0.75,0.01015808701953047,18.06978988647461
affinity_5pct,11,8190,"22,23,24,25,26,27,28,29,30,31",scientific,0.971900826446281,0.011436654961238031,0.8863636363636364,0.9786112992346061,0.006843951951381834,0.7159090909090908,0.009686256513962044,18.292165756225586
affinity_5pct,12,8190,"22,23,24,25,26,27,28,29,30,31",scientific,0.9731404958677686,0.012188331573349273,0.8818181818181818,0.9783037077221239,0.00919530861089002,0.7272727272727273,0.00911917227782888,19.11211395263672
affinity_5pct,13,8190,"22,23,24,25,26,27,28,29,30,31",scientific,0.9723140495867769,0.010664039587242945,0.8772727272727272,0.9784078571121431,0.008715955747814514,0.7443181818181818,0.008056573702907244,19.678007125854492
affinity_5pct,14,8190,"22,23,24,25,26,27,28,29,30,31",scientific,0.9694214876033058,0.008707151861861748,0.8681818181818182,0.9790379268483709,0.008752292705423997,0.7613636363636364,0.0070205397078169085,20.154953002929688
affinity_5pct,15,8190,"22,23,24,25,26,27,28,29,30,31",scientific,0.9640495867768595,0.009295224693555383,0.8727272727272727,0.978883531208536,0.010258776482708136,0.7727272727272727,0.005646601012489705,20.857696533203125
affinity_5pct,16,8190,"22,23,24,25,26,27,28,29,30,31",scientific,0.9636363636363636,0.008726740529728464,0.8590909090909091,0.979554383431004,0.009783543983660912,0.7897727272727273,0.004407981227010915,21.537437438964844
affinity_5pct,17,8190,"22,23,24,25,26,27,28,29,30,31",scientific,0.9628099173553719,0.010696015789706411,0.85,0.9815629280769325,0.009914031233262949,0.7784090909090908,0.0036060248990511523,22.375179290771484
affinity_5pct,18,8190,"22,23,24,25,26,27,28,29,30,31",scientific,0.9648760330578513,0.011904843215609843,0.8454545454545455,0.9806339339463855,0.009881319474354859,0.7954545454545454,0.0031660431489934915,23.83757209777832
affinity_5pct,19,8190,"22,23,24,25,26,27,28,29,30,31",scientific,0.9603305785123967,0.01341544056260161,0.840909090909091,0.9820990800377168,0.009637158387819342,0.7954545454545454,0.0027744672070818543,24.825666427612305
affinity_5pct,20,8190,"22,23,24,25,26,27,28,29,30,31",scientific,0.9541322314049587,0.01509254741136334,0.8363636363636363,0.9825468139558455,0.009925121578982865,0.7954545454545454,0.0023115060079516025,25.498294830322266
affinity_5pct,21,8190,"22,23,24,25,26,27,28,29,30,31",scientific,0.9533057851239668,0.01770602089721366,0.8363636363636363,0.982969352763035,0.010244690611436782,0.7897727272727273,0.002125044559349476,26.089387893676758
affinity_5pct,22,8190,"22,23,24,25,26,27,28,29,30,31",scientific,0.9491735537190082,0.021693230989101933,0.8363636363636365,0.9835496561563222,0.008469908470913386,0.8011363636363636,0.002067076970591719,26.694198608398438
affinity_5pct,23,8190,"22,23,24,25,26,27,28,29,30,31",scientific,0.9479338842975207,0.02160647349157252,0.8272727272727274,0.982873812902354,0.009195251182640252,0.8068181818181818,0.002113366329746569,27.300561904907227
affinity_5pct,24,8190,"22,23,24,25,26,27,28,29,30,31",scientific,0.9454545454545455,0.022542449085927046,0.8272727272727274,0.9827715543454223,0.008191050426123534,0.7840909090909091,0.002191664801708071,27.806978225708008
affinity_5pct,25,8190,"22,23,24,25,26,27,28,29,30,31",scientific,0.9417355371900827,0.02371627248311029,0.8227272727272729,0.9821005581508919,0.008619504551335377,0.7784090909090909,0.0023825963547829954,28.645601272583008
affinity_5pct,26,8190,"22,23,24,25,26,27,28,29,30,31",scientific,0.9409090909090908,0.022731028990867902,0.8090909090909092,0.9806929049031893,0.009166449707903078,0.7727272727272727,0.0025486633541214054,29.780752182006836
affinity_5pct,27,8190,"22,23,24,25,26,27,28,29,30,31",scientific,0.9417355371900825,0.023022129383775413,0.8090909090909092,0.9799834009810064,0.009291868656324751,0.7670454545454546,0.002651138922733276,30.593910217285156
affinity_5pct,28,8190,"22,23,24,25,26,27,28,29,30,31",scientific,0.9355371900826446,0.026504326794751374,0.8045454545454547,0.9792842630473242,0.009252359803411561,0.7670454545454546,0.0029282611435798023,31.981489181518555
affinity_5pct,29,8190,"22,23,24,25,26,27,28,29,30,31",scientific,0.9268595041322314,0.03007174446059546,0.8045454545454545,0.9789513996388028,0.01045533184304329,0.7727272727272727,0.0032347496794330466,33.42734909057617
affinity_5pct,30,8190,"22,23,24,25,26,27,28,29,30,31",scientific,0.9272727272727274,0.03332536389034043,0.8,0.9781166112278245,0.009294393816864725,0.7613636363636362,0.004134791697468998,37.577842712402344
affinity_5pct,31,8190,"22,23,24,25,26,27,28,29,30,31",scientific,0.9066115702479338,0.04737491123294713,0.8045454545454545,0.9708946174412747,0.012846634582682268,0.7329545454545454,0.01885763130260698,48.050846099853516
coverage_5pct,0,8190,"22,23,24,25,26,27,28,29,30,31",scientific,0.8537190082644628,0.02030267520088968,0.7909090909090909,0.9097053390983586,0.007225360262775835,0.6136363636363636,0.008643092981139633,6.384413242340088
coverage_5pct,1,8190,"22,23,24,25,26,27,28,29,30,31",scientific,0.9082644628099175,0.01635236275818957,0.8454545454545455,0.9177042733211707,0.011199069403489657,0.6193181818181819,0.011081765327813797,8.944086074829102
coverage_5pct,2,8190,"22,23,24,25,26,27,28,29,30,31",scientific,0.925206611570248,0.020133764818313776,0.8318181818181818,0.9543799180856554,0.00454891524060165,0.6647727272727273,0.013323882670899567,12.361712455749512
coverage_5pct,3,8190,"22,23,24,25,26,27,28,29,30,31",scientific,0.937603305785124,0.020553438207348538,0.8772727272727273,0.9665084605662441,0.008535780522339047,0.6647727272727273,0.018431163381344318,14.976731300354004
coverage_5pct,4,8190,"22,23,24,25,26,27,28,29,30,31",scientific,0.9404958677685951,0.015648013412199548,0.8772727272727273,0.9715326920241781,0.003057221337848877,0.6988636363636364,0.018021862350793505,16.401166915893555
coverage_5pct,5,8190,"22,23,24,25,26,27,28,29,30,31",scientific,0.9545454545454545,0.021748260110645852,0.8727272727272727,0.9769993208357903,0.0045623001785947866,0.7102272727272726,0.016422614919436973,17.17976951599121
coverage_5pct,6,8190,"22,23,24,25,26,27,28,29,30,31",scientific,0.9636363636363636,0.017217079880991443,0.8636363636363636,0.9778257972596933,0.005081044268748537,0.7159090909090909,0.016010588825311922,17.36566925048828
coverage_5pct,7,8190,"22,23,24,25,26,27,28,29,30,31",scientific,0.9644628099173553,0.015538508823936483,0.8772727272727273,0.9780567956349207,0.005715796043258424,0.7045454545454545,0.015145047420834779,16.83710479736328
coverage_5pct,8,8190,"22,23,24,25,26,27,28,29,30,31",scientific,0.9690082644628099,0.010696015789706411,0.8681818181818182,0.9798848952958377,0.007370116222233675,0.7159090909090909,0.01396585969928199,17.087352752685547
coverage_5pct,9,8190,"22,23,24,25,26,27,28,29,30,31",scientific,0.965702479338843,0.01592920270032757,0.8681818181818182,0.9810823013415892,0.005995445403882199,0.7215909090909092,0.010928140929854613,17.496597290039062
coverage_5pct,10,8190,"22,23,24,25,26,27,28,29,30,31",scientific,0.9681818181818181,0.014760802561563424,0.8772727272727273,0.982836293782864,0.005309962377537274,0.75,0.01015808701953047,18.06978988647461
coverage_5pct,11,8190,"22,23,24,25,26,27,28,29,30,31",scientific,0.971900826446281,0.011436654961238031,0.8863636363636364,0.9786112992346061,0.006843951951381834,0.7159090909090908,0.009686256513962044,18.292165756225586
coverage_5pct,12,8190,"22,23,24,25,26,27,28,29,30,31",scientific,0.9731404958677686,0.012188331573349273,0.8818181818181818,0.9783037077221239,0.00919530861089002,0.7272727272727273,0.00911917227782888,19.11211395263672
coverage_5pct,13,8190,"22,23,24,25,26,27,28,29,30,31",scientific,0.9723140495867769,0.010664039587242945,0.8772727272727272,0.9784078571121431,0.008715955747814514,0.7443181818181818,0.008056573702907244,19.678007125854492
coverage_5pct,14,8190,"22,23,24,25,26,27,28,29,30,31",scientific,0.9694214876033058,0.008707151861861748,0.8681818181818182,0.9790379268483709,0.008752292705423997,0.7613636363636364,0.0070205397078169085,20.154953002929688
coverage_5pct,15,8190,"22,23,24,25,26,27,28,29,30,31",scientific,0.9640495867768595,0.009295224693555383,0.8727272727272727,0.978883531208536,0.010258776482708136,0.7727272727272727,0.005646601012489705,20.857696533203125
coverage_5pct,16,8190,"22,23,24,25,26,27,28,29,30,31",scientific,0.9636363636363636,0.008726740529728464,0.8590909090909091,0.979554383431004,0.009783543983660912,0.7897727272727273,0.004407981227010915,21.537437438964844
coverage_5pct,17,8190,"22,23,24,25,26,27,28,29,30,31",scientific,0.9628099173553719,0.010696015789706411,0.85,0.9815629280769325,0.009914031233262949,0.7784090909090908,0.0036060248990511523,22.375179290771484
coverage_5pct,18,8190,"22,23,24,25,26,27,28,29,30,31",scientific,0.9648760330578513,0.011904843215609843,0.8454545454545455,0.9806339339463855,0.009881319474354859,0.7954545454545454,0.0031660431489934915,23.83757209777832
coverage_5pct,19,8190,"22,23,24,25,26,27,28,29,30,31",scientific,0.9603305785123967,0.01341544056260161,0.840909090909091,0.9820990800377168,0.009637158387819342,0.7954545454545454,0.0027744672070818543,24.825666427612305
coverage_5pct,20,8190,"22,23,24,25,26,27,28,29,30,31",scientific,0.9541322314049587,0.01509254741136334,0.8363636363636363,0.9825468139558455,0.009925121578982865,0.7954545454545454,0.0023115060079516025,25.498294830322266
coverage_5pct,21,8190,"22,23,24,25,26,27,28,29,30,31",scientific,0.9533057851239668,0.01770602089721366,0.8363636363636363,0.982969352763035,0.010244690611436782,0.7897727272727273,0.002125044559349476,26.089387893676758
coverage_5pct,22,8190,"22,23,24,25,26,27,28,29,30,31",scientific,0.9495867768595041,0.01780219770953558,0.8363636363636365,0.9833476249600719,0.008876993394326967,0.8068181818181819,0.002173335004828414,26.573488235473633
coverage_5pct,23,8190,"22,23,24,25,26,27,28,29,30,31",scientific,0.9483471074380165,0.01938188330505547,0.8272727272727274,0.9830163740386506,0.009540258081078449,0.7897727272727273,0.0022768612180060765,27.03174591064453
coverage_5pct,24,8190,"22,23,24,25,26,27,28,29,30,31",scientific,0.946694214876033,0.020260579623357443,0.8181818181818181,0.9819030572755417,0.010048508196247986,0.7954545454545454,0.0023922167277291573,27.3480281829834
coverage_5pct,25,8190,"22,23,24,25,26,27,28,29,30,31",scientific,0.9388429752066114,0.02336081657041747,0.8136363636363637,0.9817657367223205,0.01008112349175834,0.7897727272727273,0.002588401326285794,27.81515884399414
coverage_5pct,26,8190,"22,23,24,25,26,27,28,29,30,31",scientific,0.9380165289256197,0.023118348315205532,0.8136363636363637,0.9793012421525629,0.010096668434252906,0.7784090909090909,0.002776845034178632,28.5678768157959
coverage_5pct,27,8190,"22,23,24,25,26,27,28,29,30,31",scientific,0.9392561983471074,0.023103571485114632,0.8136363636363637,0.9785228811919504,0.010603728129678138,0.7727272727272727,0.0028966456868844137,29.182092666625977
coverage_5pct,28,8190,"22,23,24,25,26,27,28,29,30,31",scientific,0.9334710743801653,0.029260166887769362,0.8090909090909092,0.9782693175954592,0.010186827060310545,0.7727272727272727,0.0031507871860714243,30.11409568786621
coverage_5pct,29,8190,"22,23,24,25,26,27,28,29,30,31",scientific,0.9272727272727274,0.03368212210299969,0.8045454545454545,0.9795376730736154,0.010233514438732506,0.7784090909090908,0.0034264303185058687,31.073745727539062
coverage_5pct,30,8190,"22,23,24,25,26,27,28,29,30,31",scientific,0.9256198347107437,0.03856503337295899,0.8045454545454547,0.9778523553061576,0.010167947687995926,0.7840909090909092,0.0041659620711904655,33.734519958496094
coverage_5pct,31,8190,"22,23,24,25,26,27,28,29,30,31",scientific,0.9140495867768594,0.04583983960956492,0.8227272727272726,0.9758004654712762,0.009178691522395956,0.7443181818181819,0.008114910499036898,40.52988052368164
mass_5pct,0,8190,"22,23,24,25,26,27,28,29,30,31",scientific,0.8537190082644628,0.02030267520088968,0.7909090909090909,0.9097053390983586,0.007225360262775835,0.6136363636363636,0.008643092981139633,6.384413242340088
mass_5pct,1,8190,"22,23,24,25,26,27,28,29,30,31",scientific,0.9082644628099175,0.01635236275818957,0.8454545454545455,0.9177042733211707,0.011199069403489657,0.6193181818181819,0.011081765327813797,8.944086074829102
mass_5pct,2,8190,"22,23,24,25,26,27,28,29,30,31",scientific,0.925206611570248,0.020133764818313776,0.8318181818181818,0.9543799180856554,0.00454891524060165,0.6647727272727273,0.013323882670899567,12.361712455749512
mass_5pct,3,8190,"22,23,24,25,26,27,28,29,30,31",scientific,0.937603305785124,0.020553438207348538,0.8772727272727273,0.9665084605662441,0.008535780522339047,0.6647727272727273,0.018431163381344318,14.976731300354004
mass_5pct,4,8190,"22,23,24,25,26,27,28,29,30,31",scientific,0.9404958677685951,0.015648013412199548,0.8772727272727273,0.9715326920241781,0.003057221337848877,0.6988636363636364,0.018021862350793505,16.401166915893555
mass_5pct,5,8190,"22,23,24,25,26,27,28,29,30,31",scientific,0.9545454545454545,0.021748260110645852,0.8727272727272727,0.9769993208357903,0.0045623001785947866,0.7102272727272726,0.016422614919436973,17.17976951599121
mass_5pct,6,8190,"22,23,24,25,26,27,28,29,30,31",scientific,0.9636363636363636,0.017217079880991443,0.8636363636363636,0.9778257972596933,0.005081044268748537,0.7159090909090909,0.016010588825311922,17.36566925048828
mass_5pct,7,8190,"22,23,24,25,26,27,28,29,30,31",scientific,0.9644628099173553,0.015538508823936483,0.8772727272727273,0.9780567956349207,0.005715796043258424,0.7045454545454545,0.015145047420834779,16.83710479736328
mass_5pct,8,8190,"22,23,24,25,26,27,28,29,30,31",scientific,0.9690082644628099,0.010696015789706411,0.8681818181818182,0.9798848952958377,0.007370116222233675,0.7159090909090909,0.01396585969928199,17.087352752685547
mass_5pct,9,8190,"22,23,24,25,26,27,28,29,30,31",scientific,0.965702479338843,0.01592920270032757,0.8681818181818182,0.9810823013415892,0.005995445403882199,0.7215909090909092,0.010928140929854613,17.496597290039062
mass_5pct,10,8190,"22,23,24,25,26,27,28,29,30,31",scientific,0.9681818181818181,0.014760802561563424,0.8772727272727273,0.982836293782864,0.005309962377537274,0.75,0.01015808701953047,18.06978988647461
mass_5pct,11,8190,"22,23,24,25,26,27,28,29,30,31",scientific,0.971900826446281,0.011436654961238031,0.8863636363636364,0.9786112992346061,0.006843951951381834,0.7159090909090908,0.009686256513962044,18.292165756225586
mass_5pct,12,8190,"22,23,24,25,26,27,28,29,30,31",scientific,0.9731404958677686,0.012188331573349273,0.8818181818181818,0.9783037077221239,0.00919530861089002,0.7272727272727273,0.00911917227782888,19.11211395263672
mass_5pct,13,8190,"22,23,24,25,26,27,28,29,30,31",scientific,0.9723140495867769,0.010664039587242945,0.8772727272727272,0.9784078571121431,0.008715955747814514,0.7443181818181818,0.008056573702907244,19.678007125854492
mass_5pct,14,8190,"22,23,24,25,26,27,28,29,30,31",scientific,0.9694214876033058,0.008707151861861748,0.8681818181818182,0.9790379268483709,0.008752292705423997,0.7613636363636364,0.0070205397078169085,20.154953002929688
mass_5pct,15,8190,"22,23,24,25,26,27,28,29,30,31",scientific,0.9640495867768595,0.009295224693555383,0.8727272727272727,0.978883531208536,0.010258776482708136,0.7727272727272727,0.005646601012489705,20.857696533203125
mass_5pct,16,8190,"22,23,24,25,26,27,28,29,30,31",scientific,0.9636363636363636,0.008726740529728464,0.8590909090909091,0.979554383431004,0.009783543983660912,0.7897727272727273,0.004407981227010915,21.537437438964844
mass_5pct,17,8190,"22,23,24,25,26,27,28,29,30,31",scientific,0.9628099173553719,0.010696015789706411,0.85,0.9815629280769325,0.009914031233262949,0.7784090909090908,0.0036060248990511523,22.375179290771484
mass_5pct,18,8190,"22,23,24,25,26,27,28,29,30,31",scientific,0.9648760330578513,0.011904843215609843,0.8454545454545455,0.9806339339463855,0.009881319474354859,0.7954545454545454,0.0031660431489934915,23.83757209777832
mass_5pct,19,8190,"22,23,24,25,26,27,28,29,30,31",scientific,0.9603305785123967,0.01341544056260161,0.840909090909091,0.9820990800377168,0.009637158387819342,0.7954545454545454,0.0027744672070818543,24.825666427612305
mass_5pct,20,8190,"22,23,24,25,26,27,28,29,30,31",scientific,0.9541322314049587,0.01509254741136334,0.8363636363636363,0.9825468139558455,0.009925121578982865,0.7954545454545454,0.0023115060079516025,25.498294830322266
mass_5pct,21,8190,"22,23,24,25,26,27,28,29,30,31",scientific,0.9533057851239668,0.01770602089721366,0.8363636363636363,0.982969352763035,0.010244690611436782,0.7897727272727273,0.002125044559349476,26.089387893676758
mass_5pct,22,8190,"22,23,24,25,26,27,28,29,30,31",scientific,0.9512396694214875,0.019452235199900542,0.8318181818181818,0.9833340531936459,0.007735830171742292,0.7897727272727273,0.002165536542851454,26.52199935913086
mass_5pct,23,8190,"22,23,24,25,26,27,28,29,30,31",scientific,0.9483471074380165,0.019600894587820543,0.8272727272727274,0.9829276968462823,0.008444378802574292,0.7954545454545454,0.0022587801778838346,26.908445358276367
mass_5pct,24,8190,"22,23,24,25,26,27,28,29,30,31",scientific,0.9450413223140496,0.019142536895703232,0.8272727272727274,0.9818659892685144,0.00945373717547106,0.7784090909090908,0.0023756910339033377,27.181846618652344
mass_5pct,25,8190,"22,23,24,25,26,27,28,29,30,31",scientific,0.940909090909091,0.023579078706920813,0.8136363636363637,0.9816084616412355,0.008531883691648505,0.7784090909090908,0.002571346351595394,27.583955764770508
mass_5pct,26,8190,"22,23,24,25,26,27,28,29,30,31",scientific,0.9413223140495868,0.023140495867768597,0.8181818181818181,0.9794806985294118,0.009268157424463604,0.7727272727272727,0.0027508112724398126,28.26751708984375
mass_5pct,27,8190,"22,23,24,25,26,27,28,29,30,31",scientific,0.9417355371900827,0.0200061461767111,0.8136363636363637,0.9793487433350533,0.009807083187998101,0.7727272727272727,0.0028474571393839465,28.77595329284668
mass_5pct,28,8190,"22,23,24,25,26,27,28,29,30,31",scientific,0.9392561983471074,0.021771801441850393,0.8136363636363637,0.9781243953173375,0.009605495512806692,0.7784090909090908,0.0030951845238107456,29.795007705688477
mass_5pct,29,8190,"22,23,24,25,26,27,28,29,30,31",scientific,0.9347107438016529,0.0259903887496138,0.8181818181818181,0.9786483096528085,0.010467164518834969,0.7727272727272727,0.0033619824958340816,30.736446380615234
mass_5pct,30,8190,"22,23,24,25,26,27,28,29,30,31",scientific,0.9338842975206612,0.030617576120401193,0.8272727272727274,0.978392135362917,0.010328723439310067,0.7556818181818182,0.00404023371166129,33.32936477661133
mass_5pct,31,8190,"22,23,24,25,26,27,28,29,30,31",scientific,0.9256198347107439,0.03874173548209661,0.8272727272727272,0.976970209684751,0.008584698389272706,0.7443181818181818,0.007351857246887361,39.702354431152344
random_5pct_seed0,0,8190,"22,23,24,25,26,27,28,29,30,31",scientific,0.8537190082644628,0.02030267520088968,0.7909090909090909,0.9097053390983586,0.007225360262775835,0.6136363636363636,0.008643092981139633,6.384413242340088
random_5pct_seed0,1,8190,"22,23,24,25,26,27,28,29,30,31",scientific,0.9082644628099175,0.01635236275818957,0.8454545454545455,0.9177042733211707,0.011199069403489657,0.6193181818181819,0.011081765327813797,8.944086074829102
random_5pct_seed0,2,8190,"22,23,24,25,26,27,28,29,30,31",scientific,0.925206611570248,0.020133764818313776,0.8318181818181818,0.9543799180856554,0.00454891524060165,0.6647727272727273,0.013323882670899567,12.361712455749512
random_5pct_seed0,3,8190,"22,23,24,25,26,27,28,29,30,31",scientific,0.937603305785124,0.020553438207348538,0.8772727272727273,0.9665084605662441,0.008535780522339047,0.6647727272727273,0.018431163381344318,14.976731300354004
random_5pct_seed0,4,8190,"22,23,24,25,26,27,28,29,30,31",scientific,0.9404958677685951,0.015648013412199548,0.8772727272727273,0.9715326920241781,0.003057221337848877,0.6988636363636364,0.018021862350793505,16.401166915893555
random_5pct_seed0,5,8190,"22,23,24,25,26,27,28,29,30,31",scientific,0.9545454545454545,0.021748260110645852,0.8727272727272727,0.9769993208357903,0.0045623001785947866,0.7102272727272726,0.016422614919436973,17.17976951599121
random_5pct_seed0,6,8190,"22,23,24,25,26,27,28,29,30,31",scientific,0.9636363636363636,0.017217079880991443,0.8636363636363636,0.9778257972596933,0.005081044268748537,0.7159090909090909,0.016010588825311922,17.36566925048828
random_5pct_seed0,7,8190,"22,23,24,25,26,27,28,29,30,31",scientific,0.9644628099173553,0.015538508823936483,0.8772727272727273,0.9780567956349207,0.005715796043258424,0.7045454545454545,0.015145047420834779,16.83710479736328
random_5pct_seed0,8,8190,"22,23,24,25,26,27,28,29,30,31",scientific,0.9690082644628099,0.010696015789706411,0.8681818181818182,0.9798848952958377,0.007370116222233675,0.7159090909090909,0.01396585969928199,17.087352752685547
random_5pct_seed0,9,8190,"22,23,24,25,26,27,28,29,30,31",scientific,0.965702479338843,0.01592920270032757,0.8681818181818182,0.9810823013415892,0.005995445403882199,0.7215909090909092,0.010928140929854613,17.496597290039062
random_5pct_seed0,10,8190,"22,23,24,25,26,27,28,29,30,31",scientific,0.9681818181818181,0.014760802561563424,0.8772727272727273,0.982836293782864,0.005309962377537274,0.75,0.01015808701953047,18.06978988647461
random_5pct_seed0,11,8190,"22,23,24,25,26,27,28,29,30,31",scientific,0.971900826446281,0.011436654961238031,0.8863636363636364,0.9786112992346061,0.006843951951381834,0.7159090909090908,0.009686256513962044,18.292165756225586
random_5pct_seed0,12,8190,"22,23,24,25,26,27,28,29,30,31",scientific,0.9731404958677686,0.012188331573349273,0.8818181818181818,0.9783037077221239,0.00919530861089002,0.7272727272727273,0.00911917227782888,19.11211395263672
random_5pct_seed0,13,8190,"22,23,24,25,26,27,28,29,30,31",scientific,0.9723140495867769,0.010664039587242945,0.8772727272727272,0.9784078571121431,0.008715955747814514,0.7443181818181818,0.008056573702907244,19.678007125854492
random_5pct_seed0,14,8190,"22,23,24,25,26,27,28,29,30,31",scientific,0.9694214876033058,0.008707151861861748,0.8681818181818182,0.9790379268483709,0.008752292705423997,0.7613636363636364,0.0070205397078169085,20.154953002929688
random_5pct_seed0,15,8190,"22,23,24,25,26,27,28,29,30,31",scientific,0.9640495867768595,0.009295224693555383,0.8727272727272727,0.978883531208536,0.010258776482708136,0.7727272727272727,0.005646601012489705,20.857696533203125
random_5pct_seed0,16,8190,"22,23,24,25,26,27,28,29,30,31",scientific,0.9636363636363636,0.008726740529728464,0.8590909090909091,0.979554383431004,0.009783543983660912,0.7897727272727273,0.004407981227010915,21.537437438964844
random_5pct_seed0,17,8190,"22,23,24,25,26,27,28,29,30,31",scientific,0.9628099173553719,0.010696015789706411,0.85,0.9815629280769325,0.009914031233262949,0.7784090909090908,0.0036060248990511523,22.375179290771484
random_5pct_seed0,18,8190,"22,23,24,25,26,27,28,29,30,31",scientific,0.9648760330578513,0.011904843215609843,0.8454545454545455,0.9806339339463855,0.009881319474354859,0.7954545454545454,0.0031660431489934915,23.83757209777832
random_5pct_seed0,19,8190,"22,23,24,25,26,27,28,29,30,31",scientific,0.9603305785123967,0.01341544056260161,0.840909090909091,0.9820990800377168,0.009637158387819342,0.7954545454545454,0.0027744672070818543,24.825666427612305
random_5pct_seed0,20,8190,"22,23,24,25,26,27,28,29,30,31",scientific,0.9541322314049587,0.01509254741136334,0.8363636363636363,0.9825468139558455,0.009925121578982865,0.7954545454545454,0.0023115060079516025,25.498294830322266
random_5pct_seed0,21,8190,"22,23,24,25,26,27,28,29,30,31",scientific,0.9533057851239668,0.01770602089721366,0.8363636363636363,0.982969352763035,0.010244690611436782,0.7897727272727273,0.002125044559349476,26.089387893676758
random_5pct_seed0,22,8190,"22,23,24,25,26,27,28,29,30,31",scientific,0.9483471074380165,0.020866745740417466,0.8318181818181818,0.9835496561563222,0.008469908470913386,0.8068181818181819,0.002074215783099742,26.701671600341797
random_5pct_seed0,23,8190,"22,23,24,25,26,27,28,29,30,31",scientific,0.9466942148760331,0.02176395716076643,0.8227272727272729,0.9831027860705687,0.008804262254556664,0.8011363636363635,0.0021276626945805344,27.300365447998047
random_5pct_seed0,24,8190,"22,23,24,25,26,27,28,29,30,31",scientific,0.947107438016529,0.01984331769180653,0.8227272727272729,0.9817236872819304,0.009208734888243815,0.7784090909090909,0.002209818257853269,27.784469604492188
random_5pct_seed0,25,8190,"22,23,24,25,26,27,28,29,30,31",scientific,0.9454545454545453,0.021336083708141454,0.8227272727272729,0.9819349422883188,0.008275652979383909,0.7840909090909091,0.0024298620187370723,28.63187599182129
random_5pct_seed0,26,8190,"22,23,24,25,26,27,28,29,30,31",scientific,0.9400826446280991,0.022367551409461738,0.8181818181818181,0.9808882174031894,0.008577265418296924,0.7784090909090909,0.0026186733651445415,29.79183578491211
random_5pct_seed0,27,8190,"22,23,24,25,26,27,28,29,30,31",scientific,0.9413223140495868,0.022768557543728783,0.8090909090909092,0.9800919079254509,0.00912220443467322,0.7670454545454546,0.0027438982161092085,30.65285301208496
random_5pct_seed0,28,8190,"22,23,24,25,26,27,28,29,30,31",scientific,0.9367768595041321,0.027428804587233225,0.8045454545454547,0.9790493006413091,0.00984339458249572,0.7840909090909091,0.003046975271571939,32.0474967956543
random_5pct_seed0,29,8190,"22,23,24,25,26,27,28,29,30,31",scientific,0.9289256198347108,0.029031682760744283,0.8045454545454545,0.979242117625559,0.010322704632763732,0.7784090909090909,0.003367910440249755,33.468406677246094
random_5pct_seed0,30,8190,"22,23,24,25,26,27,28,29,30,31",scientific,0.9272727272727271,0.03393465316966577,0.8045454545454545,0.9779493828781511,0.009517461991478696,0.75,0.004297523549550153,37.247802734375
random_5pct_seed0,31,8190,"22,23,24,25,26,27,28,29,30,31",scientific,0.9128099173553718,0.046262540595890835,0.809090909090909,0.9719982400855078,0.012239534021090633,0.721590909090909,0.01884944065145666,46.31609344482422
random_5pct_seed1,0,8190,"22,23,24,25,26,27,28,29,30,31",scientific,0.8537190082644628,0.02030267520088968,0.7909090909090909,0.9097053390983586,0.007225360262775835,0.6136363636363636,0.008643092981139633,6.384413242340088
random_5pct_seed1,1,8190,"22,23,24,25,26,27,28,29,30,31",scientific,0.9082644628099175,0.01635236275818957,0.8454545454545455,0.9177042733211707,0.011199069403489657,0.6193181818181819,0.011081765327813797,8.944086074829102
random_5pct_seed1,2,8190,"22,23,24,25,26,27,28,29,30,31",scientific,0.925206611570248,0.020133764818313776,0.8318181818181818,0.9543799180856554,0.00454891524060165,0.6647727272727273,0.013323882670899567,12.361712455749512
random_5pct_seed1,3,8190,"22,23,24,25,26,27,28,29,30,31",scientific,0.937603305785124,0.020553438207348538,0.8772727272727273,0.9665084605662441,0.008535780522339047,0.6647727272727273,0.018431163381344318,14.976731300354004
random_5pct_seed1,4,8190,"22,23,24,25,26,27,28,29,30,31",scientific,0.9404958677685951,0.015648013412199548,0.8772727272727273,0.9715326920241781,0.003057221337848877,0.6988636363636364,0.018021862350793505,16.401166915893555
random_5pct_seed1,5,8190,"22,23,24,25,26,27,28,29,30,31",scientific,0.9545454545454545,0.021748260110645852,0.8727272727272727,0.9769993208357903,0.0045623001785947866,0.7102272727272726,0.016422614919436973,17.17976951599121
random_5pct_seed1,6,8190,"22,23,24,25,26,27,28,29,30,31",scientific,0.9636363636363636,0.017217079880991443,0.8636363636363636,0.9778257972596933,0.005081044268748537,0.7159090909090909,0.016010588825311922,17.36566925048828
random_5pct_seed1,7,8190,"22,23,24,25,26,27,28,29,30,31",scientific,0.9644628099173553,0.015538508823936483,0.8772727272727273,0.9780567956349207,0.005715796043258424,0.7045454545454545,0.015145047420834779,16.83710479736328
random_5pct_seed1,8,8190,"22,23,24,25,26,27,28,29,30,31",scientific,0.9690082644628099,0.010696015789706411,0.8681818181818182,0.9798848952958377,0.007370116222233675,0.7159090909090909,0.01396585969928199,17.087352752685547
random_5pct_seed1,9,8190,"22,23,24,25,26,27,28,29,30,31",scientific,0.965702479338843,0.01592920270032757,0.8681818181818182,0.9810823013415892,0.005995445403882199,0.7215909090909092,0.010928140929854613,17.496597290039062
random_5pct_seed1,10,8190,"22,23,24,25,26,27,28,29,30,31",scientific,0.9681818181818181,0.014760802561563424,0.8772727272727273,0.982836293782864,0.005309962377537274,0.75,0.01015808701953047,18.06978988647461
random_5pct_seed1,11,8190,"22,23,24,25,26,27,28,29,30,31",scientific,0.971900826446281,0.011436654961238031,0.8863636363636364,0.9786112992346061,0.006843951951381834,0.7159090909090908,0.009686256513962044,18.292165756225586
random_5pct_seed1,12,8190,"22,23,24,25,26,27,28,29,30,31",scientific,0.9731404958677686,0.012188331573349273,0.8818181818181818,0.9783037077221239,0.00919530861089002,0.7272727272727273,0.00911917227782888,19.11211395263672
random_5pct_seed1,13,8190,"22,23,24,25,26,27,28,29,30,31",scientific,0.9723140495867769,0.010664039587242945,0.8772727272727272,0.9784078571121431,0.008715955747814514,0.7443181818181818,0.008056573702907244,19.678007125854492
random_5pct_seed1,14,8190,"22,23,24,25,26,27,28,29,30,31",scientific,0.9694214876033058,0.008707151861861748,0.8681818181818182,0.9790379268483709,0.008752292705423997,0.7613636363636364,0.0070205397078169085,20.154953002929688
random_5pct_seed1,15,8190,"22,23,24,25,26,27,28,29,30,31",scientific,0.9640495867768595,0.009295224693555383,0.8727272727272727,0.978883531208536,0.010258776482708136,0.7727272727272727,0.005646601012489705,20.857696533203125
random_5pct_seed1,16,8190,"22,23,24,25,26,27,28,29,30,31",scientific,0.9636363636363636,0.008726740529728464,0.8590909090909091,0.979554383431004,0.009783543983660912,0.7897727272727273,0.004407981227010915,21.537437438964844
random_5pct_seed1,17,8190,"22,23,24,25,26,27,28,29,30,31",scientific,0.9628099173553719,0.010696015789706411,0.85,0.9815629280769325,0.009914031233262949,0.7784090909090908,0.0036060248990511523,22.375179290771484
random_5pct_seed1,18,8190,"22,23,24,25,26,27,28,29,30,31",scientific,0.9648760330578513,0.011904843215609843,0.8454545454545455,0.9806339339463855,0.009881319474354859,0.7954545454545454,0.0031660431489934915,23.83757209777832
random_5pct_seed1,19,8190,"22,23,24,25,26,27,28,29,30,31",scientific,0.9603305785123967,0.01341544056260161,0.840909090909091,0.9820990800377168,0.009637158387819342,0.7954545454545454,0.0027744672070818543,24.825666427612305
random_5pct_seed1,20,8190,"22,23,24,25,26,27,28,29,30,31",scientific,0.9541322314049587,0.01509254741136334,0.8363636363636363,0.9825468139558455,0.009925121578982865,0.7954545454545454,0.0023115060079516025,25.498294830322266
random_5pct_seed1,21,8190,"22,23,24,25,26,27,28,29,30,31",scientific,0.9533057851239668,0.01770602089721366,0.8363636363636363,0.982969352763035,0.010244690611436782,0.7897727272727273,0.002125044559349476,26.089387893676758
random_5pct_seed1,22,8190,"22,23,24,25,26,27,28,29,30,31",scientific,0.9487603305785124,0.021046002608672426,0.8363636363636365,0.9834160884748636,0.008153505904420308,0.8011363636363636,0.0020768945271367745,26.7141056060791
random_5pct_seed1,23,8190,"22,23,24,25,26,27,28,29,30,31",scientific,0.9458677685950413,0.022229715134401244,0.8227272727272729,0.9842400693830164,0.008382459518455523,0.8011363636363636,0.0021227378056968282,27.29163360595703
random_5pct_seed1,24,8190,"22,23,24,25,26,27,28,29,30,31",scientific,0.9454545454545453,0.02188912832751903,0.8227272727272729,0.9837266266155585,0.007427950521564615,0.7954545454545454,0.00223083738048957,27.81205177307129
random_5pct_seed1,25,8190,"22,23,24,25,26,27,28,29,30,31",scientific,0.9404958677685951,0.02199806884992751,0.8227272727272729,0.9829406639300458,0.008350987803529629,0.7840909090909092,0.0024436186811459537,28.651906967163086
random_5pct_seed1,26,8190,"22,23,24,25,26,27,28,29,30,31",scientific,0.9388429752066116,0.023177361425421743,0.8090909090909092,0.9817216812711927,0.008790131353451604,0.7727272727272727,0.0026282759148006374,29.83762550354004
random_5pct_seed1,27,8190,"22,23,24,25,26,27,28,29,30,31",scientific,0.9400826446280991,0.02293295359588696,0.8136363636363637,0.9809384732511426,0.008968753175117462,0.7840909090909092,0.002751613726335922,30.696569442749023
random_5pct_seed1,28,8190,"22,23,24,25,26,27,28,29,30,31",scientific,0.9367768595041323,0.026446280991735533,0.8045454545454547,0.9801716012611184,0.008984384556886398,0.7897727272727273,0.0030501300769620876,32.085670471191406
random_5pct_seed1,29,8190,"22,23,24,25,26,27,28,29,30,31",scientific,0.931404958677686,0.02837131222111054,0.8045454545454545,0.9806624788073123,0.008920841033497702,0.7727272727272727,0.0033692662105384574,33.42045593261719
random_5pct_seed1,30,8190,"22,23,24,25,26,27,28,29,30,31",scientific,0.9297520661157025,0.03367198146688157,0.8227272727272726,0.9791739420548922,0.00930281358242844,0.7727272727272727,0.004321904442818214,37.24958419799805
random_5pct_seed1,31,8190,"22,23,24,25,26,27,28,29,30,31",scientific,0.9049586776859503,0.0428438870936523,0.8136363636363637,0.9716547707350485,0.012708787174996445,0.7386363636363635,0.019373591846241323,46.61929702758789
random_5pct_seed2,0,8190,"22,23,24,25,26,27,28,29,30,31",scientific,0.8537190082644628,0.02030267520088968,0.7909090909090909,0.9097053390983586,0.007225360262775835,0.6136363636363636,0.008643092981139633,6.384413242340088
random_5pct_seed2,1,8190,"22,23,24,25,26,27,28,29,30,31",scientific,0.9082644628099175,0.01635236275818957,0.8454545454545455,0.9177042733211707,0.011199069403489657,0.6193181818181819,0.011081765327813797,8.944086074829102
random_5pct_seed2,2,8190,"22,23,24,25,26,27,28,29,30,31",scientific,0.925206611570248,0.020133764818313776,0.8318181818181818,0.9543799180856554,0.00454891524060165,0.6647727272727273,0.013323882670899567,12.361712455749512
random_5pct_seed2,3,8190,"22,23,24,25,26,27,28,29,30,31",scientific,0.937603305785124,0.020553438207348538,0.8772727272727273,0.9665084605662441,0.008535780522339047,0.6647727272727273,0.018431163381344318,14.976731300354004
random_5pct_seed2,4,8190,"22,23,24,25,26,27,28,29,30,31",scientific,0.9404958677685951,0.015648013412199548,0.8772727272727273,0.9715326920241781,0.003057221337848877,0.6988636363636364,0.018021862350793505,16.401166915893555
random_5pct_seed2,5,8190,"22,23,24,25,26,27,28,29,30,31",scientific,0.9545454545454545,0.021748260110645852,0.8727272727272727,0.9769993208357903,0.0045623001785947866,0.7102272727272726,0.016422614919436973,17.17976951599121
random_5pct_seed2,6,8190,"22,23,24,25,26,27,28,29,30,31",scientific,0.9636363636363636,0.017217079880991443,0.8636363636363636,0.9778257972596933,0.005081044268748537,0.7159090909090909,0.016010588825311922,17.36566925048828
random_5pct_seed2,7,8190,"22,23,24,25,26,27,28,29,30,31",scientific,0.9644628099173553,0.015538508823936483,0.8772727272727273,0.9780567956349207,0.005715796043258424,0.7045454545454545,0.015145047420834779,16.83710479736328
random_5pct_seed2,8,8190,"22,23,24,25,26,27,28,29,30,31",scientific,0.9690082644628099,0.010696015789706411,0.8681818181818182,0.9798848952958377,0.007370116222233675,0.7159090909090909,0.01396585969928199,17.087352752685547
random_5pct_seed2,9,8190,"22,23,24,25,26,27,28,29,30,31",scientific,0.965702479338843,0.01592920270032757,0.8681818181818182,0.9810823013415892,0.005995445403882199,0.7215909090909092,0.010928140929854613,17.496597290039062
random_5pct_seed2,10,8190,"22,23,24,25,26,27,28,29,30,31",scientific,0.9681818181818181,0.014760802561563424,0.8772727272727273,0.982836293782864,0.005309962377537274,0.75,0.01015808701953047,18.06978988647461
random_5pct_seed2,11,8190,"22,23,24,25,26,27,28,29,30,31",scientific,0.971900826446281,0.011436654961238031,0.8863636363636364,0.9786112992346061,0.006843951951381834,0.7159090909090908,0.009686256513962044,18.292165756225586
random_5pct_seed2,12,8190,"22,23,24,25,26,27,28,29,30,31",scientific,0.9731404958677686,0.012188331573349273,0.8818181818181818,0.9783037077221239,0.00919530861089002,0.7272727272727273,0.00911917227782888,19.11211395263672
random_5pct_seed2,13,8190,"22,23,24,25,26,27,28,29,30,31",scientific,0.9723140495867769,0.010664039587242945,0.8772727272727272,0.9784078571121431,0.008715955747814514,0.7443181818181818,0.008056573702907244,19.678007125854492
random_5pct_seed2,14,8190,"22,23,24,25,26,27,28,29,30,31",scientific,0.9694214876033058,0.008707151861861748,0.8681818181818182,0.9790379268483709,0.008752292705423997,0.7613636363636364,0.0070205397078169085,20.154953002929688
random_5pct_seed2,15,8190,"22,23,24,25,26,27,28,29,30,31",scientific,0.9640495867768595,0.009295224693555383,0.8727272727272727,0.978883531208536,0.010258776482708136,0.7727272727272727,0.005646601012489705,20.857696533203125
random_5pct_seed2,16,8190,"22,23,24,25,26,27,28,29,30,31",scientific,0.9636363636363636,0.008726740529728464,0.8590909090909091,0.979554383431004,0.009783543983660912,0.7897727272727273,0.004407981227010915,21.537437438964844
random_5pct_seed2,17,8190,"22,23,24,25,26,27,28,29,30,31",scientific,0.9628099173553719,0.010696015789706411,0.85,0.9815629280769325,0.009914031233262949,0.7784090909090908,0.0036060248990511523,22.375179290771484
random_5pct_seed2,18,8190,"22,23,24,25,26,27,28,29,30,31",scientific,0.9648760330578513,0.011904843215609843,0.8454545454545455,0.9806339339463855,0.009881319474354859,0.7954545454545454,0.0031660431489934915,23.83757209777832
random_5pct_seed2,19,8190,"22,23,24,25,26,27,28,29,30,31",scientific,0.9603305785123967,0.01341544056260161,0.840909090909091,0.9820990800377168,0.009637158387819342,0.7954545454545454,0.0027744672070818543,24.825666427612305
random_5pct_seed2,20,8190,"22,23,24,25,26,27,28,29,30,31",scientific,0.9541322314049587,0.01509254741136334,0.8363636363636363,0.9825468139558455,0.009925121578982865,0.7954545454545454,0.0023115060079516025,25.498294830322266
random_5pct_seed2,21,8190,"22,23,24,25,26,27,28,29,30,31",scientific,0.9533057851239668,0.01770602089721366,0.8363636363636363,0.982969352763035,0.010244690611436782,0.7897727272727273,0.002125044559349476,26.089387893676758
random_5pct_seed2,22,8190,"22,23,24,25,26,27,28,29,30,31",scientific,0.9483471074380165,0.02194366619396981,0.8363636363636365,0.9834794457805052,0.00828373581818695,0.8068181818181819,0.002076092660732498,26.698444366455078
random_5pct_seed2,23,8190,"22,23,24,25,26,27,28,29,30,31",scientific,0.9483471074380165,0.021070328568565236,0.8318181818181818,0.9831827385559487,0.008761937676466124,0.8068181818181818,0.0021390839600833322,27.349111557006836
random_5pct_seed2,24,8190,"22,23,24,25,26,27,28,29,30,31",scientific,0.9479338842975207,0.02253487306518341,0.8318181818181818,0.9827429998863579,0.008423423993854564,0.8011363636363636,0.002229344356941332,27.852603912353516
random_5pct_seed2,25,8190,"22,23,24,25,26,27,28,29,30,31",scientific,0.9429752066115704,0.02422206758636834,0.8181818181818181,0.9824831879023539,0.008754271872568687,0.8011363636363636,0.002436720107744872,28.678783416748047
random_5pct_seed2,26,8190,"22,23,24,25,26,27,28,29,30,31",scientific,0.9421487603305785,0.02282099383716375,0.8136363636363637,0.980790316400683,0.010068743340250574,0.7784090909090908,0.002619404863123176,29.808639526367188
random_5pct_seed2,27,8190,"22,23,24,25,26,27,28,29,30,31",scientific,0.9421487603305785,0.02229108092439863,0.8090909090909092,0.9797710229925304,0.010187273673052602,0.7727272727272727,0.00273998242300455,30.65117835998535
random_5pct_seed2,28,8190,"22,23,24,25,26,27,28,29,30,31",scientific,0.934297520661157,0.027546831921485864,0.7954545454545455,0.978266092621259,0.010762404183096427,0.7613636363636365,0.0030471768203650385,32.08859634399414
random_5pct_seed2,29,8190,"22,23,24,25,26,27,28,29,30,31",scientific,0.9264462809917354,0.03170259136994487,0.8,0.9791684135276918,0.010729148667496764,0.7727272727272727,0.0033838761326040467,33.53971862792969
random_5pct_seed2,30,8190,"22,23,24,25,26,27,28,29,30,31",scientific,0.9276859504132231,0.03300615793010887,0.7954545454545454,0.9773041000939849,0.01199352076478832,0.7670454545454546,0.00435376679602173,37.40804672241211
random_5pct_seed2,31,8190,"22,23,24,25,26,27,28,29,30,31",scientific,0.9136363636363637,0.046703356086135316,0.8045454545454545,0.9704804674062607,0.013595946988438913,0.7272727272727273,0.019817219032254085,46.84067153930664
random_5pct_seed3,0,8190,"22,23,24,25,26,27,28,29,30,31",scientific,0.8537190082644628,0.02030267520088968,0.7909090909090909,0.9097053390983586,0.007225360262775835,0.6136363636363636,0.008643092981139633,6.384413242340088
random_5pct_seed3,1,8190,"22,23,24,25,26,27,28,29,30,31",scientific,0.9082644628099175,0.01635236275818957,0.8454545454545455,0.9177042733211707,0.011199069403489657,0.6193181818181819,0.011081765327813797,8.944086074829102
random_5pct_seed3,2,8190,"22,23,24,25,26,27,28,29,30,31",scientific,0.925206611570248,0.020133764818313776,0.8318181818181818,0.9543799180856554,0.00454891524060165,0.6647727272727273,0.013323882670899567,12.361712455749512
random_5pct_seed3,3,8190,"22,23,24,25,26,27,28,29,30,31",scientific,0.937603305785124,0.020553438207348538,0.8772727272727273,0.9665084605662441,0.008535780522339047,0.6647727272727273,0.018431163381344318,14.976731300354004
random_5pct_seed3,4,8190,"22,23,24,25,26,27,28,29,30,31",scientific,0.9404958677685951,0.015648013412199548,0.8772727272727273,0.9715326920241781,0.003057221337848877,0.6988636363636364,0.018021862350793505,16.401166915893555
random_5pct_seed3,5,8190,"22,23,24,25,26,27,28,29,30,31",scientific,0.9545454545454545,0.021748260110645852,0.8727272727272727,0.9769993208357903,0.0045623001785947866,0.7102272727272726,0.016422614919436973,17.17976951599121
random_5pct_seed3,6,8190,"22,23,24,25,26,27,28,29,30,31",scientific,0.9636363636363636,0.017217079880991443,0.8636363636363636,0.9778257972596933,0.005081044268748537,0.7159090909090909,0.016010588825311922,17.36566925048828
random_5pct_seed3,7,8190,"22,23,24,25,26,27,28,29,30,31",scientific,0.9644628099173553,0.015538508823936483,0.8772727272727273,0.9780567956349207,0.005715796043258424,0.7045454545454545,0.015145047420834779,16.83710479736328
random_5pct_seed3,8,8190,"22,23,24,25,26,27,28,29,30,31",scientific,0.9690082644628099,0.010696015789706411,0.8681818181818182,0.9798848952958377,0.007370116222233675,0.7159090909090909,0.01396585969928199,17.087352752685547
random_5pct_seed3,9,8190,"22,23,24,25,26,27,28,29,30,31",scientific,0.965702479338843,0.01592920270032757,0.8681818181818182,0.9810823013415892,0.005995445403882199,0.7215909090909092,0.010928140929854613,17.496597290039062
random_5pct_seed3,10,8190,"22,23,24,25,26,27,28,29,30,31",scientific,0.9681818181818181,0.014760802561563424,0.8772727272727273,0.982836293782864,0.005309962377537274,0.75,0.01015808701953047,18.06978988647461
random_5pct_seed3,11,8190,"22,23,24,25,26,27,28,29,30,31",scientific,0.971900826446281,0.011436654961238031,0.8863636363636364,0.9786112992346061,0.006843951951381834,0.7159090909090908,0.009686256513962044,18.292165756225586
random_5pct_seed3,12,8190,"22,23,24,25,26,27,28,29,30,31",scientific,0.9731404958677686,0.012188331573349273,0.8818181818181818,0.9783037077221239,0.00919530861089002,0.7272727272727273,0.00911917227782888,19.11211395263672
random_5pct_seed3,13,8190,"22,23,24,25,26,27,28,29,30,31",scientific,0.9723140495867769,0.010664039587242945,0.8772727272727272,0.9784078571121431,0.008715955747814514,0.7443181818181818,0.008056573702907244,19.678007125854492
random_5pct_seed3,14,8190,"22,23,24,25,26,27,28,29,30,31",scientific,0.9694214876033058,0.008707151861861748,0.8681818181818182,0.9790379268483709,0.008752292705423997,0.7613636363636364,0.0070205397078169085,20.154953002929688
random_5pct_seed3,15,8190,"22,23,24,25,26,27,28,29,30,31",scientific,0.9640495867768595,0.009295224693555383,0.8727272727272727,0.978883531208536,0.010258776482708136,0.7727272727272727,0.005646601012489705,20.857696533203125
random_5pct_seed3,16,8190,"22,23,24,25,26,27,28,29,30,31",scientific,0.9636363636363636,0.008726740529728464,0.8590909090909091,0.979554383431004,0.009783543983660912,0.7897727272727273,0.004407981227010915,21.537437438964844
random_5pct_seed3,17,8190,"22,23,24,25,26,27,28,29,30,31",scientific,0.9628099173553719,0.010696015789706411,0.85,0.9815629280769325,0.009914031233262949,0.7784090909090908,0.0036060248990511523,22.375179290771484
random_5pct_seed3,18,8190,"22,23,24,25,26,27,28,29,30,31",scientific,0.9648760330578513,0.011904843215609843,0.8454545454545455,0.9806339339463855,0.009881319474354859,0.7954545454545454,0.0031660431489934915,23.83757209777832
random_5pct_seed3,19,8190,"22,23,24,25,26,27,28,29,30,31",scientific,0.9603305785123967,0.01341544056260161,0.840909090909091,0.9820990800377168,0.009637158387819342,0.7954545454545454,0.0027744672070818543,24.825666427612305
random_5pct_seed3,20,8190,"22,23,24,25,26,27,28,29,30,31",scientific,0.9541322314049587,0.01509254741136334,0.8363636363636363,0.9825468139558455,0.009925121578982865,0.7954545454545454,0.0023115060079516025,25.498294830322266
random_5pct_seed3,21,8190,"22,23,24,25,26,27,28,29,30,31",scientific,0.9533057851239668,0.01770602089721366,0.8363636363636363,0.982969352763035,0.010244690611436782,0.7897727272727273,0.002125044559349476,26.089387893676758
random_5pct_seed3,22,8190,"22,23,24,25,26,27,28,29,30,31",scientific,0.9487603305785124,0.020302675200889637,0.8363636363636365,0.9836581631007666,0.008330817902207006,0.7954545454545454,0.0020739399357905253,26.688274383544922
random_5pct_seed3,23,8190,"22,23,24,25,26,27,28,29,30,31",scientific,0.9462809917355373,0.021431904925437954,0.8272727272727274,0.9832398474740773,0.008806551238082902,0.8068181818181818,0.002128299140856771,27.311634063720703
random_5pct_seed3,24,8190,"22,23,24,25,26,27,28,29,30,31",scientific,0.9475206611570248,0.02192809778747371,0.8272727272727274,0.9828800612898668,0.00815578636521761,0.7954545454545455,0.0022150859547074297,27.81546974182129
random_5pct_seed3,25,8190,"22,23,24,25,26,27,28,29,30,31",scientific,0.9409090909090908,0.022237395119130088,0.8227272727272729,0.9824260789842252,0.008178265106593795,0.7840909090909091,0.002421411222392811,28.64861488342285
random_5pct_seed3,26,8190,"22,23,24,25,26,27,28,29,30,31",scientific,0.9380165289256199,0.021431904925437895,0.8136363636363637,0.9810538332657623,0.00915115504444124,0.7784090909090909,0.0026076192564566947,29.792442321777344
random_5pct_seed3,27,8190,"22,23,24,25,26,27,28,29,30,31",scientific,0.9413223140495866,0.0185075997326931,0.8136363636363637,0.9801098564425772,0.009061963856597428,0.7670454545454546,0.00273668278418826,30.628263473510742
random_5pct_seed3,28,8190,"22,23,24,25,26,27,28,29,30,31",scientific,0.9355371900826446,0.02578591861458298,0.7909090909090909,0.9794969001855127,0.009521569995659859,0.7670454545454546,0.0030454513422969454,32.01183319091797
random_5pct_seed3,29,8190,"22,23,24,25,26,27,28,29,30,31",scientific,0.9297520661157025,0.028026156955063077,0.8045454545454545,0.9799469856473291,0.0096808575591842,0.7670454545454546,0.0033834184550823876,33.44090270996094
random_5pct_seed3,30,8190,"22,23,24,25,26,27,28,29,30,31",scientific,0.9297520661157026,0.030812151871582236,0.8045454545454545,0.9799589449266548,0.009669428221844552,0.7670454545454546,0.00433788180246264,37.24712371826172
random_5pct_seed3,31,8190,"22,23,24,25,26,27,28,29,30,31",scientific,0.9082644628099172,0.04249573597415681,0.8136363636363637,0.971631716008772,0.013339770792180664,0.7215909090909092,0.019913014667376716,46.160797119140625
random_5pct_seed4,0,8190,"22,23,24,25,26,27,28,29,30,31",scientific,0.8537190082644628,0.02030267520088968,0.7909090909090909,0.9097053390983586,0.007225360262775835,0.6136363636363636,0.008643092981139633,6.384413242340088
random_5pct_seed4,1,8190,"22,23,24,25,26,27,28,29,30,31",scientific,0.9082644628099175,0.01635236275818957,0.8454545454545455,0.9177042733211707,0.011199069403489657,0.6193181818181819,0.011081765327813797,8.944086074829102
random_5pct_seed4,2,8190,"22,23,24,25,26,27,28,29,30,31",scientific,0.925206611570248,0.020133764818313776,0.8318181818181818,0.9543799180856554,0.00454891524060165,0.6647727272727273,0.013323882670899567,12.361712455749512
random_5pct_seed4,3,8190,"22,23,24,25,26,27,28,29,30,31",scientific,0.937603305785124,0.020553438207348538,0.8772727272727273,0.9665084605662441,0.008535780522339047,0.6647727272727273,0.018431163381344318,14.976731300354004
random_5pct_seed4,4,8190,"22,23,24,25,26,27,28,29,30,31",scientific,0.9404958677685951,0.015648013412199548,0.8772727272727273,0.9715326920241781,0.003057221337848877,0.6988636363636364,0.018021862350793505,16.401166915893555
random_5pct_seed4,5,8190,"22,23,24,25,26,27,28,29,30,31",scientific,0.9545454545454545,0.021748260110645852,0.8727272727272727,0.9769993208357903,0.0045623001785947866,0.7102272727272726,0.016422614919436973,17.17976951599121
random_5pct_seed4,6,8190,"22,23,24,25,26,27,28,29,30,31",scientific,0.9636363636363636,0.017217079880991443,0.8636363636363636,0.9778257972596933,0.005081044268748537,0.7159090909090909,0.016010588825311922,17.36566925048828
random_5pct_seed4,7,8190,"22,23,24,25,26,27,28,29,30,31",scientific,0.9644628099173553,0.015538508823936483,0.8772727272727273,0.9780567956349207,0.005715796043258424,0.7045454545454545,0.015145047420834779,16.83710479736328
random_5pct_seed4,8,8190,"22,23,24,25,26,27,28,29,30,31",scientific,0.9690082644628099,0.010696015789706411,0.8681818181818182,0.9798848952958377,0.007370116222233675,0.7159090909090909,0.01396585969928199,17.087352752685547
random_5pct_seed4,9,8190,"22,23,24,25,26,27,28,29,30,31",scientific,0.965702479338843,0.01592920270032757,0.8681818181818182,0.9810823013415892,0.005995445403882199,0.7215909090909092,0.010928140929854613,17.496597290039062
random_5pct_seed4,10,8190,"22,23,24,25,26,27,28,29,30,31",scientific,0.9681818181818181,0.014760802561563424,0.8772727272727273,0.982836293782864,0.005309962377537274,0.75,0.01015808701953047,18.06978988647461
random_5pct_seed4,11,8190,"22,23,24,25,26,27,28,29,30,31",scientific,0.971900826446281,0.011436654961238031,0.8863636363636364,0.9786112992346061,0.006843951951381834,0.7159090909090908,0.009686256513962044,18.292165756225586
random_5pct_seed4,12,8190,"22,23,24,25,26,27,28,29,30,31",scientific,0.9731404958677686,0.012188331573349273,0.8818181818181818,0.9783037077221239,0.00919530861089002,0.7272727272727273,0.00911917227782888,19.11211395263672
random_5pct_seed4,13,8190,"22,23,24,25,26,27,28,29,30,31",scientific,0.9723140495867769,0.010664039587242945,0.8772727272727272,0.9784078571121431,0.008715955747814514,0.7443181818181818,0.008056573702907244,19.678007125854492
random_5pct_seed4,14,8190,"22,23,24,25,26,27,28,29,30,31",scientific,0.9694214876033058,0.008707151861861748,0.8681818181818182,0.9790379268483709,0.008752292705423997,0.7613636363636364,0.0070205397078169085,20.154953002929688
random_5pct_seed4,15,8190,"22,23,24,25,26,27,28,29,30,31",scientific,0.9640495867768595,0.009295224693555383,0.8727272727272727,0.978883531208536,0.010258776482708136,0.7727272727272727,0.005646601012489705,20.857696533203125
random_5pct_seed4,16,8190,"22,23,24,25,26,27,28,29,30,31",scientific,0.9636363636363636,0.008726740529728464,0.8590909090909091,0.979554383431004,0.009783543983660912,0.7897727272727273,0.004407981227010915,21.537437438964844
random_5pct_seed4,17,8190,"22,23,24,25,26,27,28,29,30,31",scientific,0.9628099173553719,0.010696015789706411,0.85,0.9815629280769325,0.009914031233262949,0.7784090909090908,0.0036060248990511523,22.375179290771484
random_5pct_seed4,18,8190,"22,23,24,25,26,27,28,29,30,31",scientific,0.9648760330578513,0.011904843215609843,0.8454545454545455,0.9806339339463855,0.009881319474354859,0.7954545454545454,0.0031660431489934915,23.83757209777832
random_5pct_seed4,19,8190,"22,23,24,25,26,27,28,29,30,31",scientific,0.9603305785123967,0.01341544056260161,0.840909090909091,0.9820990800377168,0.009637158387819342,0.7954545454545454,0.0027744672070818543,24.825666427612305
random_5pct_seed4,20,8190,"22,23,24,25,26,27,28,29,30,31",scientific,0.9541322314049587,0.01509254741136334,0.8363636363636363,0.9825468139558455,0.009925121578982865,0.7954545454545454,0.0023115060079516025,25.498294830322266
random_5pct_seed4,21,8190,"22,23,24,25,26,27,28,29,30,31",scientific,0.9533057851239668,0.01770602089721366,0.8363636363636363,0.982969352763035,0.010244690611436782,0.7897727272727273,0.002125044559349476,26.089387893676758
random_5pct_seed4,22,8190,"22,23,24,25,26,27,28,29,30,31",scientific,0.9508264462809917,0.020594935197317546,0.8318181818181818,0.9841161094371959,0.009026527222121859,0.8068181818181819,0.0020766365120328256,26.68408203125
random_5pct_seed4,23,8190,"22,23,24,25,26,27,28,29,30,31",scientific,0.9466942148760331,0.02238281415529063,0.8272727272727274,0.9840170662563272,0.009057907351090348,0.8011363636363636,0.002126391369651204,27.266023635864258
random_5pct_seed4,24,8190,"22,23,24,25,26,27,28,29,30,31",scientific,0.9483471074380165,0.02102976966942062,0.8272727272727274,0.9834223176661017,0.008633433752970607,0.7897727272727273,0.00220839878565271,27.76650047302246
random_5pct_seed4,25,8190,"22,23,24,25,26,27,28,29,30,31",scientific,0.9442148760330579,0.024896479886598447,0.8227272727272729,0.9828658176538159,0.008206058219009809,0.7784090909090909,0.002426093638535076,28.6524715423584
random_5pct_seed4,26,8190,"22,23,24,25,26,27,28,29,30,31",scientific,0.9417355371900825,0.023571835862729998,0.8136363636363637,0.9814079085581602,0.008970510809591452,0.7784090909090908,0.002611696041906808,29.81353759765625
random_5pct_seed4,27,8190,"22,23,24,25,26,27,28,29,30,31",scientific,0.9421487603305785,0.022595410106598865,0.8136363636363637,0.9805558434996806,0.009123918747121006,0.7670454545454546,0.00273324130002206,30.670820236206055
random_5pct_seed4,28,8190,"22,23,24,25,26,27,28,29,30,31",scientific,0.9351239669421487,0.027738324705518035,0.8090909090909092,0.9791578075857534,0.010058341393937058,0.7727272727272727,0.003046635824193955,32.12609100341797
random_5pct_seed4,29,8190,"22,23,24,25,26,27,28,29,30,31",scientific,0.9326446280991736,0.029729100410917274,0.8090909090909092,0.9795575028256917,0.00953429916114752,0.7727272727272727,0.0033802470074488777,33.5623664855957
random_5pct_seed4,30,8190,"22,23,24,25,26,27,28,29,30,31",scientific,0.9326446280991736,0.03424021898490347,0.809090909090909,0.97816551373839,0.009841886198755246,0.7670454545454546,0.004365412527812307,37.44347381591797
random_5pct_seed4,31,8190,"22,23,24,25,26,27,28,29,30,31",scientific,0.9090909090909092,0.045510859181019395,0.8090909090909092,0.9704142690519191,0.014818015063244223,0.7329545454545454,0.019608629145093204,46.956512451171875
affinity_10pct,0,16380,"22,23,24,25,26,27,28,29,30,31",scientific,0.8537190082644628,0.02030267520088968,0.7909090909090909,0.9097053390983586,0.007225360262775835,0.6136363636363636,0.008643092981139633,6.384413242340088
affinity_10pct,1,16380,"22,23,24,25,26,27,28,29,30,31",scientific,0.9082644628099175,0.01635236275818957,0.8454545454545455,0.9177042733211707,0.011199069403489657,0.6193181818181819,0.011081765327813797,8.944086074829102
affinity_10pct,2,16380,"22,23,24,25,26,27,28,29,30,31",scientific,0.925206611570248,0.020133764818313776,0.8318181818181818,0.9543799180856554,0.00454891524060165,0.6647727272727273,0.013323882670899567,12.361712455749512
affinity_10pct,3,16380,"22,23,24,25,26,27,28,29,30,31",scientific,0.937603305785124,0.020553438207348538,0.8772727272727273,0.9665084605662441,0.008535780522339047,0.6647727272727273,0.018431163381344318,14.976731300354004
affinity_10pct,4,16380,"22,23,24,25,26,27,28,29,30,31",scientific,0.9404958677685951,0.015648013412199548,0.8772727272727273,0.9715326920241781,0.003057221337848877,0.6988636363636364,0.018021862350793505,16.401166915893555
affinity_10pct,5,16380,"22,23,24,25,26,27,28,29,30,31",scientific,0.9545454545454545,0.021748260110645852,0.8727272727272727,0.9769993208357903,0.0045623001785947866,0.7102272727272726,0.016422614919436973,17.17976951599121
affinity_10pct,6,16380,"22,23,24,25,26,27,28,29,30,31",scientific,0.9636363636363636,0.017217079880991443,0.8636363636363636,0.9778257972596933,0.005081044268748537,0.7159090909090909,0.016010588825311922,17.36566925048828
affinity_10pct,7,16380,"22,23,24,25,26,27,28,29,30,31",scientific,0.9644628099173553,0.015538508823936483,0.8772727272727273,0.9780567956349207,0.005715796043258424,0.7045454545454545,0.015145047420834779,16.83710479736328
affinity_10pct,8,16380,"22,23,24,25,26,27,28,29,30,31",scientific,0.9690082644628099,0.010696015789706411,0.8681818181818182,0.9798848952958377,0.007370116222233675,0.7159090909090909,0.01396585969928199,17.087352752685547
affinity_10pct,9,16380,"22,23,24,25,26,27,28,29,30,31",scientific,0.965702479338843,0.01592920270032757,0.8681818181818182,0.9810823013415892,0.005995445403882199,0.7215909090909092,0.010928140929854613,17.496597290039062
affinity_10pct,10,16380,"22,23,24,25,26,27,28,29,30,31",scientific,0.9681818181818181,0.014760802561563424,0.8772727272727273,0.982836293782864,0.005309962377537274,0.75,0.01015808701953047,18.06978988647461
affinity_10pct,11,16380,"22,23,24,25,26,27,28,29,30,31",scientific,0.971900826446281,0.011436654961238031,0.8863636363636364,0.9786112992346061,0.006843951951381834,0.7159090909090908,0.009686256513962044,18.292165756225586
affinity_10pct,12,16380,"22,23,24,25,26,27,28,29,30,31",scientific,0.9731404958677686,0.012188331573349273,0.8818181818181818,0.9783037077221239,0.00919530861089002,0.7272727272727273,0.00911917227782888,19.11211395263672
affinity_10pct,13,16380,"22,23,24,25,26,27,28,29,30,31",scientific,0.9723140495867769,0.010664039587242945,0.8772727272727272,0.9784078571121431,0.008715955747814514,0.7443181818181818,0.008056573702907244,19.678007125854492
affinity_10pct,14,16380,"22,23,24,25,26,27,28,29,30,31",scientific,0.9694214876033058,0.008707151861861748,0.8681818181818182,0.9790379268483709,0.008752292705423997,0.7613636363636364,0.0070205397078169085,20.154953002929688
affinity_10pct,15,16380,"22,23,24,25,26,27,28,29,30,31",scientific,0.9640495867768595,0.009295224693555383,0.8727272727272727,0.978883531208536,0.010258776482708136,0.7727272727272727,0.005646601012489705,20.857696533203125
affinity_10pct,16,16380,"22,23,24,25,26,27,28,29,30,31",scientific,0.9636363636363636,0.008726740529728464,0.8590909090909091,0.979554383431004,0.009783543983660912,0.7897727272727273,0.004407981227010915,21.537437438964844
affinity_10pct,17,16380,"22,23,24,25,26,27,28,29,30,31",scientific,0.9628099173553719,0.010696015789706411,0.85,0.9815629280769325,0.009914031233262949,0.7784090909090908,0.0036060248990511523,22.375179290771484
affinity_10pct,18,16380,"22,23,24,25,26,27,28,29,30,31",scientific,0.9648760330578513,0.011904843215609843,0.8454545454545455,0.9806339339463855,0.009881319474354859,0.7954545454545454,0.0031660431489934915,23.83757209777832
affinity_10pct,19,16380,"22,23,24,25,26,27,28,29,30,31",scientific,0.9603305785123967,0.01341544056260161,0.840909090909091,0.9820990800377168,0.009637158387819342,0.7954545454545454,0.0027744672070818543,24.825666427612305
affinity_10pct,20,16380,"22,23,24,25,26,27,28,29,30,31",scientific,0.9541322314049587,0.01509254741136334,0.8363636363636363,0.9825468139558455,0.009925121578982865,0.7954545454545454,0.0023115060079516025,25.498294830322266
affinity_10pct,21,16380,"22,23,24,25,26,27,28,29,30,31",scientific,0.9533057851239668,0.01770602089721366,0.8363636363636363,0.982969352763035,0.010244690611436782,0.7897727272727273,0.002125044559349476,26.089387893676758
affinity_10pct,22,16380,"22,23,24,25,26,27,28,29,30,31",scientific,0.9495867768595041,0.02161437492664794,0.8363636363636365,0.9834865580003931,0.008966656896078668,0.8011363636363636,0.0020538430665059115,26.663820266723633
affinity_10pct,23,16380,"22,23,24,25,26,27,28,29,30,31",scientific,0.9475206611570248,0.021810980529581234,0.8227272727272729,0.9831776323467983,0.008941410957430942,0.8068181818181818,0.0020920646771424023,27.234554290771484
affinity_10pct,24,16380,"22,23,24,25,26,27,28,29,30,31",scientific,0.9462809917355373,0.021787481531345562,0.8227272727272729,0.9826796425807165,0.008308582533710801,0.7897727272727273,0.002159720261241782,27.687101364135742
affinity_10pct,25,16380,"22,23,24,25,26,27,28,29,30,31",scientific,0.9425619834710744,0.022382814155290646,0.8227272727272729,0.98171792839943,0.00870983365353784,0.7727272727272727,0.002329135246345815,28.425260543823242
affinity_10pct,26,16380,"22,23,24,25,26,27,28,29,30,31",scientific,0.9421487603305785,0.02304436941090691,0.8136363636363637,0.9804758910143004,0.009155968646423377,0.7727272727272727,0.002471526721238737,29.388721466064453
affinity_10pct,27,16380,"22,23,24,25,26,27,28,29,30,31",scientific,0.9425619834710744,0.02211419530621428,0.8136363636363637,0.9800571050788737,0.00942897949802738,0.7670454545454546,0.0025615298608161474,30.130691528320312
affinity_10pct,28,16380,"22,23,24,25,26,27,28,29,30,31",scientific,0.9355371900826446,0.025918019472011077,0.8,0.978608419793356,0.009751831043940886,0.7670454545454546,0.002791345700808412,31.331520080566406
affinity_10pct,29,16380,"22,23,24,25,26,27,28,29,30,31",scientific,0.9276859504132231,0.03072891312822842,0.7999999999999999,0.9784653691520468,0.010202549659763544,0.7670454545454546,0.0030529518450768123,32.64144515991211
affinity_10pct,30,16380,"22,23,24,25,26,27,28,29,30,31",scientific,0.9289256198347106,0.031702591369944834,0.8,0.9783681688135781,0.008643719445259521,0.7556818181818181,0.0038513635874656282,36.38546371459961
affinity_10pct,31,16380,"22,23,24,25,26,27,28,29,30,31",scientific,0.9086776859504132,0.044069816885602985,0.809090909090909,0.9724316631806231,0.011482693186061845,0.7272727272727273,0.017421062913248075,47.04199981689453
coverage_10pct,0,16380,"22,23,24,25,26,27,28,29,30,31",scientific,0.8537190082644628,0.02030267520088968,0.7909090909090909,0.9097053390983586,0.007225360262775835,0.6136363636363636,0.008643092981139633,6.384413242340088
coverage_10pct,1,16380,"22,23,24,25,26,27,28,29,30,31",scientific,0.9082644628099175,0.01635236275818957,0.8454545454545455,0.9177042733211707,0.011199069403489657,0.6193181818181819,0.011081765327813797,8.944086074829102
coverage_10pct,2,16380,"22,23,24,25,26,27,28,29,30,31",scientific,0.925206611570248,0.020133764818313776,0.8318181818181818,0.9543799180856554,0.00454891524060165,0.6647727272727273,0.013323882670899567,12.361712455749512
coverage_10pct,3,16380,"22,23,24,25,26,27,28,29,30,31",scientific,0.937603305785124,0.020553438207348538,0.8772727272727273,0.9665084605662441,0.008535780522339047,0.6647727272727273,0.018431163381344318,14.976731300354004
coverage_10pct,4,16380,"22,23,24,25,26,27,28,29,30,31",scientific,0.9404958677685951,0.015648013412199548,0.8772727272727273,0.9715326920241781,0.003057221337848877,0.6988636363636364,0.018021862350793505,16.401166915893555
coverage_10pct,5,16380,"22,23,24,25,26,27,28,29,30,31",scientific,0.9545454545454545,0.021748260110645852,0.8727272727272727,0.9769993208357903,0.0045623001785947866,0.7102272727272726,0.016422614919436973,17.17976951599121
coverage_10pct,6,16380,"22,23,24,25,26,27,28,29,30,31",scientific,0.9636363636363636,0.017217079880991443,0.8636363636363636,0.9778257972596933,0.005081044268748537,0.7159090909090909,0.016010588825311922,17.36566925048828
coverage_10pct,7,16380,"22,23,24,25,26,27,28,29,30,31",scientific,0.9644628099173553,0.015538508823936483,0.8772727272727273,0.9780567956349207,0.005715796043258424,0.7045454545454545,0.015145047420834779,16.83710479736328
coverage_10pct,8,16380,"22,23,24,25,26,27,28,29,30,31",scientific,0.9690082644628099,0.010696015789706411,0.8681818181818182,0.9798848952958377,0.007370116222233675,0.7159090909090909,0.01396585969928199,17.087352752685547
coverage_10pct,9,16380,"22,23,24,25,26,27,28,29,30,31",scientific,0.965702479338843,0.01592920270032757,0.8681818181818182,0.9810823013415892,0.005995445403882199,0.7215909090909092,0.010928140929854613,17.496597290039062
coverage_10pct,10,16380,"22,23,24,25,26,27,28,29,30,31",scientific,0.9681818181818181,0.014760802561563424,0.8772727272727273,0.982836293782864,0.005309962377537274,0.75,0.01015808701953047,18.06978988647461
coverage_10pct,11,16380,"22,23,24,25,26,27,28,29,30,31",scientific,0.971900826446281,0.011436654961238031,0.8863636363636364,0.9786112992346061,0.006843951951381834,0.7159090909090908,0.009686256513962044,18.292165756225586
coverage_10pct,12,16380,"22,23,24,25,26,27,28,29,30,31",scientific,0.9731404958677686,0.012188331573349273,0.8818181818181818,0.9783037077221239,0.00919530861089002,0.7272727272727273,0.00911917227782888,19.11211395263672
coverage_10pct,13,16380,"22,23,24,25,26,27,28,29,30,31",scientific,0.9723140495867769,0.010664039587242945,0.8772727272727272,0.9784078571121431,0.008715955747814514,0.7443181818181818,0.008056573702907244,19.678007125854492
coverage_10pct,14,16380,"22,23,24,25,26,27,28,29,30,31",scientific,0.9694214876033058,0.008707151861861748,0.8681818181818182,0.9790379268483709,0.008752292705423997,0.7613636363636364,0.0070205397078169085,20.154953002929688
coverage_10pct,15,16380,"22,23,24,25,26,27,28,29,30,31",scientific,0.9640495867768595,0.009295224693555383,0.8727272727272727,0.978883531208536,0.010258776482708136,0.7727272727272727,0.005646601012489705,20.857696533203125
coverage_10pct,16,16380,"22,23,24,25,26,27,28,29,30,31",scientific,0.9636363636363636,0.008726740529728464,0.8590909090909091,0.979554383431004,0.009783543983660912,0.7897727272727273,0.004407981227010915,21.537437438964844
coverage_10pct,17,16380,"22,23,24,25,26,27,28,29,30,31",scientific,0.9628099173553719,0.010696015789706411,0.85,0.9815629280769325,0.009914031233262949,0.7784090909090908,0.0036060248990511523,22.375179290771484
coverage_10pct,18,16380,"22,23,24,25,26,27,28,29,30,31",scientific,0.9648760330578513,0.011904843215609843,0.8454545454545455,0.9806339339463855,0.009881319474354859,0.7954545454545454,0.0031660431489934915,23.83757209777832
coverage_10pct,19,16380,"22,23,24,25,26,27,28,29,30,31",scientific,0.9603305785123967,0.01341544056260161,0.840909090909091,0.9820990800377168,0.009637158387819342,0.7954545454545454,0.0027744672070818543,24.825666427612305
coverage_10pct,20,16380,"22,23,24,25,26,27,28,29,30,31",scientific,0.9541322314049587,0.01509254741136334,0.8363636363636363,0.9825468139558455,0.009925121578982865,0.7954545454545454,0.0023115060079516025,25.498294830322266
coverage_10pct,21,16380,"22,23,24,25,26,27,28,29,30,31",scientific,0.9533057851239668,0.01770602089721366,0.8363636363636363,0.982969352763035,0.010244690611436782,0.7897727272727273,0.002125044559349476,26.089387893676758
coverage_10pct,22,16380,"22,23,24,25,26,27,28,29,30,31",scientific,0.9487603305785124,0.020344683677836622,0.8363636363636365,0.9836445913343408,0.00797088325375757,0.7954545454545454,0.00215691350019398,26.468318939208984
coverage_10pct,23,16380,"22,23,24,25,26,27,28,29,30,31",scientific,0.9479338842975207,0.020260579623357467,0.8272727272727274,0.9830104039971252,0.0087619692009515,0.7954545454545454,0.0022459317665226575,26.82308578491211
coverage_10pct,24,16380,"22,23,24,25,26,27,28,29,30,31",scientific,0.947107438016529,0.020478531724568354,0.8272727272727274,0.9820963637648041,0.009757838560529654,0.7840909090909092,0.0023456339848225705,27.021465301513672
coverage_10pct,25,16380,"22,23,24,25,26,27,28,29,30,31",scientific,0.9388429752066116,0.01997197681585876,0.8181818181818181,0.9819030572755418,0.01028436615301721,0.7954545454545454,0.0025070515728606857,27.23757553100586
coverage_10pct,26,16380,"22,23,24,25,26,27,28,29,30,31",scientific,0.9392561983471074,0.021336083708141475,0.8181818181818181,0.9791282837148017,0.010810264692122038,0.7727272727272727,0.002671911281920347,27.80211639404297
coverage_10pct,27,16380,"22,23,24,25,26,27,28,29,30,31",scientific,0.9409090909090908,0.021574838813564645,0.8136363636363637,0.9787270527728635,0.011541204692946037,0.7840909090909092,0.002761750404254637,28.209348678588867
coverage_10pct,28,16380,"22,23,24,25,26,27,28,29,30,31",scientific,0.9429752066115704,0.023795338923781776,0.8136363636363637,0.9794703517371861,0.010353806842027857,0.7784090909090909,0.0029732828798524347,28.88969612121582
coverage_10pct,29,16380,"22,23,24,25,26,27,28,29,30,31",scientific,0.9351239669421488,0.030185094822726702,0.8227272727272726,0.9794329190009337,0.011115607607149499,0.7784090909090909,0.003181376315762874,29.479543685913086
coverage_10pct,30,16380,"22,23,24,25,26,27,28,29,30,31",scientific,0.937190082644628,0.028646826466838013,0.8272727272727274,0.9777322634097498,0.01175586413026933,0.7670454545454546,0.0037644235578856433,31.386287689208984
coverage_10pct,31,16380,"22,23,24,25,26,27,28,29,30,31",scientific,0.9280991735537191,0.03923226760799313,0.8227272727272726,0.9759777238746375,0.008332080631845571,0.75,0.006389706230597536,36.518367767333984
mass_10pct,0,16380,"22,23,24,25,26,27,28,29,30,31",scientific,0.8537190082644628,0.02030267520088968,0.7909090909090909,0.9097053390983586,0.007225360262775835,0.6136363636363636,0.008643092981139633,6.384413242340088
mass_10pct,1,16380,"22,23,24,25,26,27,28,29,30,31",scientific,0.9082644628099175,0.01635236275818957,0.8454545454545455,0.9177042733211707,0.011199069403489657,0.6193181818181819,0.011081765327813797,8.944086074829102
mass_10pct,2,16380,"22,23,24,25,26,27,28,29,30,31",scientific,0.925206611570248,0.020133764818313776,0.8318181818181818,0.9543799180856554,0.00454891524060165,0.6647727272727273,0.013323882670899567,12.361712455749512
mass_10pct,3,16380,"22,23,24,25,26,27,28,29,30,31",scientific,0.937603305785124,0.020553438207348538,0.8772727272727273,0.9665084605662441,0.008535780522339047,0.6647727272727273,0.018431163381344318,14.976731300354004
mass_10pct,4,16380,"22,23,24,25,26,27,28,29,30,31",scientific,0.9404958677685951,0.015648013412199548,0.8772727272727273,0.9715326920241781,0.003057221337848877,0.6988636363636364,0.018021862350793505,16.401166915893555
mass_10pct,5,16380,"22,23,24,25,26,27,28,29,30,31",scientific,0.9545454545454545,0.021748260110645852,0.8727272727272727,0.9769993208357903,0.0045623001785947866,0.7102272727272726,0.016422614919436973,17.17976951599121
mass_10pct,6,16380,"22,23,24,25,26,27,28,29,30,31",scientific,0.9636363636363636,0.017217079880991443,0.8636363636363636,0.9778257972596933,0.005081044268748537,0.7159090909090909,0.016010588825311922,17.36566925048828
mass_10pct,7,16380,"22,23,24,25,26,27,28,29,30,31",scientific,0.9644628099173553,0.015538508823936483,0.8772727272727273,0.9780567956349207,0.005715796043258424,0.7045454545454545,0.015145047420834779,16.83710479736328
mass_10pct,8,16380,"22,23,24,25,26,27,28,29,30,31",scientific,0.9690082644628099,0.010696015789706411,0.8681818181818182,0.9798848952958377,0.007370116222233675,0.7159090909090909,0.01396585969928199,17.087352752685547
mass_10pct,9,16380,"22,23,24,25,26,27,28,29,30,31",scientific,0.965702479338843,0.01592920270032757,0.8681818181818182,0.9810823013415892,0.005995445403882199,0.7215909090909092,0.010928140929854613,17.496597290039062
mass_10pct,10,16380,"22,23,24,25,26,27,28,29,30,31",scientific,0.9681818181818181,0.014760802561563424,0.8772727272727273,0.982836293782864,0.005309962377537274,0.75,0.01015808701953047,18.06978988647461
mass_10pct,11,16380,"22,23,24,25,26,27,28,29,30,31",scientific,0.971900826446281,0.011436654961238031,0.8863636363636364,0.9786112992346061,0.006843951951381834,0.7159090909090908,0.009686256513962044,18.292165756225586
mass_10pct,12,16380,"22,23,24,25,26,27,28,29,30,31",scientific,0.9731404958677686,0.012188331573349273,0.8818181818181818,0.9783037077221239,0.00919530861089002,0.7272727272727273,0.00911917227782888,19.11211395263672
mass_10pct,13,16380,"22,23,24,25,26,27,28,29,30,31",scientific,0.9723140495867769,0.010664039587242945,0.8772727272727272,0.9784078571121431,0.008715955747814514,0.7443181818181818,0.008056573702907244,19.678007125854492
mass_10pct,14,16380,"22,23,24,25,26,27,28,29,30,31",scientific,0.9694214876033058,0.008707151861861748,0.8681818181818182,0.9790379268483709,0.008752292705423997,0.7613636363636364,0.0070205397078169085,20.154953002929688
mass_10pct,15,16380,"22,23,24,25,26,27,28,29,30,31",scientific,0.9640495867768595,0.009295224693555383,0.8727272727272727,0.978883531208536,0.010258776482708136,0.7727272727272727,0.005646601012489705,20.857696533203125
mass_10pct,16,16380,"22,23,24,25,26,27,28,29,30,31",scientific,0.9636363636363636,0.008726740529728464,0.8590909090909091,0.979554383431004,0.009783543983660912,0.7897727272727273,0.004407981227010915,21.537437438964844
mass_10pct,17,16380,"22,23,24,25,26,27,28,29,30,31",scientific,0.9628099173553719,0.010696015789706411,0.85,0.9815629280769325,0.009914031233262949,0.7784090909090908,0.0036060248990511523,22.375179290771484
mass_10pct,18,16380,"22,23,24,25,26,27,28,29,30,31",scientific,0.9648760330578513,0.011904843215609843,0.8454545454545455,0.9806339339463855,0.009881319474354859,0.7954545454545454,0.0031660431489934915,23.83757209777832
mass_10pct,19,16380,"22,23,24,25,26,27,28,29,30,31",scientific,0.9603305785123967,0.01341544056260161,0.840909090909091,0.9820990800377168,0.009637158387819342,0.7954545454545454,0.0027744672070818543,24.825666427612305
mass_10pct,20,16380,"22,23,24,25,26,27,28,29,30,31",scientific,0.9541322314049587,0.01509254741136334,0.8363636363636363,0.9825468139558455,0.009925121578982865,0.7954545454545454,0.0023115060079516025,25.498294830322266
mass_10pct,21,16380,"22,23,24,25,26,27,28,29,30,31",scientific,0.9533057851239668,0.01770602089721366,0.8363636363636363,0.982969352763035,0.010244690611436782,0.7897727272727273,0.002125044559349476,26.089387893676758
mass_10pct,22,16380,"22,23,24,25,26,27,28,29,30,31",scientific,0.9487603305785124,0.019877708216207757,0.8363636363636365,0.9832603490957786,0.007958760767459227,0.7897727272727273,0.0021449297065744277,26.38202667236328
mass_10pct,23,16380,"22,23,24,25,26,27,28,29,30,31",scientific,0.9475206611570248,0.019053127079997536,0.8363636363636365,0.9829228497868445,0.00973626170012174,0.7954545454545454,0.0022258878626973955,26.68381118774414
mass_10pct,24,16380,"22,23,24,25,26,27,28,29,30,31",scientific,0.9475206611570248,0.018873036771354074,0.8363636363636365,0.9816024724034351,0.010194344311192472,0.7840909090909092,0.002336557390038907,26.900461196899414
mass_10pct,25,16380,"22,23,24,25,26,27,28,29,30,31",scientific,0.9442148760330579,0.022405688779712298,0.8272727272727274,0.981109982370141,0.010550004790315164,0.7840909090909092,0.002498279024561345,27.0874080657959
mass_10pct,26,16380,"22,23,24,25,26,27,28,29,30,31",scientific,0.9413223140495868,0.019929182730227236,0.8272727272727274,0.9789751070384294,0.010422971256846063,0.7613636363636365,0.0026506353739040867,27.57105827331543
mass_10pct,27,16380,"22,23,24,25,26,27,28,29,30,31",scientific,0.9433884297520662,0.019452235199900567,0.8227272727272726,0.9786392394128705,0.010895360606277117,0.7613636363636365,0.002722423885080816,27.885297775268555
mass_10pct,28,16380,"22,23,24,25,26,27,28,29,30,31",scientific,0.9458677685950413,0.02207555436230261,0.8272727272727274,0.9789516587885154,0.010033611069350435,0.7613636363636365,0.0029271867165512333,28.577274322509766
mass_10pct,29,16380,"22,23,24,25,26,27,28,29,30,31",scientific,0.9425619834710744,0.024599795150640025,0.8227272727272726,0.9796266190138336,0.010252032340976894,0.75,0.0031401240911438366,29.181474685668945
mass_10pct,30,16380,"22,23,24,25,26,27,28,29,30,31",scientific,0.9425619834710744,0.02585205342085465,0.8454545454545455,0.9782049332891052,0.010918019042951076,0.7386363636363636,0.0036968484076164154,31.034387588500977
mass_10pct,31,16380,"22,23,24,25,26,27,28,29,30,31",scientific,0.9355371900826446,0.03543614309837741,0.8454545454545453,0.9759873700028256,0.010346684173517461,0.7329545454545455,0.006078635372666952,35.52770233154297
random_10pct_seed0,0,16380,"22,23,24,25,26,27,28,29,30,31",scientific,0.8537190082644628,0.02030267520088968,0.7909090909090909,0.9097053390983586,0.007225360262775835,0.6136363636363636,0.008643092981139633,6.384413242340088
random_10pct_seed0,1,16380,"22,23,24,25,26,27,28,29,30,31",scientific,0.9082644628099175,0.01635236275818957,0.8454545454545455,0.9177042733211707,0.011199069403489657,0.6193181818181819,0.011081765327813797,8.944086074829102
random_10pct_seed0,2,16380,"22,23,24,25,26,27,28,29,30,31",scientific,0.925206611570248,0.020133764818313776,0.8318181818181818,0.9543799180856554,0.00454891524060165,0.6647727272727273,0.013323882670899567,12.361712455749512
random_10pct_seed0,3,16380,"22,23,24,25,26,27,28,29,30,31",scientific,0.937603305785124,0.020553438207348538,0.8772727272727273,0.9665084605662441,0.008535780522339047,0.6647727272727273,0.018431163381344318,14.976731300354004
random_10pct_seed0,4,16380,"22,23,24,25,26,27,28,29,30,31",scientific,0.9404958677685951,0.015648013412199548,0.8772727272727273,0.9715326920241781,0.003057221337848877,0.6988636363636364,0.018021862350793505,16.401166915893555
random_10pct_seed0,5,16380,"22,23,24,25,26,27,28,29,30,31",scientific,0.9545454545454545,0.021748260110645852,0.8727272727272727,0.9769993208357903,0.0045623001785947866,0.7102272727272726,0.016422614919436973,17.17976951599121
random_10pct_seed0,6,16380,"22,23,24,25,26,27,28,29,30,31",scientific,0.9636363636363636,0.017217079880991443,0.8636363636363636,0.9778257972596933,0.005081044268748537,0.7159090909090909,0.016010588825311922,17.36566925048828
random_10pct_seed0,7,16380,"22,23,24,25,26,27,28,29,30,31",scientific,0.9644628099173553,0.015538508823936483,0.8772727272727273,0.9780567956349207,0.005715796043258424,0.7045454545454545,0.015145047420834779,16.83710479736328
random_10pct_seed0,8,16380,"22,23,24,25,26,27,28,29,30,31",scientific,0.9690082644628099,0.010696015789706411,0.8681818181818182,0.9798848952958377,0.007370116222233675,0.7159090909090909,0.01396585969928199,17.087352752685547
random_10pct_seed0,9,16380,"22,23,24,25,26,27,28,29,30,31",scientific,0.965702479338843,0.01592920270032757,0.8681818181818182,0.9810823013415892,0.005995445403882199,0.7215909090909092,0.010928140929854613,17.496597290039062
random_10pct_seed0,10,16380,"22,23,24,25,26,27,28,29,30,31",scientific,0.9681818181818181,0.014760802561563424,0.8772727272727273,0.982836293782864,0.005309962377537274,0.75,0.01015808701953047,18.06978988647461
random_10pct_seed0,11,16380,"22,23,24,25,26,27,28,29,30,31",scientific,0.971900826446281,0.011436654961238031,0.8863636363636364,0.9786112992346061,0.006843951951381834,0.7159090909090908,0.009686256513962044,18.292165756225586
random_10pct_seed0,12,16380,"22,23,24,25,26,27,28,29,30,31",scientific,0.9731404958677686,0.012188331573349273,0.8818181818181818,0.9783037077221239,0.00919530861089002,0.7272727272727273,0.00911917227782888,19.11211395263672
random_10pct_seed0,13,16380,"22,23,24,25,26,27,28,29,30,31",scientific,0.9723140495867769,0.010664039587242945,0.8772727272727272,0.9784078571121431,0.008715955747814514,0.7443181818181818,0.008056573702907244,19.678007125854492
random_10pct_seed0,14,16380,"22,23,24,25,26,27,28,29,30,31",scientific,0.9694214876033058,0.008707151861861748,0.8681818181818182,0.9790379268483709,0.008752292705423997,0.7613636363636364,0.0070205397078169085,20.154953002929688
random_10pct_seed0,15,16380,"22,23,24,25,26,27,28,29,30,31",scientific,0.9640495867768595,0.009295224693555383,0.8727272727272727,0.978883531208536,0.010258776482708136,0.7727272727272727,0.005646601012489705,20.857696533203125
random_10pct_seed0,16,16380,"22,23,24,25,26,27,28,29,30,31",scientific,0.9636363636363636,0.008726740529728464,0.8590909090909091,0.979554383431004,0.009783543983660912,0.7897727272727273,0.004407981227010915,21.537437438964844
random_10pct_seed0,17,16380,"22,23,24,25,26,27,28,29,30,31",scientific,0.9628099173553719,0.010696015789706411,0.85,0.9815629280769325,0.009914031233262949,0.7784090909090908,0.0036060248990511523,22.375179290771484
random_10pct_seed0,18,16380,"22,23,24,25,26,27,28,29,30,31",scientific,0.9648760330578513,0.011904843215609843,0.8454545454545455,0.9806339339463855,0.009881319474354859,0.7954545454545454,0.0031660431489934915,23.83757209777832
random_10pct_seed0,19,16380,"22,23,24,25,26,27,28,29,30,31",scientific,0.9603305785123967,0.01341544056260161,0.840909090909091,0.9820990800377168,0.009637158387819342,0.7954545454545454,0.0027744672070818543,24.825666427612305
random_10pct_seed0,20,16380,"22,23,24,25,26,27,28,29,30,31",scientific,0.9541322314049587,0.01509254741136334,0.8363636363636363,0.9825468139558455,0.009925121578982865,0.7954545454545454,0.0023115060079516025,25.498294830322266
random_10pct_seed0,21,16380,"22,23,24,25,26,27,28,29,30,31",scientific,0.9533057851239668,0.01770602089721366,0.8363636363636363,0.982969352763035,0.010244690611436782,0.7897727272727273,0.002125044559349476,26.089387893676758
random_10pct_seed0,22,16380,"22,23,24,25,26,27,28,29,30,31",scientific,0.9491735537190082,0.020972855438759493,0.8363636363636365,0.9832743911709421,0.009019183905568067,0.8011363636363636,0.0020649955671486753,26.667667388916016
random_10pct_seed0,23,16380,"22,23,24,25,26,27,28,29,30,31",scientific,0.947107438016529,0.020520180194934103,0.8227272727272729,0.9832798909037299,0.008663718618731716,0.8011363636363635,0.0021131460731199647,27.246538162231445
random_10pct_seed0,24,16380,"22,23,24,25,26,27,28,29,30,31",scientific,0.9475206611570247,0.02117541814102305,0.8227272727272729,0.9828286632635511,0.00840896822290159,0.7954545454545454,0.002189468315137777,27.676809310913086
random_10pct_seed0,25,16380,"22,23,24,25,26,27,28,29,30,31",scientific,0.9450413223140496,0.022275755325526534,0.8227272727272729,0.9824831879023539,0.008373391480822714,0.7784090909090909,0.002403269544388409,28.451753616333008
random_10pct_seed0,26,16380,"22,23,24,25,26,27,28,29,30,31",scientific,0.9413223140495868,0.02188912832751903,0.8136363636363637,0.9806712035143004,0.008778306054213425,0.7784090909090909,0.002570841341677066,29.40782356262207
random_10pct_seed0,27,16380,"22,23,24,25,26,27,28,29,30,31",scientific,0.9429752066115702,0.020768317145667858,0.8136363636363637,0.9810133195273724,0.00823004601485011,0.7727272727272727,0.0026924247009905145,30.18191146850586
random_10pct_seed0,28,16380,"22,23,24,25,26,27,28,29,30,31",scientific,0.9392561983471074,0.025924606845220022,0.8090909090909092,0.97956987482493,0.00909832534063161,0.7727272727272727,0.0029589224846722217,31.354219436645508
random_10pct_seed0,29,16380,"22,23,24,25,26,27,28,29,30,31",scientific,0.9322314049586777,0.02676078489040031,0.8090909090909092,0.9794153352130326,0.00946922561927016,0.7670454545454546,0.0032581298621543464,32.62489318847656
random_10pct_seed0,30,16380,"22,23,24,25,26,27,28,29,30,31",scientific,0.9322314049586776,0.029608238211029498,0.8,0.9788302615454076,0.00971885125104373,0.75,0.004147082300283933,35.963565826416016
random_10pct_seed0,31,16380,"22,23,24,25,26,27,28,29,30,31",scientific,0.9169421487603305,0.04047477946441605,0.7954545454545454,0.971413607932208,0.01536624735644475,0.7329545454545454,0.01803159013968847,44.93549346923828
random_10pct_seed1,0,16380,"22,23,24,25,26,27,28,29,30,31",scientific,0.8537190082644628,0.02030267520088968,0.7909090909090909,0.9097053390983586,0.007225360262775835,0.6136363636363636,0.008643092981139633,6.384413242340088
random_10pct_seed1,1,16380,"22,23,24,25,26,27,28,29,30,31",scientific,0.9082644628099175,0.01635236275818957,0.8454545454545455,0.9177042733211707,0.011199069403489657,0.6193181818181819,0.011081765327813797,8.944086074829102
random_10pct_seed1,2,16380,"22,23,24,25,26,27,28,29,30,31",scientific,0.925206611570248,0.020133764818313776,0.8318181818181818,0.9543799180856554,0.00454891524060165,0.6647727272727273,0.013323882670899567,12.361712455749512
random_10pct_seed1,3,16380,"22,23,24,25,26,27,28,29,30,31",scientific,0.937603305785124,0.020553438207348538,0.8772727272727273,0.9665084605662441,0.008535780522339047,0.6647727272727273,0.018431163381344318,14.976731300354004
random_10pct_seed1,4,16380,"22,23,24,25,26,27,28,29,30,31",scientific,0.9404958677685951,0.015648013412199548,0.8772727272727273,0.9715326920241781,0.003057221337848877,0.6988636363636364,0.018021862350793505,16.401166915893555
random_10pct_seed1,5,16380,"22,23,24,25,26,27,28,29,30,31",scientific,0.9545454545454545,0.021748260110645852,0.8727272727272727,0.9769993208357903,0.0045623001785947866,0.7102272727272726,0.016422614919436973,17.17976951599121
random_10pct_seed1,6,16380,"22,23,24,25,26,27,28,29,30,31",scientific,0.9636363636363636,0.017217079880991443,0.8636363636363636,0.9778257972596933,0.005081044268748537,0.7159090909090909,0.016010588825311922,17.36566925048828
random_10pct_seed1,7,16380,"22,23,24,25,26,27,28,29,30,31",scientific,0.9644628099173553,0.015538508823936483,0.8772727272727273,0.9780567956349207,0.005715796043258424,0.7045454545454545,0.015145047420834779,16.83710479736328
random_10pct_seed1,8,16380,"22,23,24,25,26,27,28,29,30,31",scientific,0.9690082644628099,0.010696015789706411,0.8681818181818182,0.9798848952958377,0.007370116222233675,0.7159090909090909,0.01396585969928199,17.087352752685547
random_10pct_seed1,9,16380,"22,23,24,25,26,27,28,29,30,31",scientific,0.965702479338843,0.01592920270032757,0.8681818181818182,0.9810823013415892,0.005995445403882199,0.7215909090909092,0.010928140929854613,17.496597290039062
random_10pct_seed1,10,16380,"22,23,24,25,26,27,28,29,30,31",scientific,0.9681818181818181,0.014760802561563424,0.8772727272727273,0.982836293782864,0.005309962377537274,0.75,0.01015808701953047,18.06978988647461
random_10pct_seed1,11,16380,"22,23,24,25,26,27,28,29,30,31",scientific,0.971900826446281,0.011436654961238031,0.8863636363636364,0.9786112992346061,0.006843951951381834,0.7159090909090908,0.009686256513962044,18.292165756225586
random_10pct_seed1,12,16380,"22,23,24,25,26,27,28,29,30,31",scientific,0.9731404958677686,0.012188331573349273,0.8818181818181818,0.9783037077221239,0.00919530861089002,0.7272727272727273,0.00911917227782888,19.11211395263672
random_10pct_seed1,13,16380,"22,23,24,25,26,27,28,29,30,31",scientific,0.9723140495867769,0.010664039587242945,0.8772727272727272,0.9784078571121431,0.008715955747814514,0.7443181818181818,0.008056573702907244,19.678007125854492
random_10pct_seed1,14,16380,"22,23,24,25,26,27,28,29,30,31",scientific,0.9694214876033058,0.008707151861861748,0.8681818181818182,0.9790379268483709,0.008752292705423997,0.7613636363636364,0.0070205397078169085,20.154953002929688
random_10pct_seed1,15,16380,"22,23,24,25,26,27,28,29,30,31",scientific,0.9640495867768595,0.009295224693555383,0.8727272727272727,0.978883531208536,0.010258776482708136,0.7727272727272727,0.005646601012489705,20.857696533203125
random_10pct_seed1,16,16380,"22,23,24,25,26,27,28,29,30,31",scientific,0.9636363636363636,0.008726740529728464,0.8590909090909091,0.979554383431004,0.009783543983660912,0.7897727272727273,0.004407981227010915,21.537437438964844
random_10pct_seed1,17,16380,"22,23,24,25,26,27,28,29,30,31",scientific,0.9628099173553719,0.010696015789706411,0.85,0.9815629280769325,0.009914031233262949,0.7784090909090908,0.0036060248990511523,22.375179290771484
random_10pct_seed1,18,16380,"22,23,24,25,26,27,28,29,30,31",scientific,0.9648760330578513,0.011904843215609843,0.8454545454545455,0.9806339339463855,0.009881319474354859,0.7954545454545454,0.0031660431489934915,23.83757209777832
random_10pct_seed1,19,16380,"22,23,24,25,26,27,28,29,30,31",scientific,0.9603305785123967,0.01341544056260161,0.840909090909091,0.9820990800377168,0.009637158387819342,0.7954545454545454,0.0027744672070818543,24.825666427612305
random_10pct_seed1,20,16380,"22,23,24,25,26,27,28,29,30,31",scientific,0.9541322314049587,0.01509254741136334,0.8363636363636363,0.9825468139558455,0.009925121578982865,0.7954545454545454,0.0023115060079516025,25.498294830322266
random_10pct_seed1,21,16380,"22,23,24,25,26,27,28,29,30,31",scientific,0.9533057851239668,0.01770602089721366,0.8363636363636363,0.982969352763035,0.010244690611436782,0.7897727272727273,0.002125044559349476,26.089387893676758
random_10pct_seed1,22,16380,"22,23,24,25,26,27,28,29,30,31",scientific,0.9479338842975207,0.02026057962335744,0.8363636363636365,0.9835080002395694,0.00866569462635095,0.7897727272727273,0.002068449276112716,26.663070678710938
random_10pct_seed1,23,16380,"22,23,24,25,26,27,28,29,30,31",scientific,0.9462809917355373,0.021551082331248396,0.8272727272727274,0.9835365546986339,0.008320663549112275,0.8011363636363636,0.00212156719908585,27.181915283203125
random_10pct_seed1,24,16380,"22,23,24,25,26,27,28,29,30,31",scientific,0.9446280991735536,0.0218422732006653,0.8272727272727274,0.9840910487001818,0.0073453742553088765,0.7897727272727273,0.0022256178198879484,27.67046546936035
random_10pct_seed1,25,16380,"22,23,24,25,26,27,28,29,30,31",scientific,0.9404958677685951,0.021998068849927527,0.8272727272727274,0.983421194684014,0.008038133445621003,0.7784090909090909,0.002435695379445879,28.434457778930664
random_10pct_seed1,26,16380,"22,23,24,25,26,27,28,29,30,31",scientific,0.9376033057851239,0.02328027441488144,0.8136363636363637,0.9820757565635904,0.008617084639344475,0.7727272727272727,0.00259862440887082,29.41050910949707
random_10pct_seed1,27,16380,"22,23,24,25,26,27,28,29,30,31",scientific,0.9396694214876034,0.02414439860825046,0.8181818181818181,0.9816012150474225,0.008755129865559265,0.7670454545454546,0.0027177143075337584,30.183298110961914
random_10pct_seed1,28,16380,"22,23,24,25,26,27,28,29,30,31",scientific,0.9334710743801653,0.02794684036183624,0.809090909090909,0.980632311861148,0.009301805170711379,0.7784090909090909,0.002993664409916663,31.42737579345703
random_10pct_seed1,29,16380,"22,23,24,25,26,27,28,29,30,31",scientific,0.9305785123966942,0.027799815192651494,0.8136363636363637,0.9805360233457417,0.009636727420885439,0.7727272727272727,0.0032804779779522786,32.57645797729492
random_10pct_seed1,30,16380,"22,23,24,25,26,27,28,29,30,31",scientific,0.9314049586776859,0.031208607584296198,0.8136363636363637,0.9800437444714728,0.009670110578194797,0.7727272727272727,0.004119389167898557,35.73617172241211
random_10pct_seed1,31,16380,"22,23,24,25,26,27,28,29,30,31",scientific,0.9111570247933883,0.04788755241592768,0.8090909090909092,0.9740655829217651,0.012874445829240931,0.7386363636363636,0.016875036359119577,43.845062255859375
random_10pct_seed2,0,16380,"22,23,24,25,26,27,28,29,30,31",scientific,0.8537190082644628,0.02030267520088968,0.7909090909090909,0.9097053390983586,0.007225360262775835,0.6136363636363636,0.008643092981139633,6.384413242340088
random_10pct_seed2,1,16380,"22,23,24,25,26,27,28,29,30,31",scientific,0.9082644628099175,0.01635236275818957,0.8454545454545455,0.9177042733211707,0.011199069403489657,0.6193181818181819,0.011081765327813797,8.944086074829102
random_10pct_seed2,2,16380,"22,23,24,25,26,27,28,29,30,31",scientific,0.925206611570248,0.020133764818313776,0.8318181818181818,0.9543799180856554,0.00454891524060165,0.6647727272727273,0.013323882670899567,12.361712455749512
random_10pct_seed2,3,16380,"22,23,24,25,26,27,28,29,30,31",scientific,0.937603305785124,0.020553438207348538,0.8772727272727273,0.9665084605662441,0.008535780522339047,0.6647727272727273,0.018431163381344318,14.976731300354004
random_10pct_seed2,4,16380,"22,23,24,25,26,27,28,29,30,31",scientific,0.9404958677685951,0.015648013412199548,0.8772727272727273,0.9715326920241781,0.003057221337848877,0.6988636363636364,0.018021862350793505,16.401166915893555
random_10pct_seed2,5,16380,"22,23,24,25,26,27,28,29,30,31",scientific,0.9545454545454545,0.021748260110645852,0.8727272727272727,0.9769993208357903,0.0045623001785947866,0.7102272727272726,0.016422614919436973,17.17976951599121
random_10pct_seed2,6,16380,"22,23,24,25,26,27,28,29,30,31",scientific,0.9636363636363636,0.017217079880991443,0.8636363636363636,0.9778257972596933,0.005081044268748537,0.7159090909090909,0.016010588825311922,17.36566925048828
random_10pct_seed2,7,16380,"22,23,24,25,26,27,28,29,30,31",scientific,0.9644628099173553,0.015538508823936483,0.8772727272727273,0.9780567956349207,0.005715796043258424,0.7045454545454545,0.015145047420834779,16.83710479736328
random_10pct_seed2,8,16380,"22,23,24,25,26,27,28,29,30,31",scientific,0.9690082644628099,0.010696015789706411,0.8681818181818182,0.9798848952958377,0.007370116222233675,0.7159090909090909,0.01396585969928199,17.087352752685547
random_10pct_seed2,9,16380,"22,23,24,25,26,27,28,29,30,31",scientific,0.965702479338843,0.01592920270032757,0.8681818181818182,0.9810823013415892,0.005995445403882199,0.7215909090909092,0.010928140929854613,17.496597290039062
random_10pct_seed2,10,16380,"22,23,24,25,26,27,28,29,30,31",scientific,0.9681818181818181,0.014760802561563424,0.8772727272727273,0.982836293782864,0.005309962377537274,0.75,0.01015808701953047,18.06978988647461
random_10pct_seed2,11,16380,"22,23,24,25,26,27,28,29,30,31",scientific,0.971900826446281,0.011436654961238031,0.8863636363636364,0.9786112992346061,0.006843951951381834,0.7159090909090908,0.009686256513962044,18.292165756225586
random_10pct_seed2,12,16380,"22,23,24,25,26,27,28,29,30,31",scientific,0.9731404958677686,0.012188331573349273,0.8818181818181818,0.9783037077221239,0.00919530861089002,0.7272727272727273,0.00911917227782888,19.11211395263672
random_10pct_seed2,13,16380,"22,23,24,25,26,27,28,29,30,31",scientific,0.9723140495867769,0.010664039587242945,0.8772727272727272,0.9784078571121431,0.008715955747814514,0.7443181818181818,0.008056573702907244,19.678007125854492
random_10pct_seed2,14,16380,"22,23,24,25,26,27,28,29,30,31",scientific,0.9694214876033058,0.008707151861861748,0.8681818181818182,0.9790379268483709,0.008752292705423997,0.7613636363636364,0.0070205397078169085,20.154953002929688
random_10pct_seed2,15,16380,"22,23,24,25,26,27,28,29,30,31",scientific,0.9640495867768595,0.009295224693555383,0.8727272727272727,0.978883531208536,0.010258776482708136,0.7727272727272727,0.005646601012489705,20.857696533203125
random_10pct_seed2,16,16380,"22,23,24,25,26,27,28,29,30,31",scientific,0.9636363636363636,0.008726740529728464,0.8590909090909091,0.979554383431004,0.009783543983660912,0.7897727272727273,0.004407981227010915,21.537437438964844
random_10pct_seed2,17,16380,"22,23,24,25,26,27,28,29,30,31",scientific,0.9628099173553719,0.010696015789706411,0.85,0.9815629280769325,0.009914031233262949,0.7784090909090908,0.0036060248990511523,22.375179290771484
random_10pct_seed2,18,16380,"22,23,24,25,26,27,28,29,30,31",scientific,0.9648760330578513,0.011904843215609843,0.8454545454545455,0.9806339339463855,0.009881319474354859,0.7954545454545454,0.0031660431489934915,23.83757209777832
random_10pct_seed2,19,16380,"22,23,24,25,26,27,28,29,30,31",scientific,0.9603305785123967,0.01341544056260161,0.840909090909091,0.9820990800377168,0.009637158387819342,0.7954545454545454,0.0027744672070818543,24.825666427612305
random_10pct_seed2,20,16380,"22,23,24,25,26,27,28,29,30,31",scientific,0.9541322314049587,0.01509254741136334,0.8363636363636363,0.9825468139558455,0.009925121578982865,0.7954545454545454,0.0023115060079516025,25.498294830322266
random_10pct_seed2,21,16380,"22,23,24,25,26,27,28,29,30,31",scientific,0.9533057851239668,0.01770602089721366,0.8363636363636363,0.982969352763035,0.010244690611436782,0.7897727272727273,0.002125044559349476,26.089387893676758
random_10pct_seed2,22,16380,"22,23,24,25,26,27,28,29,30,31",scientific,0.9495867768595041,0.02161437492664794,0.8318181818181818,0.983429189932552,0.008245158814076744,0.7954545454545454,0.0021038836070269573,26.66913604736328
random_10pct_seed2,23,16380,"22,23,24,25,26,27,28,29,30,31",scientific,0.9487603305785125,0.021803150344252745,0.8272727272727274,0.9824278258452503,0.008828587309687148,0.8011363636363636,0.0021591709846360274,27.346797943115234
random_10pct_seed2,24,16380,"22,23,24,25,26,27,28,29,30,31",scientific,0.9495867768595041,0.021535230117017135,0.8318181818181818,0.982617897762175,0.00838831053500301,0.8011363636363636,0.002243456628704177,27.834928512573242
random_10pct_seed2,25,16380,"22,23,24,25,26,27,28,29,30,31",scientific,0.9442148760330579,0.021826632473131,0.8227272727272726,0.9826499459432897,0.008217619532132764,0.7897727272727273,0.0024424227931488796,28.60606575012207
random_10pct_seed2,26,16380,"22,23,24,25,26,27,28,29,30,31",scientific,0.9429752066115702,0.021013524190233262,0.809090909090909,0.980945326321318,0.009493765718128832,0.7784090909090909,0.002616276373971993,29.617666244506836
random_10pct_seed2,27,16380,"22,23,24,25,26,27,28,29,30,31",scientific,0.9433884297520662,0.020932107672585007,0.8090909090909092,0.980257523788024,0.010124526852139519,0.7784090909090908,0.0027356225525870803,30.41779327392578
random_10pct_seed2,28,16380,"22,23,24,25,26,27,28,29,30,31",scientific,0.9367768595041323,0.02582561982148719,0.7954545454545455,0.97871182052865,0.009850232133381993,0.7784090909090908,0.003032525968222899,31.755939483642578
random_10pct_seed2,29,16380,"22,23,24,25,26,27,28,29,30,31",scientific,0.9297520661157025,0.02655581655051175,0.7954545454545455,0.9788931485423117,0.010652658444098094,0.7727272727272728,0.0033415354819830156,33.04471969604492
random_10pct_seed2,30,16380,"22,23,24,25,26,27,28,29,30,31",scientific,0.9285123966942148,0.030438589852401502,0.8,0.9782937160609858,0.010639827551918328,0.7670454545454546,0.00425388489944778,36.57286834716797
random_10pct_seed2,31,16380,"22,23,24,25,26,27,28,29,30,31",scientific,0.9115702479338841,0.04196606003258863,0.8,0.9726529866332498,0.012136418716733079,0.7329545454545454,0.018127865963397993,45.60456085205078
random_10pct_seed3,0,16380,"22,23,24,25,26,27,28,29,30,31",scientific,0.8537190082644628,0.02030267520088968,0.7909090909090909,0.9097053390983586,0.007225360262775835,0.6136363636363636,0.008643092981139633,6.384413242340088
random_10pct_seed3,1,16380,"22,23,24,25,26,27,28,29,30,31",scientific,0.9082644628099175,0.01635236275818957,0.8454545454545455,0.9177042733211707,0.011199069403489657,0.6193181818181819,0.011081765327813797,8.944086074829102
random_10pct_seed3,2,16380,"22,23,24,25,26,27,28,29,30,31",scientific,0.925206611570248,0.020133764818313776,0.8318181818181818,0.9543799180856554,0.00454891524060165,0.6647727272727273,0.013323882670899567,12.361712455749512
random_10pct_seed3,3,16380,"22,23,24,25,26,27,28,29,30,31",scientific,0.937603305785124,0.020553438207348538,0.8772727272727273,0.9665084605662441,0.008535780522339047,0.6647727272727273,0.018431163381344318,14.976731300354004
random_10pct_seed3,4,16380,"22,23,24,25,26,27,28,29,30,31",scientific,0.9404958677685951,0.015648013412199548,0.8772727272727273,0.9715326920241781,0.003057221337848877,0.6988636363636364,0.018021862350793505,16.401166915893555
random_10pct_seed3,5,16380,"22,23,24,25,26,27,28,29,30,31",scientific,0.9545454545454545,0.021748260110645852,0.8727272727272727,0.9769993208357903,0.0045623001785947866,0.7102272727272726,0.016422614919436973,17.17976951599121
random_10pct_seed3,6,16380,"22,23,24,25,26,27,28,29,30,31",scientific,0.9636363636363636,0.017217079880991443,0.8636363636363636,0.9778257972596933,0.005081044268748537,0.7159090909090909,0.016010588825311922,17.36566925048828
random_10pct_seed3,7,16380,"22,23,24,25,26,27,28,29,30,31",scientific,0.9644628099173553,0.015538508823936483,0.8772727272727273,0.9780567956349207,0.005715796043258424,0.7045454545454545,0.015145047420834779,16.83710479736328
random_10pct_seed3,8,16380,"22,23,24,25,26,27,28,29,30,31",scientific,0.9690082644628099,0.010696015789706411,0.8681818181818182,0.9798848952958377,0.007370116222233675,0.7159090909090909,0.01396585969928199,17.087352752685547
random_10pct_seed3,9,16380,"22,23,24,25,26,27,28,29,30,31",scientific,0.965702479338843,0.01592920270032757,0.8681818181818182,0.9810823013415892,0.005995445403882199,0.7215909090909092,0.010928140929854613,17.496597290039062
random_10pct_seed3,10,16380,"22,23,24,25,26,27,28,29,30,31",scientific,0.9681818181818181,0.014760802561563424,0.8772727272727273,0.982836293782864,0.005309962377537274,0.75,0.01015808701953047,18.06978988647461
random_10pct_seed3,11,16380,"22,23,24,25,26,27,28,29,30,31",scientific,0.971900826446281,0.011436654961238031,0.8863636363636364,0.9786112992346061,0.006843951951381834,0.7159090909090908,0.009686256513962044,18.292165756225586
random_10pct_seed3,12,16380,"22,23,24,25,26,27,28,29,30,31",scientific,0.9731404958677686,0.012188331573349273,0.8818181818181818,0.9783037077221239,0.00919530861089002,0.7272727272727273,0.00911917227782888,19.11211395263672
random_10pct_seed3,13,16380,"22,23,24,25,26,27,28,29,30,31",scientific,0.9723140495867769,0.010664039587242945,0.8772727272727272,0.9784078571121431,0.008715955747814514,0.7443181818181818,0.008056573702907244,19.678007125854492
random_10pct_seed3,14,16380,"22,23,24,25,26,27,28,29,30,31",scientific,0.9694214876033058,0.008707151861861748,0.8681818181818182,0.9790379268483709,0.008752292705423997,0.7613636363636364,0.0070205397078169085,20.154953002929688
random_10pct_seed3,15,16380,"22,23,24,25,26,27,28,29,30,31",scientific,0.9640495867768595,0.009295224693555383,0.8727272727272727,0.978883531208536,0.010258776482708136,0.7727272727272727,0.005646601012489705,20.857696533203125
random_10pct_seed3,16,16380,"22,23,24,25,26,27,28,29,30,31",scientific,0.9636363636363636,0.008726740529728464,0.8590909090909091,0.979554383431004,0.009783543983660912,0.7897727272727273,0.004407981227010915,21.537437438964844
random_10pct_seed3,17,16380,"22,23,24,25,26,27,28,29,30,31",scientific,0.9628099173553719,0.010696015789706411,0.85,0.9815629280769325,0.009914031233262949,0.7784090909090908,0.0036060248990511523,22.375179290771484
random_10pct_seed3,18,16380,"22,23,24,25,26,27,28,29,30,31",scientific,0.9648760330578513,0.011904843215609843,0.8454545454545455,0.9806339339463855,0.009881319474354859,0.7954545454545454,0.0031660431489934915,23.83757209777832
random_10pct_seed3,19,16380,"22,23,24,25,26,27,28,29,30,31",scientific,0.9603305785123967,0.01341544056260161,0.840909090909091,0.9820990800377168,0.009637158387819342,0.7954545454545454,0.0027744672070818543,24.825666427612305
random_10pct_seed3,20,16380,"22,23,24,25,26,27,28,29,30,31",scientific,0.9541322314049587,0.01509254741136334,0.8363636363636363,0.9825468139558455,0.009925121578982865,0.7954545454545454,0.0023115060079516025,25.498294830322266
random_10pct_seed3,21,16380,"22,23,24,25,26,27,28,29,30,31",scientific,0.9533057851239668,0.01770602089721366,0.8363636363636363,0.982969352763035,0.010244690611436782,0.7897727272727273,0.002125044559349476,26.089387893676758
random_10pct_seed3,22,16380,"22,23,24,25,26,27,28,29,30,31",scientific,0.9483471074380165,0.020411717413600747,0.8363636363636365,0.9834125947528134,0.00864824255157861,0.8011363636363636,0.0020959131703514045,26.6795711517334
random_10pct_seed3,23,16380,"22,23,24,25,26,27,28,29,30,31",scientific,0.9450413223140496,0.02149554843576848,0.8272727272727274,0.9831610371670599,0.008849577831027789,0.7954545454545454,0.0021637346951920433,27.272430419921875
random_10pct_seed3,24,16380,"22,23,24,25,26,27,28,29,30,31",scientific,0.9450413223140496,0.02188912832751907,0.8272727272727274,0.9823709760768342,0.009065307860560928,0.7897727272727273,0.002249086389725763,27.74461555480957
random_10pct_seed3,25,16380,"22,23,24,25,26,27,28,29,30,31",scientific,0.9413223140495868,0.02109462647619872,0.8227272727272729,0.9825750996670598,0.008530199369729777,0.7897727272727273,0.0024675057987638693,28.479612350463867
random_10pct_seed3,26,16380,"22,23,24,25,26,27,28,29,30,31",scientific,0.9384297520661157,0.02176395716076645,0.8181818181818181,0.9810252788066981,0.008995715274454958,0.7784090909090909,0.0026410155192926332,29.440330505371094
random_10pct_seed3,27,16380,"22,23,24,25,26,27,28,29,30,31",scientific,0.9404958677685951,0.01987770821620772,0.8136363636363637,0.9810538332657623,0.009197491576343904,0.7727272727272727,0.0027635468733231416,30.203886032104492
random_10pct_seed3,28,16380,"22,23,24,25,26,27,28,29,30,31",scientific,0.9363636363636363,0.022685912779026117,0.8090909090909092,0.9806981454862647,0.009374983867090353,0.7727272727272727,0.0030504922643590504,31.431461334228516
random_10pct_seed3,29,16380,"22,23,24,25,26,27,28,29,30,31",scientific,0.9297520661157025,0.02600352516124342,0.8090909090909092,0.9802211084543466,0.010008859095601981,0.7784090909090909,0.003371881371079244,32.71762466430664
random_10pct_seed3,30,16380,"22,23,24,25,26,27,28,29,30,31",scientific,0.9318181818181819,0.027065327097211246,0.809090909090909,0.9799743979280309,0.010219372725465362,0.7784090909090909,0.004230170055071758,35.869606018066406
random_10pct_seed3,31,16380,"22,23,24,25,26,27,28,29,30,31",scientific,0.9148760330578511,0.04002935880433829,0.8227272727272726,0.9737475198412697,0.01280417356024723,0.7159090909090908,0.017610625023934623,44.08050537109375
random_10pct_seed4,0,16380,"22,23,24,25,26,27,28,29,30,31",scientific,0.8537190082644628,0.02030267520088968,0.7909090909090909,0.9097053390983586,0.007225360262775835,0.6136363636363636,0.008643092981139633,6.384413242340088
random_10pct_seed4,1,16380,"22,23,24,25,26,27,28,29,30,31",scientific,0.9082644628099175,0.01635236275818957,0.8454545454545455,0.9177042733211707,0.011199069403489657,0.6193181818181819,0.011081765327813797,8.944086074829102
random_10pct_seed4,2,16380,"22,23,24,25,26,27,28,29,30,31",scientific,0.925206611570248,0.020133764818313776,0.8318181818181818,0.9543799180856554,0.00454891524060165,0.6647727272727273,0.013323882670899567,12.361712455749512
random_10pct_seed4,3,16380,"22,23,24,25,26,27,28,29,30,31",scientific,0.937603305785124,0.020553438207348538,0.8772727272727273,0.9665084605662441,0.008535780522339047,0.6647727272727273,0.018431163381344318,14.976731300354004
random_10pct_seed4,4,16380,"22,23,24,25,26,27,28,29,30,31",scientific,0.9404958677685951,0.015648013412199548,0.8772727272727273,0.9715326920241781,0.003057221337848877,0.6988636363636364,0.018021862350793505,16.401166915893555
random_10pct_seed4,5,16380,"22,23,24,25,26,27,28,29,30,31",scientific,0.9545454545454545,0.021748260110645852,0.8727272727272727,0.9769993208357903,0.0045623001785947866,0.7102272727272726,0.016422614919436973,17.17976951599121
random_10pct_seed4,6,16380,"22,23,24,25,26,27,28,29,30,31",scientific,0.9636363636363636,0.017217079880991443,0.8636363636363636,0.9778257972596933,0.005081044268748537,0.7159090909090909,0.016010588825311922,17.36566925048828
random_10pct_seed4,7,16380,"22,23,24,25,26,27,28,29,30,31",scientific,0.9644628099173553,0.015538508823936483,0.8772727272727273,0.9780567956349207,0.005715796043258424,0.7045454545454545,0.015145047420834779,16.83710479736328
random_10pct_seed4,8,16380,"22,23,24,25,26,27,28,29,30,31",scientific,0.9690082644628099,0.010696015789706411,0.8681818181818182,0.9798848952958377,0.007370116222233675,0.7159090909090909,0.01396585969928199,17.087352752685547
random_10pct_seed4,9,16380,"22,23,24,25,26,27,28,29,30,31",scientific,0.965702479338843,0.01592920270032757,0.8681818181818182,0.9810823013415892,0.005995445403882199,0.7215909090909092,0.010928140929854613,17.496597290039062
random_10pct_seed4,10,16380,"22,23,24,25,26,27,28,29,30,31",scientific,0.9681818181818181,0.014760802561563424,0.8772727272727273,0.982836293782864,0.005309962377537274,0.75,0.01015808701953047,18.06978988647461
random_10pct_seed4,11,16380,"22,23,24,25,26,27,28,29,30,31",scientific,0.971900826446281,0.011436654961238031,0.8863636363636364,0.9786112992346061,0.006843951951381834,0.7159090909090908,0.009686256513962044,18.292165756225586
random_10pct_seed4,12,16380,"22,23,24,25,26,27,28,29,30,31",scientific,0.9731404958677686,0.012188331573349273,0.8818181818181818,0.9783037077221239,0.00919530861089002,0.7272727272727273,0.00911917227782888,19.11211395263672
random_10pct_seed4,13,16380,"22,23,24,25,26,27,28,29,30,31",scientific,0.9723140495867769,0.010664039587242945,0.8772727272727272,0.9784078571121431,0.008715955747814514,0.7443181818181818,0.008056573702907244,19.678007125854492
random_10pct_seed4,14,16380,"22,23,24,25,26,27,28,29,30,31",scientific,0.9694214876033058,0.008707151861861748,0.8681818181818182,0.9790379268483709,0.008752292705423997,0.7613636363636364,0.0070205397078169085,20.154953002929688
random_10pct_seed4,15,16380,"22,23,24,25,26,27,28,29,30,31",scientific,0.9640495867768595,0.009295224693555383,0.8727272727272727,0.978883531208536,0.010258776482708136,0.7727272727272727,0.005646601012489705,20.857696533203125
random_10pct_seed4,16,16380,"22,23,24,25,26,27,28,29,30,31",scientific,0.9636363636363636,0.008726740529728464,0.8590909090909091,0.979554383431004,0.009783543983660912,0.7897727272727273,0.004407981227010915,21.537437438964844
random_10pct_seed4,17,16380,"22,23,24,25,26,27,28,29,30,31",scientific,0.9628099173553719,0.010696015789706411,0.85,0.9815629280769325,0.009914031233262949,0.7784090909090908,0.0036060248990511523,22.375179290771484
random_10pct_seed4,18,16380,"22,23,24,25,26,27,28,29,30,31",scientific,0.9648760330578513,0.011904843215609843,0.8454545454545455,0.9806339339463855,0.009881319474354859,0.7954545454545454,0.0031660431489934915,23.83757209777832
random_10pct_seed4,19,16380,"22,23,24,25,26,27,28,29,30,31",scientific,0.9603305785123967,0.01341544056260161,0.840909090909091,0.9820990800377168,0.009637158387819342,0.7954545454545454,0.0027744672070818543,24.825666427612305
random_10pct_seed4,20,16380,"22,23,24,25,26,27,28,29,30,31",scientific,0.9541322314049587,0.01509254741136334,0.8363636363636363,0.9825468139558455,0.009925121578982865,0.7954545454545454,0.0023115060079516025,25.498294830322266
random_10pct_seed4,21,16380,"22,23,24,25,26,27,28,29,30,31",scientific,0.9533057851239668,0.01770602089721366,0.8363636363636363,0.982969352763035,0.010244690611436782,0.7897727272727273,0.002125044559349476,26.089387893676758
random_10pct_seed4,22,16380,"22,23,24,25,26,27,28,29,30,31",scientific,0.9487603305785124,0.021288011359324368,0.8363636363636365,0.984406827423952,0.008861708097036552,0.7897727272727273,0.002101122550665413,26.681827545166016
random_10pct_seed4,23,16380,"22,23,24,25,26,27,28,29,30,31",scientific,0.946694214876033,0.02160647349157249,0.8318181818181818,0.9838177897255393,0.008809865159364497,0.8068181818181818,0.0021732106053238276,27.26473617553711
random_10pct_seed4,24,16380,"22,23,24,25,26,27,28,29,30,31",scientific,0.9479338842975205,0.020386605592634707,0.8272727272727274,0.9835257184013956,0.008939696140541674,0.7840909090909092,0.0022521003290086883,27.73780059814453
random_10pct_seed4,25,16380,"22,23,24,25,26,27,28,29,30,31",scientific,0.9433884297520662,0.021771801441850355,0.8272727272727274,0.9827976132887365,0.008674896096971885,0.7954545454545455,0.002471157818733749,28.594730377197266
random_10pct_seed4,26,16380,"22,23,24,25,26,27,28,29,30,31",scientific,0.9417355371900827,0.022075554362302616,0.8227272727272729,0.9807891742223205,0.009724253134344132,0.7784090909090908,0.0026514326237007113,29.635147094726562
random_10pct_seed4,27,16380,"22,23,24,25,26,27,28,29,30,31",scientific,0.9433884297520662,0.019670463199027963,0.8136363636363637,0.9807032516954151,0.009353309439120315,0.7670454545454546,0.002774221130831145,30.42005157470703
random_10pct_seed4,28,16380,"22,23,24,25,26,27,28,29,30,31",scientific,0.9392561983471074,0.02495128783380254,0.8136363636363635,0.9804607067607745,0.009730909571474862,0.7840909090909091,0.0030603247846032744,31.689559936523438
random_10pct_seed4,29,16380,"22,23,24,25,26,27,28,29,30,31",scientific,0.934297520661157,0.02685632530458166,0.8227272727272726,0.9792485771720969,0.009492881829274633,0.7840909090909091,0.003368402918598634,32.94875717163086
random_10pct_seed4,30,16380,"22,23,24,25,26,27,28,29,30,31",scientific,0.9334710743801653,0.030066065724927676,0.8272727272727274,0.9783997274896801,0.010635585371788487,0.7727272727272727,0.004303311586202563,36.470184326171875
random_10pct_seed4,31,16380,"22,23,24,25,26,27,28,29,30,31",scientific,0.9148760330578511,0.04176212229131451,0.8181818181818181,0.9723361137218045,0.01385229152289312,0.7272727272727273,0.017885995784912012,45.497886657714844
clean,0,0,"22,23,24,25,26,27,28,29,30,31",verb,0.98140589569161,0.015272070966424241,0.9142857142857143,0.8795837633298933,0.0,0.5238095238095238,0.009103616566597306,6.402211666107178
clean,1,0,"22,23,24,25,26,27,28,29,30,31",verb,0.980498866213152,0.015879493333343826,0.9047619047619048,0.9411798747276688,0.0,0.5476190476190477,0.008366539473378176,7.6319098472595215
clean,2,0,"22,23,24,25,26,27,28,29,30,31",verb,0.9791383219954648,0.016059801550680958,0.9047619047619048,0.9765732499140007,0.0,0.6428571428571429,0.009353396291362448,9.590304374694824
clean,3,0,"22,23,24,25,26,27,28,29,30,31",verb,0.9836734693877551,0.016313928116648464,0.9095238095238095,0.9859319458777662,0.0,0.7142857142857143,0.012516349802020543,10.507936477661133
clean,4,0,"22,23,24,25,26,27,28,29,30,31",verb,0.9777777777777776,0.017053601521055037,0.9095238095238095,0.9913946938424493,0.0,0.7619047619047619,0.013751475678751124,12.029759407043457
clean,5,0,"22,23,24,25,26,27,28,29,30,31",verb,0.9800453514739228,0.013483962582601821,0.9095238095238095,0.9965170278637772,0.0,0.7380952380952381,0.01397557680900463,13.392066955566406
clean,6,0,"22,23,24,25,26,27,28,29,30,31",verb,0.980952380952381,0.010100252812390055,0.9142857142857143,0.9986213235294118,0.0,0.8095238095238095,0.013282523037295157,13.926020622253418
clean,7,0,"22,23,24,25,26,27,28,29,30,31",verb,0.9741496598639456,0.006967025621649549,0.9095238095238095,0.9990808823529411,0.0,0.8095238095238095,0.013676484302259762,15.146065711975098
clean,8,0,"22,23,24,25,26,27,28,29,30,31",verb,0.9732426303854875,0.00877055764435994,0.8904761904761905,0.9990808823529411,0.0,0.8333333333333334,0.01292583568035588,15.8015718460083
clean,9,0,"22,23,24,25,26,27,28,29,30,31",verb,0.9718820861678005,0.008435861785822348,0.8761904761904761,0.9986213235294118,0.0,0.8809523809523809,0.009799016344983369,16.556901931762695
clean,10,0,"22,23,24,25,26,27,28,29,30,31",verb,0.9714285714285713,0.008910150886344021,0.880952380952381,0.9986213235294118,0.0,0.9047619047619048,0.008626466800706112,16.851028442382812
clean,11,0,"22,23,24,25,26,27,28,29,30,31",verb,0.9759637188208616,0.007396601555691633,0.8857142857142858,0.9986213235294118,0.0,0.9523809523809523,0.008542664764808805,17.43328094482422
clean,12,0,"22,23,24,25,26,27,28,29,30,31",verb,0.9714285714285713,0.013190965598411774,0.8904761904761905,0.9990808823529411,0.0,0.9523809523809523,0.008263171320910923,18.064903259277344
clean,13,0,"22,23,24,25,26,27,28,29,30,31",verb,0.9664399092970521,0.009873714765114443,0.880952380952381,0.9986213235294118,0.0,0.9523809523809523,0.007476806403634684,19.217029571533203
clean,14,0,"22,23,24,25,26,27,28,29,30,31",verb,0.9655328798185941,0.011686257348503514,0.8857142857142858,0.9990808823529411,0.0,0.9523809523809523,0.006628056954292583,19.675159454345703
clean,15,0,"22,23,24,25,26,27,28,29,30,31",verb,0.962358276643991,0.011346935150291957,0.880952380952381,0.9986213235294118,0.0,0.9285714285714286,0.00524545631925355,20.128881454467773
clean,16,0,"22,23,24,25,26,27,28,29,30,31",verb,0.9600907029478458,0.013499207316224289,0.8761904761904763,0.9981617647058824,0.0,0.8809523809523809,0.004056976805496881,20.569421768188477
clean,17,0,"22,23,24,25,26,27,28,29,30,31",verb,0.9600907029478458,0.01287534654564938,0.8571428571428571,0.9981617647058824,0.0,0.8809523809523809,0.0034093787074990223,21.26226234436035
clean,18,0,"22,23,24,25,26,27,28,29,30,31",verb,0.9605442176870749,0.012050186172867518,0.8666666666666666,0.9977022058823529,0.0,0.8809523809523809,0.002912458081150704,22.07382583618164
clean,19,0,"22,23,24,25,26,27,28,29,30,31",verb,0.9564625850340137,0.015272070966424267,0.8619047619047618,0.9972426470588236,0.0,0.8809523809523809,0.0025177089178761713,22.580982208251953
clean,20,0,"22,23,24,25,26,27,28,29,30,31",verb,0.9541950113378684,0.012939086274546149,0.8571428571428571,0.9977022058823529,0.0,0.8809523809523809,0.0021327306839579174,23.59921646118164
clean,21,0,"22,23,24,25,26,27,28,29,30,31",verb,0.9528344671201815,0.013018322081095124,0.8619047619047618,0.9972426470588236,0.0,0.8809523809523809,0.001954099498574058,24.502025604248047
clean,22,0,"22,23,24,25,26,27,28,29,30,31",verb,0.94421768707483,0.01594412320294506,0.8428571428571429,0.9972426470588236,0.0,0.8571428571428571,0.001862177766445039,25.193143844604492
clean,23,0,"22,23,24,25,26,27,28,29,30,31",verb,0.9424036281179138,0.01676164953521662,0.838095238095238,0.9949448529411764,0.0,0.8571428571428571,0.0018497062198498115,25.799379348754883
clean,24,0,"22,23,24,25,26,27,28,29,30,31",verb,0.9433106575963718,0.01819719061019398,0.838095238095238,0.9935661764705882,0.0,0.7857142857142857,0.0018985845853706218,26.645355224609375
clean,25,0,"22,23,24,25,26,27,28,29,30,31",verb,0.9442176870748298,0.01937946541425983,0.8333333333333333,0.9921875,0.0,0.7857142857142857,0.001981813533008636,27.61067008972168
clean,26,0,"22,23,24,25,26,27,28,29,30,31",verb,0.9433106575963718,0.016161931683633068,0.8428571428571429,0.9917279411764706,0.0,0.7857142857142857,0.0020661874769840605,28.3354549407959
clean,27,0,"22,23,24,25,26,27,28,29,30,31",verb,0.944671201814059,0.016263420478041794,0.8380952380952381,0.9917279411764706,0.0,0.7857142857142857,0.002115657165775886,28.89360237121582
clean,28,0,"22,23,24,25,26,27,28,29,30,31",verb,0.9442176870748298,0.016514414019077713,0.8380952380952381,0.9903492647058824,0.0,0.7857142857142857,0.002232068976002255,29.335193634033203
clean,29,0,"22,23,24,25,26,27,28,29,30,31",verb,0.9419501133786848,0.021445061981926337,0.8333333333333333,0.9898897058823529,0.0,0.7857142857142857,0.002378665158571991,29.95178985595703
clean,30,0,"22,23,24,25,26,27,28,29,30,31",verb,0.9433106575963718,0.017447060373398035,0.8428571428571427,0.9867695433436532,0.0,0.7857142857142857,0.002747811366974773,31.128036499023438
clean,31,0,"22,23,24,25,26,27,28,29,30,31",verb,0.9201814058956914,0.030232804195009493,0.819047619047619,0.9774834092993923,0.0,0.7380952380952381,0.007866970103431514,35.540122985839844
affinity_5pct,0,8190,"22,23,24,25,26,27,28,29,30,31",verb,0.98140589569161,0.015272070966424241,0.9142857142857143,0.8795837633298933,0.0,0.5238095238095238,0.009103616566597306,6.402211666107178
affinity_5pct,1,8190,"22,23,24,25,26,27,28,29,30,31",verb,0.980498866213152,0.015879493333343826,0.9047619047619048,0.9411798747276688,0.0,0.5476190476190477,0.008366539473378176,7.6319098472595215
affinity_5pct,2,8190,"22,23,24,25,26,27,28,29,30,31",verb,0.9791383219954648,0.016059801550680958,0.9047619047619048,0.9765732499140007,0.0,0.6428571428571429,0.009353396291362448,9.590304374694824
affinity_5pct,3,8190,"22,23,24,25,26,27,28,29,30,31",verb,0.9836734693877551,0.016313928116648464,0.9095238095238095,0.9859319458777662,0.0,0.7142857142857143,0.012516349802020543,10.507936477661133
affinity_5pct,4,8190,"22,23,24,25,26,27,28,29,30,31",verb,0.9777777777777776,0.017053601521055037,0.9095238095238095,0.9913946938424493,0.0,0.7619047619047619,0.013751475678751124,12.029759407043457
affinity_5pct,5,8190,"22,23,24,25,26,27,28,29,30,31",verb,0.9800453514739228,0.013483962582601821,0.9095238095238095,0.9965170278637772,0.0,0.7380952380952381,0.01397557680900463,13.392066955566406
affinity_5pct,6,8190,"22,23,24,25,26,27,28,29,30,31",verb,0.980952380952381,0.010100252812390055,0.9142857142857143,0.9986213235294118,0.0,0.8095238095238095,0.013282523037295157,13.926020622253418
affinity_5pct,7,8190,"22,23,24,25,26,27,28,29,30,31",verb,0.9741496598639456,0.006967025621649549,0.9095238095238095,0.9990808823529411,0.0,0.8095238095238095,0.013676484302259762,15.146065711975098
affinity_5pct,8,8190,"22,23,24,25,26,27,28,29,30,31",verb,0.9732426303854875,0.00877055764435994,0.8904761904761905,0.9990808823529411,0.0,0.8333333333333334,0.01292583568035588,15.8015718460083
affinity_5pct,9,8190,"22,23,24,25,26,27,28,29,30,31",verb,0.9718820861678005,0.008435861785822348,0.8761904761904761,0.9986213235294118,0.0,0.8809523809523809,0.009799016344983369,16.556901931762695
affinity_5pct,10,8190,"22,23,24,25,26,27,28,29,30,31",verb,0.9714285714285713,0.008910150886344021,0.880952380952381,0.9986213235294118,0.0,0.9047619047619048,0.008626466800706112,16.851028442382812
affinity_5pct,11,8190,"22,23,24,25,26,27,28,29,30,31",verb,0.9759637188208616,0.007396601555691633,0.8857142857142858,0.9986213235294118,0.0,0.9523809523809523,0.008542664764808805,17.43328094482422
affinity_5pct,12,8190,"22,23,24,25,26,27,28,29,30,31",verb,0.9714285714285713,0.013190965598411774,0.8904761904761905,0.9990808823529411,0.0,0.9523809523809523,0.008263171320910923,18.064903259277344
affinity_5pct,13,8190,"22,23,24,25,26,27,28,29,30,31",verb,0.9664399092970521,0.009873714765114443,0.880952380952381,0.9986213235294118,0.0,0.9523809523809523,0.007476806403634684,19.217029571533203
affinity_5pct,14,8190,"22,23,24,25,26,27,28,29,30,31",verb,0.9655328798185941,0.011686257348503514,0.8857142857142858,0.9990808823529411,0.0,0.9523809523809523,0.006628056954292583,19.675159454345703
affinity_5pct,15,8190,"22,23,24,25,26,27,28,29,30,31",verb,0.962358276643991,0.011346935150291957,0.880952380952381,0.9986213235294118,0.0,0.9285714285714286,0.00524545631925355,20.128881454467773
affinity_5pct,16,8190,"22,23,24,25,26,27,28,29,30,31",verb,0.9600907029478458,0.013499207316224289,0.8761904761904763,0.9981617647058824,0.0,0.8809523809523809,0.004056976805496881,20.569421768188477
affinity_5pct,17,8190,"22,23,24,25,26,27,28,29,30,31",verb,0.9600907029478458,0.01287534654564938,0.8571428571428571,0.9981617647058824,0.0,0.8809523809523809,0.0034093787074990223,21.26226234436035
affinity_5pct,18,8190,"22,23,24,25,26,27,28,29,30,31",verb,0.9605442176870749,0.012050186172867518,0.8666666666666666,0.9977022058823529,0.0,0.8809523809523809,0.002912458081150704,22.07382583618164
affinity_5pct,19,8190,"22,23,24,25,26,27,28,29,30,31",verb,0.9564625850340137,0.015272070966424267,0.8619047619047618,0.9972426470588236,0.0,0.8809523809523809,0.0025177089178761713,22.580982208251953
affinity_5pct,20,8190,"22,23,24,25,26,27,28,29,30,31",verb,0.9541950113378684,0.012939086274546149,0.8571428571428571,0.9977022058823529,0.0,0.8809523809523809,0.0021327306839579174,23.59921646118164
affinity_5pct,21,8190,"22,23,24,25,26,27,28,29,30,31",verb,0.9528344671201815,0.013018322081095124,0.8619047619047618,0.9972426470588236,0.0,0.8809523809523809,0.001954099498574058,24.502025604248047
affinity_5pct,22,8190,"22,23,24,25,26,27,28,29,30,31",verb,0.9446712018140591,0.016883909722436523,0.8428571428571429,0.9972426470588236,0.0,0.8571428571428571,0.0018540967279073728,25.169050216674805
affinity_5pct,23,8190,"22,23,24,25,26,27,28,29,30,31",verb,0.9419501133786848,0.017005290938097675,0.8428571428571429,0.9949448529411764,0.0,0.8571428571428571,0.0018394044932216191,25.73320198059082
affinity_5pct,24,8190,"22,23,24,25,26,27,28,29,30,31",verb,0.945578231292517,0.01666319552913725,0.838095238095238,0.9940257352941176,0.0,0.7857142857142857,0.0018764274094413835,26.49009132385254
affinity_5pct,25,8190,"22,23,24,25,26,27,28,29,30,31",verb,0.94421768707483,0.021057935176859697,0.8333333333333333,0.9935661764705882,0.0,0.7857142857142857,0.001957308306087868,27.3841552734375
affinity_5pct,26,8190,"22,23,24,25,26,27,28,29,30,31",verb,0.943310657596372,0.01551259081767536,0.8428571428571429,0.9917279411764706,0.0,0.7857142857142857,0.002029648516179039,28.065101623535156
affinity_5pct,27,8190,"22,23,24,25,26,27,28,29,30,31",verb,0.945124716553288,0.01705360152105503,0.8380952380952381,0.9921875,0.0,0.7857142857142857,0.0020686398853444476,28.569528579711914
affinity_5pct,28,8190,"22,23,24,25,26,27,28,29,30,31",verb,0.9414965986394559,0.019315682030881538,0.8380952380952381,0.9917279411764706,0.0,0.7857142857142857,0.0021697275807009975,28.96632957458496
affinity_5pct,29,8190,"22,23,24,25,26,27,28,29,30,31",verb,0.9392290249433106,0.02181589745270874,0.8285714285714285,0.9898897058823529,0.0,0.7857142857142857,0.0023042206567248646,29.54178237915039
affinity_5pct,30,8190,"22,23,24,25,26,27,28,29,30,31",verb,0.9419501133786848,0.018455319681973538,0.8476190476190476,0.9875919117647058,0.0,0.7857142857142857,0.0026489128335153156,30.615821838378906
affinity_5pct,31,8190,"22,23,24,25,26,27,28,29,30,31",verb,0.9201814058956916,0.029509838521537293,0.819047619047619,0.978402526946451,0.0,0.7380952380952381,0.007472990100945154,34.94242477416992
coverage_5pct,0,8190,"22,23,24,25,26,27,28,29,30,31",verb,0.98140589569161,0.015272070966424241,0.9142857142857143,0.8795837633298933,0.0,0.5238095238095238,0.009103616566597306,6.402211666107178
coverage_5pct,1,8190,"22,23,24,25,26,27,28,29,30,31",verb,0.980498866213152,0.015879493333343826,0.9047619047619048,0.9411798747276688,0.0,0.5476190476190477,0.008366539473378176,7.6319098472595215
coverage_5pct,2,8190,"22,23,24,25,26,27,28,29,30,31",verb,0.9791383219954648,0.016059801550680958,0.9047619047619048,0.9765732499140007,0.0,0.6428571428571429,0.009353396291362448,9.590304374694824
coverage_5pct,3,8190,"22,23,24,25,26,27,28,29,30,31",verb,0.9836734693877551,0.016313928116648464,0.9095238095238095,0.9859319458777662,0.0,0.7142857142857143,0.012516349802020543,10.507936477661133
coverage_5pct,4,8190,"22,23,24,25,26,27,28,29,30,31",verb,0.9777777777777776,0.017053601521055037,0.9095238095238095,0.9913946938424493,0.0,0.7619047619047619,0.013751475678751124,12.029759407043457
coverage_5pct,5,8190,"22,23,24,25,26,27,28,29,30,31",verb,0.9800453514739228,0.013483962582601821,0.9095238095238095,0.9965170278637772,0.0,0.7380952380952381,0.01397557680900463,13.392066955566406
coverage_5pct,6,8190,"22,23,24,25,26,27,28,29,30,31",verb,0.980952380952381,0.010100252812390055,0.9142857142857143,0.9986213235294118,0.0,0.8095238095238095,0.013282523037295157,13.926020622253418
coverage_5pct,7,8190,"22,23,24,25,26,27,28,29,30,31",verb,0.9741496598639456,0.006967025621649549,0.9095238095238095,0.9990808823529411,0.0,0.8095238095238095,0.013676484302259762,15.146065711975098
coverage_5pct,8,8190,"22,23,24,25,26,27,28,29,30,31",verb,0.9732426303854875,0.00877055764435994,0.8904761904761905,0.9990808823529411,0.0,0.8333333333333334,0.01292583568035588,15.8015718460083
coverage_5pct,9,8190,"22,23,24,25,26,27,28,29,30,31",verb,0.9718820861678005,0.008435861785822348,0.8761904761904761,0.9986213235294118,0.0,0.8809523809523809,0.009799016344983369,16.556901931762695
coverage_5pct,10,8190,"22,23,24,25,26,27,28,29,30,31",verb,0.9714285714285713,0.008910150886344021,0.880952380952381,0.9986213235294118,0.0,0.9047619047619048,0.008626466800706112,16.851028442382812
coverage_5pct,11,8190,"22,23,24,25,26,27,28,29,30,31",verb,0.9759637188208616,0.007396601555691633,0.8857142857142858,0.9986213235294118,0.0,0.9523809523809523,0.008542664764808805,17.43328094482422
coverage_5pct,12,8190,"22,23,24,25,26,27,28,29,30,31",verb,0.9714285714285713,0.013190965598411774,0.8904761904761905,0.9990808823529411,0.0,0.9523809523809523,0.008263171320910923,18.064903259277344
coverage_5pct,13,8190,"22,23,24,25,26,27,28,29,30,31",verb,0.9664399092970521,0.009873714765114443,0.880952380952381,0.9986213235294118,0.0,0.9523809523809523,0.007476806403634684,19.217029571533203
coverage_5pct,14,8190,"22,23,24,25,26,27,28,29,30,31",verb,0.9655328798185941,0.011686257348503514,0.8857142857142858,0.9990808823529411,0.0,0.9523809523809523,0.006628056954292583,19.675159454345703
coverage_5pct,15,8190,"22,23,24,25,26,27,28,29,30,31",verb,0.962358276643991,0.011346935150291957,0.880952380952381,0.9986213235294118,0.0,0.9285714285714286,0.00524545631925355,20.128881454467773
coverage_5pct,16,8190,"22,23,24,25,26,27,28,29,30,31",verb,0.9600907029478458,0.013499207316224289,0.8761904761904763,0.9981617647058824,0.0,0.8809523809523809,0.004056976805496881,20.569421768188477
coverage_5pct,17,8190,"22,23,24,25,26,27,28,29,30,31",verb,0.9600907029478458,0.01287534654564938,0.8571428571428571,0.9981617647058824,0.0,0.8809523809523809,0.0034093787074990223,21.26226234436035
coverage_5pct,18,8190,"22,23,24,25,26,27,28,29,30,31",verb,0.9605442176870749,0.012050186172867518,0.8666666666666666,0.9977022058823529,0.0,0.8809523809523809,0.002912458081150704,22.07382583618164
coverage_5pct,19,8190,"22,23,24,25,26,27,28,29,30,31",verb,0.9564625850340137,0.015272070966424267,0.8619047619047618,0.9972426470588236,0.0,0.8809523809523809,0.0025177089178761713,22.580982208251953
coverage_5pct,20,8190,"22,23,24,25,26,27,28,29,30,31",verb,0.9541950113378684,0.012939086274546149,0.8571428571428571,0.9977022058823529,0.0,0.8809523809523809,0.0021327306839579174,23.59921646118164
coverage_5pct,21,8190,"22,23,24,25,26,27,28,29,30,31",verb,0.9528344671201815,0.013018322081095124,0.8619047619047618,0.9972426470588236,0.0,0.8809523809523809,0.001954099498574058,24.502025604248047
coverage_5pct,22,8190,"22,23,24,25,26,27,28,29,30,31",verb,0.9451247165532879,0.015406156690669437,0.8428571428571429,0.9967830882352942,0.0,0.8809523809523809,0.001962393241300431,24.832700729370117
coverage_5pct,23,8190,"22,23,24,25,26,27,28,29,30,31",verb,0.9464852607709752,0.013800566036011732,0.8476190476190476,0.9958639705882353,0.0,0.8333333333333334,0.0019950121839581447,25.195632934570312
coverage_5pct,24,8190,"22,23,24,25,26,27,28,29,30,31",verb,0.945578231292517,0.016786172810269128,0.8333333333333333,0.9935661764705882,0.0,0.8095238095238095,0.002113883462131705,25.89103126525879
coverage_5pct,25,8190,"22,23,24,25,26,27,28,29,30,31",verb,0.9451247165532879,0.017470621573023325,0.8285714285714286,0.9931066176470589,0.0,0.7857142857142857,0.00221466269850612,26.407852172851562
coverage_5pct,26,8190,"22,23,24,25,26,27,28,29,30,31",verb,0.943764172335601,0.014512471655328795,0.8333333333333334,0.9917279411764706,0.0,0.7857142857142857,0.0023391552287135298,26.95977020263672
coverage_5pct,27,8190,"22,23,24,25,26,27,28,29,30,31",verb,0.9424036281179138,0.017065657797938092,0.8238095238095239,0.9917279411764706,0.0,0.7857142857142857,0.0023644704048857434,27.258041381835938
coverage_5pct,28,8190,"22,23,24,25,26,27,28,29,30,31",verb,0.9424036281179138,0.018621737113512744,0.8333333333333334,0.9917279411764706,0.0,0.7857142857142857,0.002498053789232957,27.58810043334961
coverage_5pct,29,8190,"22,23,24,25,26,27,28,29,30,31",verb,0.9401360544217686,0.01794681082758218,0.819047619047619,0.9903492647058824,0.0,0.7619047619047619,0.0026289245492419067,27.889440536499023
coverage_5pct,30,8190,"22,23,24,25,26,27,28,29,30,31",verb,0.9369614512471655,0.02045346446037126,0.8285714285714285,0.9876886609907121,0.0,0.7619047619047619,0.003000897078046516,28.687009811401367
coverage_5pct,31,8190,"22,23,24,25,26,27,28,29,30,31",verb,0.9238095238095237,0.026311672933079833,0.8142857142857143,0.984108939628483,0.0,0.7380952380952381,0.004279149259094672,29.79137420654297
mass_5pct,0,8190,"22,23,24,25,26,27,28,29,30,31",verb,0.98140589569161,0.015272070966424241,0.9142857142857143,0.8795837633298933,0.0,0.5238095238095238,0.009103616566597306,6.402211666107178
mass_5pct,1,8190,"22,23,24,25,26,27,28,29,30,31",verb,0.980498866213152,0.015879493333343826,0.9047619047619048,0.9411798747276688,0.0,0.5476190476190477,0.008366539473378176,7.6319098472595215
mass_5pct,2,8190,"22,23,24,25,26,27,28,29,30,31",verb,0.9791383219954648,0.016059801550680958,0.9047619047619048,0.9765732499140007,0.0,0.6428571428571429,0.009353396291362448,9.590304374694824
mass_5pct,3,8190,"22,23,24,25,26,27,28,29,30,31",verb,0.9836734693877551,0.016313928116648464,0.9095238095238095,0.9859319458777662,0.0,0.7142857142857143,0.012516349802020543,10.507936477661133
mass_5pct,4,8190,"22,23,24,25,26,27,28,29,30,31",verb,0.9777777777777776,0.017053601521055037,0.9095238095238095,0.9913946938424493,0.0,0.7619047619047619,0.013751475678751124,12.029759407043457
mass_5pct,5,8190,"22,23,24,25,26,27,28,29,30,31",verb,0.9800453514739228,0.013483962582601821,0.9095238095238095,0.9965170278637772,0.0,0.7380952380952381,0.01397557680900463,13.392066955566406
mass_5pct,6,8190,"22,23,24,25,26,27,28,29,30,31",verb,0.980952380952381,0.010100252812390055,0.9142857142857143,0.9986213235294118,0.0,0.8095238095238095,0.013282523037295157,13.926020622253418
mass_5pct,7,8190,"22,23,24,25,26,27,28,29,30,31",verb,0.9741496598639456,0.006967025621649549,0.9095238095238095,0.9990808823529411,0.0,0.8095238095238095,0.013676484302259762,15.146065711975098
mass_5pct,8,8190,"22,23,24,25,26,27,28,29,30,31",verb,0.9732426303854875,0.00877055764435994,0.8904761904761905,0.9990808823529411,0.0,0.8333333333333334,0.01292583568035588,15.8015718460083
mass_5pct,9,8190,"22,23,24,25,26,27,28,29,30,31",verb,0.9718820861678005,0.008435861785822348,0.8761904761904761,0.9986213235294118,0.0,0.8809523809523809,0.009799016344983369,16.556901931762695
mass_5pct,10,8190,"22,23,24,25,26,27,28,29,30,31",verb,0.9714285714285713,0.008910150886344021,0.880952380952381,0.9986213235294118,0.0,0.9047619047619048,0.008626466800706112,16.851028442382812
mass_5pct,11,8190,"22,23,24,25,26,27,28,29,30,31",verb,0.9759637188208616,0.007396601555691633,0.8857142857142858,0.9986213235294118,0.0,0.9523809523809523,0.008542664764808805,17.43328094482422
mass_5pct,12,8190,"22,23,24,25,26,27,28,29,30,31",verb,0.9714285714285713,0.013190965598411774,0.8904761904761905,0.9990808823529411,0.0,0.9523809523809523,0.008263171320910923,18.064903259277344
mass_5pct,13,8190,"22,23,24,25,26,27,28,29,30,31",verb,0.9664399092970521,0.009873714765114443,0.880952380952381,0.9986213235294118,0.0,0.9523809523809523,0.007476806403634684,19.217029571533203
mass_5pct,14,8190,"22,23,24,25,26,27,28,29,30,31",verb,0.9655328798185941,0.011686257348503514,0.8857142857142858,0.9990808823529411,0.0,0.9523809523809523,0.006628056954292583,19.675159454345703
mass_5pct,15,8190,"22,23,24,25,26,27,28,29,30,31",verb,0.962358276643991,0.011346935150291957,0.880952380952381,0.9986213235294118,0.0,0.9285714285714286,0.00524545631925355,20.128881454467773
mass_5pct,16,8190,"22,23,24,25,26,27,28,29,30,31",verb,0.9600907029478458,0.013499207316224289,0.8761904761904763,0.9981617647058824,0.0,0.8809523809523809,0.004056976805496881,20.569421768188477
mass_5pct,17,8190,"22,23,24,25,26,27,28,29,30,31",verb,0.9600907029478458,0.01287534654564938,0.8571428571428571,0.9981617647058824,0.0,0.8809523809523809,0.0034093787074990223,21.26226234436035
mass_5pct,18,8190,"22,23,24,25,26,27,28,29,30,31",verb,0.9605442176870749,0.012050186172867518,0.8666666666666666,0.9977022058823529,0.0,0.8809523809523809,0.002912458081150704,22.07382583618164
mass_5pct,19,8190,"22,23,24,25,26,27,28,29,30,31",verb,0.9564625850340137,0.015272070966424267,0.8619047619047618,0.9972426470588236,0.0,0.8809523809523809,0.0025177089178761713,22.580982208251953
mass_5pct,20,8190,"22,23,24,25,26,27,28,29,30,31",verb,0.9541950113378684,0.012939086274546149,0.8571428571428571,0.9977022058823529,0.0,0.8809523809523809,0.0021327306839579174,23.59921646118164
mass_5pct,21,8190,"22,23,24,25,26,27,28,29,30,31",verb,0.9528344671201815,0.013018322081095124,0.8619047619047618,0.9972426470588236,0.0,0.8809523809523809,0.001954099498574058,24.502025604248047
mass_5pct,22,8190,"22,23,24,25,26,27,28,29,30,31",verb,0.9478458049886621,0.01390449860930241,0.8428571428571429,0.9972426470588236,0.0,0.8809523809523809,0.0019549317748028816,24.768571853637695
mass_5pct,23,8190,"22,23,24,25,26,27,28,29,30,31",verb,0.9442176870748298,0.013190965598411784,0.8571428571428571,0.9963235294117647,0.0,0.8809523809523809,0.001997578838862868,25.156179428100586
mass_5pct,24,8190,"22,23,24,25,26,27,28,29,30,31",verb,0.9442176870748298,0.014168253380329555,0.8428571428571429,0.9949448529411764,0.0,0.8333333333333334,0.0021202631829948526,25.82844352722168
mass_5pct,25,8190,"22,23,24,25,26,27,28,29,30,31",verb,0.9424036281179138,0.01587949333334386,0.8333333333333334,0.9949448529411764,0.0,0.8095238095238095,0.002229397553139778,26.341297149658203
mass_5pct,26,8190,"22,23,24,25,26,27,28,29,30,31",verb,0.9419501133786848,0.013948804080933958,0.8285714285714286,0.9935661764705882,0.0,0.7857142857142857,0.0023558264061301903,26.896465301513672
mass_5pct,27,8190,"22,23,24,25,26,27,28,29,30,31",verb,0.9419501133786848,0.017005290938097686,0.8285714285714286,0.9935661764705882,0.0,0.7857142857142857,0.0023848671380185538,27.205278396606445
mass_5pct,28,8190,"22,23,24,25,26,27,28,29,30,31",verb,0.945578231292517,0.017505903914393457,0.8333333333333334,0.9921875,0.0,0.7857142857142857,0.0025160276275925098,27.544490814208984
mass_5pct,29,8190,"22,23,24,25,26,27,28,29,30,31",verb,0.9383219954648526,0.01872087749709777,0.8238095238095238,0.9917279411764706,0.0,0.7857142857142857,0.002644561372577958,27.802165985107422
mass_5pct,30,8190,"22,23,24,25,26,27,28,29,30,31",verb,0.9369614512471655,0.0186658645145185,0.8095238095238095,0.9903492647058824,0.0,0.7619047619047619,0.0030090933571668144,28.558265686035156
mass_5pct,31,8190,"22,23,24,25,26,27,28,29,30,31",verb,0.9251700680272108,0.02395485287300547,0.819047619047619,0.9894301470588236,0.0,0.7380952380952381,0.004169421596547873,29.483240127563477
random_5pct_seed0,0,8190,"22,23,24,25,26,27,28,29,30,31",verb,0.98140589569161,0.015272070966424241,0.9142857142857143,0.8795837633298933,0.0,0.5238095238095238,0.009103616566597306,6.402211666107178
random_5pct_seed0,1,8190,"22,23,24,25,26,27,28,29,30,31",verb,0.980498866213152,0.015879493333343826,0.9047619047619048,0.9411798747276688,0.0,0.5476190476190477,0.008366539473378176,7.6319098472595215
random_5pct_seed0,2,8190,"22,23,24,25,26,27,28,29,30,31",verb,0.9791383219954648,0.016059801550680958,0.9047619047619048,0.9765732499140007,0.0,0.6428571428571429,0.009353396291362448,9.590304374694824
random_5pct_seed0,3,8190,"22,23,24,25,26,27,28,29,30,31",verb,0.9836734693877551,0.016313928116648464,0.9095238095238095,0.9859319458777662,0.0,0.7142857142857143,0.012516349802020543,10.507936477661133
random_5pct_seed0,4,8190,"22,23,24,25,26,27,28,29,30,31",verb,0.9777777777777776,0.017053601521055037,0.9095238095238095,0.9913946938424493,0.0,0.7619047619047619,0.013751475678751124,12.029759407043457
random_5pct_seed0,5,8190,"22,23,24,25,26,27,28,29,30,31",verb,0.9800453514739228,0.013483962582601821,0.9095238095238095,0.9965170278637772,0.0,0.7380952380952381,0.01397557680900463,13.392066955566406
random_5pct_seed0,6,8190,"22,23,24,25,26,27,28,29,30,31",verb,0.980952380952381,0.010100252812390055,0.9142857142857143,0.9986213235294118,0.0,0.8095238095238095,0.013282523037295157,13.926020622253418
random_5pct_seed0,7,8190,"22,23,24,25,26,27,28,29,30,31",verb,0.9741496598639456,0.006967025621649549,0.9095238095238095,0.9990808823529411,0.0,0.8095238095238095,0.013676484302259762,15.146065711975098
random_5pct_seed0,8,8190,"22,23,24,25,26,27,28,29,30,31",verb,0.9732426303854875,0.00877055764435994,0.8904761904761905,0.9990808823529411,0.0,0.8333333333333334,0.01292583568035588,15.8015718460083
random_5pct_seed0,9,8190,"22,23,24,25,26,27,28,29,30,31",verb,0.9718820861678005,0.008435861785822348,0.8761904761904761,0.9986213235294118,0.0,0.8809523809523809,0.009799016344983369,16.556901931762695
random_5pct_seed0,10,8190,"22,23,24,25,26,27,28,29,30,31",verb,0.9714285714285713,0.008910150886344021,0.880952380952381,0.9986213235294118,0.0,0.9047619047619048,0.008626466800706112,16.851028442382812
random_5pct_seed0,11,8190,"22,23,24,25,26,27,28,29,30,31",verb,0.9759637188208616,0.007396601555691633,0.8857142857142858,0.9986213235294118,0.0,0.9523809523809523,0.008542664764808805,17.43328094482422
random_5pct_seed0,12,8190,"22,23,24,25,26,27,28,29,30,31",verb,0.9714285714285713,0.013190965598411774,0.8904761904761905,0.9990808823529411,0.0,0.9523809523809523,0.008263171320910923,18.064903259277344
random_5pct_seed0,13,8190,"22,23,24,25,26,27,28,29,30,31",verb,0.9664399092970521,0.009873714765114443,0.880952380952381,0.9986213235294118,0.0,0.9523809523809523,0.007476806403634684,19.217029571533203
random_5pct_seed0,14,8190,"22,23,24,25,26,27,28,29,30,31",verb,0.9655328798185941,0.011686257348503514,0.8857142857142858,0.9990808823529411,0.0,0.9523809523809523,0.006628056954292583,19.675159454345703
random_5pct_seed0,15,8190,"22,23,24,25,26,27,28,29,30,31",verb,0.962358276643991,0.011346935150291957,0.880952380952381,0.9986213235294118,0.0,0.9285714285714286,0.00524545631925355,20.128881454467773
random_5pct_seed0,16,8190,"22,23,24,25,26,27,28,29,30,31",verb,0.9600907029478458,0.013499207316224289,0.8761904761904763,0.9981617647058824,0.0,0.8809523809523809,0.004056976805496881,20.569421768188477
random_5pct_seed0,17,8190,"22,23,24,25,26,27,28,29,30,31",verb,0.9600907029478458,0.01287534654564938,0.8571428571428571,0.9981617647058824,0.0,0.8809523809523809,0.0034093787074990223,21.26226234436035
random_5pct_seed0,18,8190,"22,23,24,25,26,27,28,29,30,31",verb,0.9605442176870749,0.012050186172867518,0.8666666666666666,0.9977022058823529,0.0,0.8809523809523809,0.002912458081150704,22.07382583618164
random_5pct_seed0,19,8190,"22,23,24,25,26,27,28,29,30,31",verb,0.9564625850340137,0.015272070966424267,0.8619047619047618,0.9972426470588236,0.0,0.8809523809523809,0.0025177089178761713,22.580982208251953
random_5pct_seed0,20,8190,"22,23,24,25,26,27,28,29,30,31",verb,0.9541950113378684,0.012939086274546149,0.8571428571428571,0.9977022058823529,0.0,0.8809523809523809,0.0021327306839579174,23.59921646118164
random_5pct_seed0,21,8190,"22,23,24,25,26,27,28,29,30,31",verb,0.9528344671201815,0.013018322081095124,0.8619047619047618,0.9972426470588236,0.0,0.8809523809523809,0.001954099498574058,24.502025604248047
random_5pct_seed0,22,8190,"22,23,24,25,26,27,28,29,30,31",verb,0.946485260770975,0.015419501133786824,0.8523809523809524,0.9972426470588236,0.0,0.8571428571428571,0.0018554495558444906,25.161224365234375
random_5pct_seed0,23,8190,"22,23,24,25,26,27,28,29,30,31",verb,0.9442176870748298,0.01581459934164415,0.8476190476190476,0.9949448529411764,0.0,0.8571428571428571,0.0018460199804133381,25.721115112304688
random_5pct_seed0,24,8190,"22,23,24,25,26,27,28,29,30,31",verb,0.9464852607709752,0.017125811871654562,0.8428571428571429,0.9935661764705882,0.0,0.7857142857142857,0.0018797220224123778,26.45827293395996
random_5pct_seed0,25,8190,"22,23,24,25,26,27,28,29,30,31",verb,0.9442176870748298,0.0183435359783734,0.8380952380952381,0.9926470588235294,0.0,0.7857142857142857,0.0019792888679142084,27.3179988861084
random_5pct_seed0,26,8190,"22,23,24,25,26,27,28,29,30,31",verb,0.945124716553288,0.01741165879406119,0.8380952380952381,0.9917279411764706,0.0,0.7857142857142857,0.002057254167420308,28.001272201538086
random_5pct_seed0,27,8190,"22,23,24,25,26,27,28,29,30,31",verb,0.9464852607709752,0.019004378085947373,0.8333333333333334,0.9917279411764706,0.0,0.7857142857142857,0.0021066446846250697,28.521839141845703
random_5pct_seed0,28,8190,"22,23,24,25,26,27,28,29,30,31",verb,0.9424036281179138,0.018566430376833296,0.8476190476190476,0.9908088235294118,0.0,0.7857142857142857,0.0022089828392812816,28.889842987060547
random_5pct_seed0,29,8190,"22,23,24,25,26,27,28,29,30,31",verb,0.9419501133786848,0.023504142439637093,0.838095238095238,0.9903492647058824,0.0,0.7857142857142857,0.0023420821749118304,29.4276180267334
random_5pct_seed0,30,8190,"22,23,24,25,26,27,28,29,30,31",verb,0.9414965986394558,0.021578915652372445,0.8428571428571427,0.9889705882352942,0.0,0.7857142857142857,0.0026881813387842346,30.432920455932617
random_5pct_seed0,31,8190,"22,23,24,25,26,27,28,29,30,31",verb,0.9219954648526076,0.029024943310657605,0.8333333333333334,0.9792248953675037,0.0,0.7380952380952381,0.007572301138234039,34.48897171020508
random_5pct_seed1,0,8190,"22,23,24,25,26,27,28,29,30,31",verb,0.98140589569161,0.015272070966424241,0.9142857142857143,0.8795837633298933,0.0,0.5238095238095238,0.009103616566597306,6.402211666107178
random_5pct_seed1,1,8190,"22,23,24,25,26,27,28,29,30,31",verb,0.980498866213152,0.015879493333343826,0.9047619047619048,0.9411798747276688,0.0,0.5476190476190477,0.008366539473378176,7.6319098472595215
random_5pct_seed1,2,8190,"22,23,24,25,26,27,28,29,30,31",verb,0.9791383219954648,0.016059801550680958,0.9047619047619048,0.9765732499140007,0.0,0.6428571428571429,0.009353396291362448,9.590304374694824
random_5pct_seed1,3,8190,"22,23,24,25,26,27,28,29,30,31",verb,0.9836734693877551,0.016313928116648464,0.9095238095238095,0.9859319458777662,0.0,0.7142857142857143,0.012516349802020543,10.507936477661133
random_5pct_seed1,4,8190,"22,23,24,25,26,27,28,29,30,31",verb,0.9777777777777776,0.017053601521055037,0.9095238095238095,0.9913946938424493,0.0,0.7619047619047619,0.013751475678751124,12.029759407043457
random_5pct_seed1,5,8190,"22,23,24,25,26,27,28,29,30,31",verb,0.9800453514739228,0.013483962582601821,0.9095238095238095,0.9965170278637772,0.0,0.7380952380952381,0.01397557680900463,13.392066955566406
random_5pct_seed1,6,8190,"22,23,24,25,26,27,28,29,30,31",verb,0.980952380952381,0.010100252812390055,0.9142857142857143,0.9986213235294118,0.0,0.8095238095238095,0.013282523037295157,13.926020622253418
random_5pct_seed1,7,8190,"22,23,24,25,26,27,28,29,30,31",verb,0.9741496598639456,0.006967025621649549,0.9095238095238095,0.9990808823529411,0.0,0.8095238095238095,0.013676484302259762,15.146065711975098
random_5pct_seed1,8,8190,"22,23,24,25,26,27,28,29,30,31",verb,0.9732426303854875,0.00877055764435994,0.8904761904761905,0.9990808823529411,0.0,0.8333333333333334,0.01292583568035588,15.8015718460083
random_5pct_seed1,9,8190,"22,23,24,25,26,27,28,29,30,31",verb,0.9718820861678005,0.008435861785822348,0.8761904761904761,0.9986213235294118,0.0,0.8809523809523809,0.009799016344983369,16.556901931762695
random_5pct_seed1,10,8190,"22,23,24,25,26,27,28,29,30,31",verb,0.9714285714285713,0.008910150886344021,0.880952380952381,0.9986213235294118,0.0,0.9047619047619048,0.008626466800706112,16.851028442382812
random_5pct_seed1,11,8190,"22,23,24,25,26,27,28,29,30,31",verb,0.9759637188208616,0.007396601555691633,0.8857142857142858,0.9986213235294118,0.0,0.9523809523809523,0.008542664764808805,17.43328094482422
random_5pct_seed1,12,8190,"22,23,24,25,26,27,28,29,30,31",verb,0.9714285714285713,0.013190965598411774,0.8904761904761905,0.9990808823529411,0.0,0.9523809523809523,0.008263171320910923,18.064903259277344
random_5pct_seed1,13,8190,"22,23,24,25,26,27,28,29,30,31",verb,0.9664399092970521,0.009873714765114443,0.880952380952381,0.9986213235294118,0.0,0.9523809523809523,0.007476806403634684,19.217029571533203
random_5pct_seed1,14,8190,"22,23,24,25,26,27,28,29,30,31",verb,0.9655328798185941,0.011686257348503514,0.8857142857142858,0.9990808823529411,0.0,0.9523809523809523,0.006628056954292583,19.675159454345703
random_5pct_seed1,15,8190,"22,23,24,25,26,27,28,29,30,31",verb,0.962358276643991,0.011346935150291957,0.880952380952381,0.9986213235294118,0.0,0.9285714285714286,0.00524545631925355,20.128881454467773
random_5pct_seed1,16,8190,"22,23,24,25,26,27,28,29,30,31",verb,0.9600907029478458,0.013499207316224289,0.8761904761904763,0.9981617647058824,0.0,0.8809523809523809,0.004056976805496881,20.569421768188477
random_5pct_seed1,17,8190,"22,23,24,25,26,27,28,29,30,31",verb,0.9600907029478458,0.01287534654564938,0.8571428571428571,0.9981617647058824,0.0,0.8809523809523809,0.0034093787074990223,21.26226234436035
random_5pct_seed1,18,8190,"22,23,24,25,26,27,28,29,30,31",verb,0.9605442176870749,0.012050186172867518,0.8666666666666666,0.9977022058823529,0.0,0.8809523809523809,0.002912458081150704,22.07382583618164
random_5pct_seed1,19,8190,"22,23,24,25,26,27,28,29,30,31",verb,0.9564625850340137,0.015272070966424267,0.8619047619047618,0.9972426470588236,0.0,0.8809523809523809,0.0025177089178761713,22.580982208251953
random_5pct_seed1,20,8190,"22,23,24,25,26,27,28,29,30,31",verb,0.9541950113378684,0.012939086274546149,0.8571428571428571,0.9977022058823529,0.0,0.8809523809523809,0.0021327306839579174,23.59921646118164
random_5pct_seed1,21,8190,"22,23,24,25,26,27,28,29,30,31",verb,0.9528344671201815,0.013018322081095124,0.8619047619047618,0.9972426470588236,0.0,0.8809523809523809,0.001954099498574058,24.502025604248047
random_5pct_seed1,22,8190,"22,23,24,25,26,27,28,29,30,31",verb,0.945124716553288,0.015339260340397039,0.8428571428571429,0.9972426470588236,0.0,0.8809523809523809,0.0018561998790320722,25.155887603759766
random_5pct_seed1,23,8190,"22,23,24,25,26,27,28,29,30,31",verb,0.9437641723356011,0.01458316117080593,0.8428571428571429,0.9954044117647058,0.0,0.8571428571428571,0.0018441379567697425,25.741451263427734
random_5pct_seed1,24,8190,"22,23,24,25,26,27,28,29,30,31",verb,0.945124716553288,0.015136797522248219,0.838095238095238,0.9940257352941176,0.0,0.7857142857142857,0.0019080452208590781,26.524620056152344
random_5pct_seed1,25,8190,"22,23,24,25,26,27,28,29,30,31",verb,0.9446712018140591,0.018117899642120804,0.8333333333333333,0.9931066176470589,0.0,0.7857142857142857,0.002001549956459625,27.40134620666504
random_5pct_seed1,26,8190,"22,23,24,25,26,27,28,29,30,31",verb,0.9424036281179138,0.015285532468347166,0.8380952380952381,0.9926470588235294,0.0,0.7857142857142857,0.002076664334456635,28.104944229125977
random_5pct_seed1,27,8190,"22,23,24,25,26,27,28,29,30,31",verb,0.945578231292517,0.01564461524776445,0.8380952380952381,0.9921875,0.0,0.7857142857142857,0.0021209031092936925,28.612295150756836
random_5pct_seed1,28,8190,"22,23,24,25,26,27,28,29,30,31",verb,0.945124716553288,0.016564156342630077,0.8476190476190476,0.9912683823529411,0.0,0.7857142857142857,0.002229011901876077,29.00755500793457
random_5pct_seed1,29,8190,"22,23,24,25,26,27,28,29,30,31",verb,0.943310657596372,0.019768249177055216,0.838095238095238,0.9903492647058824,0.0,0.7857142857142857,0.0023691050060137275,29.571279525756836
random_5pct_seed1,30,8190,"22,23,24,25,26,27,28,29,30,31",verb,0.945578231292517,0.01647700872978227,0.8428571428571427,0.9876886609907121,0.0,0.7857142857142857,0.002740286530932279,30.63431739807129
random_5pct_seed1,31,8190,"22,23,24,25,26,27,28,29,30,31",verb,0.9301587301587302,0.02614700282158652,0.8285714285714286,0.978402526946451,0.0,0.7380952380952381,0.007723070713754554,34.696876525878906
random_5pct_seed2,0,8190,"22,23,24,25,26,27,28,29,30,31",verb,0.98140589569161,0.015272070966424241,0.9142857142857143,0.8795837633298933,0.0,0.5238095238095238,0.009103616566597306,6.402211666107178
random_5pct_seed2,1,8190,"22,23,24,25,26,27,28,29,30,31",verb,0.980498866213152,0.015879493333343826,0.9047619047619048,0.9411798747276688,0.0,0.5476190476190477,0.008366539473378176,7.6319098472595215
random_5pct_seed2,2,8190,"22,23,24,25,26,27,28,29,30,31",verb,0.9791383219954648,0.016059801550680958,0.9047619047619048,0.9765732499140007,0.0,0.6428571428571429,0.009353396291362448,9.590304374694824
random_5pct_seed2,3,8190,"22,23,24,25,26,27,28,29,30,31",verb,0.9836734693877551,0.016313928116648464,0.9095238095238095,0.9859319458777662,0.0,0.7142857142857143,0.012516349802020543,10.507936477661133
random_5pct_seed2,4,8190,"22,23,24,25,26,27,28,29,30,31",verb,0.9777777777777776,0.017053601521055037,0.9095238095238095,0.9913946938424493,0.0,0.7619047619047619,0.013751475678751124,12.029759407043457
random_5pct_seed2,5,8190,"22,23,24,25,26,27,28,29,30,31",verb,0.9800453514739228,0.013483962582601821,0.9095238095238095,0.9965170278637772,0.0,0.7380952380952381,0.01397557680900463,13.392066955566406
random_5pct_seed2,6,8190,"22,23,24,25,26,27,28,29,30,31",verb,0.980952380952381,0.010100252812390055,0.9142857142857143,0.9986213235294118,0.0,0.8095238095238095,0.013282523037295157,13.926020622253418
random_5pct_seed2,7,8190,"22,23,24,25,26,27,28,29,30,31",verb,0.9741496598639456,0.006967025621649549,0.9095238095238095,0.9990808823529411,0.0,0.8095238095238095,0.013676484302259762,15.146065711975098
random_5pct_seed2,8,8190,"22,23,24,25,26,27,28,29,30,31",verb,0.9732426303854875,0.00877055764435994,0.8904761904761905,0.9990808823529411,0.0,0.8333333333333334,0.01292583568035588,15.8015718460083
random_5pct_seed2,9,8190,"22,23,24,25,26,27,28,29,30,31",verb,0.9718820861678005,0.008435861785822348,0.8761904761904761,0.9986213235294118,0.0,0.8809523809523809,0.009799016344983369,16.556901931762695
random_5pct_seed2,10,8190,"22,23,24,25,26,27,28,29,30,31",verb,0.9714285714285713,0.008910150886344021,0.880952380952381,0.9986213235294118,0.0,0.9047619047619048,0.008626466800706112,16.851028442382812
random_5pct_seed2,11,8190,"22,23,24,25,26,27,28,29,30,31",verb,0.9759637188208616,0.007396601555691633,0.8857142857142858,0.9986213235294118,0.0,0.9523809523809523,0.008542664764808805,17.43328094482422
random_5pct_seed2,12,8190,"22,23,24,25,26,27,28,29,30,31",verb,0.9714285714285713,0.013190965598411774,0.8904761904761905,0.9990808823529411,0.0,0.9523809523809523,0.008263171320910923,18.064903259277344
random_5pct_seed2,13,8190,"22,23,24,25,26,27,28,29,30,31",verb,0.9664399092970521,0.009873714765114443,0.880952380952381,0.9986213235294118,0.0,0.9523809523809523,0.007476806403634684,19.217029571533203
random_5pct_seed2,14,8190,"22,23,24,25,26,27,28,29,30,31",verb,0.9655328798185941,0.011686257348503514,0.8857142857142858,0.9990808823529411,0.0,0.9523809523809523,0.006628056954292583,19.675159454345703
random_5pct_seed2,15,8190,"22,23,24,25,26,27,28,29,30,31",verb,0.962358276643991,0.011346935150291957,0.880952380952381,0.9986213235294118,0.0,0.9285714285714286,0.00524545631925355,20.128881454467773
random_5pct_seed2,16,8190,"22,23,24,25,26,27,28,29,30,31",verb,0.9600907029478458,0.013499207316224289,0.8761904761904763,0.9981617647058824,0.0,0.8809523809523809,0.004056976805496881,20.569421768188477
random_5pct_seed2,17,8190,"22,23,24,25,26,27,28,29,30,31",verb,0.9600907029478458,0.01287534654564938,0.8571428571428571,0.9981617647058824,0.0,0.8809523809523809,0.0034093787074990223,21.26226234436035
random_5pct_seed2,18,8190,"22,23,24,25,26,27,28,29,30,31",verb,0.9605442176870749,0.012050186172867518,0.8666666666666666,0.9977022058823529,0.0,0.8809523809523809,0.002912458081150704,22.07382583618164
random_5pct_seed2,19,8190,"22,23,24,25,26,27,28,29,30,31",verb,0.9564625850340137,0.015272070966424267,0.8619047619047618,0.9972426470588236,0.0,0.8809523809523809,0.0025177089178761713,22.580982208251953
random_5pct_seed2,20,8190,"22,23,24,25,26,27,28,29,30,31",verb,0.9541950113378684,0.012939086274546149,0.8571428571428571,0.9977022058823529,0.0,0.8809523809523809,0.0021327306839579174,23.59921646118164
random_5pct_seed2,21,8190,"22,23,24,25,26,27,28,29,30,31",verb,0.9528344671201815,0.013018322081095124,0.8619047619047618,0.9972426470588236,0.0,0.8809523809523809,0.001954099498574058,24.502025604248047
random_5pct_seed2,22,8190,"22,23,24,25,26,27,28,29,30,31",verb,0.9442176870748298,0.016883909722436523,0.8428571428571429,0.9967830882352942,0.0,0.8571428571428571,0.0018567178364368164,25.11934471130371
random_5pct_seed2,23,8190,"22,23,24,25,26,27,28,29,30,31",verb,0.9433106575963718,0.014834854633828705,0.838095238095238,0.9949448529411764,0.0,0.8571428571428571,0.001848578732451589,25.663145065307617
random_5pct_seed2,24,8190,"22,23,24,25,26,27,28,29,30,31",verb,0.945578231292517,0.017505903914393415,0.8333333333333333,0.9940257352941176,0.0,0.7857142857142857,0.0018950514665236895,26.427734375
random_5pct_seed2,25,8190,"22,23,24,25,26,27,28,29,30,31",verb,0.945578231292517,0.019716158838353006,0.8238095238095238,0.9931066176470589,0.0,0.7857142857142857,0.0019755266637435653,27.317054748535156
random_5pct_seed2,26,8190,"22,23,24,25,26,27,28,29,30,31",verb,0.9469387755102041,0.015014009394328233,0.8380952380952381,0.9921875,0.0,0.7857142857142857,0.0020569860165171594,28.029401779174805
random_5pct_seed2,27,8190,"22,23,24,25,26,27,28,29,30,31",verb,0.945124716553288,0.019527483121642646,0.8380952380952381,0.9917279411764706,0.0,0.7857142857142857,0.002100688555992547,28.535131454467773
random_5pct_seed2,28,8190,"22,23,24,25,26,27,28,29,30,31",verb,0.945578231292517,0.020026668631128886,0.8380952380952381,0.9912683823529411,0.0,0.7857142857142857,0.0022095698972004474,28.93653106689453
random_5pct_seed2,29,8190,"22,23,24,25,26,27,28,29,30,31",verb,0.9428571428571428,0.021048165779360167,0.8380952380952381,0.9894301470588236,0.0,0.7857142857142857,0.0023477146876373922,29.50245475769043
random_5pct_seed2,30,8190,"22,23,24,25,26,27,28,29,30,31",verb,0.9442176870748298,0.01937946541425986,0.8428571428571429,0.9880514705882353,0.0,0.7857142857142857,0.0027072176377170853,30.541643142700195
random_5pct_seed2,31,8190,"22,23,24,25,26,27,28,29,30,31",verb,0.9242630385487528,0.024236533724965783,0.8428571428571429,0.9791281461414976,0.0,0.7380952380952381,0.007409525591196786,34.171592712402344
random_5pct_seed3,0,8190,"22,23,24,25,26,27,28,29,30,31",verb,0.98140589569161,0.015272070966424241,0.9142857142857143,0.8795837633298933,0.0,0.5238095238095238,0.009103616566597306,6.402211666107178
random_5pct_seed3,1,8190,"22,23,24,25,26,27,28,29,30,31",verb,0.980498866213152,0.015879493333343826,0.9047619047619048,0.9411798747276688,0.0,0.5476190476190477,0.008366539473378176,7.6319098472595215
random_5pct_seed3,2,8190,"22,23,24,25,26,27,28,29,30,31",verb,0.9791383219954648,0.016059801550680958,0.9047619047619048,0.9765732499140007,0.0,0.6428571428571429,0.009353396291362448,9.590304374694824
random_5pct_seed3,3,8190,"22,23,24,25,26,27,28,29,30,31",verb,0.9836734693877551,0.016313928116648464,0.9095238095238095,0.9859319458777662,0.0,0.7142857142857143,0.012516349802020543,10.507936477661133
random_5pct_seed3,4,8190,"22,23,24,25,26,27,28,29,30,31",verb,0.9777777777777776,0.017053601521055037,0.9095238095238095,0.9913946938424493,0.0,0.7619047619047619,0.013751475678751124,12.029759407043457
random_5pct_seed3,5,8190,"22,23,24,25,26,27,28,29,30,31",verb,0.9800453514739228,0.013483962582601821,0.9095238095238095,0.9965170278637772,0.0,0.7380952380952381,0.01397557680900463,13.392066955566406
random_5pct_seed3,6,8190,"22,23,24,25,26,27,28,29,30,31",verb,0.980952380952381,0.010100252812390055,0.9142857142857143,0.9986213235294118,0.0,0.8095238095238095,0.013282523037295157,13.926020622253418
random_5pct_seed3,7,8190,"22,23,24,25,26,27,28,29,30,31",verb,0.9741496598639456,0.006967025621649549,0.9095238095238095,0.9990808823529411,0.0,0.8095238095238095,0.013676484302259762,15.146065711975098
random_5pct_seed3,8,8190,"22,23,24,25,26,27,28,29,30,31",verb,0.9732426303854875,0.00877055764435994,0.8904761904761905,0.9990808823529411,0.0,0.8333333333333334,0.01292583568035588,15.8015718460083
random_5pct_seed3,9,8190,"22,23,24,25,26,27,28,29,30,31",verb,0.9718820861678005,0.008435861785822348,0.8761904761904761,0.9986213235294118,0.0,0.8809523809523809,0.009799016344983369,16.556901931762695
random_5pct_seed3,10,8190,"22,23,24,25,26,27,28,29,30,31",verb,0.9714285714285713,0.008910150886344021,0.880952380952381,0.9986213235294118,0.0,0.9047619047619048,0.008626466800706112,16.851028442382812
random_5pct_seed3,11,8190,"22,23,24,25,26,27,28,29,30,31",verb,0.9759637188208616,0.007396601555691633,0.8857142857142858,0.9986213235294118,0.0,0.9523809523809523,0.008542664764808805,17.43328094482422
random_5pct_seed3,12,8190,"22,23,24,25,26,27,28,29,30,31",verb,0.9714285714285713,0.013190965598411774,0.8904761904761905,0.9990808823529411,0.0,0.9523809523809523,0.008263171320910923,18.064903259277344
random_5pct_seed3,13,8190,"22,23,24,25,26,27,28,29,30,31",verb,0.9664399092970521,0.009873714765114443,0.880952380952381,0.9986213235294118,0.0,0.9523809523809523,0.007476806403634684,19.217029571533203
random_5pct_seed3,14,8190,"22,23,24,25,26,27,28,29,30,31",verb,0.9655328798185941,0.011686257348503514,0.8857142857142858,0.9990808823529411,0.0,0.9523809523809523,0.006628056954292583,19.675159454345703
random_5pct_seed3,15,8190,"22,23,24,25,26,27,28,29,30,31",verb,0.962358276643991,0.011346935150291957,0.880952380952381,0.9986213235294118,0.0,0.9285714285714286,0.00524545631925355,20.128881454467773
random_5pct_seed3,16,8190,"22,23,24,25,26,27,28,29,30,31",verb,0.9600907029478458,0.013499207316224289,0.8761904761904763,0.9981617647058824,0.0,0.8809523809523809,0.004056976805496881,20.569421768188477
random_5pct_seed3,17,8190,"22,23,24,25,26,27,28,29,30,31",verb,0.9600907029478458,0.01287534654564938,0.8571428571428571,0.9981617647058824,0.0,0.8809523809523809,0.0034093787074990223,21.26226234436035
random_5pct_seed3,18,8190,"22,23,24,25,26,27,28,29,30,31",verb,0.9605442176870749,0.012050186172867518,0.8666666666666666,0.9977022058823529,0.0,0.8809523809523809,0.002912458081150704,22.07382583618164
random_5pct_seed3,19,8190,"22,23,24,25,26,27,28,29,30,31",verb,0.9564625850340137,0.015272070966424267,0.8619047619047618,0.9972426470588236,0.0,0.8809523809523809,0.0025177089178761713,22.580982208251953
random_5pct_seed3,20,8190,"22,23,24,25,26,27,28,29,30,31",verb,0.9541950113378684,0.012939086274546149,0.8571428571428571,0.9977022058823529,0.0,0.8809523809523809,0.0021327306839579174,23.59921646118164
random_5pct_seed3,21,8190,"22,23,24,25,26,27,28,29,30,31",verb,0.9528344671201815,0.013018322081095124,0.8619047619047618,0.9972426470588236,0.0,0.8809523809523809,0.001954099498574058,24.502025604248047
random_5pct_seed3,22,8190,"22,23,24,25,26,27,28,29,30,31",verb,0.9446712018140591,0.016638491000312148,0.8428571428571429,0.9972426470588236,0.0,0.8809523809523809,0.0018540117707589454,25.134885787963867
random_5pct_seed3,23,8190,"22,23,24,25,26,27,28,29,30,31",verb,0.9424036281179138,0.015618299644192831,0.8476190476190476,0.9954044117647058,0.0,0.8571428571428571,0.0018483320889245425,25.737411499023438
random_5pct_seed3,24,8190,"22,23,24,25,26,27,28,29,30,31",verb,0.9442176870748298,0.01839951272117984,0.838095238095238,0.9931066176470589,0.0,0.7857142857142857,0.0018912584485287764,26.50688362121582
random_5pct_seed3,25,8190,"22,23,24,25,26,27,28,29,30,31",verb,0.9451247165532879,0.020149532781426817,0.8333333333333333,0.9931066176470589,0.0,0.7857142857142857,0.00197842817324112,27.41455078125
random_5pct_seed3,26,8190,"22,23,24,25,26,27,28,29,30,31",verb,0.9405895691609978,0.019101532597417436,0.8333333333333333,0.9921875,0.0,0.7857142857142857,0.0020527269194148268,28.09714698791504
random_5pct_seed3,27,8190,"22,23,24,25,26,27,28,29,30,31",verb,0.9428571428571431,0.016187363535215188,0.8285714285714285,0.9926470588235294,0.0,0.7857142857142857,0.002105393457356608,28.618209838867188
random_5pct_seed3,28,8190,"22,23,24,25,26,27,28,29,30,31",verb,0.9442176870748298,0.018231066886387103,0.8333333333333334,0.9917279411764706,0.0,0.7857142857142857,0.0022210670870870253,29.015777587890625
random_5pct_seed3,29,8190,"22,23,24,25,26,27,28,29,30,31",verb,0.9433106575963718,0.018971882687847535,0.8333333333333333,0.9908088235294117,0.0,0.7857142857142857,0.002356582354958614,29.56932830810547
random_5pct_seed3,30,8190,"22,23,24,25,26,27,28,29,30,31",verb,0.9414965986394558,0.018444171798333568,0.8476190476190476,0.9876886609907121,0.0,0.7857142857142857,0.0027224158784187047,30.651018142700195
random_5pct_seed3,31,8190,"22,23,24,25,26,27,28,29,30,31",verb,0.9224489795918366,0.023799803652429823,0.8333333333333334,0.9800472637885563,0.0,0.7380952380952381,0.007771748219446484,34.533573150634766
random_5pct_seed4,0,8190,"22,23,24,25,26,27,28,29,30,31",verb,0.98140589569161,0.015272070966424241,0.9142857142857143,0.8795837633298933,0.0,0.5238095238095238,0.009103616566597306,6.402211666107178
random_5pct_seed4,1,8190,"22,23,24,25,26,27,28,29,30,31",verb,0.980498866213152,0.015879493333343826,0.9047619047619048,0.9411798747276688,0.0,0.5476190476190477,0.008366539473378176,7.6319098472595215
random_5pct_seed4,2,8190,"22,23,24,25,26,27,28,29,30,31",verb,0.9791383219954648,0.016059801550680958,0.9047619047619048,0.9765732499140007,0.0,0.6428571428571429,0.009353396291362448,9.590304374694824
random_5pct_seed4,3,8190,"22,23,24,25,26,27,28,29,30,31",verb,0.9836734693877551,0.016313928116648464,0.9095238095238095,0.9859319458777662,0.0,0.7142857142857143,0.012516349802020543,10.507936477661133
random_5pct_seed4,4,8190,"22,23,24,25,26,27,28,29,30,31",verb,0.9777777777777776,0.017053601521055037,0.9095238095238095,0.9913946938424493,0.0,0.7619047619047619,0.013751475678751124,12.029759407043457
random_5pct_seed4,5,8190,"22,23,24,25,26,27,28,29,30,31",verb,0.9800453514739228,0.013483962582601821,0.9095238095238095,0.9965170278637772,0.0,0.7380952380952381,0.01397557680900463,13.392066955566406
random_5pct_seed4,6,8190,"22,23,24,25,26,27,28,29,30,31",verb,0.980952380952381,0.010100252812390055,0.9142857142857143,0.9986213235294118,0.0,0.8095238095238095,0.013282523037295157,13.926020622253418
random_5pct_seed4,7,8190,"22,23,24,25,26,27,28,29,30,31",verb,0.9741496598639456,0.006967025621649549,0.9095238095238095,0.9990808823529411,0.0,0.8095238095238095,0.013676484302259762,15.146065711975098
random_5pct_seed4,8,8190,"22,23,24,25,26,27,28,29,30,31",verb,0.9732426303854875,0.00877055764435994,0.8904761904761905,0.9990808823529411,0.0,0.8333333333333334,0.01292583568035588,15.8015718460083
random_5pct_seed4,9,8190,"22,23,24,25,26,27,28,29,30,31",verb,0.9718820861678005,0.008435861785822348,0.8761904761904761,0.9986213235294118,0.0,0.8809523809523809,0.009799016344983369,16.556901931762695
random_5pct_seed4,10,8190,"22,23,24,25,26,27,28,29,30,31",verb,0.9714285714285713,0.008910150886344021,0.880952380952381,0.9986213235294118,0.0,0.9047619047619048,0.008626466800706112,16.851028442382812
random_5pct_seed4,11,8190,"22,23,24,25,26,27,28,29,30,31",verb,0.9759637188208616,0.007396601555691633,0.8857142857142858,0.9986213235294118,0.0,0.9523809523809523,0.008542664764808805,17.43328094482422
random_5pct_seed4,12,8190,"22,23,24,25,26,27,28,29,30,31",verb,0.9714285714285713,0.013190965598411774,0.8904761904761905,0.9990808823529411,0.0,0.9523809523809523,0.008263171320910923,18.064903259277344
random_5pct_seed4,13,8190,"22,23,24,25,26,27,28,29,30,31",verb,0.9664399092970521,0.009873714765114443,0.880952380952381,0.9986213235294118,0.0,0.9523809523809523,0.007476806403634684,19.217029571533203
random_5pct_seed4,14,8190,"22,23,24,25,26,27,28,29,30,31",verb,0.9655328798185941,0.011686257348503514,0.8857142857142858,0.9990808823529411,0.0,0.9523809523809523,0.006628056954292583,19.675159454345703
random_5pct_seed4,15,8190,"22,23,24,25,26,27,28,29,30,31",verb,0.962358276643991,0.011346935150291957,0.880952380952381,0.9986213235294118,0.0,0.9285714285714286,0.00524545631925355,20.128881454467773
random_5pct_seed4,16,8190,"22,23,24,25,26,27,28,29,30,31",verb,0.9600907029478458,0.013499207316224289,0.8761904761904763,0.9981617647058824,0.0,0.8809523809523809,0.004056976805496881,20.569421768188477
random_5pct_seed4,17,8190,"22,23,24,25,26,27,28,29,30,31",verb,0.9600907029478458,0.01287534654564938,0.8571428571428571,0.9981617647058824,0.0,0.8809523809523809,0.0034093787074990223,21.26226234436035
random_5pct_seed4,18,8190,"22,23,24,25,26,27,28,29,30,31",verb,0.9605442176870749,0.012050186172867518,0.8666666666666666,0.9977022058823529,0.0,0.8809523809523809,0.002912458081150704,22.07382583618164
random_5pct_seed4,19,8190,"22,23,24,25,26,27,28,29,30,31",verb,0.9564625850340137,0.015272070966424267,0.8619047619047618,0.9972426470588236,0.0,0.8809523809523809,0.0025177089178761713,22.580982208251953
random_5pct_seed4,20,8190,"22,23,24,25,26,27,28,29,30,31",verb,0.9541950113378684,0.012939086274546149,0.8571428571428571,0.9977022058823529,0.0,0.8809523809523809,0.0021327306839579174,23.59921646118164
random_5pct_seed4,21,8190,"22,23,24,25,26,27,28,29,30,31",verb,0.9528344671201815,0.013018322081095124,0.8619047619047618,0.9972426470588236,0.0,0.8809523809523809,0.001954099498574058,24.502025604248047
random_5pct_seed4,22,8190,"22,23,24,25,26,27,28,29,30,31",verb,0.945578231292517,0.01616193168363308,0.8380952380952381,0.9972426470588236,0.0,0.8571428571428571,0.0018610480203447022,25.158554077148438
random_5pct_seed4,23,8190,"22,23,24,25,26,27,28,29,30,31",verb,0.9419501133786848,0.017005290938097675,0.8428571428571429,0.9949448529411764,0.0,0.8571428571428571,0.0018465308747933618,25.746366500854492
random_5pct_seed4,24,8190,"22,23,24,25,26,27,28,29,30,31",verb,0.9442176870748298,0.017364344416396064,0.838095238095238,0.9935661764705882,0.0,0.7857142857142857,0.0018954804715523021,26.573457717895508
random_5pct_seed4,25,8190,"22,23,24,25,26,27,28,29,30,31",verb,0.94421768707483,0.019643000297240528,0.8333333333333334,0.9931066176470589,0.0,0.7857142857142857,0.0019810672069986435,27.455350875854492
random_5pct_seed4,26,8190,"22,23,24,25,26,27,28,29,30,31",verb,0.945124716553288,0.017529386022755288,0.8380952380952381,0.9917279411764706,0.0,0.7857142857142857,0.0020607913596643046,28.154949188232422
random_5pct_seed4,27,8190,"22,23,24,25,26,27,28,29,30,31",verb,0.9464852607709752,0.015486050865273323,0.8428571428571429,0.9917279411764706,0.0,0.7857142857142857,0.0021143008963394605,28.70799446105957
random_5pct_seed4,28,8190,"22,23,24,25,26,27,28,29,30,31",verb,0.9473922902494332,0.01593121820430865,0.8380952380952381,0.9908088235294118,0.0,0.7857142857142857,0.00222721975208251,29.1337947845459
random_5pct_seed4,29,8190,"22,23,24,25,26,27,28,29,30,31",verb,0.9469387755102041,0.01794681082758217,0.8333333333333333,0.9894301470588236,0.0,0.7857142857142857,0.0023718592962161944,29.723886489868164
random_5pct_seed4,30,8190,"22,23,24,25,26,27,28,29,30,31",verb,0.946031746031746,0.014153729282836489,0.8523809523809524,0.9881482198142415,0.0,0.7857142857142857,0.00273193226861157,30.781566619873047
random_5pct_seed4,31,8190,"22,23,24,25,26,27,28,29,30,31",verb,0.9297052154195011,0.022539271908914593,0.8285714285714286,0.9789812306501547,0.0,0.7380952380952381,0.007724241092584183,34.825225830078125
affinity_10pct,0,16380,"22,23,24,25,26,27,28,29,30,31",verb,0.98140589569161,0.015272070966424241,0.9142857142857143,0.8795837633298933,0.0,0.5238095238095238,0.009103616566597306,6.402211666107178
affinity_10pct,1,16380,"22,23,24,25,26,27,28,29,30,31",verb,0.980498866213152,0.015879493333343826,0.9047619047619048,0.9411798747276688,0.0,0.5476190476190477,0.008366539473378176,7.6319098472595215
affinity_10pct,2,16380,"22,23,24,25,26,27,28,29,30,31",verb,0.9791383219954648,0.016059801550680958,0.9047619047619048,0.9765732499140007,0.0,0.6428571428571429,0.009353396291362448,9.590304374694824
affinity_10pct,3,16380,"22,23,24,25,26,27,28,29,30,31",verb,0.9836734693877551,0.016313928116648464,0.9095238095238095,0.9859319458777662,0.0,0.7142857142857143,0.012516349802020543,10.507936477661133
affinity_10pct,4,16380,"22,23,24,25,26,27,28,29,30,31",verb,0.9777777777777776,0.017053601521055037,0.9095238095238095,0.9913946938424493,0.0,0.7619047619047619,0.013751475678751124,12.029759407043457
affinity_10pct,5,16380,"22,23,24,25,26,27,28,29,30,31",verb,0.9800453514739228,0.013483962582601821,0.9095238095238095,0.9965170278637772,0.0,0.7380952380952381,0.01397557680900463,13.392066955566406
affinity_10pct,6,16380,"22,23,24,25,26,27,28,29,30,31",verb,0.980952380952381,0.010100252812390055,0.9142857142857143,0.9986213235294118,0.0,0.8095238095238095,0.013282523037295157,13.926020622253418
affinity_10pct,7,16380,"22,23,24,25,26,27,28,29,30,31",verb,0.9741496598639456,0.006967025621649549,0.9095238095238095,0.9990808823529411,0.0,0.8095238095238095,0.013676484302259762,15.146065711975098
affinity_10pct,8,16380,"22,23,24,25,26,27,28,29,30,31",verb,0.9732426303854875,0.00877055764435994,0.8904761904761905,0.9990808823529411,0.0,0.8333333333333334,0.01292583568035588,15.8015718460083
affinity_10pct,9,16380,"22,23,24,25,26,27,28,29,30,31",verb,0.9718820861678005,0.008435861785822348,0.8761904761904761,0.9986213235294118,0.0,0.8809523809523809,0.009799016344983369,16.556901931762695
affinity_10pct,10,16380,"22,23,24,25,26,27,28,29,30,31",verb,0.9714285714285713,0.008910150886344021,0.880952380952381,0.9986213235294118,0.0,0.9047619047619048,0.008626466800706112,16.851028442382812
affinity_10pct,11,16380,"22,23,24,25,26,27,28,29,30,31",verb,0.9759637188208616,0.007396601555691633,0.8857142857142858,0.9986213235294118,0.0,0.9523809523809523,0.008542664764808805,17.43328094482422
affinity_10pct,12,16380,"22,23,24,25,26,27,28,29,30,31",verb,0.9714285714285713,0.013190965598411774,0.8904761904761905,0.9990808823529411,0.0,0.9523809523809523,0.008263171320910923,18.064903259277344
affinity_10pct,13,16380,"22,23,24,25,26,27,28,29,30,31",verb,0.9664399092970521,0.009873714765114443,0.880952380952381,0.9986213235294118,0.0,0.9523809523809523,0.007476806403634684,19.217029571533203
affinity_10pct,14,16380,"22,23,24,25,26,27,28,29,30,31",verb,0.9655328798185941,0.011686257348503514,0.8857142857142858,0.9990808823529411,0.0,0.9523809523809523,0.006628056954292583,19.675159454345703
affinity_10pct,15,16380,"22,23,24,25,26,27,28,29,30,31",verb,0.962358276643991,0.011346935150291957,0.880952380952381,0.9986213235294118,0.0,0.9285714285714286,0.00524545631925355,20.128881454467773
affinity_10pct,16,16380,"22,23,24,25,26,27,28,29,30,31",verb,0.9600907029478458,0.013499207316224289,0.8761904761904763,0.9981617647058824,0.0,0.8809523809523809,0.004056976805496881,20.569421768188477
affinity_10pct,17,16380,"22,23,24,25,26,27,28,29,30,31",verb,0.9600907029478458,0.01287534654564938,0.8571428571428571,0.9981617647058824,0.0,0.8809523809523809,0.0034093787074990223,21.26226234436035
affinity_10pct,18,16380,"22,23,24,25,26,27,28,29,30,31",verb,0.9605442176870749,0.012050186172867518,0.8666666666666666,0.9977022058823529,0.0,0.8809523809523809,0.002912458081150704,22.07382583618164
affinity_10pct,19,16380,"22,23,24,25,26,27,28,29,30,31",verb,0.9564625850340137,0.015272070966424267,0.8619047619047618,0.9972426470588236,0.0,0.8809523809523809,0.0025177089178761713,22.580982208251953
affinity_10pct,20,16380,"22,23,24,25,26,27,28,29,30,31",verb,0.9541950113378684,0.012939086274546149,0.8571428571428571,0.9977022058823529,0.0,0.8809523809523809,0.0021327306839579174,23.59921646118164
affinity_10pct,21,16380,"22,23,24,25,26,27,28,29,30,31",verb,0.9528344671201815,0.013018322081095124,0.8619047619047618,0.9972426470588236,0.0,0.8809523809523809,0.001954099498574058,24.502025604248047
affinity_10pct,22,16380,"22,23,24,25,26,27,28,29,30,31",verb,0.9442176870748298,0.016200064489334892,0.8380952380952381,0.9972426470588236,0.0,0.8809523809523809,0.0018468537017757303,25.142358779907227
affinity_10pct,23,16380,"22,23,24,25,26,27,28,29,30,31",verb,0.9428571428571428,0.01637684361475535,0.838095238095238,0.9949448529411764,0.0,0.8571428571428571,0.001831778487482727,25.68646812438965
affinity_10pct,24,16380,"22,23,24,25,26,27,28,29,30,31",verb,0.946031746031746,0.01674937443321481,0.838095238095238,0.9935661764705882,0.0,0.7857142857142857,0.0018564298072414331,26.354894638061523
affinity_10pct,25,16380,"22,23,24,25,26,27,28,29,30,31",verb,0.945124716553288,0.01952748312164265,0.8380952380952381,0.9931066176470589,0.0,0.7857142857142857,0.0019330972438956762,27.178733825683594
affinity_10pct,26,16380,"22,23,24,25,26,27,28,29,30,31",verb,0.943764172335601,0.01668786348569081,0.8428571428571429,0.9917279411764706,0.0,0.7857142857142857,0.001992821455385707,27.81329345703125
affinity_10pct,27,16380,"22,23,24,25,26,27,28,29,30,31",verb,0.9442176870748298,0.015879493333343844,0.8380952380952381,0.9926470588235294,0.0,0.7857142857142857,0.002025643148056311,28.256208419799805
affinity_10pct,28,16380,"22,23,24,25,26,27,28,29,30,31",verb,0.9424036281179138,0.01867688007435286,0.8428571428571429,0.9917279411764706,0.0,0.7857142857142857,0.002111736896479699,28.591266632080078
affinity_10pct,29,16380,"22,23,24,25,26,27,28,29,30,31",verb,0.9433106575963718,0.020433342995136126,0.8428571428571429,0.9908088235294117,0.0,0.7857142857142857,0.002228942276088719,29.10686683654785
affinity_10pct,30,16380,"22,23,24,25,26,27,28,29,30,31",verb,0.9419501133786848,0.019695284127536003,0.8523809523809524,0.9885110294117647,0.0,0.7857142857142857,0.002547192417721167,30.08854103088379
affinity_10pct,31,16380,"22,23,24,25,26,27,28,29,30,31",verb,0.9215419501133788,0.028704294600356756,0.8190476190476191,0.9800472637885563,0.0,0.7380952380952381,0.007273020739079317,34.231910705566406
coverage_10pct,0,16380,"22,23,24,25,26,27,28,29,30,31",verb,0.98140589569161,0.015272070966424241,0.9142857142857143,0.8795837633298933,0.0,0.5238095238095238,0.009103616566597306,6.402211666107178
coverage_10pct,1,16380,"22,23,24,25,26,27,28,29,30,31",verb,0.980498866213152,0.015879493333343826,0.9047619047619048,0.9411798747276688,0.0,0.5476190476190477,0.008366539473378176,7.6319098472595215
coverage_10pct,2,16380,"22,23,24,25,26,27,28,29,30,31",verb,0.9791383219954648,0.016059801550680958,0.9047619047619048,0.9765732499140007,0.0,0.6428571428571429,0.009353396291362448,9.590304374694824
coverage_10pct,3,16380,"22,23,24,25,26,27,28,29,30,31",verb,0.9836734693877551,0.016313928116648464,0.9095238095238095,0.9859319458777662,0.0,0.7142857142857143,0.012516349802020543,10.507936477661133
coverage_10pct,4,16380,"22,23,24,25,26,27,28,29,30,31",verb,0.9777777777777776,0.017053601521055037,0.9095238095238095,0.9913946938424493,0.0,0.7619047619047619,0.013751475678751124,12.029759407043457
coverage_10pct,5,16380,"22,23,24,25,26,27,28,29,30,31",verb,0.9800453514739228,0.013483962582601821,0.9095238095238095,0.9965170278637772,0.0,0.7380952380952381,0.01397557680900463,13.392066955566406
coverage_10pct,6,16380,"22,23,24,25,26,27,28,29,30,31",verb,0.980952380952381,0.010100252812390055,0.9142857142857143,0.9986213235294118,0.0,0.8095238095238095,0.013282523037295157,13.926020622253418
coverage_10pct,7,16380,"22,23,24,25,26,27,28,29,30,31",verb,0.9741496598639456,0.006967025621649549,0.9095238095238095,0.9990808823529411,0.0,0.8095238095238095,0.013676484302259762,15.146065711975098
coverage_10pct,8,16380,"22,23,24,25,26,27,28,29,30,31",verb,0.9732426303854875,0.00877055764435994,0.8904761904761905,0.9990808823529411,0.0,0.8333333333333334,0.01292583568035588,15.8015718460083
coverage_10pct,9,16380,"22,23,24,25,26,27,28,29,30,31",verb,0.9718820861678005,0.008435861785822348,0.8761904761904761,0.9986213235294118,0.0,0.8809523809523809,0.009799016344983369,16.556901931762695
coverage_10pct,10,16380,"22,23,24,25,26,27,28,29,30,31",verb,0.9714285714285713,0.008910150886344021,0.880952380952381,0.9986213235294118,0.0,0.9047619047619048,0.008626466800706112,16.851028442382812
coverage_10pct,11,16380,"22,23,24,25,26,27,28,29,30,31",verb,0.9759637188208616,0.007396601555691633,0.8857142857142858,0.9986213235294118,0.0,0.9523809523809523,0.008542664764808805,17.43328094482422
coverage_10pct,12,16380,"22,23,24,25,26,27,28,29,30,31",verb,0.9714285714285713,0.013190965598411774,0.8904761904761905,0.9990808823529411,0.0,0.9523809523809523,0.008263171320910923,18.064903259277344
coverage_10pct,13,16380,"22,23,24,25,26,27,28,29,30,31",verb,0.9664399092970521,0.009873714765114443,0.880952380952381,0.9986213235294118,0.0,0.9523809523809523,0.007476806403634684,19.217029571533203
coverage_10pct,14,16380,"22,23,24,25,26,27,28,29,30,31",verb,0.9655328798185941,0.011686257348503514,0.8857142857142858,0.9990808823529411,0.0,0.9523809523809523,0.006628056954292583,19.675159454345703
coverage_10pct,15,16380,"22,23,24,25,26,27,28,29,30,31",verb,0.962358276643991,0.011346935150291957,0.880952380952381,0.9986213235294118,0.0,0.9285714285714286,0.00524545631925355,20.128881454467773
coverage_10pct,16,16380,"22,23,24,25,26,27,28,29,30,31",verb,0.9600907029478458,0.013499207316224289,0.8761904761904763,0.9981617647058824,0.0,0.8809523809523809,0.004056976805496881,20.569421768188477
coverage_10pct,17,16380,"22,23,24,25,26,27,28,29,30,31",verb,0.9600907029478458,0.01287534654564938,0.8571428571428571,0.9981617647058824,0.0,0.8809523809523809,0.0034093787074990223,21.26226234436035
coverage_10pct,18,16380,"22,23,24,25,26,27,28,29,30,31",verb,0.9605442176870749,0.012050186172867518,0.8666666666666666,0.9977022058823529,0.0,0.8809523809523809,0.002912458081150704,22.07382583618164
coverage_10pct,19,16380,"22,23,24,25,26,27,28,29,30,31",verb,0.9564625850340137,0.015272070966424267,0.8619047619047618,0.9972426470588236,0.0,0.8809523809523809,0.0025177089178761713,22.580982208251953
coverage_10pct,20,16380,"22,23,24,25,26,27,28,29,30,31",verb,0.9541950113378684,0.012939086274546149,0.8571428571428571,0.9977022058823529,0.0,0.8809523809523809,0.0021327306839579174,23.59921646118164
coverage_10pct,21,16380,"22,23,24,25,26,27,28,29,30,31",verb,0.9528344671201815,0.013018322081095124,0.8619047619047618,0.9972426470588236,0.0,0.8809523809523809,0.001954099498574058,24.502025604248047
coverage_10pct,22,16380,"22,23,24,25,26,27,28,29,30,31",verb,0.9473922902494332,0.01500030422543426,0.8476190476190476,0.9972426470588236,0.0,0.8809523809523809,0.0019532679360160232,24.757156372070312
coverage_10pct,23,16380,"22,23,24,25,26,27,28,29,30,31",verb,0.9469387755102041,0.013874883030184432,0.8523809523809524,0.9963235294117647,0.0,0.8809523809523809,0.0019896861728843085,25.07767677307129
coverage_10pct,24,16380,"22,23,24,25,26,27,28,29,30,31",verb,0.9492063492063492,0.017657979441207963,0.8476190476190476,0.9944852941176471,0.0,0.8095238095238095,0.0021002397044359578,25.670595169067383
coverage_10pct,25,16380,"22,23,24,25,26,27,28,29,30,31",verb,0.9469387755102041,0.018676880074352836,0.8238095238095238,0.9940257352941176,0.0,0.7857142857142857,0.002196384066075696,26.030277252197266
coverage_10pct,26,16380,"22,23,24,25,26,27,28,29,30,31",verb,0.9482993197278912,0.015406156690669411,0.8333333333333334,0.9926470588235294,0.0,0.7857142857142857,0.0023103269423127015,26.49268913269043
coverage_10pct,27,16380,"22,23,24,25,26,27,28,29,30,31",verb,0.945578231292517,0.018083811371770394,0.8333333333333334,0.9926470588235294,0.0,0.7857142857142857,0.0023327074711620988,26.731258392333984
coverage_10pct,28,16380,"22,23,24,25,26,27,28,29,30,31",verb,0.943310657596372,0.017912396968826776,0.8380952380952381,0.9917279411764706,0.0,0.7857142857142857,0.0024603748490787947,26.998355865478516
coverage_10pct,29,16380,"22,23,24,25,26,27,28,29,30,31",verb,0.9396825396825396,0.018841340660173247,0.819047619047619,0.9917279411764706,0.0,0.7857142857142857,0.0025682600007802536,27.16109848022461
coverage_10pct,30,16380,"22,23,24,25,26,27,28,29,30,31",verb,0.9405895691609978,0.016626124970361374,0.8285714285714286,0.9903492647058824,0.0,0.7619047619047619,0.002899387544586185,27.678756713867188
coverage_10pct,31,16380,"22,23,24,25,26,27,28,29,30,31",verb,0.9319727891156463,0.021174816380823146,0.8095238095238095,0.9875919117647058,0.0,0.7619047619047619,0.003910955743261835,28.424924850463867
mass_10pct,0,16380,"22,23,24,25,26,27,28,29,30,31",verb,0.98140589569161,0.015272070966424241,0.9142857142857143,0.8795837633298933,0.0,0.5238095238095238,0.009103616566597306,6.402211666107178
mass_10pct,1,16380,"22,23,24,25,26,27,28,29,30,31",verb,0.980498866213152,0.015879493333343826,0.9047619047619048,0.9411798747276688,0.0,0.5476190476190477,0.008366539473378176,7.6319098472595215
mass_10pct,2,16380,"22,23,24,25,26,27,28,29,30,31",verb,0.9791383219954648,0.016059801550680958,0.9047619047619048,0.9765732499140007,0.0,0.6428571428571429,0.009353396291362448,9.590304374694824
mass_10pct,3,16380,"22,23,24,25,26,27,28,29,30,31",verb,0.9836734693877551,0.016313928116648464,0.9095238095238095,0.9859319458777662,0.0,0.7142857142857143,0.012516349802020543,10.507936477661133
mass_10pct,4,16380,"22,23,24,25,26,27,28,29,30,31",verb,0.9777777777777776,0.017053601521055037,0.9095238095238095,0.9913946938424493,0.0,0.7619047619047619,0.013751475678751124,12.029759407043457
mass_10pct,5,16380,"22,23,24,25,26,27,28,29,30,31",verb,0.9800453514739228,0.013483962582601821,0.9095238095238095,0.9965170278637772,0.0,0.7380952380952381,0.01397557680900463,13.392066955566406
mass_10pct,6,16380,"22,23,24,25,26,27,28,29,30,31",verb,0.980952380952381,0.010100252812390055,0.9142857142857143,0.9986213235294118,0.0,0.8095238095238095,0.013282523037295157,13.926020622253418
mass_10pct,7,16380,"22,23,24,25,26,27,28,29,30,31",verb,0.9741496598639456,0.006967025621649549,0.9095238095238095,0.9990808823529411,0.0,0.8095238095238095,0.013676484302259762,15.146065711975098
mass_10pct,8,16380,"22,23,24,25,26,27,28,29,30,31",verb,0.9732426303854875,0.00877055764435994,0.8904761904761905,0.9990808823529411,0.0,0.8333333333333334,0.01292583568035588,15.8015718460083
mass_10pct,9,16380,"22,23,24,25,26,27,28,29,30,31",verb,0.9718820861678005,0.008435861785822348,0.8761904761904761,0.9986213235294118,0.0,0.8809523809523809,0.009799016344983369,16.556901931762695
mass_10pct,10,16380,"22,23,24,25,26,27,28,29,30,31",verb,0.9714285714285713,0.008910150886344021,0.880952380952381,0.9986213235294118,0.0,0.9047619047619048,0.008626466800706112,16.851028442382812
mass_10pct,11,16380,"22,23,24,25,26,27,28,29,30,31",verb,0.9759637188208616,0.007396601555691633,0.8857142857142858,0.9986213235294118,0.0,0.9523809523809523,0.008542664764808805,17.43328094482422
mass_10pct,12,16380,"22,23,24,25,26,27,28,29,30,31",verb,0.9714285714285713,0.013190965598411774,0.8904761904761905,0.9990808823529411,0.0,0.9523809523809523,0.008263171320910923,18.064903259277344
mass_10pct,13,16380,"22,23,24,25,26,27,28,29,30,31",verb,0.9664399092970521,0.009873714765114443,0.880952380952381,0.9986213235294118,0.0,0.9523809523809523,0.007476806403634684,19.217029571533203
mass_10pct,14,16380,"22,23,24,25,26,27,28,29,30,31",verb,0.9655328798185941,0.011686257348503514,0.8857142857142858,0.9990808823529411,0.0,0.9523809523809523,0.006628056954292583,19.675159454345703
mass_10pct,15,16380,"22,23,24,25,26,27,28,29,30,31",verb,0.962358276643991,0.011346935150291957,0.880952380952381,0.9986213235294118,0.0,0.9285714285714286,0.00524545631925355,20.128881454467773
mass_10pct,16,16380,"22,23,24,25,26,27,28,29,30,31",verb,0.9600907029478458,0.013499207316224289,0.8761904761904763,0.9981617647058824,0.0,0.8809523809523809,0.004056976805496881,20.569421768188477
mass_10pct,17,16380,"22,23,24,25,26,27,28,29,30,31",verb,0.9600907029478458,0.01287534654564938,0.8571428571428571,0.9981617647058824,0.0,0.8809523809523809,0.0034093787074990223,21.26226234436035
mass_10pct,18,16380,"22,23,24,25,26,27,28,29,30,31",verb,0.9605442176870749,0.012050186172867518,0.8666666666666666,0.9977022058823529,0.0,0.8809523809523809,0.002912458081150704,22.07382583618164
mass_10pct,19,16380,"22,23,24,25,26,27,28,29,30,31",verb,0.9564625850340137,0.015272070966424267,0.8619047619047618,0.9972426470588236,0.0,0.8809523809523809,0.0025177089178761713,22.580982208251953
mass_10pct,20,16380,"22,23,24,25,26,27,28,29,30,31",verb,0.9541950113378684,0.012939086274546149,0.8571428571428571,0.9977022058823529,0.0,0.8809523809523809,0.0021327306839579174,23.59921646118164
mass_10pct,21,16380,"22,23,24,25,26,27,28,29,30,31",verb,0.9528344671201815,0.013018322081095124,0.8619047619047618,0.9972426470588236,0.0,0.8809523809523809,0.001954099498574058,24.502025604248047
mass_10pct,22,16380,"22,23,24,25,26,27,28,29,30,31",verb,0.9469387755102041,0.01521810588259642,0.8523809523809524,0.9972426470588236,0.0,0.8809523809523809,0.0019465717127292725,24.692943572998047
mass_10pct,23,16380,"22,23,24,25,26,27,28,29,30,31",verb,0.946031746031746,0.01429830636774098,0.8571428571428571,0.9967830882352942,0.0,0.8809523809523809,0.0019815876856349446,24.9952392578125
mass_10pct,24,16380,"22,23,24,25,26,27,28,29,30,31",verb,0.947392290249433,0.012698412698412714,0.8476190476190476,0.9958639705882353,0.0,0.8571428571428571,0.0020887660481202497,25.525650024414062
mass_10pct,25,16380,"22,23,24,25,26,27,28,29,30,31",verb,0.947392290249433,0.013860051510146205,0.8523809523809524,0.9963235294117647,0.0,0.8333333333333334,0.0021870889098345447,25.842247009277344
mass_10pct,26,16380,"22,23,24,25,26,27,28,29,30,31",verb,0.9442176870748298,0.011615644875161613,0.8333333333333334,0.9958639705882353,0.0,0.8095238095238095,0.002308612871977811,26.363792419433594
mass_10pct,27,16380,"22,23,24,25,26,27,28,29,30,31",verb,0.9414965986394558,0.014583161170805953,0.8333333333333334,0.9940257352941176,0.0,0.8095238095238095,0.002323572461115808,26.545595169067383
mass_10pct,28,16380,"22,23,24,25,26,27,28,29,30,31",verb,0.945578231292517,0.015245112302922116,0.8333333333333334,0.9940257352941176,0.0,0.7857142857142857,0.002435487710472972,26.77850914001465
mass_10pct,29,16380,"22,23,24,25,26,27,28,29,30,31",verb,0.9405895691609978,0.014862557467731475,0.8238095238095238,0.9935661764705882,0.0,0.7857142857142857,0.0025468768526530905,26.959938049316406
mass_10pct,30,16380,"22,23,24,25,26,27,28,29,30,31",verb,0.9396825396825396,0.014240651671752922,0.8238095238095238,0.9912683823529411,0.0,0.7857142857142857,0.0028928307464802794,27.52045440673828
mass_10pct,31,16380,"22,23,24,25,26,27,28,29,30,31",verb,0.9315192743764171,0.01593121820430865,0.8238095238095238,0.9912683823529411,0.0,0.7619047619047619,0.0038484207219181554,28.068687438964844
random_10pct_seed0,0,16380,"22,23,24,25,26,27,28,29,30,31",verb,0.98140589569161,0.015272070966424241,0.9142857142857143,0.8795837633298933,0.0,0.5238095238095238,0.009103616566597306,6.402211666107178
random_10pct_seed0,1,16380,"22,23,24,25,26,27,28,29,30,31",verb,0.980498866213152,0.015879493333343826,0.9047619047619048,0.9411798747276688,0.0,0.5476190476190477,0.008366539473378176,7.6319098472595215
random_10pct_seed0,2,16380,"22,23,24,25,26,27,28,29,30,31",verb,0.9791383219954648,0.016059801550680958,0.9047619047619048,0.9765732499140007,0.0,0.6428571428571429,0.009353396291362448,9.590304374694824
random_10pct_seed0,3,16380,"22,23,24,25,26,27,28,29,30,31",verb,0.9836734693877551,0.016313928116648464,0.9095238095238095,0.9859319458777662,0.0,0.7142857142857143,0.012516349802020543,10.507936477661133
random_10pct_seed0,4,16380,"22,23,24,25,26,27,28,29,30,31",verb,0.9777777777777776,0.017053601521055037,0.9095238095238095,0.9913946938424493,0.0,0.7619047619047619,0.013751475678751124,12.029759407043457
random_10pct_seed0,5,16380,"22,23,24,25,26,27,28,29,30,31",verb,0.9800453514739228,0.013483962582601821,0.9095238095238095,0.9965170278637772,0.0,0.7380952380952381,0.01397557680900463,13.392066955566406
random_10pct_seed0,6,16380,"22,23,24,25,26,27,28,29,30,31",verb,0.980952380952381,0.010100252812390055,0.9142857142857143,0.9986213235294118,0.0,0.8095238095238095,0.013282523037295157,13.926020622253418
random_10pct_seed0,7,16380,"22,23,24,25,26,27,28,29,30,31",verb,0.9741496598639456,0.006967025621649549,0.9095238095238095,0.9990808823529411,0.0,0.8095238095238095,0.013676484302259762,15.146065711975098
random_10pct_seed0,8,16380,"22,23,24,25,26,27,28,29,30,31",verb,0.9732426303854875,0.00877055764435994,0.8904761904761905,0.9990808823529411,0.0,0.8333333333333334,0.01292583568035588,15.8015718460083
random_10pct_seed0,9,16380,"22,23,24,25,26,27,28,29,30,31",verb,0.9718820861678005,0.008435861785822348,0.8761904761904761,0.9986213235294118,0.0,0.8809523809523809,0.009799016344983369,16.556901931762695
random_10pct_seed0,10,16380,"22,23,24,25,26,27,28,29,30,31",verb,0.9714285714285713,0.008910150886344021,0.880952380952381,0.9986213235294118,0.0,0.9047619047619048,0.008626466800706112,16.851028442382812
random_10pct_seed0,11,16380,"22,23,24,25,26,27,28,29,30,31",verb,0.9759637188208616,0.007396601555691633,0.8857142857142858,0.9986213235294118,0.0,0.9523809523809523,0.008542664764808805,17.43328094482422
random_10pct_seed0,12,16380,"22,23,24,25,26,27,28,29,30,31",verb,0.9714285714285713,0.013190965598411774,0.8904761904761905,0.9990808823529411,0.0,0.9523809523809523,0.008263171320910923,18.064903259277344
random_10pct_seed0,13,16380,"22,23,24,25,26,27,28,29,30,31",verb,0.9664399092970521,0.009873714765114443,0.880952380952381,0.9986213235294118,0.0,0.9523809523809523,0.007476806403634684,19.217029571533203
random_10pct_seed0,14,16380,"22,23,24,25,26,27,28,29,30,31",verb,0.9655328798185941,0.011686257348503514,0.8857142857142858,0.9990808823529411,0.0,0.9523809523809523,0.006628056954292583,19.675159454345703
random_10pct_seed0,15,16380,"22,23,24,25,26,27,28,29,30,31",verb,0.962358276643991,0.011346935150291957,0.880952380952381,0.9986213235294118,0.0,0.9285714285714286,0.00524545631925355,20.128881454467773
random_10pct_seed0,16,16380,"22,23,24,25,26,27,28,29,30,31",verb,0.9600907029478458,0.013499207316224289,0.8761904761904763,0.9981617647058824,0.0,0.8809523809523809,0.004056976805496881,20.569421768188477
random_10pct_seed0,17,16380,"22,23,24,25,26,27,28,29,30,31",verb,0.9600907029478458,0.01287534654564938,0.8571428571428571,0.9981617647058824,0.0,0.8809523809523809,0.0034093787074990223,21.26226234436035
random_10pct_seed0,18,16380,"22,23,24,25,26,27,28,29,30,31",verb,0.9605442176870749,0.012050186172867518,0.8666666666666666,0.9977022058823529,0.0,0.8809523809523809,0.002912458081150704,22.07382583618164
random_10pct_seed0,19,16380,"22,23,24,25,26,27,28,29,30,31",verb,0.9564625850340137,0.015272070966424267,0.8619047619047618,0.9972426470588236,0.0,0.8809523809523809,0.0025177089178761713,22.580982208251953
random_10pct_seed0,20,16380,"22,23,24,25,26,27,28,29,30,31",verb,0.9541950113378684,0.012939086274546149,0.8571428571428571,0.9977022058823529,0.0,0.8809523809523809,0.0021327306839579174,23.59921646118164
random_10pct_seed0,21,16380,"22,23,24,25,26,27,28,29,30,31",verb,0.9528344671201815,0.013018322081095124,0.8619047619047618,0.9972426470588236,0.0,0.8809523809523809,0.001954099498574058,24.502025604248047
random_10pct_seed0,22,16380,"22,23,24,25,26,27,28,29,30,31",verb,0.946485260770975,0.015944123202945065,0.8476190476190476,0.9972426470588236,0.0,0.8571428571428571,0.0018482801402158744,25.11100196838379
random_10pct_seed0,23,16380,"22,23,24,25,26,27,28,29,30,31",verb,0.944671201814059,0.015285532468347116,0.8428571428571429,0.9949448529411764,0.0,0.8571428571428571,0.0018376374438161536,25.64079475402832
random_10pct_seed0,24,16380,"22,23,24,25,26,27,28,29,30,31",verb,0.9469387755102041,0.016136459750255933,0.8380952380952381,0.9940257352941176,0.0,0.7857142857142857,0.0018637582553255871,26.30283546447754
random_10pct_seed0,25,16380,"22,23,24,25,26,27,28,29,30,31",verb,0.9460317460317459,0.016871723571644667,0.838095238095238,0.9940257352941176,0.0,0.7857142857142857,0.0019620783405063236,27.081451416015625
random_10pct_seed0,26,16380,"22,23,24,25,26,27,28,29,30,31",verb,0.946485260770975,0.015618299644192793,0.8428571428571429,0.9921875,0.0,0.7857142857142857,0.0020347127320794467,27.72800636291504
random_10pct_seed0,27,16380,"22,23,24,25,26,27,28,29,30,31",verb,0.9482993197278912,0.017173783427448075,0.8380952380952381,0.9921875,0.0,0.7857142857142857,0.0020839410910897804,28.192100524902344
random_10pct_seed0,28,16380,"22,23,24,25,26,27,28,29,30,31",verb,0.9442176870748298,0.018621737113512716,0.8428571428571429,0.9917279411764706,0.0,0.7857142857142857,0.002182266425189372,28.520015716552734
random_10pct_seed0,29,16380,"22,23,24,25,26,27,28,29,30,31",verb,0.9414965986394558,0.02255751494865468,0.8428571428571429,0.9917279411764706,0.0,0.7857142857142857,0.0023030911282267974,28.975967407226562
random_10pct_seed0,30,16380,"22,23,24,25,26,27,28,29,30,31",verb,0.9464852607709752,0.021203936013716007,0.8571428571428571,0.9908088235294117,0.0,0.7857142857142857,0.0026432028645646533,29.830162048339844
random_10pct_seed0,31,16380,"22,23,24,25,26,27,28,29,30,31",verb,0.9306122448979591,0.029447044137411213,0.8476190476190476,0.9814259402591445,0.0,0.7380952380952381,0.007484358211350184,33.40491485595703
random_10pct_seed1,0,16380,"22,23,24,25,26,27,28,29,30,31",verb,0.98140589569161,0.015272070966424241,0.9142857142857143,0.8795837633298933,0.0,0.5238095238095238,0.009103616566597306,6.402211666107178
random_10pct_seed1,1,16380,"22,23,24,25,26,27,28,29,30,31",verb,0.980498866213152,0.015879493333343826,0.9047619047619048,0.9411798747276688,0.0,0.5476190476190477,0.008366539473378176,7.6319098472595215
random_10pct_seed1,2,16380,"22,23,24,25,26,27,28,29,30,31",verb,0.9791383219954648,0.016059801550680958,0.9047619047619048,0.9765732499140007,0.0,0.6428571428571429,0.009353396291362448,9.590304374694824
random_10pct_seed1,3,16380,"22,23,24,25,26,27,28,29,30,31",verb,0.9836734693877551,0.016313928116648464,0.9095238095238095,0.9859319458777662,0.0,0.7142857142857143,0.012516349802020543,10.507936477661133
random_10pct_seed1,4,16380,"22,23,24,25,26,27,28,29,30,31",verb,0.9777777777777776,0.017053601521055037,0.9095238095238095,0.9913946938424493,0.0,0.7619047619047619,0.013751475678751124,12.029759407043457
random_10pct_seed1,5,16380,"22,23,24,25,26,27,28,29,30,31",verb,0.9800453514739228,0.013483962582601821,0.9095238095238095,0.9965170278637772,0.0,0.7380952380952381,0.01397557680900463,13.392066955566406
random_10pct_seed1,6,16380,"22,23,24,25,26,27,28,29,30,31",verb,0.980952380952381,0.010100252812390055,0.9142857142857143,0.9986213235294118,0.0,0.8095238095238095,0.013282523037295157,13.926020622253418
random_10pct_seed1,7,16380,"22,23,24,25,26,27,28,29,30,31",verb,0.9741496598639456,0.006967025621649549,0.9095238095238095,0.9990808823529411,0.0,0.8095238095238095,0.013676484302259762,15.146065711975098
random_10pct_seed1,8,16380,"22,23,24,25,26,27,28,29,30,31",verb,0.9732426303854875,0.00877055764435994,0.8904761904761905,0.9990808823529411,0.0,0.8333333333333334,0.01292583568035588,15.8015718460083
random_10pct_seed1,9,16380,"22,23,24,25,26,27,28,29,30,31",verb,0.9718820861678005,0.008435861785822348,0.8761904761904761,0.9986213235294118,0.0,0.8809523809523809,0.009799016344983369,16.556901931762695
random_10pct_seed1,10,16380,"22,23,24,25,26,27,28,29,30,31",verb,0.9714285714285713,0.008910150886344021,0.880952380952381,0.9986213235294118,0.0,0.9047619047619048,0.008626466800706112,16.851028442382812
random_10pct_seed1,11,16380,"22,23,24,25,26,27,28,29,30,31",verb,0.9759637188208616,0.007396601555691633,0.8857142857142858,0.9986213235294118,0.0,0.9523809523809523,0.008542664764808805,17.43328094482422
random_10pct_seed1,12,16380,"22,23,24,25,26,27,28,29,30,31",verb,0.9714285714285713,0.013190965598411774,0.8904761904761905,0.9990808823529411,0.0,0.9523809523809523,0.008263171320910923,18.064903259277344
random_10pct_seed1,13,16380,"22,23,24,25,26,27,28,29,30,31",verb,0.9664399092970521,0.009873714765114443,0.880952380952381,0.9986213235294118,0.0,0.9523809523809523,0.007476806403634684,19.217029571533203
random_10pct_seed1,14,16380,"22,23,24,25,26,27,28,29,30,31",verb,0.9655328798185941,0.011686257348503514,0.8857142857142858,0.9990808823529411,0.0,0.9523809523809523,0.006628056954292583,19.675159454345703
random_10pct_seed1,15,16380,"22,23,24,25,26,27,28,29,30,31",verb,0.962358276643991,0.011346935150291957,0.880952380952381,0.9986213235294118,0.0,0.9285714285714286,0.00524545631925355,20.128881454467773
random_10pct_seed1,16,16380,"22,23,24,25,26,27,28,29,30,31",verb,0.9600907029478458,0.013499207316224289,0.8761904761904763,0.9981617647058824,0.0,0.8809523809523809,0.004056976805496881,20.569421768188477
random_10pct_seed1,17,16380,"22,23,24,25,26,27,28,29,30,31",verb,0.9600907029478458,0.01287534654564938,0.8571428571428571,0.9981617647058824,0.0,0.8809523809523809,0.0034093787074990223,21.26226234436035
random_10pct_seed1,18,16380,"22,23,24,25,26,27,28,29,30,31",verb,0.9605442176870749,0.012050186172867518,0.8666666666666666,0.9977022058823529,0.0,0.8809523809523809,0.002912458081150704,22.07382583618164
random_10pct_seed1,19,16380,"22,23,24,25,26,27,28,29,30,31",verb,0.9564625850340137,0.015272070966424267,0.8619047619047618,0.9972426470588236,0.0,0.8809523809523809,0.0025177089178761713,22.580982208251953
random_10pct_seed1,20,16380,"22,23,24,25,26,27,28,29,30,31",verb,0.9541950113378684,0.012939086274546149,0.8571428571428571,0.9977022058823529,0.0,0.8809523809523809,0.0021327306839579174,23.59921646118164
random_10pct_seed1,21,16380,"22,23,24,25,26,27,28,29,30,31",verb,0.9528344671201815,0.013018322081095124,0.8619047619047618,0.9972426470588236,0.0,0.8809523809523809,0.001954099498574058,24.502025604248047
random_10pct_seed1,22,16380,"22,23,24,25,26,27,28,29,30,31",verb,0.9469387755102041,0.01561829964419279,0.8571428571428571,0.9972426470588236,0.0,0.8809523809523809,0.001850058874438898,25.086517333984375
random_10pct_seed1,23,16380,"22,23,24,25,26,27,28,29,30,31",verb,0.943310657596372,0.016034167373844596,0.8476190476190476,0.9954044117647058,0.0,0.8571428571428571,0.0018580512732868648,25.654096603393555
random_10pct_seed1,24,16380,"22,23,24,25,26,27,28,29,30,31",verb,0.9469387755102041,0.013422810509704059,0.838095238095238,0.9940257352941176,0.0,0.8095238095238095,0.0019098834221720207,26.35466957092285
random_10pct_seed1,25,16380,"22,23,24,25,26,27,28,29,30,31",verb,0.945124716553288,0.017529386022755288,0.8333333333333333,0.9935661764705882,0.0,0.7857142857142857,0.0020122692456906455,27.204782485961914
random_10pct_seed1,26,16380,"22,23,24,25,26,27,28,29,30,31",verb,0.9424036281179138,0.015944123202945082,0.8333333333333333,0.9921875,0.0,0.7857142857142857,0.0020770484621673857,27.932281494140625
random_10pct_seed1,27,16380,"22,23,24,25,26,27,28,29,30,31",verb,0.944671201814059,0.016072603307636605,0.8380952380952381,0.9926470588235294,0.0,0.7857142857142857,0.002126090362134625,28.437482833862305
random_10pct_seed1,28,16380,"22,23,24,25,26,27,28,29,30,31",verb,0.944671201814059,0.018621737113512754,0.8523809523809524,0.9921875,0.0,0.7857142857142857,0.0022284583752145704,28.79600715637207
random_10pct_seed1,29,16380,"22,23,24,25,26,27,28,29,30,31",verb,0.9473922902494332,0.018332320119190705,0.838095238095238,0.9912683823529411,0.0,0.7857142857142857,0.002350795097724734,29.24347686767578
random_10pct_seed1,30,16380,"22,23,24,25,26,27,28,29,30,31",verb,0.94421768707483,0.015879493333343847,0.8476190476190476,0.9903492647058824,0.0,0.7857142857142857,0.002700317319554113,30.151947021484375
random_10pct_seed1,31,16380,"22,23,24,25,26,27,28,29,30,31",verb,0.9287981859410429,0.023372514697007032,0.8428571428571429,0.9788620857699805,0.0,0.7380952380952381,0.007413377916049235,33.36643600463867
random_10pct_seed2,0,16380,"22,23,24,25,26,27,28,29,30,31",verb,0.98140589569161,0.015272070966424241,0.9142857142857143,0.8795837633298933,0.0,0.5238095238095238,0.009103616566597306,6.402211666107178
random_10pct_seed2,1,16380,"22,23,24,25,26,27,28,29,30,31",verb,0.980498866213152,0.015879493333343826,0.9047619047619048,0.9411798747276688,0.0,0.5476190476190477,0.008366539473378176,7.6319098472595215
random_10pct_seed2,2,16380,"22,23,24,25,26,27,28,29,30,31",verb,0.9791383219954648,0.016059801550680958,0.9047619047619048,0.9765732499140007,0.0,0.6428571428571429,0.009353396291362448,9.590304374694824
random_10pct_seed2,3,16380,"22,23,24,25,26,27,28,29,30,31",verb,0.9836734693877551,0.016313928116648464,0.9095238095238095,0.9859319458777662,0.0,0.7142857142857143,0.012516349802020543,10.507936477661133
random_10pct_seed2,4,16380,"22,23,24,25,26,27,28,29,30,31",verb,0.9777777777777776,0.017053601521055037,0.9095238095238095,0.9913946938424493,0.0,0.7619047619047619,0.013751475678751124,12.029759407043457
random_10pct_seed2,5,16380,"22,23,24,25,26,27,28,29,30,31",verb,0.9800453514739228,0.013483962582601821,0.9095238095238095,0.9965170278637772,0.0,0.7380952380952381,0.01397557680900463,13.392066955566406
random_10pct_seed2,6,16380,"22,23,24,25,26,27,28,29,30,31",verb,0.980952380952381,0.010100252812390055,0.9142857142857143,0.9986213235294118,0.0,0.8095238095238095,0.013282523037295157,13.926020622253418
random_10pct_seed2,7,16380,"22,23,24,25,26,27,28,29,30,31",verb,0.9741496598639456,0.006967025621649549,0.9095238095238095,0.9990808823529411,0.0,0.8095238095238095,0.013676484302259762,15.146065711975098
random_10pct_seed2,8,16380,"22,23,24,25,26,27,28,29,30,31",verb,0.9732426303854875,0.00877055764435994,0.8904761904761905,0.9990808823529411,0.0,0.8333333333333334,0.01292583568035588,15.8015718460083
random_10pct_seed2,9,16380,"22,23,24,25,26,27,28,29,30,31",verb,0.9718820861678005,0.008435861785822348,0.8761904761904761,0.9986213235294118,0.0,0.8809523809523809,0.009799016344983369,16.556901931762695
random_10pct_seed2,10,16380,"22,23,24,25,26,27,28,29,30,31",verb,0.9714285714285713,0.008910150886344021,0.880952380952381,0.9986213235294118,0.0,0.9047619047619048,0.008626466800706112,16.851028442382812
random_10pct_seed2,11,16380,"22,23,24,25,26,27,28,29,30,31",verb,0.9759637188208616,0.007396601555691633,0.8857142857142858,0.9986213235294118,0.0,0.9523809523809523,0.008542664764808805,17.43328094482422
random_10pct_seed2,12,16380,"22,23,24,25,26,27,28,29,30,31",verb,0.9714285714285713,0.013190965598411774,0.8904761904761905,0.9990808823529411,0.0,0.9523809523809523,0.008263171320910923,18.064903259277344
random_10pct_seed2,13,16380,"22,23,24,25,26,27,28,29,30,31",verb,0.9664399092970521,0.009873714765114443,0.880952380952381,0.9986213235294118,0.0,0.9523809523809523,0.007476806403634684,19.217029571533203
random_10pct_seed2,14,16380,"22,23,24,25,26,27,28,29,30,31",verb,0.9655328798185941,0.011686257348503514,0.8857142857142858,0.9990808823529411,0.0,0.9523809523809523,0.006628056954292583,19.675159454345703
random_10pct_seed2,15,16380,"22,23,24,25,26,27,28,29,30,31",verb,0.962358276643991,0.011346935150291957,0.880952380952381,0.9986213235294118,0.0,0.9285714285714286,0.00524545631925355,20.128881454467773
random_10pct_seed2,16,16380,"22,23,24,25,26,27,28,29,30,31",verb,0.9600907029478458,0.013499207316224289,0.8761904761904763,0.9981617647058824,0.0,0.8809523809523809,0.004056976805496881,20.569421768188477
random_10pct_seed2,17,16380,"22,23,24,25,26,27,28,29,30,31",verb,0.9600907029478458,0.01287534654564938,0.8571428571428571,0.9981617647058824,0.0,0.8809523809523809,0.0034093787074990223,21.26226234436035
random_10pct_seed2,18,16380,"22,23,24,25,26,27,28,29,30,31",verb,0.9605442176870749,0.012050186172867518,0.8666666666666666,0.9977022058823529,0.0,0.8809523809523809,0.002912458081150704,22.07382583618164
random_10pct_seed2,19,16380,"22,23,24,25,26,27,28,29,30,31",verb,0.9564625850340137,0.015272070966424267,0.8619047619047618,0.9972426470588236,0.0,0.8809523809523809,0.0025177089178761713,22.580982208251953
random_10pct_seed2,20,16380,"22,23,24,25,26,27,28,29,30,31",verb,0.9541950113378684,0.012939086274546149,0.8571428571428571,0.9977022058823529,0.0,0.8809523809523809,0.0021327306839579174,23.59921646118164
random_10pct_seed2,21,16380,"22,23,24,25,26,27,28,29,30,31",verb,0.9528344671201815,0.013018322081095124,0.8619047619047618,0.9972426470588236,0.0,0.8809523809523809,0.001954099498574058,24.502025604248047
random_10pct_seed2,22,16380,"22,23,24,25,26,27,28,29,30,31",verb,0.945124716553288,0.01605980155068098,0.8428571428571429,0.9972426470588236,0.0,0.8571428571428571,0.0018839863844738458,25.08074378967285
random_10pct_seed2,23,16380,"22,23,24,25,26,27,28,29,30,31",verb,0.943764172335601,0.016187363535215184,0.838095238095238,0.9949448529411764,0.0,0.8571428571428571,0.0018707556917489931,25.631223678588867
random_10pct_seed2,24,16380,"22,23,24,25,26,27,28,29,30,31",verb,0.945124716553288,0.018049658723022523,0.8333333333333333,0.9940257352941176,0.0,0.7857142857142857,0.00190115750996378,26.356903076171875
random_10pct_seed2,25,16380,"22,23,24,25,26,27,28,29,30,31",verb,0.944671201814059,0.0205137104360973,0.8285714285714285,0.9931066176470589,0.0,0.7857142857142857,0.0019751065419216784,27.178834915161133
random_10pct_seed2,26,16380,"22,23,24,25,26,27,28,29,30,31",verb,0.94421768707483,0.019004378085947335,0.8333333333333334,0.9921875,0.0,0.7857142857142857,0.002044055663982358,27.868499755859375
random_10pct_seed2,27,16380,"22,23,24,25,26,27,28,29,30,31",verb,0.9428571428571428,0.019208905745621202,0.8333333333333334,0.9921875,0.0,0.7857142857142857,0.0020875102329138695,28.351707458496094
random_10pct_seed2,28,16380,"22,23,24,25,26,27,28,29,30,31",verb,0.9428571428571427,0.019944338709565555,0.8380952380952381,0.9917279411764706,0.0,0.7857142857142857,0.002195808099328067,28.727039337158203
random_10pct_seed2,29,16380,"22,23,24,25,26,27,28,29,30,31",verb,0.9442176870748298,0.019695284127536048,0.8285714285714285,0.9898897058823529,0.0,0.7857142857142857,0.002324996364523102,29.261449813842773
random_10pct_seed2,30,16380,"22,23,24,25,26,27,28,29,30,31",verb,0.944671201814059,0.01884134066017327,0.838095238095238,0.9885110294117647,0.0,0.7857142857142857,0.0026671193295078055,30.186504364013672
random_10pct_seed2,31,16380,"22,23,24,25,26,27,28,29,30,31",verb,0.9292517006802722,0.021815897452708767,0.8428571428571429,0.9813515866873066,0.0,0.7380952380952381,0.007041782652773443,33.235511779785156
random_10pct_seed3,0,16380,"22,23,24,25,26,27,28,29,30,31",verb,0.98140589569161,0.015272070966424241,0.9142857142857143,0.8795837633298933,0.0,0.5238095238095238,0.009103616566597306,6.402211666107178
random_10pct_seed3,1,16380,"22,23,24,25,26,27,28,29,30,31",verb,0.980498866213152,0.015879493333343826,0.9047619047619048,0.9411798747276688,0.0,0.5476190476190477,0.008366539473378176,7.6319098472595215
random_10pct_seed3,2,16380,"22,23,24,25,26,27,28,29,30,31",verb,0.9791383219954648,0.016059801550680958,0.9047619047619048,0.9765732499140007,0.0,0.6428571428571429,0.009353396291362448,9.590304374694824
random_10pct_seed3,3,16380,"22,23,24,25,26,27,28,29,30,31",verb,0.9836734693877551,0.016313928116648464,0.9095238095238095,0.9859319458777662,0.0,0.7142857142857143,0.012516349802020543,10.507936477661133
random_10pct_seed3,4,16380,"22,23,24,25,26,27,28,29,30,31",verb,0.9777777777777776,0.017053601521055037,0.9095238095238095,0.9913946938424493,0.0,0.7619047619047619,0.013751475678751124,12.029759407043457
random_10pct_seed3,5,16380,"22,23,24,25,26,27,28,29,30,31",verb,0.9800453514739228,0.013483962582601821,0.9095238095238095,0.9965170278637772,0.0,0.7380952380952381,0.01397557680900463,13.392066955566406
random_10pct_seed3,6,16380,"22,23,24,25,26,27,28,29,30,31",verb,0.980952380952381,0.010100252812390055,0.9142857142857143,0.9986213235294118,0.0,0.8095238095238095,0.013282523037295157,13.926020622253418
random_10pct_seed3,7,16380,"22,23,24,25,26,27,28,29,30,31",verb,0.9741496598639456,0.006967025621649549,0.9095238095238095,0.9990808823529411,0.0,0.8095238095238095,0.013676484302259762,15.146065711975098
random_10pct_seed3,8,16380,"22,23,24,25,26,27,28,29,30,31",verb,0.9732426303854875,0.00877055764435994,0.8904761904761905,0.9990808823529411,0.0,0.8333333333333334,0.01292583568035588,15.8015718460083
random_10pct_seed3,9,16380,"22,23,24,25,26,27,28,29,30,31",verb,0.9718820861678005,0.008435861785822348,0.8761904761904761,0.9986213235294118,0.0,0.8809523809523809,0.009799016344983369,16.556901931762695
random_10pct_seed3,10,16380,"22,23,24,25,26,27,28,29,30,31",verb,0.9714285714285713,0.008910150886344021,0.880952380952381,0.9986213235294118,0.0,0.9047619047619048,0.008626466800706112,16.851028442382812
random_10pct_seed3,11,16380,"22,23,24,25,26,27,28,29,30,31",verb,0.9759637188208616,0.007396601555691633,0.8857142857142858,0.9986213235294118,0.0,0.9523809523809523,0.008542664764808805,17.43328094482422
random_10pct_seed3,12,16380,"22,23,24,25,26,27,28,29,30,31",verb,0.9714285714285713,0.013190965598411774,0.8904761904761905,0.9990808823529411,0.0,0.9523809523809523,0.008263171320910923,18.064903259277344
random_10pct_seed3,13,16380,"22,23,24,25,26,27,28,29,30,31",verb,0.9664399092970521,0.009873714765114443,0.880952380952381,0.9986213235294118,0.0,0.9523809523809523,0.007476806403634684,19.217029571533203
random_10pct_seed3,14,16380,"22,23,24,25,26,27,28,29,30,31",verb,0.9655328798185941,0.011686257348503514,0.8857142857142858,0.9990808823529411,0.0,0.9523809523809523,0.006628056954292583,19.675159454345703
random_10pct_seed3,15,16380,"22,23,24,25,26,27,28,29,30,31",verb,0.962358276643991,0.011346935150291957,0.880952380952381,0.9986213235294118,0.0,0.9285714285714286,0.00524545631925355,20.128881454467773
random_10pct_seed3,16,16380,"22,23,24,25,26,27,28,29,30,31",verb,0.9600907029478458,0.013499207316224289,0.8761904761904763,0.9981617647058824,0.0,0.8809523809523809,0.004056976805496881,20.569421768188477
random_10pct_seed3,17,16380,"22,23,24,25,26,27,28,29,30,31",verb,0.9600907029478458,0.01287534654564938,0.8571428571428571,0.9981617647058824,0.0,0.8809523809523809,0.0034093787074990223,21.26226234436035
random_10pct_seed3,18,16380,"22,23,24,25,26,27,28,29,30,31",verb,0.9605442176870749,0.012050186172867518,0.8666666666666666,0.9977022058823529,0.0,0.8809523809523809,0.002912458081150704,22.07382583618164
random_10pct_seed3,19,16380,"22,23,24,25,26,27,28,29,30,31",verb,0.9564625850340137,0.015272070966424267,0.8619047619047618,0.9972426470588236,0.0,0.8809523809523809,0.0025177089178761713,22.580982208251953
random_10pct_seed3,20,16380,"22,23,24,25,26,27,28,29,30,31",verb,0.9541950113378684,0.012939086274546149,0.8571428571428571,0.9977022058823529,0.0,0.8809523809523809,0.0021327306839579174,23.59921646118164
random_10pct_seed3,21,16380,"22,23,24,25,26,27,28,29,30,31",verb,0.9528344671201815,0.013018322081095124,0.8619047619047618,0.9972426470588236,0.0,0.8809523809523809,0.001954099498574058,24.502025604248047
random_10pct_seed3,22,16380,"22,23,24,25,26,27,28,29,30,31",verb,0.945578231292517,0.016539303881007234,0.8428571428571429,0.9967830882352942,0.0,0.8809523809523809,0.0018836792961042237,25.12216567993164
random_10pct_seed3,23,16380,"22,23,24,25,26,27,28,29,30,31",verb,0.9433106575963718,0.017623001567097913,0.8428571428571429,0.9949448529411764,0.0,0.8571428571428571,0.001899551038007985,25.70099449157715
random_10pct_seed3,24,16380,"22,23,24,25,26,27,28,29,30,31",verb,0.945124716553288,0.019208905745621195,0.8380952380952381,0.9940257352941176,0.0,0.7857142857142857,0.0019365704931896266,26.42110252380371
random_10pct_seed3,25,16380,"22,23,24,25,26,27,28,29,30,31",verb,0.944671201814059,0.0204132016960125,0.8333333333333333,0.9935661764705882,0.0,0.7857142857142857,0.002057112661607241,27.263654708862305
random_10pct_seed3,26,16380,"22,23,24,25,26,27,28,29,30,31",verb,0.9401360544217686,0.021106714336907174,0.8285714285714285,0.9926470588235294,0.0,0.7857142857142857,0.0021291716836584484,27.96887969970703
random_10pct_seed3,27,16380,"22,23,24,25,26,27,28,29,30,31",verb,0.9414965986394558,0.02133930223314031,0.8285714285714285,0.9926470588235294,0.0,0.7857142857142857,0.0021884046201935403,28.47866439819336
random_10pct_seed3,28,16380,"22,23,24,25,26,27,28,29,30,31",verb,0.9442176870748298,0.021778153657220776,0.8333333333333333,0.9917279411764706,0.0,0.7857142857142857,0.00230684781938717,28.874162673950195
random_10pct_seed3,29,16380,"22,23,24,25,26,27,28,29,30,31",verb,0.9428571428571428,0.020851816657728155,0.8380952380952381,0.9908088235294117,0.0,0.7857142857142857,0.0024387035320385664,29.393043518066406
random_10pct_seed3,30,16380,"22,23,24,25,26,27,28,29,30,31",verb,0.943764172335601,0.017529386022755247,0.8476190476190476,0.9889705882352942,0.0,0.7857142857142857,0.002788796437754981,30.329959869384766
random_10pct_seed3,31,16380,"22,23,24,25,26,27,28,29,30,31",verb,0.9238095238095237,0.020613729119933803,0.8428571428571429,0.9835302359247793,0.0,0.7380952380952381,0.007605157486461844,33.77696228027344
random_10pct_seed4,0,16380,"22,23,24,25,26,27,28,29,30,31",verb,0.98140589569161,0.015272070966424241,0.9142857142857143,0.8795837633298933,0.0,0.5238095238095238,0.009103616566597306,6.402211666107178
random_10pct_seed4,1,16380,"22,23,24,25,26,27,28,29,30,31",verb,0.980498866213152,0.015879493333343826,0.9047619047619048,0.9411798747276688,0.0,0.5476190476190477,0.008366539473378176,7.6319098472595215
random_10pct_seed4,2,16380,"22,23,24,25,26,27,28,29,30,31",verb,0.9791383219954648,0.016059801550680958,0.9047619047619048,0.9765732499140007,0.0,0.6428571428571429,0.009353396291362448,9.590304374694824
random_10pct_seed4,3,16380,"22,23,24,25,26,27,28,29,30,31",verb,0.9836734693877551,0.016313928116648464,0.9095238095238095,0.9859319458777662,0.0,0.7142857142857143,0.012516349802020543,10.507936477661133
random_10pct_seed4,4,16380,"22,23,24,25,26,27,28,29,30,31",verb,0.9777777777777776,0.017053601521055037,0.9095238095238095,0.9913946938424493,0.0,0.7619047619047619,0.013751475678751124,12.029759407043457
random_10pct_seed4,5,16380,"22,23,24,25,26,27,28,29,30,31",verb,0.9800453514739228,0.013483962582601821,0.9095238095238095,0.9965170278637772,0.0,0.7380952380952381,0.01397557680900463,13.392066955566406
random_10pct_seed4,6,16380,"22,23,24,25,26,27,28,29,30,31",verb,0.980952380952381,0.010100252812390055,0.9142857142857143,0.9986213235294118,0.0,0.8095238095238095,0.013282523037295157,13.926020622253418
random_10pct_seed4,7,16380,"22,23,24,25,26,27,28,29,30,31",verb,0.9741496598639456,0.006967025621649549,0.9095238095238095,0.9990808823529411,0.0,0.8095238095238095,0.013676484302259762,15.146065711975098
random_10pct_seed4,8,16380,"22,23,24,25,26,27,28,29,30,31",verb,0.9732426303854875,0.00877055764435994,0.8904761904761905,0.9990808823529411,0.0,0.8333333333333334,0.01292583568035588,15.8015718460083
random_10pct_seed4,9,16380,"22,23,24,25,26,27,28,29,30,31",verb,0.9718820861678005,0.008435861785822348,0.8761904761904761,0.9986213235294118,0.0,0.8809523809523809,0.009799016344983369,16.556901931762695
random_10pct_seed4,10,16380,"22,23,24,25,26,27,28,29,30,31",verb,0.9714285714285713,0.008910150886344021,0.880952380952381,0.9986213235294118,0.0,0.9047619047619048,0.008626466800706112,16.851028442382812
random_10pct_seed4,11,16380,"22,23,24,25,26,27,28,29,30,31",verb,0.9759637188208616,0.007396601555691633,0.8857142857142858,0.9986213235294118,0.0,0.9523809523809523,0.008542664764808805,17.43328094482422
random_10pct_seed4,12,16380,"22,23,24,25,26,27,28,29,30,31",verb,0.9714285714285713,0.013190965598411774,0.8904761904761905,0.9990808823529411,0.0,0.9523809523809523,0.008263171320910923,18.064903259277344
random_10pct_seed4,13,16380,"22,23,24,25,26,27,28,29,30,31",verb,0.9664399092970521,0.009873714765114443,0.880952380952381,0.9986213235294118,0.0,0.9523809523809523,0.007476806403634684,19.217029571533203
random_10pct_seed4,14,16380,"22,23,24,25,26,27,28,29,30,31",verb,0.9655328798185941,0.011686257348503514,0.8857142857142858,0.9990808823529411,0.0,0.9523809523809523,0.006628056954292583,19.675159454345703
random_10pct_seed4,15,16380,"22,23,24,25,26,27,28,29,30,31",verb,0.962358276643991,0.011346935150291957,0.880952380952381,0.9986213235294118,0.0,0.9285714285714286,0.00524545631925355,20.128881454467773
random_10pct_seed4,16,16380,"22,23,24,25,26,27,28,29,30,31",verb,0.9600907029478458,0.013499207316224289,0.8761904761904763,0.9981617647058824,0.0,0.8809523809523809,0.004056976805496881,20.569421768188477
random_10pct_seed4,17,16380,"22,23,24,25,26,27,28,29,30,31",verb,0.9600907029478458,0.01287534654564938,0.8571428571428571,0.9981617647058824,0.0,0.8809523809523809,0.0034093787074990223,21.26226234436035
random_10pct_seed4,18,16380,"22,23,24,25,26,27,28,29,30,31",verb,0.9605442176870749,0.012050186172867518,0.8666666666666666,0.9977022058823529,0.0,0.8809523809523809,0.002912458081150704,22.07382583618164
random_10pct_seed4,19,16380,"22,23,24,25,26,27,28,29,30,31",verb,0.9564625850340137,0.015272070966424267,0.8619047619047618,0.9972426470588236,0.0,0.8809523809523809,0.0025177089178761713,22.580982208251953
random_10pct_seed4,20,16380,"22,23,24,25,26,27,28,29,30,31",verb,0.9541950113378684,0.012939086274546149,0.8571428571428571,0.9977022058823529,0.0,0.8809523809523809,0.0021327306839579174,23.59921646118164
random_10pct_seed4,21,16380,"22,23,24,25,26,27,28,29,30,31",verb,0.9528344671201815,0.013018322081095124,0.8619047619047618,0.9972426470588236,0.0,0.8809523809523809,0.001954099498574058,24.502025604248047
random_10pct_seed4,22,16380,"22,23,24,25,26,27,28,29,30,31",verb,0.946031746031746,0.015801588562525476,0.8428571428571429,0.9972426470588236,0.0,0.8571428571428571,0.0018825455075281994,25.152006149291992
random_10pct_seed4,23,16380,"22,23,24,25,26,27,28,29,30,31",verb,0.943764172335601,0.017053601521054996,0.8380952380952381,0.9958639705882353,0.0,0.8571428571428571,0.0018900029893977877,25.711172103881836
random_10pct_seed4,24,16380,"22,23,24,25,26,27,28,29,30,31",verb,0.9464852607709752,0.017657979441207963,0.8285714285714285,0.9940257352941176,0.0,0.8095238095238095,0.0019300639332402447,26.485126495361328
random_10pct_seed4,25,16380,"22,23,24,25,26,27,28,29,30,31",verb,0.9428571428571428,0.02153120629563579,0.8285714285714285,0.9940257352941176,0.0,0.7857142857142857,0.002021209490093323,27.34217643737793
random_10pct_seed4,26,16380,"22,23,24,25,26,27,28,29,30,31",verb,0.9396825396825397,0.019166028670399488,0.8380952380952381,0.9921875,0.0,0.7857142857142857,0.0020925486321604625,28.036048889160156
random_10pct_seed4,27,16380,"22,23,24,25,26,27,28,29,30,31",verb,0.943310657596372,0.015041382269185478,0.8428571428571429,0.9921875,0.0,0.7857142857142857,0.0021524866986464275,28.571216583251953
random_10pct_seed4,28,16380,"22,23,24,25,26,27,28,29,30,31",verb,0.9414965986394558,0.019737011471191807,0.8333333333333334,0.9917279411764706,0.0,0.7857142857142857,0.0022611444771326594,28.948022842407227
random_10pct_seed4,29,16380,"22,23,24,25,26,27,28,29,30,31",verb,0.9428571428571428,0.015136797522248186,0.8333333333333334,0.9908088235294117,0.0,0.7857142857142857,0.0023966224678683146,29.450773239135742
random_10pct_seed4,30,16380,"22,23,24,25,26,27,28,29,30,31",verb,0.943310657596372,0.012084274462108129,0.8571428571428571,0.9894301470588236,0.0,0.7857142857142857,0.002749538263851159,30.388242721557617
random_10pct_seed4,31,16380,"22,23,24,25,26,27,28,29,30,31",verb,0.9301587301587301,0.01770450911196652,0.8428571428571429,0.98062596749226,0.0,0.7380952380952381,0.007431615594641228,33.96453094482422
