condition,pct,seed,dataset,layer,n_ablated_per_layer,freq_auroc,freq_auroc_std,freq_accuracy
clean,0.0,0,emotion,0,0,0.9448015122873347,0.023287506380997337,0.8739130434782609
clean,0.0,0,emotion,1,0,0.9463137996219281,0.02404845957472855,0.8826086956521738
clean,0.0,0,emotion,2,0,0.9493383742911152,0.021131476162543874,0.9086956521739131
clean,0.0,0,emotion,3,0,0.9561436672967863,0.01261876693253585,0.9
clean,0.0,0,emotion,4,0,0.9557655954631379,0.010599505307278802,0.8869565217391304
clean,0.0,0,emotion,5,0,0.9614366729678638,0.009902306883711779,0.8913043478260869
clean,0.0,0,emotion,6,0,0.9644612476370511,0.007311561287642219,0.8782608695652174
clean,0.0,0,emotion,7,0,0.9697542533081286,0.008866570434448827,0.8913043478260869
clean,0.0,0,emotion,8,0,0.9701323251417768,0.007784975531937246,0.882608695652174
clean,0.0,0,emotion,9,0,0.9712665406427222,0.01072018667580937,0.8913043478260869
clean,0.0,0,emotion,10,0,0.9727788279773157,0.008670960257980915,0.9043478260869564
clean,0.0,0,emotion,11,0,0.9708884688090738,0.007617936362801504,0.9086956521739129
clean,0.0,0,emotion,12,0,0.9716446124763705,0.008453943204158,0.9043478260869564
clean,0.0,0,emotion,13,0,0.972022684310019,0.007311561287642228,0.9130434782608695
clean,0.0,0,emotion,14,0,0.9705103969754253,0.0077111826292518715,0.8869565217391304
clean,0.0,0,emotion,15,0,0.9678638941398866,0.0059778405674260765,0.8826086956521738
clean,0.0,0,emotion,16,0,0.9640831758034027,0.0066566415355988505,0.8869565217391304
clean,0.0,0,emotion,17,0,0.9652173913043478,0.008752995767705291,0.8869565217391304
clean,0.0,0,emotion,18,0,0.9644612476370511,0.007504511622411804,0.882608695652174
clean,0.0,0,emotion,19,0,0.9618147448015122,0.010242886339617483,0.882608695652174
clean,0.0,0,emotion,20,0,0.9614366729678638,0.010116512786585787,0.8739130434782609
clean,0.0,0,emotion,21,0,0.9572778827977316,0.01032627620699253,0.8652173913043478
clean,0.0,0,emotion,22,0,0.9572778827977315,0.009383496140635751,0.8608695652173914
clean,0.0,0,emotion,23,0,0.9508506616257089,0.011467486493839774,0.8608695652173914
clean,0.0,0,emotion,24,0,0.9466918714555765,0.010381497329108534,0.8565217391304347
clean,0.0,0,emotion,25,0,0.9342155009451798,0.009368250807836596,0.8434782608695652
clean,0.0,0,emotion,26,0,0.9285444234404536,0.009959878920468412,0.8434782608695652
clean,0.0,0,emotion,27,0,0.9270321361058602,0.009756890662052126,0.8304347826086957
clean,0.0,0,emotion,28,0,0.9221172022684311,0.008571481322309752,0.8304347826086955
clean,0.0,0,emotion,29,0,0.9172022684310018,0.010031379328107078,0.826086956521739
clean,0.0,0,emotion,30,0,0.9149338374291114,0.010957562757043049,0.826086956521739
clean,0.0,0,emotion,31,0,0.9047258979206049,0.019739550067609267,0.8173913043478261
circuit,5.0,0,emotion,0,819,0.9448015122873347,0.023287506380997337,0.8739130434782609
circuit,5.0,0,emotion,1,819,0.9463137996219281,0.02404845957472855,0.8826086956521738
circuit,5.0,0,emotion,2,819,0.9493383742911152,0.021131476162543874,0.9086956521739131
circuit,5.0,0,emotion,3,819,0.9561436672967863,0.01261876693253585,0.9
circuit,5.0,0,emotion,4,819,0.9557655954631379,0.010599505307278802,0.8869565217391304
circuit,5.0,0,emotion,5,819,0.9614366729678638,0.009902306883711779,0.8913043478260869
circuit,5.0,0,emotion,6,819,0.9644612476370511,0.007311561287642219,0.8782608695652174
circuit,5.0,0,emotion,7,819,0.9697542533081286,0.008866570434448827,0.8913043478260869
circuit,5.0,0,emotion,8,819,0.9701323251417768,0.007784975531937246,0.882608695652174
circuit,5.0,0,emotion,9,819,0.9712665406427222,0.01072018667580937,0.8913043478260869
circuit,5.0,0,emotion,10,819,0.9727788279773157,0.008670960257980915,0.9043478260869564
circuit,5.0,0,emotion,11,819,0.9708884688090738,0.007617936362801504,0.9086956521739129
circuit,5.0,0,emotion,12,819,0.9716446124763705,0.008453943204158,0.9043478260869564
circuit,5.0,0,emotion,13,819,0.972022684310019,0.007311561287642228,0.9130434782608695
circuit,5.0,0,emotion,14,819,0.9705103969754253,0.0077111826292518715,0.8869565217391304
circuit,5.0,0,emotion,15,819,0.9678638941398866,0.0059778405674260765,0.8826086956521738
circuit,5.0,0,emotion,16,819,0.9640831758034027,0.0066566415355988505,0.8869565217391304
circuit,5.0,0,emotion,17,819,0.9652173913043478,0.008752995767705291,0.8869565217391304
circuit,5.0,0,emotion,18,819,0.9644612476370511,0.007504511622411804,0.882608695652174
circuit,5.0,0,emotion,19,819,0.9618147448015122,0.010242886339617483,0.882608695652174
circuit,5.0,0,emotion,20,819,0.9614366729678638,0.010116512786585787,0.8739130434782609
circuit,5.0,0,emotion,21,819,0.9572778827977316,0.01032627620699253,0.8652173913043478
circuit,5.0,0,emotion,22,819,0.9561436672967863,0.009368250807836546,0.8608695652173914
circuit,5.0,0,emotion,23,819,0.9497164461247637,0.01279872278246562,0.8565217391304347
circuit,5.0,0,emotion,24,819,0.9432892249527411,0.012250927596234156,0.8565217391304347
circuit,5.0,0,emotion,25,819,0.9372400756143667,0.006258202403496005,0.8391304347826086
circuit,5.0,0,emotion,26,819,0.9255198487712665,0.006613556024399227,0.8304347826086957
circuit,5.0,0,emotion,27,819,0.9213610586011342,0.007032542622963433,0.8217391304347826
circuit,5.0,0,emotion,28,819,0.9149338374291116,0.00573374324691989,0.8173913043478261
circuit,5.0,0,emotion,29,819,0.9096408317580341,0.006371379790681565,0.8
circuit,5.0,0,emotion,30,819,0.907750472589792,0.00988786149763477,0.8043478260869567
circuit,5.0,0,emotion,31,819,0.903969754253308,0.011048498447034033,0.8043478260869567
circuit,10.0,0,emotion,0,1638,0.9448015122873347,0.023287506380997337,0.8739130434782609
circuit,10.0,0,emotion,1,1638,0.9463137996219281,0.02404845957472855,0.8826086956521738
circuit,10.0,0,emotion,2,1638,0.9493383742911152,0.021131476162543874,0.9086956521739131
circuit,10.0,0,emotion,3,1638,0.9561436672967863,0.01261876693253585,0.9
circuit,10.0,0,emotion,4,1638,0.9557655954631379,0.010599505307278802,0.8869565217391304
circuit,10.0,0,emotion,5,1638,0.9614366729678638,0.009902306883711779,0.8913043478260869
circuit,10.0,0,emotion,6,1638,0.9644612476370511,0.007311561287642219,0.8782608695652174
circuit,10.0,0,emotion,7,1638,0.9697542533081286,0.008866570434448827,0.8913043478260869
circuit,10.0,0,emotion,8,1638,0.9701323251417768,0.007784975531937246,0.882608695652174
circuit,10.0,0,emotion,9,1638,0.9712665406427222,0.01072018667580937,0.8913043478260869
circuit,10.0,0,emotion,10,1638,0.9727788279773157,0.008670960257980915,0.9043478260869564
circuit,10.0,0,emotion,11,1638,0.9708884688090738,0.007617936362801504,0.9086956521739129
circuit,10.0,0,emotion,12,1638,0.9716446124763705,0.008453943204158,0.9043478260869564
circuit,10.0,0,emotion,13,1638,0.972022684310019,0.007311561287642228,0.9130434782608695
circuit,10.0,0,emotion,14,1638,0.9705103969754253,0.0077111826292518715,0.8869565217391304
circuit,10.0,0,emotion,15,1638,0.9678638941398866,0.0059778405674260765,0.8826086956521738
circuit,10.0,0,emotion,16,1638,0.9640831758034027,0.0066566415355988505,0.8869565217391304
circuit,10.0,0,emotion,17,1638,0.9652173913043478,0.008752995767705291,0.8869565217391304
circuit,10.0,0,emotion,18,1638,0.9644612476370511,0.007504511622411804,0.882608695652174
circuit,10.0,0,emotion,19,1638,0.9618147448015122,0.010242886339617483,0.882608695652174
circuit,10.0,0,emotion,20,1638,0.9614366729678638,0.010116512786585787,0.8739130434782609
circuit,10.0,0,emotion,21,1638,0.9572778827977316,0.01032627620699253,0.8652173913043478
circuit,10.0,0,emotion,22,1638,0.9565217391304348,0.010626441831799753,0.8608695652173914
circuit,10.0,0,emotion,23,1638,0.9516068052930058,0.01257337553747895,0.8608695652173914
circuit,10.0,0,emotion,24,1638,0.9451795841209829,0.013151249248337306,0.8565217391304347
circuit,10.0,0,emotion,25,1638,0.9357277882797732,0.00926083078556967,0.8478260869565217
circuit,10.0,0,emotion,26,1638,0.9262759924385634,0.008866570434448807,0.8304347826086957
circuit,10.0,0,emotion,27,1638,0.9228733459357279,0.00881807469919896,0.8217391304347827
circuit,10.0,0,emotion,28,1638,0.9194706994328923,0.007523534496080305,0.8130434782608695
circuit,10.0,0,emotion,29,1638,0.9172022684310018,0.00944423137754013,0.808695652173913
circuit,10.0,0,emotion,30,1638,0.9160680529300567,0.009609274122600295,0.8130434782608695
circuit,10.0,0,emotion,31,1638,0.9149338374291116,0.010491067618534317,0.8173913043478261
circuit,25.0,0,emotion,0,4096,0.9448015122873347,0.023287506380997337,0.8739130434782609
circuit,25.0,0,emotion,1,4096,0.9463137996219281,0.02404845957472855,0.8826086956521738
circuit,25.0,0,emotion,2,4096,0.9493383742911152,0.021131476162543874,0.9086956521739131
circuit,25.0,0,emotion,3,4096,0.9561436672967863,0.01261876693253585,0.9
circuit,25.0,0,emotion,4,4096,0.9557655954631379,0.010599505307278802,0.8869565217391304
circuit,25.0,0,emotion,5,4096,0.9614366729678638,0.009902306883711779,0.8913043478260869
circuit,25.0,0,emotion,6,4096,0.9644612476370511,0.007311561287642219,0.8782608695652174
circuit,25.0,0,emotion,7,4096,0.9697542533081286,0.008866570434448827,0.8913043478260869
circuit,25.0,0,emotion,8,4096,0.9701323251417768,0.007784975531937246,0.882608695652174
circuit,25.0,0,emotion,9,4096,0.9712665406427222,0.01072018667580937,0.8913043478260869
circuit,25.0,0,emotion,10,4096,0.9727788279773157,0.008670960257980915,0.9043478260869564
circuit,25.0,0,emotion,11,4096,0.9708884688090738,0.007617936362801504,0.9086956521739129
circuit,25.0,0,emotion,12,4096,0.9716446124763705,0.008453943204158,0.9043478260869564
circuit,25.0,0,emotion,13,4096,0.972022684310019,0.007311561287642228,0.9130434782608695
circuit,25.0,0,emotion,14,4096,0.9705103969754253,0.0077111826292518715,0.8869565217391304
circuit,25.0,0,emotion,15,4096,0.9678638941398866,0.0059778405674260765,0.8826086956521738
circuit,25.0,0,emotion,16,4096,0.9640831758034027,0.0066566415355988505,0.8869565217391304
circuit,25.0,0,emotion,17,4096,0.9652173913043478,0.008752995767705291,0.8869565217391304
circuit,25.0,0,emotion,18,4096,0.9644612476370511,0.007504511622411804,0.882608695652174
circuit,25.0,0,emotion,19,4096,0.9618147448015122,0.010242886339617483,0.882608695652174
circuit,25.0,0,emotion,20,4096,0.9614366729678638,0.010116512786585787,0.8739130434782609
circuit,25.0,0,emotion,21,4096,0.9572778827977316,0.01032627620699253,0.8652173913043478
circuit,25.0,0,emotion,22,4096,0.9568998109640832,0.009057957316227515,0.8652173913043478
circuit,25.0,0,emotion,23,4096,0.9553875236294896,0.011125851772825828,0.8608695652173914
circuit,25.0,0,emotion,24,4096,0.9516068052930056,0.013819029778825757,0.8652173913043478
circuit,25.0,0,emotion,25,4096,0.9444234404536861,0.013870651287594835,0.8608695652173912
circuit,25.0,0,emotion,26,4096,0.9379962192816634,0.011677463297905895,0.8521739130434783
circuit,25.0,0,emotion,27,4096,0.9372400756143666,0.010518281847443144,0.8521739130434783
circuit,25.0,0,emotion,28,4096,0.9334593572778829,0.012787549735567323,0.8565217391304347
circuit,25.0,0,emotion,29,4096,0.9311909262759924,0.011253592488572592,0.8391304347826086
circuit,25.0,0,emotion,30,4096,0.9300567107750473,0.010144731844989591,0.8478260869565217
circuit,25.0,0,emotion,31,4096,0.9308128544423442,0.014961330009383262,0.8478260869565217
circuit,50.0,0,emotion,0,8192,0.9448015122873347,0.023287506380997337,0.8739130434782609
circuit,50.0,0,emotion,1,8192,0.9463137996219281,0.02404845957472855,0.8826086956521738
circuit,50.0,0,emotion,2,8192,0.9493383742911152,0.021131476162543874,0.9086956521739131
circuit,50.0,0,emotion,3,8192,0.9561436672967863,0.01261876693253585,0.9
circuit,50.0,0,emotion,4,8192,0.9557655954631379,0.010599505307278802,0.8869565217391304
circuit,50.0,0,emotion,5,8192,0.9614366729678638,0.009902306883711779,0.8913043478260869
circuit,50.0,0,emotion,6,8192,0.9644612476370511,0.007311561287642219,0.8782608695652174
circuit,50.0,0,emotion,7,8192,0.9697542533081286,0.008866570434448827,0.8913043478260869
circuit,50.0,0,emotion,8,8192,0.9701323251417768,0.007784975531937246,0.882608695652174
circuit,50.0,0,emotion,9,8192,0.9712665406427222,0.01072018667580937,0.8913043478260869
circuit,50.0,0,emotion,10,8192,0.9727788279773157,0.008670960257980915,0.9043478260869564
circuit,50.0,0,emotion,11,8192,0.9708884688090738,0.007617936362801504,0.9086956521739129
circuit,50.0,0,emotion,12,8192,0.9716446124763705,0.008453943204158,0.9043478260869564
circuit,50.0,0,emotion,13,8192,0.972022684310019,0.007311561287642228,0.9130434782608695
circuit,50.0,0,emotion,14,8192,0.9705103969754253,0.0077111826292518715,0.8869565217391304
circuit,50.0,0,emotion,15,8192,0.9678638941398866,0.0059778405674260765,0.8826086956521738
circuit,50.0,0,emotion,16,8192,0.9640831758034027,0.0066566415355988505,0.8869565217391304
circuit,50.0,0,emotion,17,8192,0.9652173913043478,0.008752995767705291,0.8869565217391304
circuit,50.0,0,emotion,18,8192,0.9644612476370511,0.007504511622411804,0.882608695652174
circuit,50.0,0,emotion,19,8192,0.9618147448015122,0.010242886339617483,0.882608695652174
circuit,50.0,0,emotion,20,8192,0.9614366729678638,0.010116512786585787,0.8739130434782609
circuit,50.0,0,emotion,21,8192,0.9572778827977316,0.01032627620699253,0.8652173913043478
circuit,50.0,0,emotion,22,8192,0.9557655954631381,0.010463782611038214,0.8652173913043478
circuit,50.0,0,emotion,23,8192,0.9550094517958412,0.011554409671029194,0.8652173913043478
circuit,50.0,0,emotion,24,8192,0.951984877126654,0.01285444234404535,0.8652173913043478
circuit,50.0,0,emotion,25,8192,0.948960302457467,0.012932046409442058,0.8652173913043478
circuit,50.0,0,emotion,26,8192,0.9478260869565217,0.011991494538490518,0.8652173913043478
circuit,50.0,0,emotion,27,8192,0.947069943289225,0.014593768669655043,0.8695652173913043
circuit,50.0,0,emotion,28,8192,0.9448015122873346,0.01149238877396645,0.8565217391304347
circuit,50.0,0,emotion,29,8192,0.947069943289225,0.012765174303314981,0.8521739130434783
circuit,50.0,0,emotion,30,8192,0.9459357277882798,0.010599505307278753,0.8521739130434781
circuit,50.0,0,emotion,31,8192,0.9474480151228732,0.009742229661039806,0.8565217391304347
circuit_pos,5.0,0,emotion,0,819,0.9448015122873347,0.023287506380997337,0.8739130434782609
circuit_pos,5.0,0,emotion,1,819,0.9463137996219281,0.02404845957472855,0.8826086956521738
circuit_pos,5.0,0,emotion,2,819,0.9493383742911152,0.021131476162543874,0.9086956521739131
circuit_pos,5.0,0,emotion,3,819,0.9561436672967863,0.01261876693253585,0.9
circuit_pos,5.0,0,emotion,4,819,0.9557655954631379,0.010599505307278802,0.8869565217391304
circuit_pos,5.0,0,emotion,5,819,0.9614366729678638,0.009902306883711779,0.8913043478260869
circuit_pos,5.0,0,emotion,6,819,0.9644612476370511,0.007311561287642219,0.8782608695652174
circuit_pos,5.0,0,emotion,7,819,0.9697542533081286,0.008866570434448827,0.8913043478260869
circuit_pos,5.0,0,emotion,8,819,0.9701323251417768,0.007784975531937246,0.882608695652174
circuit_pos,5.0,0,emotion,9,819,0.9712665406427222,0.01072018667580937,0.8913043478260869
circuit_pos,5.0,0,emotion,10,819,0.9727788279773157,0.008670960257980915,0.9043478260869564
circuit_pos,5.0,0,emotion,11,819,0.9708884688090738,0.007617936362801504,0.9086956521739129
circuit_pos,5.0,0,emotion,12,819,0.9716446124763705,0.008453943204158,0.9043478260869564
circuit_pos,5.0,0,emotion,13,819,0.972022684310019,0.007311561287642228,0.9130434782608695
circuit_pos,5.0,0,emotion,14,819,0.9705103969754253,0.0077111826292518715,0.8869565217391304
circuit_pos,5.0,0,emotion,15,819,0.9678638941398866,0.0059778405674260765,0.8826086956521738
circuit_pos,5.0,0,emotion,16,819,0.9640831758034027,0.0066566415355988505,0.8869565217391304
circuit_pos,5.0,0,emotion,17,819,0.9652173913043478,0.008752995767705291,0.8869565217391304
circuit_pos,5.0,0,emotion,18,819,0.9644612476370511,0.007504511622411804,0.882608695652174
circuit_pos,5.0,0,emotion,19,819,0.9618147448015122,0.010242886339617483,0.882608695652174
circuit_pos,5.0,0,emotion,20,819,0.9614366729678638,0.010116512786585787,0.8739130434782609
circuit_pos,5.0,0,emotion,21,819,0.9572778827977316,0.01032627620699253,0.8652173913043478
circuit_pos,5.0,0,emotion,22,819,0.9546313799621927,0.00978614677167845,0.8608695652173914
circuit_pos,5.0,0,emotion,23,819,0.9500945179584122,0.012459173575262047,0.8565217391304347
circuit_pos,5.0,0,emotion,24,819,0.9406427221172023,0.01312949365155791,0.8521739130434781
circuit_pos,5.0,0,emotion,25,819,0.9304347826086957,0.010852703284996107,0.8347826086956521
circuit_pos,5.0,0,emotion,26,819,0.9179584120982988,0.008161449204129654,0.8173913043478261
circuit_pos,5.0,0,emotion,27,819,0.9096408317580339,0.010242886339617435,0.8130434782608695
circuit_pos,5.0,0,emotion,28,819,0.906616257088847,0.01086586605913036,0.808695652173913
circuit_pos,5.0,0,emotion,29,819,0.9005671077504726,0.016155660203570163,0.7956521739130434
circuit_pos,5.0,0,emotion,30,819,0.8926275992438562,0.014115806958483496,0.782608695652174
circuit_pos,5.0,0,emotion,31,819,0.8877126654064271,0.01763614939839789,0.7999999999999999
circuit_pos,10.0,0,emotion,0,1638,0.9448015122873347,0.023287506380997337,0.8739130434782609
circuit_pos,10.0,0,emotion,1,1638,0.9463137996219281,0.02404845957472855,0.8826086956521738
circuit_pos,10.0,0,emotion,2,1638,0.9493383742911152,0.021131476162543874,0.9086956521739131
circuit_pos,10.0,0,emotion,3,1638,0.9561436672967863,0.01261876693253585,0.9
circuit_pos,10.0,0,emotion,4,1638,0.9557655954631379,0.010599505307278802,0.8869565217391304
circuit_pos,10.0,0,emotion,5,1638,0.9614366729678638,0.009902306883711779,0.8913043478260869
circuit_pos,10.0,0,emotion,6,1638,0.9644612476370511,0.007311561287642219,0.8782608695652174
circuit_pos,10.0,0,emotion,7,1638,0.9697542533081286,0.008866570434448827,0.8913043478260869
circuit_pos,10.0,0,emotion,8,1638,0.9701323251417768,0.007784975531937246,0.882608695652174
circuit_pos,10.0,0,emotion,9,1638,0.9712665406427222,0.01072018667580937,0.8913043478260869
circuit_pos,10.0,0,emotion,10,1638,0.9727788279773157,0.008670960257980915,0.9043478260869564
circuit_pos,10.0,0,emotion,11,1638,0.9708884688090738,0.007617936362801504,0.9086956521739129
circuit_pos,10.0,0,emotion,12,1638,0.9716446124763705,0.008453943204158,0.9043478260869564
circuit_pos,10.0,0,emotion,13,1638,0.972022684310019,0.007311561287642228,0.9130434782608695
circuit_pos,10.0,0,emotion,14,1638,0.9705103969754253,0.0077111826292518715,0.8869565217391304
circuit_pos,10.0,0,emotion,15,1638,0.9678638941398866,0.0059778405674260765,0.8826086956521738
circuit_pos,10.0,0,emotion,16,1638,0.9640831758034027,0.0066566415355988505,0.8869565217391304
circuit_pos,10.0,0,emotion,17,1638,0.9652173913043478,0.008752995767705291,0.8869565217391304
circuit_pos,10.0,0,emotion,18,1638,0.9644612476370511,0.007504511622411804,0.882608695652174
circuit_pos,10.0,0,emotion,19,1638,0.9618147448015122,0.010242886339617483,0.882608695652174
circuit_pos,10.0,0,emotion,20,1638,0.9614366729678638,0.010116512786585787,0.8739130434782609
circuit_pos,10.0,0,emotion,21,1638,0.9572778827977316,0.01032627620699253,0.8652173913043478
circuit_pos,10.0,0,emotion,22,1638,0.9546313799621927,0.010422721173603171,0.8652173913043478
circuit_pos,10.0,0,emotion,23,1638,0.9497164461247637,0.01216898067253769,0.8565217391304347
circuit_pos,10.0,0,emotion,24,1638,0.9425330812854442,0.012909921420766586,0.8478260869565217
circuit_pos,10.0,0,emotion,25,1638,0.9270321361058601,0.01187169638420233,0.826086956521739
circuit_pos,10.0,0,emotion,26,1638,0.9137996219281664,0.010045618340708084,0.8130434782608695
circuit_pos,10.0,0,emotion,27,1638,0.9051039697542531,0.015141765137618732,0.8043478260869564
circuit_pos,10.0,0,emotion,28,1638,0.8986767485822306,0.016287833065057114,0.7956521739130435
circuit_pos,10.0,0,emotion,29,1638,0.8930056710775046,0.02264015867157636,0.7869565217391303
circuit_pos,10.0,0,emotion,30,1638,0.8850661625708884,0.02862880153896792,0.782608695652174
circuit_pos,10.0,0,emotion,31,1638,0.879773156899811,0.027617364639318978,0.7956521739130435
circuit_pos,25.0,0,emotion,0,4096,0.9448015122873347,0.023287506380997337,0.8739130434782609
circuit_pos,25.0,0,emotion,1,4096,0.9463137996219281,0.02404845957472855,0.8826086956521738
circuit_pos,25.0,0,emotion,2,4096,0.9493383742911152,0.021131476162543874,0.9086956521739131
circuit_pos,25.0,0,emotion,3,4096,0.9561436672967863,0.01261876693253585,0.9
circuit_pos,25.0,0,emotion,4,4096,0.9557655954631379,0.010599505307278802,0.8869565217391304
circuit_pos,25.0,0,emotion,5,4096,0.9614366729678638,0.009902306883711779,0.8913043478260869
circuit_pos,25.0,0,emotion,6,4096,0.9644612476370511,0.007311561287642219,0.8782608695652174
circuit_pos,25.0,0,emotion,7,4096,0.9697542533081286,0.008866570434448827,0.8913043478260869
circuit_pos,25.0,0,emotion,8,4096,0.9701323251417768,0.007784975531937246,0.882608695652174
circuit_pos,25.0,0,emotion,9,4096,0.9712665406427222,0.01072018667580937,0.8913043478260869
circuit_pos,25.0,0,emotion,10,4096,0.9727788279773157,0.008670960257980915,0.9043478260869564
circuit_pos,25.0,0,emotion,11,4096,0.9708884688090738,0.007617936362801504,0.9086956521739129
circuit_pos,25.0,0,emotion,12,4096,0.9716446124763705,0.008453943204158,0.9043478260869564
circuit_pos,25.0,0,emotion,13,4096,0.972022684310019,0.007311561287642228,0.9130434782608695
circuit_pos,25.0,0,emotion,14,4096,0.9705103969754253,0.0077111826292518715,0.8869565217391304
circuit_pos,25.0,0,emotion,15,4096,0.9678638941398866,0.0059778405674260765,0.8826086956521738
circuit_pos,25.0,0,emotion,16,4096,0.9640831758034027,0.0066566415355988505,0.8869565217391304
circuit_pos,25.0,0,emotion,17,4096,0.9652173913043478,0.008752995767705291,0.8869565217391304
circuit_pos,25.0,0,emotion,18,4096,0.9644612476370511,0.007504511622411804,0.882608695652174
circuit_pos,25.0,0,emotion,19,4096,0.9618147448015122,0.010242886339617483,0.882608695652174
circuit_pos,25.0,0,emotion,20,4096,0.9614366729678638,0.010116512786585787,0.8739130434782609
circuit_pos,25.0,0,emotion,21,4096,0.9572778827977316,0.01032627620699253,0.8652173913043478
circuit_pos,25.0,0,emotion,22,4096,0.9516068052930056,0.010256831732514573,0.8608695652173914
circuit_pos,25.0,0,emotion,23,4096,0.9421550094517958,0.010666719077252085,0.8521739130434781
circuit_pos,25.0,0,emotion,24,4096,0.9361058601134215,0.009959878920468393,0.826086956521739
circuit_pos,25.0,0,emotion,25,4096,0.9228733459357278,0.012039080021240581,0.8130434782608695
circuit_pos,25.0,0,emotion,26,4096,0.9062381852551985,0.008248553583845505,0.8043478260869567
circuit_pos,25.0,0,emotion,27,4096,0.8918714555765594,0.016453727899424533,0.8
circuit_pos,25.0,0,emotion,28,4096,0.8835538752362948,0.01823388363219284,0.7913043478260869
circuit_pos,25.0,0,emotion,29,4096,0.8703213610586011,0.025575099471134607,0.773913043478261
circuit_pos,25.0,0,emotion,30,4096,0.8551984877126653,0.02800284943234963,0.7695652173913043
circuit_pos,25.0,0,emotion,31,4096,0.8495274102079394,0.02963948147072915,0.7521739130434784
circuit_pos,50.0,0,emotion,0,8192,0.9448015122873347,0.023287506380997337,0.8739130434782609
circuit_pos,50.0,0,emotion,1,8192,0.9463137996219281,0.02404845957472855,0.8826086956521738
circuit_pos,50.0,0,emotion,2,8192,0.9493383742911152,0.021131476162543874,0.9086956521739131
circuit_pos,50.0,0,emotion,3,8192,0.9561436672967863,0.01261876693253585,0.9
circuit_pos,50.0,0,emotion,4,8192,0.9557655954631379,0.010599505307278802,0.8869565217391304
circuit_pos,50.0,0,emotion,5,8192,0.9614366729678638,0.009902306883711779,0.8913043478260869
circuit_pos,50.0,0,emotion,6,8192,0.9644612476370511,0.007311561287642219,0.8782608695652174
circuit_pos,50.0,0,emotion,7,8192,0.9697542533081286,0.008866570434448827,0.8913043478260869
circuit_pos,50.0,0,emotion,8,8192,0.9701323251417768,0.007784975531937246,0.882608695652174
circuit_pos,50.0,0,emotion,9,8192,0.9712665406427222,0.01072018667580937,0.8913043478260869
circuit_pos,50.0,0,emotion,10,8192,0.9727788279773157,0.008670960257980915,0.9043478260869564
circuit_pos,50.0,0,emotion,11,8192,0.9708884688090738,0.007617936362801504,0.9086956521739129
circuit_pos,50.0,0,emotion,12,8192,0.9716446124763705,0.008453943204158,0.9043478260869564
circuit_pos,50.0,0,emotion,13,8192,0.972022684310019,0.007311561287642228,0.9130434782608695
circuit_pos,50.0,0,emotion,14,8192,0.9705103969754253,0.0077111826292518715,0.8869565217391304
circuit_pos,50.0,0,emotion,15,8192,0.9678638941398866,0.0059778405674260765,0.8826086956521738
circuit_pos,50.0,0,emotion,16,8192,0.9640831758034027,0.0066566415355988505,0.8869565217391304
circuit_pos,50.0,0,emotion,17,8192,0.9652173913043478,0.008752995767705291,0.8869565217391304
circuit_pos,50.0,0,emotion,18,8192,0.9644612476370511,0.007504511622411804,0.882608695652174
circuit_pos,50.0,0,emotion,19,8192,0.9618147448015122,0.010242886339617483,0.882608695652174
circuit_pos,50.0,0,emotion,20,8192,0.9614366729678638,0.010116512786585787,0.8739130434782609
circuit_pos,50.0,0,emotion,21,8192,0.9572778827977316,0.01032627620699253,0.8652173913043478
circuit_pos,50.0,0,emotion,22,8192,0.9508506616257089,0.011022593373998623,0.8565217391304347
circuit_pos,50.0,0,emotion,23,8192,0.941398865784499,0.009931134621220163,0.8478260869565217
circuit_pos,50.0,0,emotion,24,8192,0.9349716446124763,0.009307019754322235,0.8434782608695652
circuit_pos,50.0,0,emotion,25,8192,0.9240075614366731,0.012618766932535818,0.8304347826086957
circuit_pos,50.0,0,emotion,26,8192,0.9096408317580341,0.013009187549402857,0.808695652173913
circuit_pos,50.0,0,emotion,27,8192,0.900945179584121,0.013129493651557928,0.7956521739130435
circuit_pos,50.0,0,emotion,28,8192,0.8903591682419659,0.01909169175493776,0.7869565217391303
circuit_pos,50.0,0,emotion,29,8192,0.8741020793950851,0.02326294149401158,0.791304347826087
circuit_pos,50.0,0,emotion,30,8192,0.8706994328922495,0.02163945258412732,0.7652173913043478
circuit_pos,50.0,0,emotion,31,8192,0.8642722117202268,0.027715527876160714,0.7521739130434782
circuit_neg,5.0,0,emotion,0,819,0.9448015122873347,0.023287506380997337,0.8739130434782609
circuit_neg,5.0,0,emotion,1,819,0.9463137996219281,0.02404845957472855,0.8826086956521738
circuit_neg,5.0,0,emotion,2,819,0.9493383742911152,0.021131476162543874,0.9086956521739131
circuit_neg,5.0,0,emotion,3,819,0.9561436672967863,0.01261876693253585,0.9
circuit_neg,5.0,0,emotion,4,819,0.9557655954631379,0.010599505307278802,0.8869565217391304
circuit_neg,5.0,0,emotion,5,819,0.9614366729678638,0.009902306883711779,0.8913043478260869
circuit_neg,5.0,0,emotion,6,819,0.9644612476370511,0.007311561287642219,0.8782608695652174
circuit_neg,5.0,0,emotion,7,819,0.9697542533081286,0.008866570434448827,0.8913043478260869
circuit_neg,5.0,0,emotion,8,819,0.9701323251417768,0.007784975531937246,0.882608695652174
circuit_neg,5.0,0,emotion,9,819,0.9712665406427222,0.01072018667580937,0.8913043478260869
circuit_neg,5.0,0,emotion,10,819,0.9727788279773157,0.008670960257980915,0.9043478260869564
circuit_neg,5.0,0,emotion,11,819,0.9708884688090738,0.007617936362801504,0.9086956521739129
circuit_neg,5.0,0,emotion,12,819,0.9716446124763705,0.008453943204158,0.9043478260869564
circuit_neg,5.0,0,emotion,13,819,0.972022684310019,0.007311561287642228,0.9130434782608695
circuit_neg,5.0,0,emotion,14,819,0.9705103969754253,0.0077111826292518715,0.8869565217391304
circuit_neg,5.0,0,emotion,15,819,0.9678638941398866,0.0059778405674260765,0.8826086956521738
circuit_neg,5.0,0,emotion,16,819,0.9640831758034027,0.0066566415355988505,0.8869565217391304
circuit_neg,5.0,0,emotion,17,819,0.9652173913043478,0.008752995767705291,0.8869565217391304
circuit_neg,5.0,0,emotion,18,819,0.9644612476370511,0.007504511622411804,0.882608695652174
circuit_neg,5.0,0,emotion,19,819,0.9618147448015122,0.010242886339617483,0.882608695652174
circuit_neg,5.0,0,emotion,20,819,0.9614366729678638,0.010116512786585787,0.8739130434782609
circuit_neg,5.0,0,emotion,21,819,0.9572778827977316,0.01032627620699253,0.8652173913043478
circuit_neg,5.0,0,emotion,22,819,0.9572778827977315,0.01018691386412661,0.8608695652173914
circuit_neg,5.0,0,emotion,23,819,0.9523629489603025,0.01155440967102921,0.8608695652173912
circuit_neg,5.0,0,emotion,24,819,0.948960302457467,0.011467486493839807,0.8565217391304347
circuit_neg,5.0,0,emotion,25,819,0.9417769376181475,0.010172872625386567,0.8521739130434783
circuit_neg,5.0,0,emotion,26,819,0.9391304347826088,0.01273153742191515,0.8521739130434783
circuit_neg,5.0,0,emotion,27,819,0.9383742911153119,0.01106142823314009,0.8478260869565217
circuit_neg,5.0,0,emotion,28,819,0.9379962192816634,0.010242886339617445,0.8347826086956521
circuit_neg,5.0,0,emotion,29,819,0.9349716446124763,0.008752995767705276,0.8347826086956521
circuit_neg,5.0,0,emotion,30,819,0.932703213610586,0.00945935425572531,0.8521739130434781
circuit_neg,5.0,0,emotion,31,819,0.9270321361058601,0.008420059527909295,0.8478260869565217
circuit_neg,10.0,0,emotion,0,1638,0.9448015122873347,0.023287506380997337,0.8739130434782609
circuit_neg,10.0,0,emotion,1,1638,0.9463137996219281,0.02404845957472855,0.8826086956521738
circuit_neg,10.0,0,emotion,2,1638,0.9493383742911152,0.021131476162543874,0.9086956521739131
circuit_neg,10.0,0,emotion,3,1638,0.9561436672967863,0.01261876693253585,0.9
circuit_neg,10.0,0,emotion,4,1638,0.9557655954631379,0.010599505307278802,0.8869565217391304
circuit_neg,10.0,0,emotion,5,1638,0.9614366729678638,0.009902306883711779,0.8913043478260869
circuit_neg,10.0,0,emotion,6,1638,0.9644612476370511,0.007311561287642219,0.8782608695652174
circuit_neg,10.0,0,emotion,7,1638,0.9697542533081286,0.008866570434448827,0.8913043478260869
circuit_neg,10.0,0,emotion,8,1638,0.9701323251417768,0.007784975531937246,0.882608695652174
circuit_neg,10.0,0,emotion,9,1638,0.9712665406427222,0.01072018667580937,0.8913043478260869
circuit_neg,10.0,0,emotion,10,1638,0.9727788279773157,0.008670960257980915,0.9043478260869564
circuit_neg,10.0,0,emotion,11,1638,0.9708884688090738,0.007617936362801504,0.9086956521739129
circuit_neg,10.0,0,emotion,12,1638,0.9716446124763705,0.008453943204158,0.9043478260869564
circuit_neg,10.0,0,emotion,13,1638,0.972022684310019,0.007311561287642228,0.9130434782608695
circuit_neg,10.0,0,emotion,14,1638,0.9705103969754253,0.0077111826292518715,0.8869565217391304
circuit_neg,10.0,0,emotion,15,1638,0.9678638941398866,0.0059778405674260765,0.8826086956521738
circuit_neg,10.0,0,emotion,16,1638,0.9640831758034027,0.0066566415355988505,0.8869565217391304
circuit_neg,10.0,0,emotion,17,1638,0.9652173913043478,0.008752995767705291,0.8869565217391304
circuit_neg,10.0,0,emotion,18,1638,0.9644612476370511,0.007504511622411804,0.882608695652174
circuit_neg,10.0,0,emotion,19,1638,0.9618147448015122,0.010242886339617483,0.882608695652174
circuit_neg,10.0,0,emotion,20,1638,0.9614366729678638,0.010116512786585787,0.8739130434782609
circuit_neg,10.0,0,emotion,21,1638,0.9572778827977316,0.01032627620699253,0.8652173913043478
circuit_neg,10.0,0,emotion,22,1638,0.9576559546313799,0.009829867674858172,0.8608695652173914
circuit_neg,10.0,0,emotion,23,1638,0.9542533081285445,0.01117712325073307,0.8652173913043478
circuit_neg,10.0,0,emotion,24,1638,0.953875236294896,0.010463782611038235,0.8565217391304347
circuit_neg,10.0,0,emotion,25,1638,0.9448015122873347,0.007692623799385933,0.8608695652173912
circuit_neg,10.0,0,emotion,26,1638,0.9448015122873347,0.012039080021240593,0.8521739130434781
circuit_neg,10.0,0,emotion,27,1638,0.9455576559546314,0.010586011342155022,0.8565217391304347
circuit_neg,10.0,0,emotion,28,1638,0.9455576559546314,0.008231206448800477,0.8478260869565217
circuit_neg,10.0,0,emotion,29,1638,0.9459357277882798,0.009383496140635777,0.8521739130434783
circuit_neg,10.0,0,emotion,30,1638,0.941398865784499,0.011467486493839777,0.8565217391304347
circuit_neg,10.0,0,emotion,31,1638,0.9364839319470699,0.011628398109058335,0.8521739130434781
circuit_neg,25.0,0,emotion,0,4096,0.9448015122873347,0.023287506380997337,0.8739130434782609
circuit_neg,25.0,0,emotion,1,4096,0.9463137996219281,0.02404845957472855,0.8826086956521738
circuit_neg,25.0,0,emotion,2,4096,0.9493383742911152,0.021131476162543874,0.9086956521739131
circuit_neg,25.0,0,emotion,3,4096,0.9561436672967863,0.01261876693253585,0.9
circuit_neg,25.0,0,emotion,4,4096,0.9557655954631379,0.010599505307278802,0.8869565217391304
circuit_neg,25.0,0,emotion,5,4096,0.9614366729678638,0.009902306883711779,0.8913043478260869
circuit_neg,25.0,0,emotion,6,4096,0.9644612476370511,0.007311561287642219,0.8782608695652174
circuit_neg,25.0,0,emotion,7,4096,0.9697542533081286,0.008866570434448827,0.8913043478260869
circuit_neg,25.0,0,emotion,8,4096,0.9701323251417768,0.007784975531937246,0.882608695652174
circuit_neg,25.0,0,emotion,9,4096,0.9712665406427222,0.01072018667580937,0.8913043478260869
circuit_neg,25.0,0,emotion,10,4096,0.9727788279773157,0.008670960257980915,0.9043478260869564
circuit_neg,25.0,0,emotion,11,4096,0.9708884688090738,0.007617936362801504,0.9086956521739129
circuit_neg,25.0,0,emotion,12,4096,0.9716446124763705,0.008453943204158,0.9043478260869564
circuit_neg,25.0,0,emotion,13,4096,0.972022684310019,0.007311561287642228,0.9130434782608695
circuit_neg,25.0,0,emotion,14,4096,0.9705103969754253,0.0077111826292518715,0.8869565217391304
circuit_neg,25.0,0,emotion,15,4096,0.9678638941398866,0.0059778405674260765,0.8826086956521738
circuit_neg,25.0,0,emotion,16,4096,0.9640831758034027,0.0066566415355988505,0.8869565217391304
circuit_neg,25.0,0,emotion,17,4096,0.9652173913043478,0.008752995767705291,0.8869565217391304
circuit_neg,25.0,0,emotion,18,4096,0.9644612476370511,0.007504511622411804,0.882608695652174
circuit_neg,25.0,0,emotion,19,4096,0.9618147448015122,0.010242886339617483,0.882608695652174
circuit_neg,25.0,0,emotion,20,4096,0.9614366729678638,0.010116512786585787,0.8739130434782609
circuit_neg,25.0,0,emotion,21,4096,0.9572778827977316,0.01032627620699253,0.8652173913043478
circuit_neg,25.0,0,emotion,22,4096,0.958790170132325,0.009214410288812034,0.8608695652173914
circuit_neg,25.0,0,emotion,23,4096,0.9580340264650283,0.00823120644880047,0.8608695652173914
circuit_neg,25.0,0,emotion,24,4096,0.958790170132325,0.008231206448800455,0.8652173913043478
circuit_neg,25.0,0,emotion,25,4096,0.9546313799621927,0.008866570434448832,0.8739130434782609
circuit_neg,25.0,0,emotion,26,4096,0.9531190926275992,0.008654459842918424,0.8608695652173914
circuit_neg,25.0,0,emotion,27,4096,0.9557655954631379,0.007711182629251844,0.8739130434782609
circuit_neg,25.0,0,emotion,28,4096,0.9561436672967865,0.006699449960933617,0.8695652173913043
circuit_neg,25.0,0,emotion,29,4096,0.9565217391304348,0.006096225140490373,0.8652173913043478
circuit_neg,25.0,0,emotion,30,4096,0.9561436672967865,0.009368250807836563,0.8695652173913043
circuit_neg,25.0,0,emotion,31,4096,0.9497164461247637,0.012742759581363157,0.8565217391304347
circuit_neg,50.0,0,emotion,0,8192,0.9448015122873347,0.023287506380997337,0.8739130434782609
circuit_neg,50.0,0,emotion,1,8192,0.9463137996219281,0.02404845957472855,0.8826086956521738
circuit_neg,50.0,0,emotion,2,8192,0.9493383742911152,0.021131476162543874,0.9086956521739131
circuit_neg,50.0,0,emotion,3,8192,0.9561436672967863,0.01261876693253585,0.9
circuit_neg,50.0,0,emotion,4,8192,0.9557655954631379,0.010599505307278802,0.8869565217391304
circuit_neg,50.0,0,emotion,5,8192,0.9614366729678638,0.009902306883711779,0.8913043478260869
circuit_neg,50.0,0,emotion,6,8192,0.9644612476370511,0.007311561287642219,0.8782608695652174
circuit_neg,50.0,0,emotion,7,8192,0.9697542533081286,0.008866570434448827,0.8913043478260869
circuit_neg,50.0,0,emotion,8,8192,0.9701323251417768,0.007784975531937246,0.882608695652174
circuit_neg,50.0,0,emotion,9,8192,0.9712665406427222,0.01072018667580937,0.8913043478260869
circuit_neg,50.0,0,emotion,10,8192,0.9727788279773157,0.008670960257980915,0.9043478260869564
circuit_neg,50.0,0,emotion,11,8192,0.9708884688090738,0.007617936362801504,0.9086956521739129
circuit_neg,50.0,0,emotion,12,8192,0.9716446124763705,0.008453943204158,0.9043478260869564
circuit_neg,50.0,0,emotion,13,8192,0.972022684310019,0.007311561287642228,0.9130434782608695
circuit_neg,50.0,0,emotion,14,8192,0.9705103969754253,0.0077111826292518715,0.8869565217391304
circuit_neg,50.0,0,emotion,15,8192,0.9678638941398866,0.0059778405674260765,0.8826086956521738
circuit_neg,50.0,0,emotion,16,8192,0.9640831758034027,0.0066566415355988505,0.8869565217391304
circuit_neg,50.0,0,emotion,17,8192,0.9652173913043478,0.008752995767705291,0.8869565217391304
circuit_neg,50.0,0,emotion,18,8192,0.9644612476370511,0.007504511622411804,0.882608695652174
circuit_neg,50.0,0,emotion,19,8192,0.9618147448015122,0.010242886339617483,0.882608695652174
circuit_neg,50.0,0,emotion,20,8192,0.9614366729678638,0.010116512786585787,0.8739130434782609
circuit_neg,50.0,0,emotion,21,8192,0.9572778827977316,0.01032627620699253,0.8652173913043478
circuit_neg,50.0,0,emotion,22,8192,0.963327032136106,0.005426351642498033,0.8608695652173914
circuit_neg,50.0,0,emotion,23,8192,0.9614366729678638,0.007523534496080291,0.8739130434782609
circuit_neg,50.0,0,emotion,24,8192,0.961436672967864,0.007803314722325236,0.8695652173913043
circuit_neg,50.0,0,emotion,25,8192,0.9610586011342155,0.007523534496080272,0.8782608695652174
circuit_neg,50.0,0,emotion,26,8192,0.9603024574669187,0.006656641535598845,0.8695652173913043
circuit_neg,50.0,0,emotion,27,8192,0.9606805293005671,0.008403066454023719,0.8695652173913043
circuit_neg,50.0,0,emotion,28,8192,0.9640831758034027,0.007655371164958997,0.8826086956521738
circuit_neg,50.0,0,emotion,29,8192,0.9629489603024576,0.008161449204129617,0.8826086956521738
circuit_neg,50.0,0,emotion,30,8192,0.961436672967864,0.011061428233140111,0.8826086956521738
circuit_neg,50.0,0,emotion,31,8192,0.9546313799621927,0.013259491808506755,0.8739130434782609
random,5.0,0,emotion,0,819,0.9448015122873347,0.023287506380997337,0.8739130434782609
random,5.0,0,emotion,1,819,0.9463137996219281,0.02404845957472855,0.8826086956521738
random,5.0,0,emotion,2,819,0.9493383742911152,0.021131476162543874,0.9086956521739131
random,5.0,0,emotion,3,819,0.9561436672967863,0.01261876693253585,0.9
random,5.0,0,emotion,4,819,0.9557655954631379,0.010599505307278802,0.8869565217391304
random,5.0,0,emotion,5,819,0.9614366729678638,0.009902306883711779,0.8913043478260869
random,5.0,0,emotion,6,819,0.9644612476370511,0.007311561287642219,0.8782608695652174
random,5.0,0,emotion,7,819,0.9697542533081286,0.008866570434448827,0.8913043478260869
random,5.0,0,emotion,8,819,0.9701323251417768,0.007784975531937246,0.882608695652174
random,5.0,0,emotion,9,819,0.9712665406427222,0.01072018667580937,0.8913043478260869
random,5.0,0,emotion,10,819,0.9727788279773157,0.008670960257980915,0.9043478260869564
random,5.0,0,emotion,11,819,0.9708884688090738,0.007617936362801504,0.9086956521739129
random,5.0,0,emotion,12,819,0.9716446124763705,0.008453943204158,0.9043478260869564
random,5.0,0,emotion,13,819,0.972022684310019,0.007311561287642228,0.9130434782608695
random,5.0,0,emotion,14,819,0.9705103969754253,0.0077111826292518715,0.8869565217391304
random,5.0,0,emotion,15,819,0.9678638941398866,0.0059778405674260765,0.8826086956521738
random,5.0,0,emotion,16,819,0.9640831758034027,0.0066566415355988505,0.8869565217391304
random,5.0,0,emotion,17,819,0.9652173913043478,0.008752995767705291,0.8869565217391304
random,5.0,0,emotion,18,819,0.9644612476370511,0.007504511622411804,0.882608695652174
random,5.0,0,emotion,19,819,0.9618147448015122,0.010242886339617483,0.882608695652174
random,5.0,0,emotion,20,819,0.9614366729678638,0.010116512786585787,0.8739130434782609
random,5.0,0,emotion,21,819,0.9572778827977316,0.01032627620699253,0.8652173913043478
random,5.0,0,emotion,22,819,0.9576559546313801,0.010326276206992516,0.8608695652173914
random,5.0,0,emotion,23,819,0.9512287334593573,0.011430031348076339,0.8652173913043478
random,5.0,0,emotion,24,819,0.9485822306238185,0.011554409671029232,0.8565217391304347
random,5.0,0,emotion,25,819,0.9361058601134216,0.009815315679203927,0.8478260869565217
random,5.0,0,emotion,26,819,0.9315689981096409,0.011492388773966515,0.8434782608695652
random,5.0,0,emotion,27,819,0.9300567107750473,0.008703867246292133,0.843478260869565
random,5.0,0,emotion,28,819,0.925141776937618,0.010045618340708058,0.8391304347826086
random,5.0,0,emotion,29,819,0.9228733459357278,0.011554409671029197,0.8347826086956521
random,5.0,0,emotion,30,819,0.9160680529300567,0.010865866059130347,0.8304347826086957
random,5.0,0,emotion,31,819,0.9081285444234405,0.01718460215858375,0.826086956521739
random,5.0,1,emotion,0,819,0.9448015122873347,0.023287506380997337,0.8739130434782609
random,5.0,1,emotion,1,819,0.9463137996219281,0.02404845957472855,0.8826086956521738
random,5.0,1,emotion,2,819,0.9493383742911152,0.021131476162543874,0.9086956521739131
random,5.0,1,emotion,3,819,0.9561436672967863,0.01261876693253585,0.9
random,5.0,1,emotion,4,819,0.9557655954631379,0.010599505307278802,0.8869565217391304
random,5.0,1,emotion,5,819,0.9614366729678638,0.009902306883711779,0.8913043478260869
random,5.0,1,emotion,6,819,0.9644612476370511,0.007311561287642219,0.8782608695652174
random,5.0,1,emotion,7,819,0.9697542533081286,0.008866570434448827,0.8913043478260869
random,5.0,1,emotion,8,819,0.9701323251417768,0.007784975531937246,0.882608695652174
random,5.0,1,emotion,9,819,0.9712665406427222,0.01072018667580937,0.8913043478260869
random,5.0,1,emotion,10,819,0.9727788279773157,0.008670960257980915,0.9043478260869564
random,5.0,1,emotion,11,819,0.9708884688090738,0.007617936362801504,0.9086956521739129
random,5.0,1,emotion,12,819,0.9716446124763705,0.008453943204158,0.9043478260869564
random,5.0,1,emotion,13,819,0.972022684310019,0.007311561287642228,0.9130434782608695
random,5.0,1,emotion,14,819,0.9705103969754253,0.0077111826292518715,0.8869565217391304
random,5.0,1,emotion,15,819,0.9678638941398866,0.0059778405674260765,0.8826086956521738
random,5.0,1,emotion,16,819,0.9640831758034027,0.0066566415355988505,0.8869565217391304
random,5.0,1,emotion,17,819,0.9652173913043478,0.008752995767705291,0.8869565217391304
random,5.0,1,emotion,18,819,0.9644612476370511,0.007504511622411804,0.882608695652174
random,5.0,1,emotion,19,819,0.9618147448015122,0.010242886339617483,0.882608695652174
random,5.0,1,emotion,20,819,0.9614366729678638,0.010116512786585787,0.8739130434782609
random,5.0,1,emotion,21,819,0.9572778827977316,0.01032627620699253,0.8652173913043478
random,5.0,1,emotion,22,819,0.9561436672967863,0.008898754099009271,0.8565217391304347
random,5.0,1,emotion,23,819,0.9519848771266541,0.013345453757824437,0.8608695652173912
random,5.0,1,emotion,24,819,0.9466918714555765,0.010172872625386565,0.8565217391304347
random,5.0,1,emotion,25,819,0.9364839319470699,0.009383496140635791,0.8391304347826086
random,5.0,1,emotion,26,819,0.9289224952741021,0.00990230688371177,0.8434782608695652
random,5.0,1,emotion,27,819,0.9270321361058601,0.007331084850535083,0.8478260869565217
random,5.0,1,emotion,28,819,0.9217391304347826,0.00604914933837426,0.8347826086956521
random,5.0,1,emotion,29,819,0.9156899810964083,0.007617936362801473,0.8304347826086957
random,5.0,1,emotion,30,819,0.9126654064272213,0.007692623799385911,0.8217391304347826
random,5.0,1,emotion,31,819,0.9088846880907372,0.017668539048087607,0.8217391304347826
random,5.0,2,emotion,0,819,0.9448015122873347,0.023287506380997337,0.8739130434782609
random,5.0,2,emotion,1,819,0.9463137996219281,0.02404845957472855,0.8826086956521738
random,5.0,2,emotion,2,819,0.9493383742911152,0.021131476162543874,0.9086956521739131
random,5.0,2,emotion,3,819,0.9561436672967863,0.01261876693253585,0.9
random,5.0,2,emotion,4,819,0.9557655954631379,0.010599505307278802,0.8869565217391304
random,5.0,2,emotion,5,819,0.9614366729678638,0.009902306883711779,0.8913043478260869
random,5.0,2,emotion,6,819,0.9644612476370511,0.007311561287642219,0.8782608695652174
random,5.0,2,emotion,7,819,0.9697542533081286,0.008866570434448827,0.8913043478260869
random,5.0,2,emotion,8,819,0.9701323251417768,0.007784975531937246,0.882608695652174
random,5.0,2,emotion,9,819,0.9712665406427222,0.01072018667580937,0.8913043478260869
random,5.0,2,emotion,10,819,0.9727788279773157,0.008670960257980915,0.9043478260869564
random,5.0,2,emotion,11,819,0.9708884688090738,0.007617936362801504,0.9086956521739129
random,5.0,2,emotion,12,819,0.9716446124763705,0.008453943204158,0.9043478260869564
random,5.0,2,emotion,13,819,0.972022684310019,0.007311561287642228,0.9130434782608695
random,5.0,2,emotion,14,819,0.9705103969754253,0.0077111826292518715,0.8869565217391304
random,5.0,2,emotion,15,819,0.9678638941398866,0.0059778405674260765,0.8826086956521738
random,5.0,2,emotion,16,819,0.9640831758034027,0.0066566415355988505,0.8869565217391304
random,5.0,2,emotion,17,819,0.9652173913043478,0.008752995767705291,0.8869565217391304
random,5.0,2,emotion,18,819,0.9644612476370511,0.007504511622411804,0.882608695652174
random,5.0,2,emotion,19,819,0.9618147448015122,0.010242886339617483,0.882608695652174
random,5.0,2,emotion,20,819,0.9614366729678638,0.010116512786585787,0.8739130434782609
random,5.0,2,emotion,21,819,0.9572778827977316,0.01032627620699253,0.8652173913043478
random,5.0,2,emotion,22,819,0.9568998109640832,0.010102373698213495,0.8608695652173914
random,5.0,2,emotion,23,819,0.9504725897920604,0.01317296891507322,0.8608695652173914
random,5.0,2,emotion,24,819,0.9463137996219283,0.009756890662052157,0.8565217391304347
random,5.0,2,emotion,25,819,0.9391304347826086,0.009959878920468406,0.8478260869565217
random,5.0,2,emotion,26,819,0.9304347826086957,0.01155440967102924,0.8434782608695652
random,5.0,2,emotion,27,819,0.9277882797731569,0.009519605528933219,0.8347826086956521
random,5.0,2,emotion,28,819,0.9262759924385634,0.008538064113902623,0.826086956521739
random,5.0,2,emotion,29,819,0.9243856332703213,0.010214938439399865,0.826086956521739
random,5.0,2,emotion,30,819,0.9179584120982988,0.011253592488572562,0.8304347826086957
random,5.0,2,emotion,31,819,0.907750472589792,0.015923961957393356,0.8173913043478261
random,10.0,0,emotion,0,1638,0.9448015122873347,0.023287506380997337,0.8739130434782609
random,10.0,0,emotion,1,1638,0.9463137996219281,0.02404845957472855,0.8826086956521738
random,10.0,0,emotion,2,1638,0.9493383742911152,0.021131476162543874,0.9086956521739131
random,10.0,0,emotion,3,1638,0.9561436672967863,0.01261876693253585,0.9
random,10.0,0,emotion,4,1638,0.9557655954631379,0.010599505307278802,0.8869565217391304
random,10.0,0,emotion,5,1638,0.9614366729678638,0.009902306883711779,0.8913043478260869
random,10.0,0,emotion,6,1638,0.9644612476370511,0.007311561287642219,0.8782608695652174
random,10.0,0,emotion,7,1638,0.9697542533081286,0.008866570434448827,0.8913043478260869
random,10.0,0,emotion,8,1638,0.9701323251417768,0.007784975531937246,0.882608695652174
random,10.0,0,emotion,9,1638,0.9712665406427222,0.01072018667580937,0.8913043478260869
random,10.0,0,emotion,10,1638,0.9727788279773157,0.008670960257980915,0.9043478260869564
random,10.0,0,emotion,11,1638,0.9708884688090738,0.007617936362801504,0.9086956521739129
random,10.0,0,emotion,12,1638,0.9716446124763705,0.008453943204158,0.9043478260869564
random,10.0,0,emotion,13,1638,0.972022684310019,0.007311561287642228,0.9130434782608695
random,10.0,0,emotion,14,1638,0.9705103969754253,0.0077111826292518715,0.8869565217391304
random,10.0,0,emotion,15,1638,0.9678638941398866,0.0059778405674260765,0.8826086956521738
random,10.0,0,emotion,16,1638,0.9640831758034027,0.0066566415355988505,0.8869565217391304
random,10.0,0,emotion,17,1638,0.9652173913043478,0.008752995767705291,0.8869565217391304
random,10.0,0,emotion,18,1638,0.9644612476370511,0.007504511622411804,0.882608695652174
random,10.0,0,emotion,19,1638,0.9618147448015122,0.010242886339617483,0.882608695652174
random,10.0,0,emotion,20,1638,0.9614366729678638,0.010116512786585787,0.8739130434782609
random,10.0,0,emotion,21,1638,0.9572778827977316,0.01032627620699253,0.8652173913043478
random,10.0,0,emotion,22,1638,0.9568998109640832,0.009444231377540073,0.8652173913043478
random,10.0,0,emotion,23,1638,0.9519848771266541,0.011628398109058377,0.8608695652173914
random,10.0,0,emotion,24,1638,0.9482041587901702,0.01187169638420236,0.8565217391304347
random,10.0,0,emotion,25,1638,0.9406427221172023,0.009152150046813029,0.8434782608695652
random,10.0,0,emotion,26,1638,0.9330812854442344,0.008670960257980897,0.8434782608695652
random,10.0,0,emotion,27,1638,0.932703213610586,0.007232940064162223,0.843478260869565
random,10.0,0,emotion,28,1638,0.9285444234404536,0.008403066454023778,0.8304347826086957
random,10.0,0,emotion,29,1638,0.9224952741020795,0.010826329726484962,0.8304347826086957
random,10.0,0,emotion,30,1638,0.918336483931947,0.008231206448800462,0.8304347826086957
random,10.0,0,emotion,31,1638,0.9122873345935727,0.010733511959605667,0.8304347826086957
random,10.0,1,emotion,0,1638,0.9448015122873347,0.023287506380997337,0.8739130434782609
random,10.0,1,emotion,1,1638,0.9463137996219281,0.02404845957472855,0.8826086956521738
random,10.0,1,emotion,2,1638,0.9493383742911152,0.021131476162543874,0.9086956521739131
random,10.0,1,emotion,3,1638,0.9561436672967863,0.01261876693253585,0.9
random,10.0,1,emotion,4,1638,0.9557655954631379,0.010599505307278802,0.8869565217391304
random,10.0,1,emotion,5,1638,0.9614366729678638,0.009902306883711779,0.8913043478260869
random,10.0,1,emotion,6,1638,0.9644612476370511,0.007311561287642219,0.8782608695652174
random,10.0,1,emotion,7,1638,0.9697542533081286,0.008866570434448827,0.8913043478260869
random,10.0,1,emotion,8,1638,0.9701323251417768,0.007784975531937246,0.882608695652174
random,10.0,1,emotion,9,1638,0.9712665406427222,0.01072018667580937,0.8913043478260869
random,10.0,1,emotion,10,1638,0.9727788279773157,0.008670960257980915,0.9043478260869564
random,10.0,1,emotion,11,1638,0.9708884688090738,0.007617936362801504,0.9086956521739129
random,10.0,1,emotion,12,1638,0.9716446124763705,0.008453943204158,0.9043478260869564
random,10.0,1,emotion,13,1638,0.972022684310019,0.007311561287642228,0.9130434782608695
random,10.0,1,emotion,14,1638,0.9705103969754253,0.0077111826292518715,0.8869565217391304
random,10.0,1,emotion,15,1638,0.9678638941398866,0.0059778405674260765,0.8826086956521738
random,10.0,1,emotion,16,1638,0.9640831758034027,0.0066566415355988505,0.8869565217391304
random,10.0,1,emotion,17,1638,0.9652173913043478,0.008752995767705291,0.8869565217391304
random,10.0,1,emotion,18,1638,0.9644612476370511,0.007504511622411804,0.882608695652174
random,10.0,1,emotion,19,1638,0.9618147448015122,0.010242886339617483,0.882608695652174
random,10.0,1,emotion,20,1638,0.9614366729678638,0.010116512786585787,0.8739130434782609
random,10.0,1,emotion,21,1638,0.9572778827977316,0.01032627620699253,0.8652173913043478
random,10.0,1,emotion,22,1638,0.9557655954631381,0.01066671907725205,0.8608695652173914
random,10.0,1,emotion,23,1638,0.9512287334593573,0.01167746329790584,0.8608695652173912
random,10.0,1,emotion,24,1638,0.9466918714555765,0.010242886339617464,0.8565217391304347
random,10.0,1,emotion,25,1638,0.9376181474480152,0.010422721173603208,0.843478260869565
random,10.0,1,emotion,26,1638,0.929678638941399,0.009815315679203887,0.8347826086956521
random,10.0,1,emotion,27,1638,0.9274102079395086,0.009383496140635775,0.8391304347826086
random,10.0,1,emotion,28,1638,0.9236294896030245,0.008504515598640487,0.8217391304347826
random,10.0,1,emotion,29,1638,0.9198487712665407,0.0068262646825208795,0.8217391304347826
random,10.0,1,emotion,30,1638,0.9137996219281662,0.010599505307278784,0.8260869565217392
random,10.0,1,emotion,31,1638,0.9119092627599243,0.00968336368609888,0.8217391304347826
random,10.0,2,emotion,0,1638,0.9448015122873347,0.023287506380997337,0.8739130434782609
random,10.0,2,emotion,1,1638,0.9463137996219281,0.02404845957472855,0.8826086956521738
random,10.0,2,emotion,2,1638,0.9493383742911152,0.021131476162543874,0.9086956521739131
random,10.0,2,emotion,3,1638,0.9561436672967863,0.01261876693253585,0.9
random,10.0,2,emotion,4,1638,0.9557655954631379,0.010599505307278802,0.8869565217391304
random,10.0,2,emotion,5,1638,0.9614366729678638,0.009902306883711779,0.8913043478260869
random,10.0,2,emotion,6,1638,0.9644612476370511,0.007311561287642219,0.8782608695652174
random,10.0,2,emotion,7,1638,0.9697542533081286,0.008866570434448827,0.8913043478260869
random,10.0,2,emotion,8,1638,0.9701323251417768,0.007784975531937246,0.882608695652174
random,10.0,2,emotion,9,1638,0.9712665406427222,0.01072018667580937,0.8913043478260869
random,10.0,2,emotion,10,1638,0.9727788279773157,0.008670960257980915,0.9043478260869564
random,10.0,2,emotion,11,1638,0.9708884688090738,0.007617936362801504,0.9086956521739129
random,10.0,2,emotion,12,1638,0.9716446124763705,0.008453943204158,0.9043478260869564
random,10.0,2,emotion,13,1638,0.972022684310019,0.007311561287642228,0.9130434782608695
random,10.0,2,emotion,14,1638,0.9705103969754253,0.0077111826292518715,0.8869565217391304
random,10.0,2,emotion,15,1638,0.9678638941398866,0.0059778405674260765,0.8826086956521738
random,10.0,2,emotion,16,1638,0.9640831758034027,0.0066566415355988505,0.8869565217391304
random,10.0,2,emotion,17,1638,0.9652173913043478,0.008752995767705291,0.8869565217391304
random,10.0,2,emotion,18,1638,0.9644612476370511,0.007504511622411804,0.882608695652174
random,10.0,2,emotion,19,1638,0.9618147448015122,0.010242886339617483,0.882608695652174
random,10.0,2,emotion,20,1638,0.9614366729678638,0.010116512786585787,0.8739130434782609
random,10.0,2,emotion,21,1638,0.9572778827977316,0.01032627620699253,0.8652173913043478
random,10.0,2,emotion,22,1638,0.9572778827977316,0.011379899390013149,0.8608695652173914
random,10.0,2,emotion,23,1638,0.9516068052930058,0.011991494538490521,0.8608695652173912
random,10.0,2,emotion,24,1638,0.9478260869565217,0.010326276206992573,0.8565217391304347
random,10.0,2,emotion,25,1638,0.9421550094517958,0.011253592488572552,0.8478260869565217
random,10.0,2,emotion,26,1638,0.934593572778828,0.00824855358384553,0.8391304347826086
random,10.0,2,emotion,27,1638,0.9315689981096409,0.00905795731622756,0.8347826086956521
random,10.0,2,emotion,28,1638,0.9285444234404536,0.008231206448800465,0.8173913043478261
random,10.0,2,emotion,29,1638,0.9247637051039698,0.010102373698213511,0.8217391304347824
random,10.0,2,emotion,30,1638,0.9213610586011342,0.01079989176339187,0.826086956521739
random,10.0,2,emotion,31,1638,0.9141776937618147,0.01417643346635368,0.8347826086956521
random,25.0,0,emotion,0,4096,0.9448015122873347,0.023287506380997337,0.8739130434782609
random,25.0,0,emotion,1,4096,0.9463137996219281,0.02404845957472855,0.8826086956521738
random,25.0,0,emotion,2,4096,0.9493383742911152,0.021131476162543874,0.9086956521739131
random,25.0,0,emotion,3,4096,0.9561436672967863,0.01261876693253585,0.9
random,25.0,0,emotion,4,4096,0.9557655954631379,0.010599505307278802,0.8869565217391304
random,25.0,0,emotion,5,4096,0.9614366729678638,0.009902306883711779,0.8913043478260869
random,25.0,0,emotion,6,4096,0.9644612476370511,0.007311561287642219,0.8782608695652174
random,25.0,0,emotion,7,4096,0.9697542533081286,0.008866570434448827,0.8913043478260869
random,25.0,0,emotion,8,4096,0.9701323251417768,0.007784975531937246,0.882608695652174
random,25.0,0,emotion,9,4096,0.9712665406427222,0.01072018667580937,0.8913043478260869
random,25.0,0,emotion,10,4096,0.9727788279773157,0.008670960257980915,0.9043478260869564
random,25.0,0,emotion,11,4096,0.9708884688090738,0.007617936362801504,0.9086956521739129
random,25.0,0,emotion,12,4096,0.9716446124763705,0.008453943204158,0.9043478260869564
random,25.0,0,emotion,13,4096,0.972022684310019,0.007311561287642228,0.9130434782608695
random,25.0,0,emotion,14,4096,0.9705103969754253,0.0077111826292518715,0.8869565217391304
random,25.0,0,emotion,15,4096,0.9678638941398866,0.0059778405674260765,0.8826086956521738
random,25.0,0,emotion,16,4096,0.9640831758034027,0.0066566415355988505,0.8869565217391304
random,25.0,0,emotion,17,4096,0.9652173913043478,0.008752995767705291,0.8869565217391304
random,25.0,0,emotion,18,4096,0.9644612476370511,0.007504511622411804,0.882608695652174
random,25.0,0,emotion,19,4096,0.9618147448015122,0.010242886339617483,0.882608695652174
random,25.0,0,emotion,20,4096,0.9614366729678638,0.010116512786585787,0.8739130434782609
random,25.0,0,emotion,21,4096,0.9572778827977316,0.01032627620699253,0.8652173913043478
random,25.0,0,emotion,22,4096,0.9561436672967863,0.01065331024847283,0.8608695652173914
random,25.0,0,emotion,23,4096,0.9527410207939508,0.012482097557065553,0.8608695652173914
random,25.0,0,emotion,24,4096,0.9485822306238185,0.009815315679203926,0.8608695652173912
random,25.0,0,emotion,25,4096,0.9406427221172022,0.008420059527909314,0.8565217391304347
random,25.0,0,emotion,26,4096,0.9395085066162571,0.00870386724629213,0.8521739130434783
random,25.0,0,emotion,27,4096,0.9372400756143667,0.009444231377540127,0.8478260869565217
random,25.0,0,emotion,28,4096,0.9368620037807183,0.007711182629251879,0.8478260869565217
random,25.0,0,emotion,29,4096,0.9342155009451796,0.007504511622411817,0.8391304347826086
random,25.0,0,emotion,30,4096,0.9334593572778829,0.008143916532528578,0.843478260869565
random,25.0,0,emotion,31,4096,0.9319470699432891,0.008196402037307687,0.8521739130434781
random,25.0,1,emotion,0,4096,0.9448015122873347,0.023287506380997337,0.8739130434782609
random,25.0,1,emotion,1,4096,0.9463137996219281,0.02404845957472855,0.8826086956521738
random,25.0,1,emotion,2,4096,0.9493383742911152,0.021131476162543874,0.9086956521739131
random,25.0,1,emotion,3,4096,0.9561436672967863,0.01261876693253585,0.9
random,25.0,1,emotion,4,4096,0.9557655954631379,0.010599505307278802,0.8869565217391304
random,25.0,1,emotion,5,4096,0.9614366729678638,0.009902306883711779,0.8913043478260869
random,25.0,1,emotion,6,4096,0.9644612476370511,0.007311561287642219,0.8782608695652174
random,25.0,1,emotion,7,4096,0.9697542533081286,0.008866570434448827,0.8913043478260869
random,25.0,1,emotion,8,4096,0.9701323251417768,0.007784975531937246,0.882608695652174
random,25.0,1,emotion,9,4096,0.9712665406427222,0.01072018667580937,0.8913043478260869
random,25.0,1,emotion,10,4096,0.9727788279773157,0.008670960257980915,0.9043478260869564
random,25.0,1,emotion,11,4096,0.9708884688090738,0.007617936362801504,0.9086956521739129
random,25.0,1,emotion,12,4096,0.9716446124763705,0.008453943204158,0.9043478260869564
random,25.0,1,emotion,13,4096,0.972022684310019,0.007311561287642228,0.9130434782608695
random,25.0,1,emotion,14,4096,0.9705103969754253,0.0077111826292518715,0.8869565217391304
random,25.0,1,emotion,15,4096,0.9678638941398866,0.0059778405674260765,0.8826086956521738
random,25.0,1,emotion,16,4096,0.9640831758034027,0.0066566415355988505,0.8869565217391304
random,25.0,1,emotion,17,4096,0.9652173913043478,0.008752995767705291,0.8869565217391304
random,25.0,1,emotion,18,4096,0.9644612476370511,0.007504511622411804,0.882608695652174
random,25.0,1,emotion,19,4096,0.9618147448015122,0.010242886339617483,0.882608695652174
random,25.0,1,emotion,20,4096,0.9614366729678638,0.010116512786585787,0.8739130434782609
random,25.0,1,emotion,21,4096,0.9572778827977316,0.01032627620699253,0.8652173913043478
random,25.0,1,emotion,22,4096,0.9565217391304348,0.00978614677167844,0.8608695652173914
random,25.0,1,emotion,23,4096,0.953875236294896,0.012742759581363103,0.8652173913043478
random,25.0,1,emotion,24,4096,0.9493383742911152,0.009444231377540113,0.8608695652173912
random,25.0,1,emotion,25,4096,0.9436672967863895,0.01317296891507326,0.8565217391304347
random,25.0,1,emotion,26,4096,0.9379962192816634,0.011304284603195488,0.8434782608695652
random,25.0,1,emotion,27,4096,0.934593572778828,0.010463782611038211,0.8521739130434783
random,25.0,1,emotion,28,4096,0.932703213610586,0.012110107658258547,0.8565217391304347
random,25.0,1,emotion,29,4096,0.9270321361058602,0.009609274122600263,0.8304347826086957
random,25.0,1,emotion,30,4096,0.9258979206049149,0.011367331855102384,0.8347826086956521
random,25.0,1,emotion,31,4096,0.9266540642722116,0.013118602323551986,0.8391304347826086
random,25.0,2,emotion,0,4096,0.9448015122873347,0.023287506380997337,0.8739130434782609
random,25.0,2,emotion,1,4096,0.9463137996219281,0.02404845957472855,0.8826086956521738
random,25.0,2,emotion,2,4096,0.9493383742911152,0.021131476162543874,0.9086956521739131
random,25.0,2,emotion,3,4096,0.9561436672967863,0.01261876693253585,0.9
random,25.0,2,emotion,4,4096,0.9557655954631379,0.010599505307278802,0.8869565217391304
random,25.0,2,emotion,5,4096,0.9614366729678638,0.009902306883711779,0.8913043478260869
random,25.0,2,emotion,6,4096,0.9644612476370511,0.007311561287642219,0.8782608695652174
random,25.0,2,emotion,7,4096,0.9697542533081286,0.008866570434448827,0.8913043478260869
random,25.0,2,emotion,8,4096,0.9701323251417768,0.007784975531937246,0.882608695652174
random,25.0,2,emotion,9,4096,0.9712665406427222,0.01072018667580937,0.8913043478260869
random,25.0,2,emotion,10,4096,0.9727788279773157,0.008670960257980915,0.9043478260869564
random,25.0,2,emotion,11,4096,0.9708884688090738,0.007617936362801504,0.9086956521739129
random,25.0,2,emotion,12,4096,0.9716446124763705,0.008453943204158,0.9043478260869564
random,25.0,2,emotion,13,4096,0.972022684310019,0.007311561287642228,0.9130434782608695
random,25.0,2,emotion,14,4096,0.9705103969754253,0.0077111826292518715,0.8869565217391304
random,25.0,2,emotion,15,4096,0.9678638941398866,0.0059778405674260765,0.8826086956521738
random,25.0,2,emotion,16,4096,0.9640831758034027,0.0066566415355988505,0.8869565217391304
random,25.0,2,emotion,17,4096,0.9652173913043478,0.008752995767705291,0.8869565217391304
random,25.0,2,emotion,18,4096,0.9644612476370511,0.007504511622411804,0.882608695652174
random,25.0,2,emotion,19,4096,0.9618147448015122,0.010242886339617483,0.882608695652174
random,25.0,2,emotion,20,4096,0.9614366729678638,0.010116512786585787,0.8739130434782609
random,25.0,2,emotion,21,4096,0.9572778827977316,0.01032627620699253,0.8652173913043478
random,25.0,2,emotion,22,4096,0.9561436672967863,0.011177123250733018,0.8608695652173914
random,25.0,2,emotion,23,4096,0.9497164461247637,0.010733511959605608,0.8565217391304347
random,25.0,2,emotion,24,4096,0.948960302457467,0.010002840495518322,0.8608695652173912
random,25.0,2,emotion,25,4096,0.9429111531190927,0.009594387554215156,0.8478260869565217
random,25.0,2,emotion,26,4096,0.9391304347826088,0.012618766932535844,0.8478260869565217
random,25.0,2,emotion,27,4096,0.9372400756143667,0.013963089083266066,0.8391304347826086
random,25.0,2,emotion,28,4096,0.9353497164461247,0.01333473881931824,0.8478260869565217
random,25.0,2,emotion,29,4096,0.9296786389413988,0.010852703284996117,0.8478260869565217
random,25.0,2,emotion,30,4096,0.9255198487712665,0.011253592488572554,0.8391304347826086
random,25.0,2,emotion,31,4096,0.9300567107750473,0.008866570434448837,0.8521739130434783
random,50.0,0,emotion,0,8192,0.9448015122873347,0.023287506380997337,0.8739130434782609
random,50.0,0,emotion,1,8192,0.9463137996219281,0.02404845957472855,0.8826086956521738
random,50.0,0,emotion,2,8192,0.9493383742911152,0.021131476162543874,0.9086956521739131
random,50.0,0,emotion,3,8192,0.9561436672967863,0.01261876693253585,0.9
random,50.0,0,emotion,4,8192,0.9557655954631379,0.010599505307278802,0.8869565217391304
random,50.0,0,emotion,5,8192,0.9614366729678638,0.009902306883711779,0.8913043478260869
random,50.0,0,emotion,6,8192,0.9644612476370511,0.007311561287642219,0.8782608695652174
random,50.0,0,emotion,7,8192,0.9697542533081286,0.008866570434448827,0.8913043478260869
random,50.0,0,emotion,8,8192,0.9701323251417768,0.007784975531937246,0.882608695652174
random,50.0,0,emotion,9,8192,0.9712665406427222,0.01072018667580937,0.8913043478260869
random,50.0,0,emotion,10,8192,0.9727788279773157,0.008670960257980915,0.9043478260869564
random,50.0,0,emotion,11,8192,0.9708884688090738,0.007617936362801504,0.9086956521739129
random,50.0,0,emotion,12,8192,0.9716446124763705,0.008453943204158,0.9043478260869564
random,50.0,0,emotion,13,8192,0.972022684310019,0.007311561287642228,0.9130434782608695
random,50.0,0,emotion,14,8192,0.9705103969754253,0.0077111826292518715,0.8869565217391304
random,50.0,0,emotion,15,8192,0.9678638941398866,0.0059778405674260765,0.8826086956521738
random,50.0,0,emotion,16,8192,0.9640831758034027,0.0066566415355988505,0.8869565217391304
random,50.0,0,emotion,17,8192,0.9652173913043478,0.008752995767705291,0.8869565217391304
random,50.0,0,emotion,18,8192,0.9644612476370511,0.007504511622411804,0.882608695652174
random,50.0,0,emotion,19,8192,0.9618147448015122,0.010242886339617483,0.882608695652174
random,50.0,0,emotion,20,8192,0.9614366729678638,0.010116512786585787,0.8739130434782609
random,50.0,0,emotion,21,8192,0.9572778827977316,0.01032627620699253,0.8652173913043478
random,50.0,0,emotion,22,8192,0.9584120982986766,0.01021493843939982,0.8652173913043478
random,50.0,0,emotion,23,8192,0.9553875236294896,0.011811341664887185,0.8652173913043478
random,50.0,0,emotion,24,8192,0.953875236294896,0.011125851772825827,0.8652173913043478
random,50.0,0,emotion,25,8192,0.951984877126654,0.01018691386412663,0.8652173913043478
random,50.0,0,emotion,26,8192,0.9500945179584119,0.011316922152813434,0.8521739130434783
random,50.0,0,emotion,27,8192,0.947069943289225,0.012821039665643241,0.8521739130434783
random,50.0,0,emotion,28,8192,0.9463137996219281,0.012285880385082774,0.8521739130434783
random,50.0,0,emotion,29,8192,0.9463137996219281,0.011125851772825856,0.8478260869565217
random,50.0,0,emotion,30,8192,0.9459357277882798,0.011379899390013189,0.8565217391304347
random,50.0,0,emotion,31,8192,0.9463137996219281,0.01659214234971016,0.8652173913043478
random,50.0,1,emotion,0,8192,0.9448015122873347,0.023287506380997337,0.8739130434782609
random,50.0,1,emotion,1,8192,0.9463137996219281,0.02404845957472855,0.8826086956521738
random,50.0,1,emotion,2,8192,0.9493383742911152,0.021131476162543874,0.9086956521739131
random,50.0,1,emotion,3,8192,0.9561436672967863,0.01261876693253585,0.9
random,50.0,1,emotion,4,8192,0.9557655954631379,0.010599505307278802,0.8869565217391304
random,50.0,1,emotion,5,8192,0.9614366729678638,0.009902306883711779,0.8913043478260869
random,50.0,1,emotion,6,8192,0.9644612476370511,0.007311561287642219,0.8782608695652174
random,50.0,1,emotion,7,8192,0.9697542533081286,0.008866570434448827,0.8913043478260869
random,50.0,1,emotion,8,8192,0.9701323251417768,0.007784975531937246,0.882608695652174
random,50.0,1,emotion,9,8192,0.9712665406427222,0.01072018667580937,0.8913043478260869
random,50.0,1,emotion,10,8192,0.9727788279773157,0.008670960257980915,0.9043478260869564
random,50.0,1,emotion,11,8192,0.9708884688090738,0.007617936362801504,0.9086956521739129
random,50.0,1,emotion,12,8192,0.9716446124763705,0.008453943204158,0.9043478260869564
random,50.0,1,emotion,13,8192,0.972022684310019,0.007311561287642228,0.9130434782608695
random,50.0,1,emotion,14,8192,0.9705103969754253,0.0077111826292518715,0.8869565217391304
random,50.0,1,emotion,15,8192,0.9678638941398866,0.0059778405674260765,0.8826086956521738
random,50.0,1,emotion,16,8192,0.9640831758034027,0.0066566415355988505,0.8869565217391304
random,50.0,1,emotion,17,8192,0.9652173913043478,0.008752995767705291,0.8869565217391304
random,50.0,1,emotion,18,8192,0.9644612476370511,0.007504511622411804,0.882608695652174
random,50.0,1,emotion,19,8192,0.9618147448015122,0.010242886339617483,0.882608695652174
random,50.0,1,emotion,20,8192,0.9614366729678638,0.010116512786585787,0.8739130434782609
random,50.0,1,emotion,21,8192,0.9572778827977316,0.01032627620699253,0.8652173913043478
random,50.0,1,emotion,22,8192,0.9576559546313801,0.00915215004681297,0.8608695652173914
random,50.0,1,emotion,23,8192,0.9557655954631381,0.01211010765825856,0.8608695652173914
random,50.0,1,emotion,24,8192,0.9531190926275993,0.010102373698213526,0.8608695652173914
random,50.0,1,emotion,25,8192,0.9485822306238184,0.010242886339617459,0.8652173913043478
random,50.0,1,emotion,26,8192,0.9466918714555765,0.009815315679203919,0.8565217391304347
random,50.0,1,emotion,27,8192,0.9463137996219283,0.01039525677494711,0.8478260869565217
random,50.0,1,emotion,28,8192,0.9466918714555765,0.011304284603195524,0.8565217391304347
random,50.0,1,emotion,29,8192,0.9425330812854442,0.008504515598640463,0.8478260869565218
random,50.0,1,emotion,30,8192,0.941398865784499,0.00894681252642665,0.8608695652173912
random,50.0,1,emotion,31,8192,0.9395085066162571,0.011591462923822961,0.8521739130434781
random,50.0,2,emotion,0,8192,0.9448015122873347,0.023287506380997337,0.8739130434782609
random,50.0,2,emotion,1,8192,0.9463137996219281,0.02404845957472855,0.8826086956521738
random,50.0,2,emotion,2,8192,0.9493383742911152,0.021131476162543874,0.9086956521739131
random,50.0,2,emotion,3,8192,0.9561436672967863,0.01261876693253585,0.9
random,50.0,2,emotion,4,8192,0.9557655954631379,0.010599505307278802,0.8869565217391304
random,50.0,2,emotion,5,8192,0.9614366729678638,0.009902306883711779,0.8913043478260869
random,50.0,2,emotion,6,8192,0.9644612476370511,0.007311561287642219,0.8782608695652174
random,50.0,2,emotion,7,8192,0.9697542533081286,0.008866570434448827,0.8913043478260869
random,50.0,2,emotion,8,8192,0.9701323251417768,0.007784975531937246,0.882608695652174
random,50.0,2,emotion,9,8192,0.9712665406427222,0.01072018667580937,0.8913043478260869
random,50.0,2,emotion,10,8192,0.9727788279773157,0.008670960257980915,0.9043478260869564
random,50.0,2,emotion,11,8192,0.9708884688090738,0.007617936362801504,0.9086956521739129
random,50.0,2,emotion,12,8192,0.9716446124763705,0.008453943204158,0.9043478260869564
random,50.0,2,emotion,13,8192,0.972022684310019,0.007311561287642228,0.9130434782608695
random,50.0,2,emotion,14,8192,0.9705103969754253,0.0077111826292518715,0.8869565217391304
random,50.0,2,emotion,15,8192,0.9678638941398866,0.0059778405674260765,0.8826086956521738
random,50.0,2,emotion,16,8192,0.9640831758034027,0.0066566415355988505,0.8869565217391304
random,50.0,2,emotion,17,8192,0.9652173913043478,0.008752995767705291,0.8869565217391304
random,50.0,2,emotion,18,8192,0.9644612476370511,0.007504511622411804,0.882608695652174
random,50.0,2,emotion,19,8192,0.9618147448015122,0.010242886339617483,0.882608695652174
random,50.0,2,emotion,20,8192,0.9614366729678638,0.010116512786585787,0.8739130434782609
random,50.0,2,emotion,21,8192,0.9572778827977316,0.01032627620699253,0.8652173913043478
random,50.0,2,emotion,22,8192,0.9553875236294896,0.009307019754322217,0.8608695652173914
random,50.0,2,emotion,23,8192,0.9527410207939508,0.010626441831799765,0.8608695652173914
random,50.0,2,emotion,24,8192,0.951984877126654,0.011871696384202327,0.8565217391304347
random,50.0,2,emotion,25,8192,0.9493383742911152,0.010653310248472868,0.8565217391304347
random,50.0,2,emotion,26,8192,0.9500945179584122,0.01290992142076662,0.8565217391304347
random,50.0,2,emotion,27,8192,0.947069943289225,0.01287666265854552,0.8565217391304347
random,50.0,2,emotion,28,8192,0.9444234404536862,0.012573375537478972,0.8521739130434781
random,50.0,2,emotion,29,8192,0.9421550094517958,0.009459354255725376,0.8521739130434781
random,50.0,2,emotion,30,8192,0.941398865784499,0.012821039665643226,0.8521739130434783
random,50.0,2,emotion,31,8192,0.9391304347826086,0.010242886339617464,0.8565217391304347
clean,0.0,0,medical,0,0,0.947107438016529,0.04574661984495222,0.8545454545454547
clean,0.0,0,medical,1,0,0.9322314049586776,0.042592061906529304,0.8272727272727272
clean,0.0,0,medical,2,0,0.9537190082644628,0.0341153180835542,0.8727272727272727
clean,0.0,0,medical,3,0,0.9702479338842975,0.023140495867768614,0.9
clean,0.0,0,medical,4,0,0.9900826446280993,0.012146230129503405,0.9545454545454545
clean,0.0,0,medical,5,0,0.9966942148760332,0.004048743376501108,0.9636363636363636
clean,0.0,0,medical,6,0,0.9933884297520661,0.009637937016273234,0.9818181818181818
clean,0.0,0,medical,7,0,0.9933884297520661,0.009637937016273234,0.9727272727272727
clean,0.0,0,medical,8,0,0.9917355371900827,0.01280325073126419,0.9636363636363636
clean,0.0,0,medical,9,0,0.9950413223140497,0.006611570247933901,0.9636363636363636
clean,0.0,0,medical,10,0,0.9950413223140497,0.006611570247933901,0.9545454545454547
clean,0.0,0,medical,11,0,0.9983471074380166,0.0033057851239669312,0.9636363636363636
clean,0.0,0,medical,12,0,0.9966942148760332,0.004048743376501108,0.9636363636363636
clean,0.0,0,medical,13,0,0.9966942148760332,0.004048743376501108,0.9636363636363636
clean,0.0,0,medical,14,0,0.9966942148760332,0.004048743376501108,0.9636363636363636
clean,0.0,0,medical,15,0,0.9966942148760332,0.004048743376501108,0.9636363636363636
clean,0.0,0,medical,16,0,0.9966942148760332,0.004048743376501108,0.9636363636363636
clean,0.0,0,medical,17,0,0.9966942148760332,0.004048743376501108,0.9545454545454547
clean,0.0,0,medical,18,0,0.9900826446280991,0.008097486753002257,0.9545454545454547
clean,0.0,0,medical,19,0,0.9900826446280991,0.009637937016273242,0.9545454545454547
clean,0.0,0,medical,20,0,0.9884297520661157,0.00842813142742611,0.9545454545454547
clean,0.0,0,medical,21,0,0.9834710743801652,0.009053265413308541,0.9545454545454547
clean,0.0,0,medical,22,0,0.9834710743801652,0.010453810446837618,0.9545454545454547
clean,0.0,0,medical,23,0,0.9768595041322312,0.016025387958401104,0.9363636363636363
clean,0.0,0,medical,24,0,0.9735537190082644,0.01685626285485219,0.9454545454545455
clean,0.0,0,medical,25,0,0.971900826446281,0.017802197709535568,0.9363636363636363
clean,0.0,0,medical,26,0,0.9702479338842973,0.019275874032546464,0.9272727272727274
clean,0.0,0,medical,27,0,0.9652892561983469,0.019133614715355764,0.9363636363636363
clean,0.0,0,medical,28,0,0.9603305785123967,0.022420925564050485,0.9272727272727274
clean,0.0,0,medical,29,0,0.9619834710743802,0.024292460259006752,0.9272727272727274
clean,0.0,0,medical,30,0,0.9636363636363636,0.02314049586776863,0.9181818181818182
clean,0.0,0,medical,31,0,0.9586776859504132,0.024516358635026984,0.9454545454545455
circuit,5.0,0,medical,0,819,0.947107438016529,0.04574661984495222,0.8545454545454547
circuit,5.0,0,medical,1,819,0.9322314049586776,0.042592061906529304,0.8272727272727272
circuit,5.0,0,medical,2,819,0.9537190082644628,0.0341153180835542,0.8727272727272727
circuit,5.0,0,medical,3,819,0.9702479338842975,0.023140495867768614,0.9
circuit,5.0,0,medical,4,819,0.9900826446280993,0.012146230129503405,0.9545454545454545
circuit,5.0,0,medical,5,819,0.9966942148760332,0.004048743376501108,0.9636363636363636
circuit,5.0,0,medical,6,819,0.9933884297520661,0.009637937016273234,0.9818181818181818
circuit,5.0,0,medical,7,819,0.9933884297520661,0.009637937016273234,0.9727272727272727
circuit,5.0,0,medical,8,819,0.9917355371900827,0.01280325073126419,0.9636363636363636
circuit,5.0,0,medical,9,819,0.9950413223140497,0.006611570247933901,0.9636363636363636
circuit,5.0,0,medical,10,819,0.9950413223140497,0.006611570247933901,0.9545454545454547
circuit,5.0,0,medical,11,819,0.9983471074380166,0.0033057851239669312,0.9636363636363636
circuit,5.0,0,medical,12,819,0.9966942148760332,0.004048743376501108,0.9636363636363636
circuit,5.0,0,medical,13,819,0.9966942148760332,0.004048743376501108,0.9636363636363636
circuit,5.0,0,medical,14,819,0.9966942148760332,0.004048743376501108,0.9636363636363636
circuit,5.0,0,medical,15,819,0.9966942148760332,0.004048743376501108,0.9636363636363636
circuit,5.0,0,medical,16,819,0.9966942148760332,0.004048743376501108,0.9636363636363636
circuit,5.0,0,medical,17,819,0.9966942148760332,0.004048743376501108,0.9545454545454547
circuit,5.0,0,medical,18,819,0.9900826446280991,0.008097486753002257,0.9545454545454547
circuit,5.0,0,medical,19,819,0.9900826446280991,0.009637937016273242,0.9545454545454547
circuit,5.0,0,medical,20,819,0.9884297520661157,0.00842813142742611,0.9545454545454547
circuit,5.0,0,medical,21,819,0.9834710743801652,0.009053265413308541,0.9545454545454547
circuit,5.0,0,medical,22,819,0.9801652892561983,0.011210462782025239,0.9545454545454547
circuit,5.0,0,medical,23,819,0.9735537190082644,0.01685626285485219,0.9363636363636363
circuit,5.0,0,medical,24,819,0.971900826446281,0.01927587403254645,0.9454545454545455
circuit,5.0,0,medical,25,819,0.9685950413223139,0.020511857266100608,0.9454545454545455
circuit,5.0,0,medical,26,819,0.9636363636363635,0.023723471230425335,0.9272727272727274
circuit,5.0,0,medical,27,819,0.9636363636363635,0.023723471230425335,0.9272727272727274
circuit,5.0,0,medical,28,819,0.9636363636363635,0.023723471230425335,0.9181818181818183
circuit,5.0,0,medical,29,819,0.9603305785123967,0.02417973361707074,0.9090909090909092
circuit,5.0,0,medical,30,819,0.9553719008264464,0.02891381104881968,0.8818181818181818
circuit,5.0,0,medical,31,819,0.9454545454545455,0.01927587403254643,0.8818181818181818
circuit,10.0,0,medical,0,1638,0.947107438016529,0.04574661984495222,0.8545454545454547
circuit,10.0,0,medical,1,1638,0.9322314049586776,0.042592061906529304,0.8272727272727272
circuit,10.0,0,medical,2,1638,0.9537190082644628,0.0341153180835542,0.8727272727272727
circuit,10.0,0,medical,3,1638,0.9702479338842975,0.023140495867768614,0.9
circuit,10.0,0,medical,4,1638,0.9900826446280993,0.012146230129503405,0.9545454545454545
circuit,10.0,0,medical,5,1638,0.9966942148760332,0.004048743376501108,0.9636363636363636
circuit,10.0,0,medical,6,1638,0.9933884297520661,0.009637937016273234,0.9818181818181818
circuit,10.0,0,medical,7,1638,0.9933884297520661,0.009637937016273234,0.9727272727272727
circuit,10.0,0,medical,8,1638,0.9917355371900827,0.01280325073126419,0.9636363636363636
circuit,10.0,0,medical,9,1638,0.9950413223140497,0.006611570247933901,0.9636363636363636
circuit,10.0,0,medical,10,1638,0.9950413223140497,0.006611570247933901,0.9545454545454547
circuit,10.0,0,medical,11,1638,0.9983471074380166,0.0033057851239669312,0.9636363636363636
circuit,10.0,0,medical,12,1638,0.9966942148760332,0.004048743376501108,0.9636363636363636
circuit,10.0,0,medical,13,1638,0.9966942148760332,0.004048743376501108,0.9636363636363636
circuit,10.0,0,medical,14,1638,0.9966942148760332,0.004048743376501108,0.9636363636363636
circuit,10.0,0,medical,15,1638,0.9966942148760332,0.004048743376501108,0.9636363636363636
circuit,10.0,0,medical,16,1638,0.9966942148760332,0.004048743376501108,0.9636363636363636
circuit,10.0,0,medical,17,1638,0.9966942148760332,0.004048743376501108,0.9545454545454547
circuit,10.0,0,medical,18,1638,0.9900826446280991,0.008097486753002257,0.9545454545454547
circuit,10.0,0,medical,19,1638,0.9900826446280991,0.009637937016273242,0.9545454545454547
circuit,10.0,0,medical,20,1638,0.9884297520661157,0.00842813142742611,0.9545454545454547
circuit,10.0,0,medical,21,1638,0.9834710743801652,0.009053265413308541,0.9545454545454547
circuit,10.0,0,medical,22,1638,0.9801652892561983,0.011210462782025239,0.9454545454545455
circuit,10.0,0,medical,23,1638,0.9735537190082644,0.01685626285485219,0.9272727272727274
circuit,10.0,0,medical,24,1638,0.971900826446281,0.01927587403254645,0.9454545454545455
circuit,10.0,0,medical,25,1638,0.9702479338842975,0.019971976815858807,0.9454545454545455
circuit,10.0,0,medical,26,1638,0.965289256198347,0.023608027862951575,0.9181818181818183
circuit,10.0,0,medical,27,1638,0.9636363636363635,0.024292460259006728,0.9272727272727274
circuit,10.0,0,medical,28,1638,0.9619834710743801,0.026446280991735564,0.9090909090909092
circuit,10.0,0,medical,29,1638,0.9570247933884298,0.027360240259912166,0.9181818181818183
circuit,10.0,0,medical,30,1638,0.9553719008264462,0.026446280991735557,0.9090909090909092
circuit,10.0,0,medical,31,1638,0.9438016528925619,0.020511857266100556,0.890909090909091
circuit,25.0,0,medical,0,4096,0.947107438016529,0.04574661984495222,0.8545454545454547
circuit,25.0,0,medical,1,4096,0.9322314049586776,0.042592061906529304,0.8272727272727272
circuit,25.0,0,medical,2,4096,0.9537190082644628,0.0341153180835542,0.8727272727272727
circuit,25.0,0,medical,3,4096,0.9702479338842975,0.023140495867768614,0.9
circuit,25.0,0,medical,4,4096,0.9900826446280993,0.012146230129503405,0.9545454545454545
circuit,25.0,0,medical,5,4096,0.9966942148760332,0.004048743376501108,0.9636363636363636
circuit,25.0,0,medical,6,4096,0.9933884297520661,0.009637937016273234,0.9818181818181818
circuit,25.0,0,medical,7,4096,0.9933884297520661,0.009637937016273234,0.9727272727272727
circuit,25.0,0,medical,8,4096,0.9917355371900827,0.01280325073126419,0.9636363636363636
circuit,25.0,0,medical,9,4096,0.9950413223140497,0.006611570247933901,0.9636363636363636
circuit,25.0,0,medical,10,4096,0.9950413223140497,0.006611570247933901,0.9545454545454547
circuit,25.0,0,medical,11,4096,0.9983471074380166,0.0033057851239669312,0.9636363636363636
circuit,25.0,0,medical,12,4096,0.9966942148760332,0.004048743376501108,0.9636363636363636
circuit,25.0,0,medical,13,4096,0.9966942148760332,0.004048743376501108,0.9636363636363636
circuit,25.0,0,medical,14,4096,0.9966942148760332,0.004048743376501108,0.9636363636363636
circuit,25.0,0,medical,15,4096,0.9966942148760332,0.004048743376501108,0.9636363636363636
circuit,25.0,0,medical,16,4096,0.9966942148760332,0.004048743376501108,0.9636363636363636
circuit,25.0,0,medical,17,4096,0.9966942148760332,0.004048743376501108,0.9545454545454547
circuit,25.0,0,medical,18,4096,0.9900826446280991,0.008097486753002257,0.9545454545454547
circuit,25.0,0,medical,19,4096,0.9900826446280991,0.009637937016273242,0.9545454545454547
circuit,25.0,0,medical,20,4096,0.9884297520661157,0.00842813142742611,0.9545454545454547
circuit,25.0,0,medical,21,4096,0.9834710743801652,0.009053265413308541,0.9545454545454547
circuit,25.0,0,medical,22,4096,0.9801652892561983,0.011210462782025239,0.9545454545454547
circuit,25.0,0,medical,23,4096,0.9735537190082644,0.01685626285485219,0.9545454545454547
circuit,25.0,0,medical,24,4096,0.971900826446281,0.01927587403254645,0.9545454545454547
circuit,25.0,0,medical,25,4096,0.9702479338842975,0.018553672992267487,0.9272727272727274
circuit,25.0,0,medical,26,4096,0.965289256198347,0.021167352851017684,0.9363636363636363
circuit,25.0,0,medical,27,4096,0.9636363636363636,0.021296030953264676,0.9181818181818182
circuit,25.0,0,medical,28,4096,0.9603305785123967,0.022420925564050478,0.9181818181818182
circuit,25.0,0,medical,29,4096,0.9586776859504132,0.024516358635027005,0.9181818181818182
circuit,25.0,0,medical,30,4096,0.9570247933884296,0.02528439428227829,0.9181818181818182
circuit,25.0,0,medical,31,4096,0.9537190082644628,0.02484842376590566,0.9181818181818182
circuit,50.0,0,medical,0,8192,0.947107438016529,0.04574661984495222,0.8545454545454547
circuit,50.0,0,medical,1,8192,0.9322314049586776,0.042592061906529304,0.8272727272727272
circuit,50.0,0,medical,2,8192,0.9537190082644628,0.0341153180835542,0.8727272727272727
circuit,50.0,0,medical,3,8192,0.9702479338842975,0.023140495867768614,0.9
circuit,50.0,0,medical,4,8192,0.9900826446280993,0.012146230129503405,0.9545454545454545
circuit,50.0,0,medical,5,8192,0.9966942148760332,0.004048743376501108,0.9636363636363636
circuit,50.0,0,medical,6,8192,0.9933884297520661,0.009637937016273234,0.9818181818181818
circuit,50.0,0,medical,7,8192,0.9933884297520661,0.009637937016273234,0.9727272727272727
circuit,50.0,0,medical,8,8192,0.9917355371900827,0.01280325073126419,0.9636363636363636
circuit,50.0,0,medical,9,8192,0.9950413223140497,0.006611570247933901,0.9636363636363636
circuit,50.0,0,medical,10,8192,0.9950413223140497,0.006611570247933901,0.9545454545454547
circuit,50.0,0,medical,11,8192,0.9983471074380166,0.0033057851239669312,0.9636363636363636
circuit,50.0,0,medical,12,8192,0.9966942148760332,0.004048743376501108,0.9636363636363636
circuit,50.0,0,medical,13,8192,0.9966942148760332,0.004048743376501108,0.9636363636363636
circuit,50.0,0,medical,14,8192,0.9966942148760332,0.004048743376501108,0.9636363636363636
circuit,50.0,0,medical,15,8192,0.9966942148760332,0.004048743376501108,0.9636363636363636
circuit,50.0,0,medical,16,8192,0.9966942148760332,0.004048743376501108,0.9636363636363636
circuit,50.0,0,medical,17,8192,0.9966942148760332,0.004048743376501108,0.9545454545454547
circuit,50.0,0,medical,18,8192,0.9900826446280991,0.008097486753002257,0.9545454545454547
circuit,50.0,0,medical,19,8192,0.9900826446280991,0.009637937016273242,0.9545454545454547
circuit,50.0,0,medical,20,8192,0.9884297520661157,0.00842813142742611,0.9545454545454547
circuit,50.0,0,medical,21,8192,0.9834710743801652,0.009053265413308541,0.9545454545454547
circuit,50.0,0,medical,22,8192,0.9801652892561983,0.011210462782025239,0.9545454545454547
circuit,50.0,0,medical,23,8192,0.9752066115702478,0.01652892561983472,0.9454545454545455
circuit,50.0,0,medical,24,8192,0.9685950413223141,0.021167352851017677,0.9454545454545455
circuit,50.0,0,medical,25,8192,0.9685950413223141,0.021167352851017677,0.9454545454545455
circuit,50.0,0,medical,26,8192,0.9685950413223141,0.021167352851017677,0.9363636363636363
circuit,50.0,0,medical,27,8192,0.9702479338842975,0.021928097787473712,0.9454545454545455
circuit,50.0,0,medical,28,8192,0.9702479338842975,0.021928097787473712,0.9454545454545455
circuit,50.0,0,medical,29,8192,0.965289256198347,0.021803150344252765,0.9454545454545455
circuit,50.0,0,medical,30,8192,0.9669421487603305,0.02278355165634748,0.9454545454545455
circuit,50.0,0,medical,31,8192,0.9669421487603305,0.02278355165634748,0.9454545454545455
circuit_pos,5.0,0,medical,0,819,0.947107438016529,0.04574661984495222,0.8545454545454547
circuit_pos,5.0,0,medical,1,819,0.9322314049586776,0.042592061906529304,0.8272727272727272
circuit_pos,5.0,0,medical,2,819,0.9537190082644628,0.0341153180835542,0.8727272727272727
circuit_pos,5.0,0,medical,3,819,0.9702479338842975,0.023140495867768614,0.9
circuit_pos,5.0,0,medical,4,819,0.9900826446280993,0.012146230129503405,0.9545454545454545
circuit_pos,5.0,0,medical,5,819,0.9966942148760332,0.004048743376501108,0.9636363636363636
circuit_pos,5.0,0,medical,6,819,0.9933884297520661,0.009637937016273234,0.9818181818181818
circuit_pos,5.0,0,medical,7,819,0.9933884297520661,0.009637937016273234,0.9727272727272727
circuit_pos,5.0,0,medical,8,819,0.9917355371900827,0.01280325073126419,0.9636363636363636
circuit_pos,5.0,0,medical,9,819,0.9950413223140497,0.006611570247933901,0.9636363636363636
circuit_pos,5.0,0,medical,10,819,0.9950413223140497,0.006611570247933901,0.9545454545454547
circuit_pos,5.0,0,medical,11,819,0.9983471074380166,0.0033057851239669312,0.9636363636363636
circuit_pos,5.0,0,medical,12,819,0.9966942148760332,0.004048743376501108,0.9636363636363636
circuit_pos,5.0,0,medical,13,819,0.9966942148760332,0.004048743376501108,0.9636363636363636
circuit_pos,5.0,0,medical,14,819,0.9966942148760332,0.004048743376501108,0.9636363636363636
circuit_pos,5.0,0,medical,15,819,0.9966942148760332,0.004048743376501108,0.9636363636363636
circuit_pos,5.0,0,medical,16,819,0.9966942148760332,0.004048743376501108,0.9636363636363636
circuit_pos,5.0,0,medical,17,819,0.9966942148760332,0.004048743376501108,0.9545454545454547
circuit_pos,5.0,0,medical,18,819,0.9900826446280991,0.008097486753002257,0.9545454545454547
circuit_pos,5.0,0,medical,19,819,0.9900826446280991,0.009637937016273242,0.9545454545454547
circuit_pos,5.0,0,medical,20,819,0.9884297520661157,0.00842813142742611,0.9545454545454547
circuit_pos,5.0,0,medical,21,819,0.9834710743801652,0.009053265413308541,0.9545454545454547
circuit_pos,5.0,0,medical,22,819,0.9768595041322314,0.014218719449657252,0.9454545454545455
circuit_pos,5.0,0,medical,23,819,0.9685950413223141,0.021167352851017677,0.9272727272727274
circuit_pos,5.0,0,medical,24,819,0.9636363636363636,0.022542449085927042,0.9363636363636363
circuit_pos,5.0,0,medical,25,819,0.9570247933884298,0.02417973361707074,0.9272727272727274
circuit_pos,5.0,0,medical,26,819,0.9438016528925619,0.026342772645469827,0.8909090909090909
circuit_pos,5.0,0,medical,27,819,0.9322314049586776,0.028819166568863967,0.8636363636363635
circuit_pos,5.0,0,medical,28,819,0.9223140495867768,0.030298021123675,0.8636363636363636
circuit_pos,5.0,0,medical,29,819,0.9173553719008265,0.03346852352283735,0.8454545454545455
circuit_pos,5.0,0,medical,30,819,0.9041322314049587,0.03681166520879351,0.8545454545454545
circuit_pos,5.0,0,medical,31,819,0.8727272727272727,0.023723471230425317,0.8181818181818181
circuit_pos,10.0,0,medical,0,1638,0.947107438016529,0.04574661984495222,0.8545454545454547
circuit_pos,10.0,0,medical,1,1638,0.9322314049586776,0.042592061906529304,0.8272727272727272
circuit_pos,10.0,0,medical,2,1638,0.9537190082644628,0.0341153180835542,0.8727272727272727
circuit_pos,10.0,0,medical,3,1638,0.9702479338842975,0.023140495867768614,0.9
circuit_pos,10.0,0,medical,4,1638,0.9900826446280993,0.012146230129503405,0.9545454545454545
circuit_pos,10.0,0,medical,5,1638,0.9966942148760332,0.004048743376501108,0.9636363636363636
circuit_pos,10.0,0,medical,6,1638,0.9933884297520661,0.009637937016273234,0.9818181818181818
circuit_pos,10.0,0,medical,7,1638,0.9933884297520661,0.009637937016273234,0.9727272727272727
circuit_pos,10.0,0,medical,8,1638,0.9917355371900827,0.01280325073126419,0.9636363636363636
circuit_pos,10.0,0,medical,9,1638,0.9950413223140497,0.006611570247933901,0.9636363636363636
circuit_pos,10.0,0,medical,10,1638,0.9950413223140497,0.006611570247933901,0.9545454545454547
circuit_pos,10.0,0,medical,11,1638,0.9983471074380166,0.0033057851239669312,0.9636363636363636
circuit_pos,10.0,0,medical,12,1638,0.9966942148760332,0.004048743376501108,0.9636363636363636
circuit_pos,10.0,0,medical,13,1638,0.9966942148760332,0.004048743376501108,0.9636363636363636
circuit_pos,10.0,0,medical,14,1638,0.9966942148760332,0.004048743376501108,0.9636363636363636
circuit_pos,10.0,0,medical,15,1638,0.9966942148760332,0.004048743376501108,0.9636363636363636
circuit_pos,10.0,0,medical,16,1638,0.9966942148760332,0.004048743376501108,0.9636363636363636
circuit_pos,10.0,0,medical,17,1638,0.9966942148760332,0.004048743376501108,0.9545454545454547
circuit_pos,10.0,0,medical,18,1638,0.9900826446280991,0.008097486753002257,0.9545454545454547
circuit_pos,10.0,0,medical,19,1638,0.9900826446280991,0.009637937016273242,0.9545454545454547
circuit_pos,10.0,0,medical,20,1638,0.9884297520661157,0.00842813142742611,0.9545454545454547
circuit_pos,10.0,0,medical,21,1638,0.9834710743801652,0.009053265413308541,0.9545454545454547
circuit_pos,10.0,0,medical,22,1638,0.975206611570248,0.014783920512395316,0.9545454545454547
circuit_pos,10.0,0,medical,23,1638,0.9669421487603307,0.020907620893675236,0.9363636363636363
circuit_pos,10.0,0,medical,24,1638,0.9603305785123968,0.021803150344252765,0.9272727272727274
circuit_pos,10.0,0,medical,25,1638,0.9454545454545453,0.032474186288245464,0.9090909090909092
circuit_pos,10.0,0,medical,26,1638,0.9322314049586777,0.03363138834607574,0.8636363636363635
circuit_pos,10.0,0,medical,27,1638,0.9140495867768597,0.04422839061242862,0.8272727272727274
circuit_pos,10.0,0,medical,28,1638,0.8958677685950412,0.048076163875203255,0.8181818181818181
circuit_pos,10.0,0,medical,29,1638,0.884297520661157,0.043417935658061776,0.8272727272727274
circuit_pos,10.0,0,medical,30,1638,0.8677685950413222,0.04761937286243945,0.8181818181818181
circuit_pos,10.0,0,medical,31,1638,0.8429752066115702,0.03695980128098826,0.8
circuit_pos,25.0,0,medical,0,4096,0.947107438016529,0.04574661984495222,0.8545454545454547
circuit_pos,25.0,0,medical,1,4096,0.9322314049586776,0.042592061906529304,0.8272727272727272
circuit_pos,25.0,0,medical,2,4096,0.9537190082644628,0.0341153180835542,0.8727272727272727
circuit_pos,25.0,0,medical,3,4096,0.9702479338842975,0.023140495867768614,0.9
circuit_pos,25.0,0,medical,4,4096,0.9900826446280993,0.012146230129503405,0.9545454545454545
circuit_pos,25.0,0,medical,5,4096,0.9966942148760332,0.004048743376501108,0.9636363636363636
circuit_pos,25.0,0,medical,6,4096,0.9933884297520661,0.009637937016273234,0.9818181818181818
circuit_pos,25.0,0,medical,7,4096,0.9933884297520661,0.009637937016273234,0.9727272727272727
circuit_pos,25.0,0,medical,8,4096,0.9917355371900827,0.01280325073126419,0.9636363636363636
circuit_pos,25.0,0,medical,9,4096,0.9950413223140497,0.006611570247933901,0.9636363636363636
circuit_pos,25.0,0,medical,10,4096,0.9950413223140497,0.006611570247933901,0.9545454545454547
circuit_pos,25.0,0,medical,11,4096,0.9983471074380166,0.0033057851239669312,0.9636363636363636
circuit_pos,25.0,0,medical,12,4096,0.9966942148760332,0.004048743376501108,0.9636363636363636
circuit_pos,25.0,0,medical,13,4096,0.9966942148760332,0.004048743376501108,0.9636363636363636
circuit_pos,25.0,0,medical,14,4096,0.9966942148760332,0.004048743376501108,0.9636363636363636
circuit_pos,25.0,0,medical,15,4096,0.9966942148760332,0.004048743376501108,0.9636363636363636
circuit_pos,25.0,0,medical,16,4096,0.9966942148760332,0.004048743376501108,0.9636363636363636
circuit_pos,25.0,0,medical,17,4096,0.9966942148760332,0.004048743376501108,0.9545454545454547
circuit_pos,25.0,0,medical,18,4096,0.9900826446280991,0.008097486753002257,0.9545454545454547
circuit_pos,25.0,0,medical,19,4096,0.9900826446280991,0.009637937016273242,0.9545454545454547
circuit_pos,25.0,0,medical,20,4096,0.9884297520661157,0.00842813142742611,0.9545454545454547
circuit_pos,25.0,0,medical,21,4096,0.9834710743801652,0.009053265413308541,0.9545454545454547
circuit_pos,25.0,0,medical,22,4096,0.9702479338842975,0.018553672992267487,0.9454545454545455
circuit_pos,25.0,0,medical,23,4096,0.9636363636363636,0.02129603095326468,0.9272727272727274
circuit_pos,25.0,0,medical,24,4096,0.9520661157024793,0.026856325304581707,0.9
circuit_pos,25.0,0,medical,25,4096,0.9272727272727274,0.039943953631717606,0.8818181818181818
circuit_pos,25.0,0,medical,26,4096,0.905785123966942,0.043291903648624105,0.8363636363636365
circuit_pos,25.0,0,medical,27,4096,0.8942148760330578,0.049970963496961875,0.8272727272727274
circuit_pos,25.0,0,medical,28,4096,0.8677685950413222,0.05226905223418806,0.8
circuit_pos,25.0,0,medical,29,4096,0.8512396694214877,0.05653762438508121,0.8
circuit_pos,25.0,0,medical,30,4096,0.8363636363636363,0.06803013430498074,0.7818181818181819
circuit_pos,25.0,0,medical,31,4096,0.8165289256198347,0.07417786999113014,0.7636363636363637
circuit_pos,50.0,0,medical,0,8192,0.947107438016529,0.04574661984495222,0.8545454545454547
circuit_pos,50.0,0,medical,1,8192,0.9322314049586776,0.042592061906529304,0.8272727272727272
circuit_pos,50.0,0,medical,2,8192,0.9537190082644628,0.0341153180835542,0.8727272727272727
circuit_pos,50.0,0,medical,3,8192,0.9702479338842975,0.023140495867768614,0.9
circuit_pos,50.0,0,medical,4,8192,0.9900826446280993,0.012146230129503405,0.9545454545454545
circuit_pos,50.0,0,medical,5,8192,0.9966942148760332,0.004048743376501108,0.9636363636363636
circuit_pos,50.0,0,medical,6,8192,0.9933884297520661,0.009637937016273234,0.9818181818181818
circuit_pos,50.0,0,medical,7,8192,0.9933884297520661,0.009637937016273234,0.9727272727272727
circuit_pos,50.0,0,medical,8,8192,0.9917355371900827,0.01280325073126419,0.9636363636363636
circuit_pos,50.0,0,medical,9,8192,0.9950413223140497,0.006611570247933901,0.9636363636363636
circuit_pos,50.0,0,medical,10,8192,0.9950413223140497,0.006611570247933901,0.9545454545454547
circuit_pos,50.0,0,medical,11,8192,0.9983471074380166,0.0033057851239669312,0.9636363636363636
circuit_pos,50.0,0,medical,12,8192,0.9966942148760332,0.004048743376501108,0.9636363636363636
circuit_pos,50.0,0,medical,13,8192,0.9966942148760332,0.004048743376501108,0.9636363636363636
circuit_pos,50.0,0,medical,14,8192,0.9966942148760332,0.004048743376501108,0.9636363636363636
circuit_pos,50.0,0,medical,15,8192,0.9966942148760332,0.004048743376501108,0.9636363636363636
circuit_pos,50.0,0,medical,16,8192,0.9966942148760332,0.004048743376501108,0.9636363636363636
circuit_pos,50.0,0,medical,17,8192,0.9966942148760332,0.004048743376501108,0.9545454545454547
circuit_pos,50.0,0,medical,18,8192,0.9900826446280991,0.008097486753002257,0.9545454545454547
circuit_pos,50.0,0,medical,19,8192,0.9900826446280991,0.009637937016273242,0.9545454545454547
circuit_pos,50.0,0,medical,20,8192,0.9884297520661157,0.00842813142742611,0.9545454545454547
circuit_pos,50.0,0,medical,21,8192,0.9834710743801652,0.009053265413308541,0.9545454545454547
circuit_pos,50.0,0,medical,22,8192,0.9685950413223141,0.021167352851017677,0.9454545454545455
circuit_pos,50.0,0,medical,23,8192,0.9586776859504132,0.024516358635026984,0.9181818181818182
circuit_pos,50.0,0,medical,24,8192,0.9421487603305785,0.0304778329166707,0.9
circuit_pos,50.0,0,medical,25,8192,0.9272727272727274,0.03994395363171761,0.8818181818181818
circuit_pos,50.0,0,medical,26,8192,0.9107438016528926,0.04447479023826021,0.8272727272727274
circuit_pos,50.0,0,medical,27,8192,0.8991735537190083,0.04914402891675539,0.8363636363636365
circuit_pos,50.0,0,medical,28,8192,0.8859504132231404,0.05158507945232142,0.8272727272727274
circuit_pos,50.0,0,medical,29,8192,0.8694214876033058,0.061491157810705036,0.8272727272727274
circuit_pos,50.0,0,medical,30,8192,0.8611570247933884,0.07020416721188533,0.8090909090909092
circuit_pos,50.0,0,medical,31,8192,0.8396694214876034,0.07178198595242469,0.7727272727272727
circuit_neg,5.0,0,medical,0,819,0.947107438016529,0.04574661984495222,0.8545454545454547
circuit_neg,5.0,0,medical,1,819,0.9322314049586776,0.042592061906529304,0.8272727272727272
circuit_neg,5.0,0,medical,2,819,0.9537190082644628,0.0341153180835542,0.8727272727272727
circuit_neg,5.0,0,medical,3,819,0.9702479338842975,0.023140495867768614,0.9
circuit_neg,5.0,0,medical,4,819,0.9900826446280993,0.012146230129503405,0.9545454545454545
circuit_neg,5.0,0,medical,5,819,0.9966942148760332,0.004048743376501108,0.9636363636363636
circuit_neg,5.0,0,medical,6,819,0.9933884297520661,0.009637937016273234,0.9818181818181818
circuit_neg,5.0,0,medical,7,819,0.9933884297520661,0.009637937016273234,0.9727272727272727
circuit_neg,5.0,0,medical,8,819,0.9917355371900827,0.01280325073126419,0.9636363636363636
circuit_neg,5.0,0,medical,9,819,0.9950413223140497,0.006611570247933901,0.9636363636363636
circuit_neg,5.0,0,medical,10,819,0.9950413223140497,0.006611570247933901,0.9545454545454547
circuit_neg,5.0,0,medical,11,819,0.9983471074380166,0.0033057851239669312,0.9636363636363636
circuit_neg,5.0,0,medical,12,819,0.9966942148760332,0.004048743376501108,0.9636363636363636
circuit_neg,5.0,0,medical,13,819,0.9966942148760332,0.004048743376501108,0.9636363636363636
circuit_neg,5.0,0,medical,14,819,0.9966942148760332,0.004048743376501108,0.9636363636363636
circuit_neg,5.0,0,medical,15,819,0.9966942148760332,0.004048743376501108,0.9636363636363636
circuit_neg,5.0,0,medical,16,819,0.9966942148760332,0.004048743376501108,0.9636363636363636
circuit_neg,5.0,0,medical,17,819,0.9966942148760332,0.004048743376501108,0.9545454545454547
circuit_neg,5.0,0,medical,18,819,0.9900826446280991,0.008097486753002257,0.9545454545454547
circuit_neg,5.0,0,medical,19,819,0.9900826446280991,0.009637937016273242,0.9545454545454547
circuit_neg,5.0,0,medical,20,819,0.9884297520661157,0.00842813142742611,0.9545454545454547
circuit_neg,5.0,0,medical,21,819,0.9834710743801652,0.009053265413308541,0.9545454545454547
circuit_neg,5.0,0,medical,22,819,0.9884297520661157,0.00842813142742611,0.9545454545454547
circuit_neg,5.0,0,medical,23,819,0.9818181818181818,0.013223140495867794,0.9545454545454547
circuit_neg,5.0,0,medical,24,819,0.9818181818181818,0.013223140495867794,0.9454545454545455
circuit_neg,5.0,0,medical,25,819,0.9867768595041323,0.012369115328178325,0.9454545454545455
circuit_neg,5.0,0,medical,26,819,0.9851239669421489,0.010964048893736865,0.9636363636363636
circuit_neg,5.0,0,medical,27,819,0.9818181818181817,0.016025387958401117,0.9454545454545455
circuit_neg,5.0,0,medical,28,819,0.975206611570248,0.020907620893675264,0.9454545454545455
circuit_neg,5.0,0,medical,29,819,0.9768595041322314,0.020511857266100622,0.9454545454545455
circuit_neg,5.0,0,medical,30,819,0.9735537190082644,0.022420925564050495,0.9454545454545455
circuit_neg,5.0,0,medical,31,819,0.9735537190082646,0.02417973361707075,0.9636363636363636
circuit_neg,10.0,0,medical,0,1638,0.947107438016529,0.04574661984495222,0.8545454545454547
circuit_neg,10.0,0,medical,1,1638,0.9322314049586776,0.042592061906529304,0.8272727272727272
circuit_neg,10.0,0,medical,2,1638,0.9537190082644628,0.0341153180835542,0.8727272727272727
circuit_neg,10.0,0,medical,3,1638,0.9702479338842975,0.023140495867768614,0.9
circuit_neg,10.0,0,medical,4,1638,0.9900826446280993,0.012146230129503405,0.9545454545454545
circuit_neg,10.0,0,medical,5,1638,0.9966942148760332,0.004048743376501108,0.9636363636363636
circuit_neg,10.0,0,medical,6,1638,0.9933884297520661,0.009637937016273234,0.9818181818181818
circuit_neg,10.0,0,medical,7,1638,0.9933884297520661,0.009637937016273234,0.9727272727272727
circuit_neg,10.0,0,medical,8,1638,0.9917355371900827,0.01280325073126419,0.9636363636363636
circuit_neg,10.0,0,medical,9,1638,0.9950413223140497,0.006611570247933901,0.9636363636363636
circuit_neg,10.0,0,medical,10,1638,0.9950413223140497,0.006611570247933901,0.9545454545454547
circuit_neg,10.0,0,medical,11,1638,0.9983471074380166,0.0033057851239669312,0.9636363636363636
circuit_neg,10.0,0,medical,12,1638,0.9966942148760332,0.004048743376501108,0.9636363636363636
circuit_neg,10.0,0,medical,13,1638,0.9966942148760332,0.004048743376501108,0.9636363636363636
circuit_neg,10.0,0,medical,14,1638,0.9966942148760332,0.004048743376501108,0.9636363636363636
circuit_neg,10.0,0,medical,15,1638,0.9966942148760332,0.004048743376501108,0.9636363636363636
circuit_neg,10.0,0,medical,16,1638,0.9966942148760332,0.004048743376501108,0.9636363636363636
circuit_neg,10.0,0,medical,17,1638,0.9966942148760332,0.004048743376501108,0.9545454545454547
circuit_neg,10.0,0,medical,18,1638,0.9900826446280991,0.008097486753002257,0.9545454545454547
circuit_neg,10.0,0,medical,19,1638,0.9900826446280991,0.009637937016273242,0.9545454545454547
circuit_neg,10.0,0,medical,20,1638,0.9884297520661157,0.00842813142742611,0.9545454545454547
circuit_neg,10.0,0,medical,21,1638,0.9834710743801652,0.009053265413308541,0.9545454545454547
circuit_neg,10.0,0,medical,22,1638,0.9884297520661157,0.00842813142742611,0.9545454545454547
circuit_neg,10.0,0,medical,23,1638,0.9884297520661157,0.00842813142742611,0.9545454545454547
circuit_neg,10.0,0,medical,24,1638,0.9867768595041323,0.011210462782025244,0.9545454545454547
circuit_neg,10.0,0,medical,25,1638,0.9900826446280991,0.012146230129503364,0.9545454545454547
circuit_neg,10.0,0,medical,26,1638,0.9917355371900827,0.01280325073126419,0.9636363636363636
circuit_neg,10.0,0,medical,27,1638,0.9900826446280991,0.012146230129503364,0.9636363636363636
circuit_neg,10.0,0,medical,28,1638,0.9900826446280991,0.012146230129503364,0.9545454545454547
circuit_neg,10.0,0,medical,29,1638,0.9884297520661157,0.012369115328178325,0.9545454545454547
circuit_neg,10.0,0,medical,30,1638,0.9900826446280991,0.013223140495867773,0.9636363636363636
circuit_neg,10.0,0,medical,31,1638,0.9768595041322314,0.020511857266100622,0.9636363636363636
circuit_neg,25.0,0,medical,0,4096,0.947107438016529,0.04574661984495222,0.8545454545454547
circuit_neg,25.0,0,medical,1,4096,0.9322314049586776,0.042592061906529304,0.8272727272727272
circuit_neg,25.0,0,medical,2,4096,0.9537190082644628,0.0341153180835542,0.8727272727272727
circuit_neg,25.0,0,medical,3,4096,0.9702479338842975,0.023140495867768614,0.9
circuit_neg,25.0,0,medical,4,4096,0.9900826446280993,0.012146230129503405,0.9545454545454545
circuit_neg,25.0,0,medical,5,4096,0.9966942148760332,0.004048743376501108,0.9636363636363636
circuit_neg,25.0,0,medical,6,4096,0.9933884297520661,0.009637937016273234,0.9818181818181818
circuit_neg,25.0,0,medical,7,4096,0.9933884297520661,0.009637937016273234,0.9727272727272727
circuit_neg,25.0,0,medical,8,4096,0.9917355371900827,0.01280325073126419,0.9636363636363636
circuit_neg,25.0,0,medical,9,4096,0.9950413223140497,0.006611570247933901,0.9636363636363636
circuit_neg,25.0,0,medical,10,4096,0.9950413223140497,0.006611570247933901,0.9545454545454547
circuit_neg,25.0,0,medical,11,4096,0.9983471074380166,0.0033057851239669312,0.9636363636363636
circuit_neg,25.0,0,medical,12,4096,0.9966942148760332,0.004048743376501108,0.9636363636363636
circuit_neg,25.0,0,medical,13,4096,0.9966942148760332,0.004048743376501108,0.9636363636363636
circuit_neg,25.0,0,medical,14,4096,0.9966942148760332,0.004048743376501108,0.9636363636363636
circuit_neg,25.0,0,medical,15,4096,0.9966942148760332,0.004048743376501108,0.9636363636363636
circuit_neg,25.0,0,medical,16,4096,0.9966942148760332,0.004048743376501108,0.9636363636363636
circuit_neg,25.0,0,medical,17,4096,0.9966942148760332,0.004048743376501108,0.9545454545454547
circuit_neg,25.0,0,medical,18,4096,0.9900826446280991,0.008097486753002257,0.9545454545454547
circuit_neg,25.0,0,medical,19,4096,0.9900826446280991,0.009637937016273242,0.9545454545454547
circuit_neg,25.0,0,medical,20,4096,0.9884297520661157,0.00842813142742611,0.9545454545454547
circuit_neg,25.0,0,medical,21,4096,0.9834710743801652,0.009053265413308541,0.9545454545454547
circuit_neg,25.0,0,medical,22,4096,0.9900826446280991,0.008097486753002257,0.9545454545454547
circuit_neg,25.0,0,medical,23,4096,0.9900826446280991,0.008097486753002257,0.9545454545454547
circuit_neg,25.0,0,medical,24,4096,0.9950413223140497,0.006611570247933901,0.9545454545454547
circuit_neg,25.0,0,medical,25,4096,0.9966942148760332,0.006611570247933907,0.9636363636363636
circuit_neg,25.0,0,medical,26,4096,0.9966942148760332,0.006611570247933907,0.9636363636363636
circuit_neg,25.0,0,medical,27,4096,0.9966942148760332,0.006611570247933907,0.9727272727272727
circuit_neg,25.0,0,medical,28,4096,0.9966942148760332,0.006611570247933907,0.9727272727272727
circuit_neg,25.0,0,medical,29,4096,0.9950413223140497,0.006611570247933901,0.9727272727272727
circuit_neg,25.0,0,medical,30,4096,0.9950413223140497,0.006611570247933901,0.9727272727272727
circuit_neg,25.0,0,medical,31,4096,0.9933884297520661,0.0061845576640891745,0.9636363636363636
circuit_neg,50.0,0,medical,0,8192,0.947107438016529,0.04574661984495222,0.8545454545454547
circuit_neg,50.0,0,medical,1,8192,0.9322314049586776,0.042592061906529304,0.8272727272727272
circuit_neg,50.0,0,medical,2,8192,0.9537190082644628,0.0341153180835542,0.8727272727272727
circuit_neg,50.0,0,medical,3,8192,0.9702479338842975,0.023140495867768614,0.9
circuit_neg,50.0,0,medical,4,8192,0.9900826446280993,0.012146230129503405,0.9545454545454545
circuit_neg,50.0,0,medical,5,8192,0.9966942148760332,0.004048743376501108,0.9636363636363636
circuit_neg,50.0,0,medical,6,8192,0.9933884297520661,0.009637937016273234,0.9818181818181818
circuit_neg,50.0,0,medical,7,8192,0.9933884297520661,0.009637937016273234,0.9727272727272727
circuit_neg,50.0,0,medical,8,8192,0.9917355371900827,0.01280325073126419,0.9636363636363636
circuit_neg,50.0,0,medical,9,8192,0.9950413223140497,0.006611570247933901,0.9636363636363636
circuit_neg,50.0,0,medical,10,8192,0.9950413223140497,0.006611570247933901,0.9545454545454547
circuit_neg,50.0,0,medical,11,8192,0.9983471074380166,0.0033057851239669312,0.9636363636363636
circuit_neg,50.0,0,medical,12,8192,0.9966942148760332,0.004048743376501108,0.9636363636363636
circuit_neg,50.0,0,medical,13,8192,0.9966942148760332,0.004048743376501108,0.9636363636363636
circuit_neg,50.0,0,medical,14,8192,0.9966942148760332,0.004048743376501108,0.9636363636363636
circuit_neg,50.0,0,medical,15,8192,0.9966942148760332,0.004048743376501108,0.9636363636363636
circuit_neg,50.0,0,medical,16,8192,0.9966942148760332,0.004048743376501108,0.9636363636363636
circuit_neg,50.0,0,medical,17,8192,0.9966942148760332,0.004048743376501108,0.9545454545454547
circuit_neg,50.0,0,medical,18,8192,0.9900826446280991,0.008097486753002257,0.9545454545454547
circuit_neg,50.0,0,medical,19,8192,0.9900826446280991,0.009637937016273242,0.9545454545454547
circuit_neg,50.0,0,medical,20,8192,0.9884297520661157,0.00842813142742611,0.9545454545454547
circuit_neg,50.0,0,medical,21,8192,0.9834710743801652,0.009053265413308541,0.9545454545454547
circuit_neg,50.0,0,medical,22,8192,0.9917355371900827,0.009053265413308541,0.9545454545454547
circuit_neg,50.0,0,medical,23,8192,0.9917355371900827,0.009053265413308541,0.9545454545454547
circuit_neg,50.0,0,medical,24,8192,0.9950413223140497,0.006611570247933901,0.9545454545454547
circuit_neg,50.0,0,medical,25,8192,0.9966942148760332,0.006611570247933907,0.9636363636363636
circuit_neg,50.0,0,medical,26,8192,0.9966942148760332,0.006611570247933907,0.9727272727272727
circuit_neg,50.0,0,medical,27,8192,0.9966942148760332,0.006611570247933907,0.9727272727272727
circuit_neg,50.0,0,medical,28,8192,0.9966942148760332,0.006611570247933907,0.9727272727272727
circuit_neg,50.0,0,medical,29,8192,0.9966942148760332,0.006611570247933907,0.9727272727272727
circuit_neg,50.0,0,medical,30,8192,0.9966942148760332,0.006611570247933907,0.9727272727272727
circuit_neg,50.0,0,medical,31,8192,0.9933884297520661,0.0061845576640891745,0.9636363636363636
random,5.0,0,medical,0,819,0.947107438016529,0.04574661984495222,0.8545454545454547
random,5.0,0,medical,1,819,0.9322314049586776,0.042592061906529304,0.8272727272727272
random,5.0,0,medical,2,819,0.9537190082644628,0.0341153180835542,0.8727272727272727
random,5.0,0,medical,3,819,0.9702479338842975,0.023140495867768614,0.9
random,5.0,0,medical,4,819,0.9900826446280993,0.012146230129503405,0.9545454545454545
random,5.0,0,medical,5,819,0.9966942148760332,0.004048743376501108,0.9636363636363636
random,5.0,0,medical,6,819,0.9933884297520661,0.009637937016273234,0.9818181818181818
random,5.0,0,medical,7,819,0.9933884297520661,0.009637937016273234,0.9727272727272727
random,5.0,0,medical,8,819,0.9917355371900827,0.01280325073126419,0.9636363636363636
random,5.0,0,medical,9,819,0.9950413223140497,0.006611570247933901,0.9636363636363636
random,5.0,0,medical,10,819,0.9950413223140497,0.006611570247933901,0.9545454545454547
random,5.0,0,medical,11,819,0.9983471074380166,0.0033057851239669312,0.9636363636363636
random,5.0,0,medical,12,819,0.9966942148760332,0.004048743376501108,0.9636363636363636
random,5.0,0,medical,13,819,0.9966942148760332,0.004048743376501108,0.9636363636363636
random,5.0,0,medical,14,819,0.9966942148760332,0.004048743376501108,0.9636363636363636
random,5.0,0,medical,15,819,0.9966942148760332,0.004048743376501108,0.9636363636363636
random,5.0,0,medical,16,819,0.9966942148760332,0.004048743376501108,0.9636363636363636
random,5.0,0,medical,17,819,0.9966942148760332,0.004048743376501108,0.9545454545454547
random,5.0,0,medical,18,819,0.9900826446280991,0.008097486753002257,0.9545454545454547
random,5.0,0,medical,19,819,0.9900826446280991,0.009637937016273242,0.9545454545454547
random,5.0,0,medical,20,819,0.9884297520661157,0.00842813142742611,0.9545454545454547
random,5.0,0,medical,21,819,0.9834710743801652,0.009053265413308541,0.9545454545454547
random,5.0,0,medical,22,819,0.9834710743801652,0.010453810446837618,0.9545454545454547
random,5.0,0,medical,23,819,0.9768595041322312,0.016025387958401104,0.9454545454545455
random,5.0,0,medical,24,819,0.9735537190082644,0.01685626285485219,0.9454545454545455
random,5.0,0,medical,25,819,0.971900826446281,0.017802197709535568,0.9363636363636363
random,5.0,0,medical,26,819,0.9702479338842973,0.019275874032546464,0.9181818181818182
random,5.0,0,medical,27,819,0.9652892561983469,0.022420925564050488,0.9181818181818182
random,5.0,0,medical,28,819,0.9586776859504132,0.020243716882505595,0.9272727272727274
random,5.0,0,medical,29,819,0.9570247933884298,0.01840583260439676,0.9272727272727274
random,5.0,0,medical,30,819,0.9586776859504132,0.017335683440828947,0.9090909090909092
random,5.0,0,medical,31,819,0.9603305785123967,0.02417973361707074,0.9454545454545455
random,5.0,1,medical,0,819,0.947107438016529,0.04574661984495222,0.8545454545454547
random,5.0,1,medical,1,819,0.9322314049586776,0.042592061906529304,0.8272727272727272
random,5.0,1,medical,2,819,0.9537190082644628,0.0341153180835542,0.8727272727272727
random,5.0,1,medical,3,819,0.9702479338842975,0.023140495867768614,0.9
random,5.0,1,medical,4,819,0.9900826446280993,0.012146230129503405,0.9545454545454545
random,5.0,1,medical,5,819,0.9966942148760332,0.004048743376501108,0.9636363636363636
random,5.0,1,medical,6,819,0.9933884297520661,0.009637937016273234,0.9818181818181818
random,5.0,1,medical,7,819,0.9933884297520661,0.009637937016273234,0.9727272727272727
random,5.0,1,medical,8,819,0.9917355371900827,0.01280325073126419,0.9636363636363636
random,5.0,1,medical,9,819,0.9950413223140497,0.006611570247933901,0.9636363636363636
random,5.0,1,medical,10,819,0.9950413223140497,0.006611570247933901,0.9545454545454547
random,5.0,1,medical,11,819,0.9983471074380166,0.0033057851239669312,0.9636363636363636
random,5.0,1,medical,12,819,0.9966942148760332,0.004048743376501108,0.9636363636363636
random,5.0,1,medical,13,819,0.9966942148760332,0.004048743376501108,0.9636363636363636
random,5.0,1,medical,14,819,0.9966942148760332,0.004048743376501108,0.9636363636363636
random,5.0,1,medical,15,819,0.9966942148760332,0.004048743376501108,0.9636363636363636
random,5.0,1,medical,16,819,0.9966942148760332,0.004048743376501108,0.9636363636363636
random,5.0,1,medical,17,819,0.9966942148760332,0.004048743376501108,0.9545454545454547
random,5.0,1,medical,18,819,0.9900826446280991,0.008097486753002257,0.9545454545454547
random,5.0,1,medical,19,819,0.9900826446280991,0.009637937016273242,0.9545454545454547
random,5.0,1,medical,20,819,0.9884297520661157,0.00842813142742611,0.9545454545454547
random,5.0,1,medical,21,819,0.9834710743801652,0.009053265413308541,0.9545454545454547
random,5.0,1,medical,22,819,0.9834710743801652,0.010453810446837618,0.9545454545454547
random,5.0,1,medical,23,819,0.9752066115702478,0.018845874795027077,0.9363636363636363
random,5.0,1,medical,24,819,0.9735537190082644,0.019133614715355747,0.9454545454545455
random,5.0,1,medical,25,819,0.9735537190082644,0.01764806322649806,0.9363636363636363
random,5.0,1,medical,26,819,0.9702479338842975,0.019971976815858807,0.9363636363636363
random,5.0,1,medical,27,819,0.965289256198347,0.023022129383775413,0.9363636363636363
random,5.0,1,medical,28,819,0.9636363636363636,0.019971976815858813,0.9272727272727274
random,5.0,1,medical,29,819,0.9619834710743802,0.024292460259006752,0.9272727272727274
random,5.0,1,medical,30,819,0.9619834710743802,0.021296030953264683,0.9181818181818182
random,5.0,1,medical,31,819,0.9603305785123967,0.026856325304581683,0.9363636363636363
random,5.0,2,medical,0,819,0.947107438016529,0.04574661984495222,0.8545454545454547
random,5.0,2,medical,1,819,0.9322314049586776,0.042592061906529304,0.8272727272727272
random,5.0,2,medical,2,819,0.9537190082644628,0.0341153180835542,0.8727272727272727
random,5.0,2,medical,3,819,0.9702479338842975,0.023140495867768614,0.9
random,5.0,2,medical,4,819,0.9900826446280993,0.012146230129503405,0.9545454545454545
random,5.0,2,medical,5,819,0.9966942148760332,0.004048743376501108,0.9636363636363636
random,5.0,2,medical,6,819,0.9933884297520661,0.009637937016273234,0.9818181818181818
random,5.0,2,medical,7,819,0.9933884297520661,0.009637937016273234,0.9727272727272727
random,5.0,2,medical,8,819,0.9917355371900827,0.01280325073126419,0.9636363636363636
random,5.0,2,medical,9,819,0.9950413223140497,0.006611570247933901,0.9636363636363636
random,5.0,2,medical,10,819,0.9950413223140497,0.006611570247933901,0.9545454545454547
random,5.0,2,medical,11,819,0.9983471074380166,0.0033057851239669312,0.9636363636363636
random,5.0,2,medical,12,819,0.9966942148760332,0.004048743376501108,0.9636363636363636
random,5.0,2,medical,13,819,0.9966942148760332,0.004048743376501108,0.9636363636363636
random,5.0,2,medical,14,819,0.9966942148760332,0.004048743376501108,0.9636363636363636
random,5.0,2,medical,15,819,0.9966942148760332,0.004048743376501108,0.9636363636363636
random,5.0,2,medical,16,819,0.9966942148760332,0.004048743376501108,0.9636363636363636
random,5.0,2,medical,17,819,0.9966942148760332,0.004048743376501108,0.9545454545454547
random,5.0,2,medical,18,819,0.9900826446280991,0.008097486753002257,0.9545454545454547
random,5.0,2,medical,19,819,0.9900826446280991,0.009637937016273242,0.9545454545454547
random,5.0,2,medical,20,819,0.9884297520661157,0.00842813142742611,0.9545454545454547
random,5.0,2,medical,21,819,0.9834710743801652,0.009053265413308541,0.9545454545454547
random,5.0,2,medical,22,819,0.9834710743801652,0.010453810446837618,0.9545454545454547
random,5.0,2,medical,23,819,0.9752066115702478,0.018845874795027077,0.9363636363636363
random,5.0,2,medical,24,819,0.9752066115702478,0.01652892561983472,0.9454545454545455
random,5.0,2,medical,25,819,0.9735537190082646,0.019133614715355775,0.9363636363636363
random,5.0,2,medical,26,819,0.9735537190082646,0.019133614715355775,0.9363636363636363
random,5.0,2,medical,27,819,0.9669421487603305,0.02451635863502701,0.9272727272727274
random,5.0,2,medical,28,819,0.9586776859504132,0.020243716882505595,0.9181818181818182
random,5.0,2,medical,29,819,0.9619834710743802,0.024292460259006752,0.9181818181818182
random,5.0,2,medical,30,819,0.9636363636363636,0.02314049586776863,0.909090909090909
random,5.0,2,medical,31,819,0.9603305785123967,0.026856325304581683,0.9363636363636363
random,10.0,0,medical,0,1638,0.947107438016529,0.04574661984495222,0.8545454545454547
random,10.0,0,medical,1,1638,0.9322314049586776,0.042592061906529304,0.8272727272727272
random,10.0,0,medical,2,1638,0.9537190082644628,0.0341153180835542,0.8727272727272727
random,10.0,0,medical,3,1638,0.9702479338842975,0.023140495867768614,0.9
random,10.0,0,medical,4,1638,0.9900826446280993,0.012146230129503405,0.9545454545454545
random,10.0,0,medical,5,1638,0.9966942148760332,0.004048743376501108,0.9636363636363636
random,10.0,0,medical,6,1638,0.9933884297520661,0.009637937016273234,0.9818181818181818
random,10.0,0,medical,7,1638,0.9933884297520661,0.009637937016273234,0.9727272727272727
random,10.0,0,medical,8,1638,0.9917355371900827,0.01280325073126419,0.9636363636363636
random,10.0,0,medical,9,1638,0.9950413223140497,0.006611570247933901,0.9636363636363636
random,10.0,0,medical,10,1638,0.9950413223140497,0.006611570247933901,0.9545454545454547
random,10.0,0,medical,11,1638,0.9983471074380166,0.0033057851239669312,0.9636363636363636
random,10.0,0,medical,12,1638,0.9966942148760332,0.004048743376501108,0.9636363636363636
random,10.0,0,medical,13,1638,0.9966942148760332,0.004048743376501108,0.9636363636363636
random,10.0,0,medical,14,1638,0.9966942148760332,0.004048743376501108,0.9636363636363636
random,10.0,0,medical,15,1638,0.9966942148760332,0.004048743376501108,0.9636363636363636
random,10.0,0,medical,16,1638,0.9966942148760332,0.004048743376501108,0.9636363636363636
random,10.0,0,medical,17,1638,0.9966942148760332,0.004048743376501108,0.9545454545454547
random,10.0,0,medical,18,1638,0.9900826446280991,0.008097486753002257,0.9545454545454547
random,10.0,0,medical,19,1638,0.9900826446280991,0.009637937016273242,0.9545454545454547
random,10.0,0,medical,20,1638,0.9884297520661157,0.00842813142742611,0.9545454545454547
random,10.0,0,medical,21,1638,0.9834710743801652,0.009053265413308541,0.9545454545454547
random,10.0,0,medical,22,1638,0.9834710743801652,0.010453810446837618,0.9545454545454547
random,10.0,0,medical,23,1638,0.9752066115702478,0.01652892561983472,0.9454545454545455
random,10.0,0,medical,24,1638,0.9735537190082644,0.01685626285485219,0.9454545454545455
random,10.0,0,medical,25,1638,0.971900826446281,0.017802197709535568,0.9363636363636363
random,10.0,0,medical,26,1638,0.9702479338842973,0.019275874032546464,0.9272727272727274
random,10.0,0,medical,27,1638,0.9619834710743801,0.02254244908592705,0.9272727272727274
random,10.0,0,medical,28,1638,0.9570247933884298,0.01840583260439676,0.9181818181818182
random,10.0,0,medical,29,1638,0.9586776859504132,0.020907620893675254,0.9181818181818182
random,10.0,0,medical,30,1638,0.9553719008264462,0.015328295033877186,0.9181818181818182
random,10.0,0,medical,31,1638,0.9553719008264462,0.023140495867768604,0.9272727272727274
random,10.0,1,medical,0,1638,0.947107438016529,0.04574661984495222,0.8545454545454547
random,10.0,1,medical,1,1638,0.9322314049586776,0.042592061906529304,0.8272727272727272
random,10.0,1,medical,2,1638,0.9537190082644628,0.0341153180835542,0.8727272727272727
random,10.0,1,medical,3,1638,0.9702479338842975,0.023140495867768614,0.9
random,10.0,1,medical,4,1638,0.9900826446280993,0.012146230129503405,0.9545454545454545
random,10.0,1,medical,5,1638,0.9966942148760332,0.004048743376501108,0.9636363636363636
random,10.0,1,medical,6,1638,0.9933884297520661,0.009637937016273234,0.9818181818181818
random,10.0,1,medical,7,1638,0.9933884297520661,0.009637937016273234,0.9727272727272727
random,10.0,1,medical,8,1638,0.9917355371900827,0.01280325073126419,0.9636363636363636
random,10.0,1,medical,9,1638,0.9950413223140497,0.006611570247933901,0.9636363636363636
random,10.0,1,medical,10,1638,0.9950413223140497,0.006611570247933901,0.9545454545454547
random,10.0,1,medical,11,1638,0.9983471074380166,0.0033057851239669312,0.9636363636363636
random,10.0,1,medical,12,1638,0.9966942148760332,0.004048743376501108,0.9636363636363636
random,10.0,1,medical,13,1638,0.9966942148760332,0.004048743376501108,0.9636363636363636
random,10.0,1,medical,14,1638,0.9966942148760332,0.004048743376501108,0.9636363636363636
random,10.0,1,medical,15,1638,0.9966942148760332,0.004048743376501108,0.9636363636363636
random,10.0,1,medical,16,1638,0.9966942148760332,0.004048743376501108,0.9636363636363636
random,10.0,1,medical,17,1638,0.9966942148760332,0.004048743376501108,0.9545454545454547
random,10.0,1,medical,18,1638,0.9900826446280991,0.008097486753002257,0.9545454545454547
random,10.0,1,medical,19,1638,0.9900826446280991,0.009637937016273242,0.9545454545454547
random,10.0,1,medical,20,1638,0.9884297520661157,0.00842813142742611,0.9545454545454547
random,10.0,1,medical,21,1638,0.9834710743801652,0.009053265413308541,0.9545454545454547
random,10.0,1,medical,22,1638,0.9834710743801652,0.010453810446837618,0.9545454545454547
random,10.0,1,medical,23,1638,0.9768595041322312,0.016025387958401104,0.9454545454545455
random,10.0,1,medical,24,1638,0.9752066115702478,0.01652892561983472,0.9454545454545455
random,10.0,1,medical,25,1638,0.9735537190082644,0.01764806322649806,0.9363636363636363
random,10.0,1,medical,26,1638,0.971900826446281,0.017802197709535568,0.9363636363636363
random,10.0,1,medical,27,1638,0.9685950413223139,0.02116735285101769,0.9272727272727274
random,10.0,1,medical,28,1638,0.9636363636363636,0.02314049586776863,0.9272727272727274
random,10.0,1,medical,29,1638,0.965289256198347,0.025284394282278296,0.9272727272727274
random,10.0,1,medical,30,1638,0.9636363636363636,0.02314049586776863,0.9181818181818182
random,10.0,1,medical,31,1638,0.9603305785123967,0.02417973361707074,0.9181818181818182
random,10.0,2,medical,0,1638,0.947107438016529,0.04574661984495222,0.8545454545454547
random,10.0,2,medical,1,1638,0.9322314049586776,0.042592061906529304,0.8272727272727272
random,10.0,2,medical,2,1638,0.9537190082644628,0.0341153180835542,0.8727272727272727
random,10.0,2,medical,3,1638,0.9702479338842975,0.023140495867768614,0.9
random,10.0,2,medical,4,1638,0.9900826446280993,0.012146230129503405,0.9545454545454545
random,10.0,2,medical,5,1638,0.9966942148760332,0.004048743376501108,0.9636363636363636
random,10.0,2,medical,6,1638,0.9933884297520661,0.009637937016273234,0.9818181818181818
random,10.0,2,medical,7,1638,0.9933884297520661,0.009637937016273234,0.9727272727272727
random,10.0,2,medical,8,1638,0.9917355371900827,0.01280325073126419,0.9636363636363636
random,10.0,2,medical,9,1638,0.9950413223140497,0.006611570247933901,0.9636363636363636
random,10.0,2,medical,10,1638,0.9950413223140497,0.006611570247933901,0.9545454545454547
random,10.0,2,medical,11,1638,0.9983471074380166,0.0033057851239669312,0.9636363636363636
random,10.0,2,medical,12,1638,0.9966942148760332,0.004048743376501108,0.9636363636363636
random,10.0,2,medical,13,1638,0.9966942148760332,0.004048743376501108,0.9636363636363636
random,10.0,2,medical,14,1638,0.9966942148760332,0.004048743376501108,0.9636363636363636
random,10.0,2,medical,15,1638,0.9966942148760332,0.004048743376501108,0.9636363636363636
random,10.0,2,medical,16,1638,0.9966942148760332,0.004048743376501108,0.9636363636363636
random,10.0,2,medical,17,1638,0.9966942148760332,0.004048743376501108,0.9545454545454547
random,10.0,2,medical,18,1638,0.9900826446280991,0.008097486753002257,0.9545454545454547
random,10.0,2,medical,19,1638,0.9900826446280991,0.009637937016273242,0.9545454545454547
random,10.0,2,medical,20,1638,0.9884297520661157,0.00842813142742611,0.9545454545454547
random,10.0,2,medical,21,1638,0.9834710743801652,0.009053265413308541,0.9545454545454547
random,10.0,2,medical,22,1638,0.9834710743801652,0.010453810446837618,0.9545454545454547
random,10.0,2,medical,23,1638,0.9768595041322312,0.016025387958401104,0.9363636363636363
random,10.0,2,medical,24,1638,0.9752066115702478,0.01652892561983472,0.9454545454545455
random,10.0,2,medical,25,1638,0.975206611570248,0.018106530826617083,0.9363636363636363
random,10.0,2,medical,26,1638,0.971900826446281,0.021296030953264693,0.9272727272727274
random,10.0,2,medical,27,1638,0.9685950413223141,0.02302212938377543,0.9363636363636363
random,10.0,2,medical,28,1638,0.9636363636363635,0.019971976815858813,0.9272727272727274
random,10.0,2,medical,29,1638,0.9619834710743801,0.021296030953264683,0.9181818181818182
random,10.0,2,medical,30,1638,0.9619834710743801,0.021296030953264683,0.9181818181818182
random,10.0,2,medical,31,1638,0.9603305785123967,0.026856325304581683,0.9363636363636363
random,25.0,0,medical,0,4096,0.947107438016529,0.04574661984495222,0.8545454545454547
random,25.0,0,medical,1,4096,0.9322314049586776,0.042592061906529304,0.8272727272727272
random,25.0,0,medical,2,4096,0.9537190082644628,0.0341153180835542,0.8727272727272727
random,25.0,0,medical,3,4096,0.9702479338842975,0.023140495867768614,0.9
random,25.0,0,medical,4,4096,0.9900826446280993,0.012146230129503405,0.9545454545454545
random,25.0,0,medical,5,4096,0.9966942148760332,0.004048743376501108,0.9636363636363636
random,25.0,0,medical,6,4096,0.9933884297520661,0.009637937016273234,0.9818181818181818
random,25.0,0,medical,7,4096,0.9933884297520661,0.009637937016273234,0.9727272727272727
random,25.0,0,medical,8,4096,0.9917355371900827,0.01280325073126419,0.9636363636363636
random,25.0,0,medical,9,4096,0.9950413223140497,0.006611570247933901,0.9636363636363636
random,25.0,0,medical,10,4096,0.9950413223140497,0.006611570247933901,0.9545454545454547
random,25.0,0,medical,11,4096,0.9983471074380166,0.0033057851239669312,0.9636363636363636
random,25.0,0,medical,12,4096,0.9966942148760332,0.004048743376501108,0.9636363636363636
random,25.0,0,medical,13,4096,0.9966942148760332,0.004048743376501108,0.9636363636363636
random,25.0,0,medical,14,4096,0.9966942148760332,0.004048743376501108,0.9636363636363636
random,25.0,0,medical,15,4096,0.9966942148760332,0.004048743376501108,0.9636363636363636
random,25.0,0,medical,16,4096,0.9966942148760332,0.004048743376501108,0.9636363636363636
random,25.0,0,medical,17,4096,0.9966942148760332,0.004048743376501108,0.9545454545454547
random,25.0,0,medical,18,4096,0.9900826446280991,0.008097486753002257,0.9545454545454547
random,25.0,0,medical,19,4096,0.9900826446280991,0.009637937016273242,0.9545454545454547
random,25.0,0,medical,20,4096,0.9884297520661157,0.00842813142742611,0.9545454545454547
random,25.0,0,medical,21,4096,0.9834710743801652,0.009053265413308541,0.9545454545454547
random,25.0,0,medical,22,4096,0.9834710743801652,0.010453810446837618,0.9545454545454547
random,25.0,0,medical,23,4096,0.9785123966942149,0.016194973506004497,0.9363636363636363
random,25.0,0,medical,24,4096,0.9735537190082644,0.01685626285485219,0.9363636363636363
random,25.0,0,medical,25,4096,0.9735537190082644,0.01685626285485219,0.9363636363636363
random,25.0,0,medical,26,4096,0.9702479338842975,0.019971976815858807,0.9363636363636363
random,25.0,0,medical,27,4096,0.9669421487603305,0.020907620893675254,0.9272727272727274
random,25.0,0,medical,28,4096,0.965289256198347,0.022420925564050488,0.9363636363636363
random,25.0,0,medical,29,4096,0.9636363636363635,0.023723471230425335,0.9363636363636363
random,25.0,0,medical,30,4096,0.9603305785123967,0.021803150344252776,0.9454545454545455
random,25.0,0,medical,31,4096,0.9619834710743801,0.02064462148230877,0.9454545454545455
random,25.0,1,medical,0,4096,0.947107438016529,0.04574661984495222,0.8545454545454547
random,25.0,1,medical,1,4096,0.9322314049586776,0.042592061906529304,0.8272727272727272
random,25.0,1,medical,2,4096,0.9537190082644628,0.0341153180835542,0.8727272727272727
random,25.0,1,medical,3,4096,0.9702479338842975,0.023140495867768614,0.9
random,25.0,1,medical,4,4096,0.9900826446280993,0.012146230129503405,0.9545454545454545
random,25.0,1,medical,5,4096,0.9966942148760332,0.004048743376501108,0.9636363636363636
random,25.0,1,medical,6,4096,0.9933884297520661,0.009637937016273234,0.9818181818181818
random,25.0,1,medical,7,4096,0.9933884297520661,0.009637937016273234,0.9727272727272727
random,25.0,1,medical,8,4096,0.9917355371900827,0.01280325073126419,0.9636363636363636
random,25.0,1,medical,9,4096,0.9950413223140497,0.006611570247933901,0.9636363636363636
random,25.0,1,medical,10,4096,0.9950413223140497,0.006611570247933901,0.9545454545454547
random,25.0,1,medical,11,4096,0.9983471074380166,0.0033057851239669312,0.9636363636363636
random,25.0,1,medical,12,4096,0.9966942148760332,0.004048743376501108,0.9636363636363636
random,25.0,1,medical,13,4096,0.9966942148760332,0.004048743376501108,0.9636363636363636
random,25.0,1,medical,14,4096,0.9966942148760332,0.004048743376501108,0.9636363636363636
random,25.0,1,medical,15,4096,0.9966942148760332,0.004048743376501108,0.9636363636363636
random,25.0,1,medical,16,4096,0.9966942148760332,0.004048743376501108,0.9636363636363636
random,25.0,1,medical,17,4096,0.9966942148760332,0.004048743376501108,0.9545454545454547
random,25.0,1,medical,18,4096,0.9900826446280991,0.008097486753002257,0.9545454545454547
random,25.0,1,medical,19,4096,0.9900826446280991,0.009637937016273242,0.9545454545454547
random,25.0,1,medical,20,4096,0.9884297520661157,0.00842813142742611,0.9545454545454547
random,25.0,1,medical,21,4096,0.9834710743801652,0.009053265413308541,0.9545454545454547
random,25.0,1,medical,22,4096,0.9851239669421487,0.008097486753002255,0.9545454545454547
random,25.0,1,medical,23,4096,0.9785123966942149,0.013428162652290866,0.9454545454545455
random,25.0,1,medical,24,4096,0.9768595041322312,0.016025387958401104,0.9545454545454547
random,25.0,1,medical,25,4096,0.9752066115702478,0.01652892561983472,0.9363636363636363
random,25.0,1,medical,26,4096,0.9752066115702478,0.01652892561983472,0.9272727272727274
random,25.0,1,medical,27,4096,0.9702479338842975,0.019971976815858807,0.9272727272727274
random,25.0,1,medical,28,4096,0.971900826446281,0.017802197709535568,0.9272727272727274
random,25.0,1,medical,29,4096,0.9685950413223141,0.02302212938377543,0.9272727272727274
random,25.0,1,medical,30,4096,0.9669421487603305,0.02155108233124844,0.9181818181818182
random,25.0,1,medical,31,4096,0.965289256198347,0.019133614715355764,0.9272727272727274
random,25.0,2,medical,0,4096,0.947107438016529,0.04574661984495222,0.8545454545454547
random,25.0,2,medical,1,4096,0.9322314049586776,0.042592061906529304,0.8272727272727272
random,25.0,2,medical,2,4096,0.9537190082644628,0.0341153180835542,0.8727272727272727
random,25.0,2,medical,3,4096,0.9702479338842975,0.023140495867768614,0.9
random,25.0,2,medical,4,4096,0.9900826446280993,0.012146230129503405,0.9545454545454545
random,25.0,2,medical,5,4096,0.9966942148760332,0.004048743376501108,0.9636363636363636
random,25.0,2,medical,6,4096,0.9933884297520661,0.009637937016273234,0.9818181818181818
random,25.0,2,medical,7,4096,0.9933884297520661,0.009637937016273234,0.9727272727272727
random,25.0,2,medical,8,4096,0.9917355371900827,0.01280325073126419,0.9636363636363636
random,25.0,2,medical,9,4096,0.9950413223140497,0.006611570247933901,0.9636363636363636
random,25.0,2,medical,10,4096,0.9950413223140497,0.006611570247933901,0.9545454545454547
random,25.0,2,medical,11,4096,0.9983471074380166,0.0033057851239669312,0.9636363636363636
random,25.0,2,medical,12,4096,0.9966942148760332,0.004048743376501108,0.9636363636363636
random,25.0,2,medical,13,4096,0.9966942148760332,0.004048743376501108,0.9636363636363636
random,25.0,2,medical,14,4096,0.9966942148760332,0.004048743376501108,0.9636363636363636
random,25.0,2,medical,15,4096,0.9966942148760332,0.004048743376501108,0.9636363636363636
random,25.0,2,medical,16,4096,0.9966942148760332,0.004048743376501108,0.9636363636363636
random,25.0,2,medical,17,4096,0.9966942148760332,0.004048743376501108,0.9545454545454547
random,25.0,2,medical,18,4096,0.9900826446280991,0.008097486753002257,0.9545454545454547
random,25.0,2,medical,19,4096,0.9900826446280991,0.009637937016273242,0.9545454545454547
random,25.0,2,medical,20,4096,0.9884297520661157,0.00842813142742611,0.9545454545454547
random,25.0,2,medical,21,4096,0.9834710743801652,0.009053265413308541,0.9545454545454547
random,25.0,2,medical,22,4096,0.9834710743801652,0.010453810446837618,0.9545454545454547
random,25.0,2,medical,23,4096,0.9818181818181818,0.01096404889373686,0.9545454545454547
random,25.0,2,medical,24,4096,0.9752066115702478,0.01652892561983472,0.9454545454545455
random,25.0,2,medical,25,4096,0.9752066115702478,0.01652892561983472,0.9454545454545455
random,25.0,2,medical,26,4096,0.9735537190082644,0.019133614715355747,0.9545454545454547
random,25.0,2,medical,27,4096,0.9702479338842975,0.021928097787473712,0.9363636363636363
random,25.0,2,medical,28,4096,0.9702479338842975,0.019971976815858807,0.9363636363636363
random,25.0,2,medical,29,4096,0.965289256198347,0.025284394282278296,0.9363636363636363
random,25.0,2,medical,30,4096,0.9636363636363635,0.023723471230425335,0.9363636363636363
random,25.0,2,medical,31,4096,0.9636363636363636,0.026446280991735557,0.9454545454545455
random,50.0,0,medical,0,8192,0.947107438016529,0.04574661984495222,0.8545454545454547
random,50.0,0,medical,1,8192,0.9322314049586776,0.042592061906529304,0.8272727272727272
random,50.0,0,medical,2,8192,0.9537190082644628,0.0341153180835542,0.8727272727272727
random,50.0,0,medical,3,8192,0.9702479338842975,0.023140495867768614,0.9
random,50.0,0,medical,4,8192,0.9900826446280993,0.012146230129503405,0.9545454545454545
random,50.0,0,medical,5,8192,0.9966942148760332,0.004048743376501108,0.9636363636363636
random,50.0,0,medical,6,8192,0.9933884297520661,0.009637937016273234,0.9818181818181818
random,50.0,0,medical,7,8192,0.9933884297520661,0.009637937016273234,0.9727272727272727
random,50.0,0,medical,8,8192,0.9917355371900827,0.01280325073126419,0.9636363636363636
random,50.0,0,medical,9,8192,0.9950413223140497,0.006611570247933901,0.9636363636363636
random,50.0,0,medical,10,8192,0.9950413223140497,0.006611570247933901,0.9545454545454547
random,50.0,0,medical,11,8192,0.9983471074380166,0.0033057851239669312,0.9636363636363636
random,50.0,0,medical,12,8192,0.9966942148760332,0.004048743376501108,0.9636363636363636
random,50.0,0,medical,13,8192,0.9966942148760332,0.004048743376501108,0.9636363636363636
random,50.0,0,medical,14,8192,0.9966942148760332,0.004048743376501108,0.9636363636363636
random,50.0,0,medical,15,8192,0.9966942148760332,0.004048743376501108,0.9636363636363636
random,50.0,0,medical,16,8192,0.9966942148760332,0.004048743376501108,0.9636363636363636
random,50.0,0,medical,17,8192,0.9966942148760332,0.004048743376501108,0.9545454545454547
random,50.0,0,medical,18,8192,0.9900826446280991,0.008097486753002257,0.9545454545454547
random,50.0,0,medical,19,8192,0.9900826446280991,0.009637937016273242,0.9545454545454547
random,50.0,0,medical,20,8192,0.9884297520661157,0.00842813142742611,0.9545454545454547
random,50.0,0,medical,21,8192,0.9834710743801652,0.009053265413308541,0.9545454545454547
random,50.0,0,medical,22,8192,0.9834710743801652,0.010453810446837618,0.9545454545454547
random,50.0,0,medical,23,8192,0.9768595041322312,0.016025387958401104,0.9454545454545455
random,50.0,0,medical,24,8192,0.9752066115702478,0.01652892561983472,0.9363636363636363
random,50.0,0,medical,25,8192,0.9752066115702478,0.01652892561983472,0.9363636363636363
random,50.0,0,medical,26,8192,0.9702479338842975,0.021928097787473712,0.9272727272727274
random,50.0,0,medical,27,8192,0.9669421487603305,0.02278355165634748,0.9272727272727274
random,50.0,0,medical,28,8192,0.9685950413223139,0.020511857266100608,0.9363636363636363
random,50.0,0,medical,29,8192,0.9669421487603305,0.02155108233124844,0.9272727272727274
random,50.0,0,medical,30,8192,0.9669421487603305,0.02155108233124844,0.9454545454545455
random,50.0,0,medical,31,8192,0.965289256198347,0.020511857266100608,0.9363636363636363
random,50.0,1,medical,0,8192,0.947107438016529,0.04574661984495222,0.8545454545454547
random,50.0,1,medical,1,8192,0.9322314049586776,0.042592061906529304,0.8272727272727272
random,50.0,1,medical,2,8192,0.9537190082644628,0.0341153180835542,0.8727272727272727
random,50.0,1,medical,3,8192,0.9702479338842975,0.023140495867768614,0.9
random,50.0,1,medical,4,8192,0.9900826446280993,0.012146230129503405,0.9545454545454545
random,50.0,1,medical,5,8192,0.9966942148760332,0.004048743376501108,0.9636363636363636
random,50.0,1,medical,6,8192,0.9933884297520661,0.009637937016273234,0.9818181818181818
random,50.0,1,medical,7,8192,0.9933884297520661,0.009637937016273234,0.9727272727272727
random,50.0,1,medical,8,8192,0.9917355371900827,0.01280325073126419,0.9636363636363636
random,50.0,1,medical,9,8192,0.9950413223140497,0.006611570247933901,0.9636363636363636
random,50.0,1,medical,10,8192,0.9950413223140497,0.006611570247933901,0.9545454545454547
random,50.0,1,medical,11,8192,0.9983471074380166,0.0033057851239669312,0.9636363636363636
random,50.0,1,medical,12,8192,0.9966942148760332,0.004048743376501108,0.9636363636363636
random,50.0,1,medical,13,8192,0.9966942148760332,0.004048743376501108,0.9636363636363636
random,50.0,1,medical,14,8192,0.9966942148760332,0.004048743376501108,0.9636363636363636
random,50.0,1,medical,15,8192,0.9966942148760332,0.004048743376501108,0.9636363636363636
random,50.0,1,medical,16,8192,0.9966942148760332,0.004048743376501108,0.9636363636363636
random,50.0,1,medical,17,8192,0.9966942148760332,0.004048743376501108,0.9545454545454547
random,50.0,1,medical,18,8192,0.9900826446280991,0.008097486753002257,0.9545454545454547
random,50.0,1,medical,19,8192,0.9900826446280991,0.009637937016273242,0.9545454545454547
random,50.0,1,medical,20,8192,0.9884297520661157,0.00842813142742611,0.9545454545454547
random,50.0,1,medical,21,8192,0.9834710743801652,0.009053265413308541,0.9545454545454547
random,50.0,1,medical,22,8192,0.9867768595041321,0.00842813142742611,0.9545454545454547
random,50.0,1,medical,23,8192,0.9785123966942149,0.013428162652290866,0.9545454545454547
random,50.0,1,medical,24,8192,0.9834710743801652,0.010453810446837618,0.9454545454545455
random,50.0,1,medical,25,8192,0.9818181818181818,0.01096404889373686,0.9363636363636363
random,50.0,1,medical,26,8192,0.9785123966942149,0.016194973506004497,0.9454545454545455
random,50.0,1,medical,27,8192,0.9735537190082644,0.019133614715355747,0.9272727272727274
random,50.0,1,medical,28,8192,0.9735537190082644,0.01685626285485219,0.9363636363636363
random,50.0,1,medical,29,8192,0.9735537190082644,0.01685626285485219,0.9363636363636363
random,50.0,1,medical,30,8192,0.9752066115702478,0.01652892561983472,0.9363636363636363
random,50.0,1,medical,31,8192,0.971900826446281,0.017802197709535568,0.9454545454545455
random,50.0,2,medical,0,8192,0.947107438016529,0.04574661984495222,0.8545454545454547
random,50.0,2,medical,1,8192,0.9322314049586776,0.042592061906529304,0.8272727272727272
random,50.0,2,medical,2,8192,0.9537190082644628,0.0341153180835542,0.8727272727272727
random,50.0,2,medical,3,8192,0.9702479338842975,0.023140495867768614,0.9
random,50.0,2,medical,4,8192,0.9900826446280993,0.012146230129503405,0.9545454545454545
random,50.0,2,medical,5,8192,0.9966942148760332,0.004048743376501108,0.9636363636363636
random,50.0,2,medical,6,8192,0.9933884297520661,0.009637937016273234,0.9818181818181818
random,50.0,2,medical,7,8192,0.9933884297520661,0.009637937016273234,0.9727272727272727
random,50.0,2,medical,8,8192,0.9917355371900827,0.01280325073126419,0.9636363636363636
random,50.0,2,medical,9,8192,0.9950413223140497,0.006611570247933901,0.9636363636363636
random,50.0,2,medical,10,8192,0.9950413223140497,0.006611570247933901,0.9545454545454547
random,50.0,2,medical,11,8192,0.9983471074380166,0.0033057851239669312,0.9636363636363636
random,50.0,2,medical,12,8192,0.9966942148760332,0.004048743376501108,0.9636363636363636
random,50.0,2,medical,13,8192,0.9966942148760332,0.004048743376501108,0.9636363636363636
random,50.0,2,medical,14,8192,0.9966942148760332,0.004048743376501108,0.9636363636363636
random,50.0,2,medical,15,8192,0.9966942148760332,0.004048743376501108,0.9636363636363636
random,50.0,2,medical,16,8192,0.9966942148760332,0.004048743376501108,0.9636363636363636
random,50.0,2,medical,17,8192,0.9966942148760332,0.004048743376501108,0.9545454545454547
random,50.0,2,medical,18,8192,0.9900826446280991,0.008097486753002257,0.9545454545454547
random,50.0,2,medical,19,8192,0.9900826446280991,0.009637937016273242,0.9545454545454547
random,50.0,2,medical,20,8192,0.9884297520661157,0.00842813142742611,0.9545454545454547
random,50.0,2,medical,21,8192,0.9834710743801652,0.009053265413308541,0.9545454545454547
random,50.0,2,medical,22,8192,0.9818181818181818,0.01096404889373686,0.9545454545454547
random,50.0,2,medical,23,8192,0.9768595041322314,0.014218719449657252,0.9454545454545455
random,50.0,2,medical,24,8192,0.9735537190082644,0.019133614715355747,0.9454545454545455
random,50.0,2,medical,25,8192,0.9702479338842975,0.021928097787473712,0.9363636363636363
random,50.0,2,medical,26,8192,0.9702479338842975,0.021928097787473712,0.9363636363636363
random,50.0,2,medical,27,8192,0.9685950413223139,0.022420925564050474,0.9363636363636363
random,50.0,2,medical,28,8192,0.9669421487603305,0.02278355165634748,0.9363636363636363
random,50.0,2,medical,29,8192,0.965289256198347,0.023608027862951575,0.9363636363636363
random,50.0,2,medical,30,8192,0.9669421487603305,0.02278355165634748,0.9454545454545455
random,50.0,2,medical,31,8192,0.965289256198347,0.023022129383775413,0.9454545454545455
clean,0.0,0,legal,0,0,0.7289940828402367,0.07553596874429798,0.6846153846153846
clean,0.0,0,legal,1,0,0.7692307692307694,0.05436063468807502,0.6923076923076923
clean,0.0,0,legal,2,0,0.7739644970414201,0.04635066515400271,0.7384615384615385
clean,0.0,0,legal,3,0,0.7798816568047338,0.04870796598167262,0.7384615384615385
clean,0.0,0,legal,4,0,0.7940828402366864,0.040892668741233124,0.7538461538461538
clean,0.0,0,legal,5,0,0.842603550295858,0.04309382593143939,0.7538461538461538
clean,0.0,0,legal,6,0,0.8650887573964496,0.047983751320031465,0.8
clean,0.0,0,legal,7,0,0.8603550295857989,0.040755444633662895,0.7923076923076924
clean,0.0,0,legal,8,0,0.8662721893491124,0.035423975259398235,0.7692307692307694
clean,0.0,0,legal,9,0,0.8828402366863906,0.029324288031630445,0.7692307692307694
clean,0.0,0,legal,10,0,0.8875739644970414,0.04099528538624565,0.776923076923077
clean,0.0,0,legal,11,0,0.8828402366863906,0.024654043379881252,0.7846153846153846
clean,0.0,0,legal,12,0,0.8911242603550296,0.026089239863962874,0.7769230769230769
clean,0.0,0,legal,13,0,0.8828402366863906,0.02708999560298127,0.7923076923076924
clean,0.0,0,legal,14,0,0.8816568047337279,0.02592769502983038,0.7846153846153847
clean,0.0,0,legal,15,0,0.8781065088757396,0.02001365032578436,0.776923076923077
clean,0.0,0,legal,16,0,0.8639053254437868,0.019445771272372778,0.776923076923077
clean,0.0,0,legal,17,0,0.8662721893491124,0.028402366863905314,0.7615384615384615
clean,0.0,0,legal,18,0,0.8698224852071006,0.027753939407239248,0.7846153846153847
clean,0.0,0,legal,19,0,0.8804733727810652,0.02630308966969573,0.7846153846153847
clean,0.0,0,legal,20,0,0.8769230769230768,0.0199435497589973,0.8
clean,0.0,0,legal,21,0,0.8710059171597633,0.025491904412471036,0.7846153846153847
clean,0.0,0,legal,22,0,0.8816568047337278,0.03153352093366681,0.7846153846153846
clean,0.0,0,legal,23,0,0.8816568047337279,0.027244649546086033,0.7615384615384615
clean,0.0,0,legal,24,0,0.8733727810650886,0.02790491389953043,0.7538461538461538
clean,0.0,0,legal,25,0,0.8627218934911243,0.03397088779741378,0.7615384615384616
clean,0.0,0,legal,26,0,0.8698224852071006,0.03429911655902829,0.7538461538461539
clean,0.0,0,legal,27,0,0.8721893491124261,0.03144456865227556,0.7692307692307694
clean,0.0,0,legal,28,0,0.859171597633136,0.023190435434633627,0.7615384615384615
clean,0.0,0,legal,29,0,0.8532544378698225,0.03117618904691004,0.7615384615384615
clean,0.0,0,legal,30,0,0.8485207100591715,0.0346242339368705,0.7384615384615384
clean,0.0,0,legal,31,0,0.7834319526627219,0.03899942497818718,0.7
circuit,5.0,0,legal,0,819,0.7289940828402367,0.07553596874429798,0.6846153846153846
circuit,5.0,0,legal,1,819,0.7692307692307694,0.05436063468807502,0.6923076923076923
circuit,5.0,0,legal,2,819,0.7739644970414201,0.04635066515400271,0.7384615384615385
circuit,5.0,0,legal,3,819,0.7798816568047338,0.04870796598167262,0.7384615384615385
circuit,5.0,0,legal,4,819,0.7940828402366864,0.040892668741233124,0.7538461538461538
circuit,5.0,0,legal,5,819,0.842603550295858,0.04309382593143939,0.7538461538461538
circuit,5.0,0,legal,6,819,0.8650887573964496,0.047983751320031465,0.8
circuit,5.0,0,legal,7,819,0.8603550295857989,0.040755444633662895,0.7923076923076924
circuit,5.0,0,legal,8,819,0.8662721893491124,0.035423975259398235,0.7692307692307694
circuit,5.0,0,legal,9,819,0.8828402366863906,0.029324288031630445,0.7692307692307694
circuit,5.0,0,legal,10,819,0.8875739644970414,0.04099528538624565,0.776923076923077
circuit,5.0,0,legal,11,819,0.8828402366863906,0.024654043379881252,0.7846153846153846
circuit,5.0,0,legal,12,819,0.8911242603550296,0.026089239863962874,0.7769230769230769
circuit,5.0,0,legal,13,819,0.8828402366863906,0.02708999560298127,0.7923076923076924
circuit,5.0,0,legal,14,819,0.8816568047337279,0.02592769502983038,0.7846153846153847
circuit,5.0,0,legal,15,819,0.8781065088757396,0.02001365032578436,0.776923076923077
circuit,5.0,0,legal,16,819,0.8639053254437868,0.019445771272372778,0.776923076923077
circuit,5.0,0,legal,17,819,0.8662721893491124,0.028402366863905314,0.7615384615384615
circuit,5.0,0,legal,18,819,0.8698224852071006,0.027753939407239248,0.7846153846153847
circuit,5.0,0,legal,19,819,0.8804733727810652,0.02630308966969573,0.7846153846153847
circuit,5.0,0,legal,20,819,0.8769230769230768,0.0199435497589973,0.8
circuit,5.0,0,legal,21,819,0.8710059171597633,0.025491904412471036,0.7846153846153847
circuit,5.0,0,legal,22,819,0.8710059171597633,0.027602139147196652,0.7769230769230769
circuit,5.0,0,legal,23,819,0.8781065088757396,0.03007873379204457,0.7538461538461538
circuit,5.0,0,legal,24,819,0.8662721893491124,0.03935689739246365,0.7692307692307693
circuit,5.0,0,legal,25,819,0.8508875739644971,0.04497041420118341,0.7538461538461538
circuit,5.0,0,legal,26,819,0.8520710059171599,0.04475188260636459,0.7461538461538461
circuit,5.0,0,legal,27,819,0.8520710059171599,0.04674181694232307,0.7384615384615384
circuit,5.0,0,legal,28,819,0.8449704142011834,0.043866870988995645,0.7307692307692307
circuit,5.0,0,legal,29,819,0.8295857988165679,0.046501497525179895,0.7076923076923077
circuit,5.0,0,legal,30,819,0.8177514792899407,0.051774302613555874,0.6923076923076923
circuit,5.0,0,legal,31,819,0.7893491124260354,0.06445088191332593,0.7000000000000001
circuit,10.0,0,legal,0,1638,0.7289940828402367,0.07553596874429798,0.6846153846153846
circuit,10.0,0,legal,1,1638,0.7692307692307694,0.05436063468807502,0.6923076923076923
circuit,10.0,0,legal,2,1638,0.7739644970414201,0.04635066515400271,0.7384615384615385
circuit,10.0,0,legal,3,1638,0.7798816568047338,0.04870796598167262,0.7384615384615385
circuit,10.0,0,legal,4,1638,0.7940828402366864,0.040892668741233124,0.7538461538461538
circuit,10.0,0,legal,5,1638,0.842603550295858,0.04309382593143939,0.7538461538461538
circuit,10.0,0,legal,6,1638,0.8650887573964496,0.047983751320031465,0.8
circuit,10.0,0,legal,7,1638,0.8603550295857989,0.040755444633662895,0.7923076923076924
circuit,10.0,0,legal,8,1638,0.8662721893491124,0.035423975259398235,0.7692307692307694
circuit,10.0,0,legal,9,1638,0.8828402366863906,0.029324288031630445,0.7692307692307694
circuit,10.0,0,legal,10,1638,0.8875739644970414,0.04099528538624565,0.776923076923077
circuit,10.0,0,legal,11,1638,0.8828402366863906,0.024654043379881252,0.7846153846153846
circuit,10.0,0,legal,12,1638,0.8911242603550296,0.026089239863962874,0.7769230769230769
circuit,10.0,0,legal,13,1638,0.8828402366863906,0.02708999560298127,0.7923076923076924
circuit,10.0,0,legal,14,1638,0.8816568047337279,0.02592769502983038,0.7846153846153847
circuit,10.0,0,legal,15,1638,0.8781065088757396,0.02001365032578436,0.776923076923077
circuit,10.0,0,legal,16,1638,0.8639053254437868,0.019445771272372778,0.776923076923077
circuit,10.0,0,legal,17,1638,0.8662721893491124,0.028402366863905314,0.7615384615384615
circuit,10.0,0,legal,18,1638,0.8698224852071006,0.027753939407239248,0.7846153846153847
circuit,10.0,0,legal,19,1638,0.8804733727810652,0.02630308966969573,0.7846153846153847
circuit,10.0,0,legal,20,1638,0.8769230769230768,0.0199435497589973,0.8
circuit,10.0,0,legal,21,1638,0.8710059171597633,0.025491904412471036,0.7846153846153847
circuit,10.0,0,legal,22,1638,0.872189349112426,0.026356281007479363,0.7846153846153846
circuit,10.0,0,legal,23,1638,0.8698224852071006,0.03589526837420851,0.7692307692307692
circuit,10.0,0,legal,24,1638,0.8603550295857989,0.03772160343315795,0.7769230769230769
circuit,10.0,0,legal,25,1638,0.8449704142011834,0.042240398337455014,0.7615384615384615
circuit,10.0,0,legal,26,1638,0.8437869822485208,0.042767599999035864,0.7384615384615385
circuit,10.0,0,legal,27,1638,0.8485207100591717,0.04143702106511618,0.7461538461538462
circuit,10.0,0,legal,28,1638,0.834319526627219,0.041672939317536135,0.723076923076923
circuit,10.0,0,legal,29,1638,0.8201183431952662,0.04592569919983968,0.7153846153846154
circuit,10.0,0,legal,30,1638,0.808284023668639,0.05682938321203776,0.6923076923076923
circuit,10.0,0,legal,31,1638,0.7964497041420119,0.06574174869742556,0.6923076923076923
circuit,25.0,0,legal,0,4096,0.7289940828402367,0.07553596874429798,0.6846153846153846
circuit,25.0,0,legal,1,4096,0.7692307692307694,0.05436063468807502,0.6923076923076923
circuit,25.0,0,legal,2,4096,0.7739644970414201,0.04635066515400271,0.7384615384615385
circuit,25.0,0,legal,3,4096,0.7798816568047338,0.04870796598167262,0.7384615384615385
circuit,25.0,0,legal,4,4096,0.7940828402366864,0.040892668741233124,0.7538461538461538
circuit,25.0,0,legal,5,4096,0.842603550295858,0.04309382593143939,0.7538461538461538
circuit,25.0,0,legal,6,4096,0.8650887573964496,0.047983751320031465,0.8
circuit,25.0,0,legal,7,4096,0.8603550295857989,0.040755444633662895,0.7923076923076924
circuit,25.0,0,legal,8,4096,0.8662721893491124,0.035423975259398235,0.7692307692307694
circuit,25.0,0,legal,9,4096,0.8828402366863906,0.029324288031630445,0.7692307692307694
circuit,25.0,0,legal,10,4096,0.8875739644970414,0.04099528538624565,0.776923076923077
circuit,25.0,0,legal,11,4096,0.8828402366863906,0.024654043379881252,0.7846153846153846
circuit,25.0,0,legal,12,4096,0.8911242603550296,0.026089239863962874,0.7769230769230769
circuit,25.0,0,legal,13,4096,0.8828402366863906,0.02708999560298127,0.7923076923076924
circuit,25.0,0,legal,14,4096,0.8816568047337279,0.02592769502983038,0.7846153846153847
circuit,25.0,0,legal,15,4096,0.8781065088757396,0.02001365032578436,0.776923076923077
circuit,25.0,0,legal,16,4096,0.8639053254437868,0.019445771272372778,0.776923076923077
circuit,25.0,0,legal,17,4096,0.8662721893491124,0.028402366863905314,0.7615384615384615
circuit,25.0,0,legal,18,4096,0.8698224852071006,0.027753939407239248,0.7846153846153847
circuit,25.0,0,legal,19,4096,0.8804733727810652,0.02630308966969573,0.7846153846153847
circuit,25.0,0,legal,20,4096,0.8769230769230768,0.0199435497589973,0.8
circuit,25.0,0,legal,21,4096,0.8710059171597633,0.025491904412471036,0.7846153846153847
circuit,25.0,0,legal,22,4096,0.8698224852071006,0.026462342928991592,0.7769230769230769
circuit,25.0,0,legal,23,4096,0.8710059171597633,0.026303089669695696,0.7692307692307692
circuit,25.0,0,legal,24,4096,0.8568047337278106,0.03712280980203106,0.7615384615384615
circuit,25.0,0,legal,25,4096,0.8544378698224853,0.04468924873017566,0.7692307692307692
circuit,25.0,0,legal,26,4096,0.8520710059171599,0.04490808511481722,0.7615384615384615
circuit,25.0,0,legal,27,4096,0.8532544378698225,0.04739641276804923,0.7615384615384615
circuit,25.0,0,legal,28,4096,0.8378698224852071,0.053398883657649616,0.7384615384615384
circuit,25.0,0,legal,29,4096,0.8355029585798818,0.05466892053231289,0.7384615384615384
circuit,25.0,0,legal,30,4096,0.8236686390532544,0.063443432680143,0.7384615384615384
circuit,25.0,0,legal,31,4096,0.8142011834319526,0.07702314837999044,0.7230769230769231
circuit,50.0,0,legal,0,8192,0.7289940828402367,0.07553596874429798,0.6846153846153846
circuit,50.0,0,legal,1,8192,0.7692307692307694,0.05436063468807502,0.6923076923076923
circuit,50.0,0,legal,2,8192,0.7739644970414201,0.04635066515400271,0.7384615384615385
circuit,50.0,0,legal,3,8192,0.7798816568047338,0.04870796598167262,0.7384615384615385
circuit,50.0,0,legal,4,8192,0.7940828402366864,0.040892668741233124,0.7538461538461538
circuit,50.0,0,legal,5,8192,0.842603550295858,0.04309382593143939,0.7538461538461538
circuit,50.0,0,legal,6,8192,0.8650887573964496,0.047983751320031465,0.8
circuit,50.0,0,legal,7,8192,0.8603550295857989,0.040755444633662895,0.7923076923076924
circuit,50.0,0,legal,8,8192,0.8662721893491124,0.035423975259398235,0.7692307692307694
circuit,50.0,0,legal,9,8192,0.8828402366863906,0.029324288031630445,0.7692307692307694
circuit,50.0,0,legal,10,8192,0.8875739644970414,0.04099528538624565,0.776923076923077
circuit,50.0,0,legal,11,8192,0.8828402366863906,0.024654043379881252,0.7846153846153846
circuit,50.0,0,legal,12,8192,0.8911242603550296,0.026089239863962874,0.7769230769230769
circuit,50.0,0,legal,13,8192,0.8828402366863906,0.02708999560298127,0.7923076923076924
circuit,50.0,0,legal,14,8192,0.8816568047337279,0.02592769502983038,0.7846153846153847
circuit,50.0,0,legal,15,8192,0.8781065088757396,0.02001365032578436,0.776923076923077
circuit,50.0,0,legal,16,8192,0.8639053254437868,0.019445771272372778,0.776923076923077
circuit,50.0,0,legal,17,8192,0.8662721893491124,0.028402366863905314,0.7615384615384615
circuit,50.0,0,legal,18,8192,0.8698224852071006,0.027753939407239248,0.7846153846153847
circuit,50.0,0,legal,19,8192,0.8804733727810652,0.02630308966969573,0.7846153846153847
circuit,50.0,0,legal,20,8192,0.8769230769230768,0.0199435497589973,0.8
circuit,50.0,0,legal,21,8192,0.8710059171597633,0.025491904412471036,0.7846153846153847
circuit,50.0,0,legal,22,8192,0.8721893491124261,0.02662064350106979,0.7769230769230769
circuit,50.0,0,legal,23,8192,0.8627218934911243,0.025491904412471008,0.7769230769230769
circuit,50.0,0,legal,24,8192,0.8497041420118343,0.03522574216837208,0.7692307692307692
circuit,50.0,0,legal,25,8192,0.8473372781065087,0.039851972166823006,0.7769230769230769
circuit,50.0,0,legal,26,8192,0.8437869822485207,0.03753550657314486,0.7538461538461538
circuit,50.0,0,legal,27,8192,0.8473372781065089,0.04257066449373955,0.7692307692307693
circuit,50.0,0,legal,28,8192,0.8414201183431953,0.04402621358044563,0.7615384615384616
circuit,50.0,0,legal,29,8192,0.8390532544378697,0.047099997022798594,0.7692307692307692
circuit,50.0,0,legal,30,8192,0.8355029585798818,0.0576611962844016,0.7538461538461538
circuit,50.0,0,legal,31,8192,0.8402366863905325,0.05940781253496399,0.7461538461538462
circuit_pos,5.0,0,legal,0,819,0.7289940828402367,0.07553596874429798,0.6846153846153846
circuit_pos,5.0,0,legal,1,819,0.7692307692307694,0.05436063468807502,0.6923076923076923
circuit_pos,5.0,0,legal,2,819,0.7739644970414201,0.04635066515400271,0.7384615384615385
circuit_pos,5.0,0,legal,3,819,0.7798816568047338,0.04870796598167262,0.7384615384615385
circuit_pos,5.0,0,legal,4,819,0.7940828402366864,0.040892668741233124,0.7538461538461538
circuit_pos,5.0,0,legal,5,819,0.842603550295858,0.04309382593143939,0.7538461538461538
circuit_pos,5.0,0,legal,6,819,0.8650887573964496,0.047983751320031465,0.8
circuit_pos,5.0,0,legal,7,819,0.8603550295857989,0.040755444633662895,0.7923076923076924
circuit_pos,5.0,0,legal,8,819,0.8662721893491124,0.035423975259398235,0.7692307692307694
circuit_pos,5.0,0,legal,9,819,0.8828402366863906,0.029324288031630445,0.7692307692307694
circuit_pos,5.0,0,legal,10,819,0.8875739644970414,0.04099528538624565,0.776923076923077
circuit_pos,5.0,0,legal,11,819,0.8828402366863906,0.024654043379881252,0.7846153846153846
circuit_pos,5.0,0,legal,12,819,0.8911242603550296,0.026089239863962874,0.7769230769230769
circuit_pos,5.0,0,legal,13,819,0.8828402366863906,0.02708999560298127,0.7923076923076924
circuit_pos,5.0,0,legal,14,819,0.8816568047337279,0.02592769502983038,0.7846153846153847
circuit_pos,5.0,0,legal,15,819,0.8781065088757396,0.02001365032578436,0.776923076923077
circuit_pos,5.0,0,legal,16,819,0.8639053254437868,0.019445771272372778,0.776923076923077
circuit_pos,5.0,0,legal,17,819,0.8662721893491124,0.028402366863905314,0.7615384615384615
circuit_pos,5.0,0,legal,18,819,0.8698224852071006,0.027753939407239248,0.7846153846153847
circuit_pos,5.0,0,legal,19,819,0.8804733727810652,0.02630308966969573,0.7846153846153847
circuit_pos,5.0,0,legal,20,819,0.8769230769230768,0.0199435497589973,0.8
circuit_pos,5.0,0,legal,21,819,0.8710059171597633,0.025491904412471036,0.7846153846153847
circuit_pos,5.0,0,legal,22,819,0.8650887573964496,0.030950761729282867,0.7692307692307693
circuit_pos,5.0,0,legal,23,819,0.8532544378698225,0.04190752949023852,0.7461538461538462
circuit_pos,5.0,0,legal,24,819,0.842603550295858,0.04531169164278497,0.7307692307692307
circuit_pos,5.0,0,legal,25,819,0.8189349112426034,0.053660516207122505,0.7307692307692307
circuit_pos,5.0,0,legal,26,819,0.8035502958579883,0.058981944588767383,0.7307692307692307
circuit_pos,5.0,0,legal,27,819,0.7905325443786981,0.06018074383475088,0.7076923076923077
circuit_pos,5.0,0,legal,28,819,0.765680473372781,0.06246458329181844,0.6769230769230768
circuit_pos,5.0,0,legal,29,819,0.7372781065088757,0.07899796103327167,0.6692307692307692
circuit_pos,5.0,0,legal,30,819,0.7005917159763314,0.08066458313823419,0.6384615384615383
circuit_pos,5.0,0,legal,31,819,0.6733727810650887,0.07250875115758768,0.623076923076923
circuit_pos,10.0,0,legal,0,1638,0.7289940828402367,0.07553596874429798,0.6846153846153846
circuit_pos,10.0,0,legal,1,1638,0.7692307692307694,0.05436063468807502,0.6923076923076923
circuit_pos,10.0,0,legal,2,1638,0.7739644970414201,0.04635066515400271,0.7384615384615385
circuit_pos,10.0,0,legal,3,1638,0.7798816568047338,0.04870796598167262,0.7384615384615385
circuit_pos,10.0,0,legal,4,1638,0.7940828402366864,0.040892668741233124,0.7538461538461538
circuit_pos,10.0,0,legal,5,1638,0.842603550295858,0.04309382593143939,0.7538461538461538
circuit_pos,10.0,0,legal,6,1638,0.8650887573964496,0.047983751320031465,0.8
circuit_pos,10.0,0,legal,7,1638,0.8603550295857989,0.040755444633662895,0.7923076923076924
circuit_pos,10.0,0,legal,8,1638,0.8662721893491124,0.035423975259398235,0.7692307692307694
circuit_pos,10.0,0,legal,9,1638,0.8828402366863906,0.029324288031630445,0.7692307692307694
circuit_pos,10.0,0,legal,10,1638,0.8875739644970414,0.04099528538624565,0.776923076923077
circuit_pos,10.0,0,legal,11,1638,0.8828402366863906,0.024654043379881252,0.7846153846153846
circuit_pos,10.0,0,legal,12,1638,0.8911242603550296,0.026089239863962874,0.7769230769230769
circuit_pos,10.0,0,legal,13,1638,0.8828402366863906,0.02708999560298127,0.7923076923076924
circuit_pos,10.0,0,legal,14,1638,0.8816568047337279,0.02592769502983038,0.7846153846153847
circuit_pos,10.0,0,legal,15,1638,0.8781065088757396,0.02001365032578436,0.776923076923077
circuit_pos,10.0,0,legal,16,1638,0.8639053254437868,0.019445771272372778,0.776923076923077
circuit_pos,10.0,0,legal,17,1638,0.8662721893491124,0.028402366863905314,0.7615384615384615
circuit_pos,10.0,0,legal,18,1638,0.8698224852071006,0.027753939407239248,0.7846153846153847
circuit_pos,10.0,0,legal,19,1638,0.8804733727810652,0.02630308966969573,0.7846153846153847
circuit_pos,10.0,0,legal,20,1638,0.8769230769230768,0.0199435497589973,0.8
circuit_pos,10.0,0,legal,21,1638,0.8710059171597633,0.025491904412471036,0.7846153846153847
circuit_pos,10.0,0,legal,22,1638,0.8568047337278107,0.033764124538904365,0.7615384615384616
circuit_pos,10.0,0,legal,23,1638,0.8319526627218936,0.04546597091668291,0.7538461538461538
circuit_pos,10.0,0,legal,24,1638,0.8118343195266272,0.06366379955651012,0.7230769230769231
circuit_pos,10.0,0,legal,25,1638,0.778698224852071,0.06434214068197962,0.7076923076923076
circuit_pos,10.0,0,legal,26,1638,0.7502958579881657,0.07772905028957647,0.6923076923076923
circuit_pos,10.0,0,legal,27,1638,0.7384615384615385,0.07609016523398111,0.646153846153846
circuit_pos,10.0,0,legal,28,1638,0.7029585798816568,0.08561702839141272,0.6384615384615383
circuit_pos,10.0,0,legal,29,1638,0.6591715976331362,0.08314399086509015,0.623076923076923
circuit_pos,10.0,0,legal,30,1638,0.6082840236686391,0.09328867301782891,0.5923076923076923
circuit_pos,10.0,0,legal,31,1638,0.5751479289940827,0.10023605764667315,0.6
circuit_pos,25.0,0,legal,0,4096,0.7289940828402367,0.07553596874429798,0.6846153846153846
circuit_pos,25.0,0,legal,1,4096,0.7692307692307694,0.05436063468807502,0.6923076923076923
circuit_pos,25.0,0,legal,2,4096,0.7739644970414201,0.04635066515400271,0.7384615384615385
circuit_pos,25.0,0,legal,3,4096,0.7798816568047338,0.04870796598167262,0.7384615384615385
circuit_pos,25.0,0,legal,4,4096,0.7940828402366864,0.040892668741233124,0.7538461538461538
circuit_pos,25.0,0,legal,5,4096,0.842603550295858,0.04309382593143939,0.7538461538461538
circuit_pos,25.0,0,legal,6,4096,0.8650887573964496,0.047983751320031465,0.8
circuit_pos,25.0,0,legal,7,4096,0.8603550295857989,0.040755444633662895,0.7923076923076924
circuit_pos,25.0,0,legal,8,4096,0.8662721893491124,0.035423975259398235,0.7692307692307694
circuit_pos,25.0,0,legal,9,4096,0.8828402366863906,0.029324288031630445,0.7692307692307694
circuit_pos,25.0,0,legal,10,4096,0.8875739644970414,0.04099528538624565,0.776923076923077
circuit_pos,25.0,0,legal,11,4096,0.8828402366863906,0.024654043379881252,0.7846153846153846
circuit_pos,25.0,0,legal,12,4096,0.8911242603550296,0.026089239863962874,0.7769230769230769
circuit_pos,25.0,0,legal,13,4096,0.8828402366863906,0.02708999560298127,0.7923076923076924
circuit_pos,25.0,0,legal,14,4096,0.8816568047337279,0.02592769502983038,0.7846153846153847
circuit_pos,25.0,0,legal,15,4096,0.8781065088757396,0.02001365032578436,0.776923076923077
circuit_pos,25.0,0,legal,16,4096,0.8639053254437868,0.019445771272372778,0.776923076923077
circuit_pos,25.0,0,legal,17,4096,0.8662721893491124,0.028402366863905314,0.7615384615384615
circuit_pos,25.0,0,legal,18,4096,0.8698224852071006,0.027753939407239248,0.7846153846153847
circuit_pos,25.0,0,legal,19,4096,0.8804733727810652,0.02630308966969573,0.7846153846153847
circuit_pos,25.0,0,legal,20,4096,0.8769230769230768,0.0199435497589973,0.8
circuit_pos,25.0,0,legal,21,4096,0.8710059171597633,0.025491904412471036,0.7846153846153847
circuit_pos,25.0,0,legal,22,4096,0.8402366863905325,0.0388915425447455,0.7538461538461539
circuit_pos,25.0,0,legal,23,4096,0.8,0.060157467584089144,0.7076923076923076
circuit_pos,25.0,0,legal,24,4096,0.7751479289940828,0.07179053674841707,0.7076923076923076
circuit_pos,25.0,0,legal,25,4096,0.7301775147928995,0.08187091387658213,0.676923076923077
circuit_pos,25.0,0,legal,26,4096,0.7112426035502959,0.09351359178763745,0.6538461538461539
circuit_pos,25.0,0,legal,27,4096,0.6781065088757396,0.10415545905651183,0.6615384615384615
circuit_pos,25.0,0,legal,28,4096,0.6272189349112426,0.11875667412357017,0.623076923076923
circuit_pos,25.0,0,legal,29,4096,0.5893491124260355,0.1272725908592269,0.5846153846153845
circuit_pos,25.0,0,legal,30,4096,0.5751479289940828,0.12266658953704081,0.576923076923077
circuit_pos,25.0,0,legal,31,4096,0.5289940828402366,0.15107193748859596,0.5615384615384615
circuit_pos,50.0,0,legal,0,8192,0.7289940828402367,0.07553596874429798,0.6846153846153846
circuit_pos,50.0,0,legal,1,8192,0.7692307692307694,0.05436063468807502,0.6923076923076923
circuit_pos,50.0,0,legal,2,8192,0.7739644970414201,0.04635066515400271,0.7384615384615385
circuit_pos,50.0,0,legal,3,8192,0.7798816568047338,0.04870796598167262,0.7384615384615385
circuit_pos,50.0,0,legal,4,8192,0.7940828402366864,0.040892668741233124,0.7538461538461538
circuit_pos,50.0,0,legal,5,8192,0.842603550295858,0.04309382593143939,0.7538461538461538
circuit_pos,50.0,0,legal,6,8192,0.8650887573964496,0.047983751320031465,0.8
circuit_pos,50.0,0,legal,7,8192,0.8603550295857989,0.040755444633662895,0.7923076923076924
circuit_pos,50.0,0,legal,8,8192,0.8662721893491124,0.035423975259398235,0.7692307692307694
circuit_pos,50.0,0,legal,9,8192,0.8828402366863906,0.029324288031630445,0.7692307692307694
circuit_pos,50.0,0,legal,10,8192,0.8875739644970414,0.04099528538624565,0.776923076923077
circuit_pos,50.0,0,legal,11,8192,0.8828402366863906,0.024654043379881252,0.7846153846153846
circuit_pos,50.0,0,legal,12,8192,0.8911242603550296,0.026089239863962874,0.7769230769230769
circuit_pos,50.0,0,legal,13,8192,0.8828402366863906,0.02708999560298127,0.7923076923076924
circuit_pos,50.0,0,legal,14,8192,0.8816568047337279,0.02592769502983038,0.7846153846153847
circuit_pos,50.0,0,legal,15,8192,0.8781065088757396,0.02001365032578436,0.776923076923077
circuit_pos,50.0,0,legal,16,8192,0.8639053254437868,0.019445771272372778,0.776923076923077
circuit_pos,50.0,0,legal,17,8192,0.8662721893491124,0.028402366863905314,0.7615384615384615
circuit_pos,50.0,0,legal,18,8192,0.8698224852071006,0.027753939407239248,0.7846153846153847
circuit_pos,50.0,0,legal,19,8192,0.8804733727810652,0.02630308966969573,0.7846153846153847
circuit_pos,50.0,0,legal,20,8192,0.8769230769230768,0.0199435497589973,0.8
circuit_pos,50.0,0,legal,21,8192,0.8710059171597633,0.025491904412471036,0.7846153846153847
circuit_pos,50.0,0,legal,22,8192,0.8366863905325443,0.034217354543907584,0.7538461538461539
circuit_pos,50.0,0,legal,23,8192,0.7988165680473372,0.060227269349109915,0.7153846153846153
circuit_pos,50.0,0,legal,24,8192,0.7621301775147928,0.07231534256782099,0.7076923076923076
circuit_pos,50.0,0,legal,25,8192,0.7325443786982249,0.07772905028957647,0.6923076923076923
circuit_pos,50.0,0,legal,26,8192,0.7017751479289942,0.08289093968207084,0.6461538461538461
circuit_pos,50.0,0,legal,27,8192,0.6852071005917161,0.08371474169859121,0.6538461538461539
circuit_pos,50.0,0,legal,28,8192,0.6497041420118342,0.1010016013886479,0.6153846153846153
circuit_pos,50.0,0,legal,29,8192,0.6260355029585798,0.11531024761667966,0.5923076923076923
circuit_pos,50.0,0,legal,30,8192,0.5999999999999999,0.11920397014811279,0.5923076923076923
circuit_pos,50.0,0,legal,31,8192,0.5881656804733728,0.12358792417091292,0.5615384615384615
circuit_neg,5.0,0,legal,0,819,0.7289940828402367,0.07553596874429798,0.6846153846153846
circuit_neg,5.0,0,legal,1,819,0.7692307692307694,0.05436063468807502,0.6923076923076923
circuit_neg,5.0,0,legal,2,819,0.7739644970414201,0.04635066515400271,0.7384615384615385
circuit_neg,5.0,0,legal,3,819,0.7798816568047338,0.04870796598167262,0.7384615384615385
circuit_neg,5.0,0,legal,4,819,0.7940828402366864,0.040892668741233124,0.7538461538461538
circuit_neg,5.0,0,legal,5,819,0.842603550295858,0.04309382593143939,0.7538461538461538
circuit_neg,5.0,0,legal,6,819,0.8650887573964496,0.047983751320031465,0.8
circuit_neg,5.0,0,legal,7,819,0.8603550295857989,0.040755444633662895,0.7923076923076924
circuit_neg,5.0,0,legal,8,819,0.8662721893491124,0.035423975259398235,0.7692307692307694
circuit_neg,5.0,0,legal,9,819,0.8828402366863906,0.029324288031630445,0.7692307692307694
circuit_neg,5.0,0,legal,10,819,0.8875739644970414,0.04099528538624565,0.776923076923077
circuit_neg,5.0,0,legal,11,819,0.8828402366863906,0.024654043379881252,0.7846153846153846
circuit_neg,5.0,0,legal,12,819,0.8911242603550296,0.026089239863962874,0.7769230769230769
circuit_neg,5.0,0,legal,13,819,0.8828402366863906,0.02708999560298127,0.7923076923076924
circuit_neg,5.0,0,legal,14,819,0.8816568047337279,0.02592769502983038,0.7846153846153847
circuit_neg,5.0,0,legal,15,819,0.8781065088757396,0.02001365032578436,0.776923076923077
circuit_neg,5.0,0,legal,16,819,0.8639053254437868,0.019445771272372778,0.776923076923077
circuit_neg,5.0,0,legal,17,819,0.8662721893491124,0.028402366863905314,0.7615384615384615
circuit_neg,5.0,0,legal,18,819,0.8698224852071006,0.027753939407239248,0.7846153846153847
circuit_neg,5.0,0,legal,19,819,0.8804733727810652,0.02630308966969573,0.7846153846153847
circuit_neg,5.0,0,legal,20,819,0.8769230769230768,0.0199435497589973,0.8
circuit_neg,5.0,0,legal,21,819,0.8710059171597633,0.025491904412471036,0.7846153846153847
circuit_neg,5.0,0,legal,22,819,0.8863905325443786,0.026035502958579898,0.7846153846153846
circuit_neg,5.0,0,legal,23,819,0.8970414201183432,0.023845493111964364,0.7769230769230769
circuit_neg,5.0,0,legal,24,819,0.8994082840236688,0.027244649546086033,0.7846153846153846
circuit_neg,5.0,0,legal,25,819,0.9017751479289942,0.03232307759466907,0.8
circuit_neg,5.0,0,legal,26,819,0.9124260355029585,0.02760213914719672,0.8076923076923077
circuit_neg,5.0,0,legal,27,819,0.9207100591715977,0.02527119112906818,0.8076923076923077
circuit_neg,5.0,0,legal,28,819,0.923076923076923,0.02366863905325442,0.8230769230769232
circuit_neg,5.0,0,legal,29,819,0.9230769230769231,0.02366863905325445,0.8384615384615385
circuit_neg,5.0,0,legal,30,819,0.9195266272189349,0.023250748762589923,0.8384615384615385
circuit_neg,5.0,0,legal,31,819,0.8982248520710059,0.029562120702477625,0.8
circuit_neg,10.0,0,legal,0,1638,0.7289940828402367,0.07553596874429798,0.6846153846153846
circuit_neg,10.0,0,legal,1,1638,0.7692307692307694,0.05436063468807502,0.6923076923076923
circuit_neg,10.0,0,legal,2,1638,0.7739644970414201,0.04635066515400271,0.7384615384615385
circuit_neg,10.0,0,legal,3,1638,0.7798816568047338,0.04870796598167262,0.7384615384615385
circuit_neg,10.0,0,legal,4,1638,0.7940828402366864,0.040892668741233124,0.7538461538461538
circuit_neg,10.0,0,legal,5,1638,0.842603550295858,0.04309382593143939,0.7538461538461538
circuit_neg,10.0,0,legal,6,1638,0.8650887573964496,0.047983751320031465,0.8
circuit_neg,10.0,0,legal,7,1638,0.8603550295857989,0.040755444633662895,0.7923076923076924
circuit_neg,10.0,0,legal,8,1638,0.8662721893491124,0.035423975259398235,0.7692307692307694
circuit_neg,10.0,0,legal,9,1638,0.8828402366863906,0.029324288031630445,0.7692307692307694
circuit_neg,10.0,0,legal,10,1638,0.8875739644970414,0.04099528538624565,0.776923076923077
circuit_neg,10.0,0,legal,11,1638,0.8828402366863906,0.024654043379881252,0.7846153846153846
circuit_neg,10.0,0,legal,12,1638,0.8911242603550296,0.026089239863962874,0.7769230769230769
circuit_neg,10.0,0,legal,13,1638,0.8828402366863906,0.02708999560298127,0.7923076923076924
circuit_neg,10.0,0,legal,14,1638,0.8816568047337279,0.02592769502983038,0.7846153846153847
circuit_neg,10.0,0,legal,15,1638,0.8781065088757396,0.02001365032578436,0.776923076923077
circuit_neg,10.0,0,legal,16,1638,0.8639053254437868,0.019445771272372778,0.776923076923077
circuit_neg,10.0,0,legal,17,1638,0.8662721893491124,0.028402366863905314,0.7615384615384615
circuit_neg,10.0,0,legal,18,1638,0.8698224852071006,0.027753939407239248,0.7846153846153847
circuit_neg,10.0,0,legal,19,1638,0.8804733727810652,0.02630308966969573,0.7846153846153847
circuit_neg,10.0,0,legal,20,1638,0.8769230769230768,0.0199435497589973,0.8
circuit_neg,10.0,0,legal,21,1638,0.8710059171597633,0.025491904412471036,0.7846153846153847
circuit_neg,10.0,0,legal,22,1638,0.8911242603550296,0.029845018255428412,0.7846153846153846
circuit_neg,10.0,0,legal,23,1638,0.9041420118343195,0.02162800814496697,0.7692307692307693
circuit_neg,10.0,0,legal,24,1638,0.9124260355029585,0.021949392888747254,0.823076923076923
circuit_neg,10.0,0,legal,25,1638,0.9183431952662723,0.026830258103561273,0.8307692307692308
circuit_neg,10.0,0,legal,26,1638,0.9254437869822485,0.020013650325784345,0.8307692307692308
circuit_neg,10.0,0,legal,27,1638,0.9384615384615385,0.013801069573598354,0.8461538461538461
circuit_neg,10.0,0,legal,28,1638,0.944378698224852,0.013801069573598303,0.8461538461538461
circuit_neg,10.0,0,legal,29,1638,0.9491124260355029,0.01739282657597525,0.8692307692307691
circuit_neg,10.0,0,legal,30,1638,0.9526627218934912,0.017553132513835903,0.8769230769230768
circuit_neg,10.0,0,legal,31,1638,0.9242603550295858,0.022266139316244715,0.8307692307692308
circuit_neg,25.0,0,legal,0,4096,0.7289940828402367,0.07553596874429798,0.6846153846153846
circuit_neg,25.0,0,legal,1,4096,0.7692307692307694,0.05436063468807502,0.6923076923076923
circuit_neg,25.0,0,legal,2,4096,0.7739644970414201,0.04635066515400271,0.7384615384615385
circuit_neg,25.0,0,legal,3,4096,0.7798816568047338,0.04870796598167262,0.7384615384615385
circuit_neg,25.0,0,legal,4,4096,0.7940828402366864,0.040892668741233124,0.7538461538461538
circuit_neg,25.0,0,legal,5,4096,0.842603550295858,0.04309382593143939,0.7538461538461538
circuit_neg,25.0,0,legal,6,4096,0.8650887573964496,0.047983751320031465,0.8
circuit_neg,25.0,0,legal,7,4096,0.8603550295857989,0.040755444633662895,0.7923076923076924
circuit_neg,25.0,0,legal,8,4096,0.8662721893491124,0.035423975259398235,0.7692307692307694
circuit_neg,25.0,0,legal,9,4096,0.8828402366863906,0.029324288031630445,0.7692307692307694
circuit_neg,25.0,0,legal,10,4096,0.8875739644970414,0.04099528538624565,0.776923076923077
circuit_neg,25.0,0,legal,11,4096,0.8828402366863906,0.024654043379881252,0.7846153846153846
circuit_neg,25.0,0,legal,12,4096,0.8911242603550296,0.026089239863962874,0.7769230769230769
circuit_neg,25.0,0,legal,13,4096,0.8828402366863906,0.02708999560298127,0.7923076923076924
circuit_neg,25.0,0,legal,14,4096,0.8816568047337279,0.02592769502983038,0.7846153846153847
circuit_neg,25.0,0,legal,15,4096,0.8781065088757396,0.02001365032578436,0.776923076923077
circuit_neg,25.0,0,legal,16,4096,0.8639053254437868,0.019445771272372778,0.776923076923077
circuit_neg,25.0,0,legal,17,4096,0.8662721893491124,0.028402366863905314,0.7615384615384615
circuit_neg,25.0,0,legal,18,4096,0.8698224852071006,0.027753939407239248,0.7846153846153847
circuit_neg,25.0,0,legal,19,4096,0.8804733727810652,0.02630308966969573,0.7846153846153847
circuit_neg,25.0,0,legal,20,4096,0.8769230769230768,0.0199435497589973,0.8
circuit_neg,25.0,0,legal,21,4096,0.8710059171597633,0.025491904412471036,0.7846153846153847
circuit_neg,25.0,0,legal,22,4096,0.9041420118343197,0.022886484740607976,0.7923076923076924
circuit_neg,25.0,0,legal,23,4096,0.9207100591715977,0.02384549311196436,0.8153846153846154
circuit_neg,25.0,0,legal,24,4096,0.9349112426035504,0.021821406999509758,0.8153846153846154
circuit_neg,25.0,0,legal,25,4096,0.9396449704142013,0.01648329973631257,0.8384615384615385
circuit_neg,25.0,0,legal,26,4096,0.9550295857988165,0.01613985999643292,0.8538461538461538
circuit_neg,25.0,0,legal,27,4096,0.9692307692307693,0.015155323638894321,0.8692307692307691
circuit_neg,25.0,0,legal,28,4096,0.9692307692307693,0.015155323638894323,0.8692307692307691
circuit_neg,25.0,0,legal,29,4096,0.9727810650887575,0.015699999007599524,0.8769230769230768
circuit_neg,25.0,0,legal,30,4096,0.978698224852071,0.011595217717316843,0.9153846153846154
circuit_neg,25.0,0,legal,31,4096,0.9585798816568047,0.014002555699644094,0.8923076923076924
circuit_neg,50.0,0,legal,0,8192,0.7289940828402367,0.07553596874429798,0.6846153846153846
circuit_neg,50.0,0,legal,1,8192,0.7692307692307694,0.05436063468807502,0.6923076923076923
circuit_neg,50.0,0,legal,2,8192,0.7739644970414201,0.04635066515400271,0.7384615384615385
circuit_neg,50.0,0,legal,3,8192,0.7798816568047338,0.04870796598167262,0.7384615384615385
circuit_neg,50.0,0,legal,4,8192,0.7940828402366864,0.040892668741233124,0.7538461538461538
circuit_neg,50.0,0,legal,5,8192,0.842603550295858,0.04309382593143939,0.7538461538461538
circuit_neg,50.0,0,legal,6,8192,0.8650887573964496,0.047983751320031465,0.8
circuit_neg,50.0,0,legal,7,8192,0.8603550295857989,0.040755444633662895,0.7923076923076924
circuit_neg,50.0,0,legal,8,8192,0.8662721893491124,0.035423975259398235,0.7692307692307694
circuit_neg,50.0,0,legal,9,8192,0.8828402366863906,0.029324288031630445,0.7692307692307694
circuit_neg,50.0,0,legal,10,8192,0.8875739644970414,0.04099528538624565,0.776923076923077
circuit_neg,50.0,0,legal,11,8192,0.8828402366863906,0.024654043379881252,0.7846153846153846
circuit_neg,50.0,0,legal,12,8192,0.8911242603550296,0.026089239863962874,0.7769230769230769
circuit_neg,50.0,0,legal,13,8192,0.8828402366863906,0.02708999560298127,0.7923076923076924
circuit_neg,50.0,0,legal,14,8192,0.8816568047337279,0.02592769502983038,0.7846153846153847
circuit_neg,50.0,0,legal,15,8192,0.8781065088757396,0.02001365032578436,0.776923076923077
circuit_neg,50.0,0,legal,16,8192,0.8639053254437868,0.019445771272372778,0.776923076923077
circuit_neg,50.0,0,legal,17,8192,0.8662721893491124,0.028402366863905314,0.7615384615384615
circuit_neg,50.0,0,legal,18,8192,0.8698224852071006,0.027753939407239248,0.7846153846153847
circuit_neg,50.0,0,legal,19,8192,0.8804733727810652,0.02630308966969573,0.7846153846153847
circuit_neg,50.0,0,legal,20,8192,0.8769230769230768,0.0199435497589973,0.8
circuit_neg,50.0,0,legal,21,8192,0.8710059171597633,0.025491904412471036,0.7846153846153847
circuit_neg,50.0,0,legal,22,8192,0.9053254437869821,0.02454016728204468,0.8076923076923077
circuit_neg,50.0,0,legal,23,8192,0.9254437869822485,0.020701604360397502,0.823076923076923
circuit_neg,50.0,0,legal,24,8192,0.9360946745562131,0.019589284446445955,0.8307692307692308
circuit_neg,50.0,0,legal,25,8192,0.9491124260355029,0.018934911242603547,0.8384615384615385
circuit_neg,50.0,0,legal,26,8192,0.9585798816568047,0.01673625517601293,0.8538461538461538
circuit_neg,50.0,0,legal,27,8192,0.9692307692307691,0.01369921526957422,0.8692307692307694
circuit_neg,50.0,0,legal,28,8192,0.9727810650887575,0.015247454114467603,0.8846153846153847
circuit_neg,50.0,0,legal,29,8192,0.9763313609467457,0.013493200297031249,0.8923076923076924
circuit_neg,50.0,0,legal,30,8192,0.9810650887573964,0.010180266588216138,0.9076923076923077
circuit_neg,50.0,0,legal,31,8192,0.9668639053254438,0.013283990722274364,0.8846153846153847
random,5.0,0,legal,0,819,0.7289940828402367,0.07553596874429798,0.6846153846153846
random,5.0,0,legal,1,819,0.7692307692307694,0.05436063468807502,0.6923076923076923
random,5.0,0,legal,2,819,0.7739644970414201,0.04635066515400271,0.7384615384615385
random,5.0,0,legal,3,819,0.7798816568047338,0.04870796598167262,0.7384615384615385
random,5.0,0,legal,4,819,0.7940828402366864,0.040892668741233124,0.7538461538461538
random,5.0,0,legal,5,819,0.842603550295858,0.04309382593143939,0.7538461538461538
random,5.0,0,legal,6,819,0.8650887573964496,0.047983751320031465,0.8
random,5.0,0,legal,7,819,0.8603550295857989,0.040755444633662895,0.7923076923076924
random,5.0,0,legal,8,819,0.8662721893491124,0.035423975259398235,0.7692307692307694
random,5.0,0,legal,9,819,0.8828402366863906,0.029324288031630445,0.7692307692307694
random,5.0,0,legal,10,819,0.8875739644970414,0.04099528538624565,0.776923076923077
random,5.0,0,legal,11,819,0.8828402366863906,0.024654043379881252,0.7846153846153846
random,5.0,0,legal,12,819,0.8911242603550296,0.026089239863962874,0.7769230769230769
random,5.0,0,legal,13,819,0.8828402366863906,0.02708999560298127,0.7923076923076924
random,5.0,0,legal,14,819,0.8816568047337279,0.02592769502983038,0.7846153846153847
random,5.0,0,legal,15,819,0.8781065088757396,0.02001365032578436,0.776923076923077
random,5.0,0,legal,16,819,0.8639053254437868,0.019445771272372778,0.776923076923077
random,5.0,0,legal,17,819,0.8662721893491124,0.028402366863905314,0.7615384615384615
random,5.0,0,legal,18,819,0.8698224852071006,0.027753939407239248,0.7846153846153847
random,5.0,0,legal,19,819,0.8804733727810652,0.02630308966969573,0.7846153846153847
random,5.0,0,legal,20,819,0.8769230769230768,0.0199435497589973,0.8
random,5.0,0,legal,21,819,0.8710059171597633,0.025491904412471036,0.7846153846153847
random,5.0,0,legal,22,819,0.8781065088757396,0.027398430539148463,0.7846153846153846
random,5.0,0,legal,23,819,0.8828402366863906,0.02683025810356127,0.7615384615384615
random,5.0,0,legal,24,819,0.8745562130177514,0.02785467999039012,0.7538461538461538
random,5.0,0,legal,25,819,0.8745562130177514,0.03355608728700076,0.7615384615384616
random,5.0,0,legal,26,819,0.876923076923077,0.029084510597501764,0.7692307692307693
random,5.0,0,legal,27,819,0.8781065088757396,0.035817150178512565,0.776923076923077
random,5.0,0,legal,28,819,0.8627218934911243,0.028353014321209343,0.7692307692307694
random,5.0,0,legal,29,819,0.8615384615384615,0.03359779779071809,0.7615384615384615
random,5.0,0,legal,30,819,0.8497041420118343,0.037348482456945574,0.7615384615384615
random,5.0,0,legal,31,819,0.8011834319526627,0.029609457995732082,0.7230769230769231
random,5.0,1,legal,0,819,0.7289940828402367,0.07553596874429798,0.6846153846153846
random,5.0,1,legal,1,819,0.7692307692307694,0.05436063468807502,0.6923076923076923
random,5.0,1,legal,2,819,0.7739644970414201,0.04635066515400271,0.7384615384615385
random,5.0,1,legal,3,819,0.7798816568047338,0.04870796598167262,0.7384615384615385
random,5.0,1,legal,4,819,0.7940828402366864,0.040892668741233124,0.7538461538461538
random,5.0,1,legal,5,819,0.842603550295858,0.04309382593143939,0.7538461538461538
random,5.0,1,legal,6,819,0.8650887573964496,0.047983751320031465,0.8
random,5.0,1,legal,7,819,0.8603550295857989,0.040755444633662895,0.7923076923076924
random,5.0,1,legal,8,819,0.8662721893491124,0.035423975259398235,0.7692307692307694
random,5.0,1,legal,9,819,0.8828402366863906,0.029324288031630445,0.7692307692307694
random,5.0,1,legal,10,819,0.8875739644970414,0.04099528538624565,0.776923076923077
random,5.0,1,legal,11,819,0.8828402366863906,0.024654043379881252,0.7846153846153846
random,5.0,1,legal,12,819,0.8911242603550296,0.026089239863962874,0.7769230769230769
random,5.0,1,legal,13,819,0.8828402366863906,0.02708999560298127,0.7923076923076924
random,5.0,1,legal,14,819,0.8816568047337279,0.02592769502983038,0.7846153846153847
random,5.0,1,legal,15,819,0.8781065088757396,0.02001365032578436,0.776923076923077
random,5.0,1,legal,16,819,0.8639053254437868,0.019445771272372778,0.776923076923077
random,5.0,1,legal,17,819,0.8662721893491124,0.028402366863905314,0.7615384615384615
random,5.0,1,legal,18,819,0.8698224852071006,0.027753939407239248,0.7846153846153847
random,5.0,1,legal,19,819,0.8804733727810652,0.02630308966969573,0.7846153846153847
random,5.0,1,legal,20,819,0.8769230769230768,0.0199435497589973,0.8
random,5.0,1,legal,21,819,0.8710059171597633,0.025491904412471036,0.7846153846153847
random,5.0,1,legal,22,819,0.8781065088757396,0.025546784786890975,0.7846153846153846
random,5.0,1,legal,23,819,0.8816568047337278,0.02083646965876809,0.7615384615384615
random,5.0,1,legal,24,819,0.875739644970414,0.03063237658117111,0.7615384615384616
random,5.0,1,legal,25,819,0.8615384615384615,0.03462423393687048,0.7615384615384616
random,5.0,1,legal,26,819,0.872189349112426,0.03401208961704123,0.7538461538461539
random,5.0,1,legal,27,819,0.8674556213017752,0.031221079191178516,0.7846153846153847
random,5.0,1,legal,28,819,0.859171597633136,0.028598925381288925,0.776923076923077
random,5.0,1,legal,29,819,0.8485207100591715,0.029372008629564156,0.7461538461538461
random,5.0,1,legal,30,819,0.842603550295858,0.038819454359424244,0.7461538461538461
random,5.0,1,legal,31,819,0.7976331360946746,0.04680170398410694,0.7153846153846154
random,5.0,2,legal,0,819,0.7289940828402367,0.07553596874429798,0.6846153846153846
random,5.0,2,legal,1,819,0.7692307692307694,0.05436063468807502,0.6923076923076923
random,5.0,2,legal,2,819,0.7739644970414201,0.04635066515400271,0.7384615384615385
random,5.0,2,legal,3,819,0.7798816568047338,0.04870796598167262,0.7384615384615385
random,5.0,2,legal,4,819,0.7940828402366864,0.040892668741233124,0.7538461538461538
random,5.0,2,legal,5,819,0.842603550295858,0.04309382593143939,0.7538461538461538
random,5.0,2,legal,6,819,0.8650887573964496,0.047983751320031465,0.8
random,5.0,2,legal,7,819,0.8603550295857989,0.040755444633662895,0.7923076923076924
random,5.0,2,legal,8,819,0.8662721893491124,0.035423975259398235,0.7692307692307694
random,5.0,2,legal,9,819,0.8828402366863906,0.029324288031630445,0.7692307692307694
random,5.0,2,legal,10,819,0.8875739644970414,0.04099528538624565,0.776923076923077
random,5.0,2,legal,11,819,0.8828402366863906,0.024654043379881252,0.7846153846153846
random,5.0,2,legal,12,819,0.8911242603550296,0.026089239863962874,0.7769230769230769
random,5.0,2,legal,13,819,0.8828402366863906,0.02708999560298127,0.7923076923076924
random,5.0,2,legal,14,819,0.8816568047337279,0.02592769502983038,0.7846153846153847
random,5.0,2,legal,15,819,0.8781065088757396,0.02001365032578436,0.776923076923077
random,5.0,2,legal,16,819,0.8639053254437868,0.019445771272372778,0.776923076923077
random,5.0,2,legal,17,819,0.8662721893491124,0.028402366863905314,0.7615384615384615
random,5.0,2,legal,18,819,0.8698224852071006,0.027753939407239248,0.7846153846153847
random,5.0,2,legal,19,819,0.8804733727810652,0.02630308966969573,0.7846153846153847
random,5.0,2,legal,20,819,0.8769230769230768,0.0199435497589973,0.8
random,5.0,2,legal,21,819,0.8710059171597633,0.025491904412471036,0.7846153846153847
random,5.0,2,legal,22,819,0.8769230769230768,0.027602139147196666,0.7846153846153846
random,5.0,2,legal,23,819,0.8816568047337278,0.02775393940723921,0.7615384615384615
random,5.0,2,legal,24,819,0.8733727810650886,0.03442139543727571,0.7615384615384616
random,5.0,2,legal,25,819,0.8662721893491124,0.0346242339368705,0.7615384615384616
random,5.0,2,legal,26,819,0.8733727810650886,0.03099597835197346,0.7615384615384616
random,5.0,2,legal,27,819,0.8721893491124261,0.031444568652275566,0.776923076923077
random,5.0,2,legal,28,819,0.8615384615384617,0.0273984305391485,0.7615384615384615
random,5.0,2,legal,29,819,0.8568047337278106,0.03458376141113009,0.7538461538461538
random,5.0,2,legal,30,819,0.842603550295858,0.032966599472625153,0.7384615384615385
random,5.0,2,legal,31,819,0.7869822485207101,0.03666729795225954,0.6923076923076923
random,10.0,0,legal,0,1638,0.7289940828402367,0.07553596874429798,0.6846153846153846
random,10.0,0,legal,1,1638,0.7692307692307694,0.05436063468807502,0.6923076923076923
random,10.0,0,legal,2,1638,0.7739644970414201,0.04635066515400271,0.7384615384615385
random,10.0,0,legal,3,1638,0.7798816568047338,0.04870796598167262,0.7384615384615385
random,10.0,0,legal,4,1638,0.7940828402366864,0.040892668741233124,0.7538461538461538
random,10.0,0,legal,5,1638,0.842603550295858,0.04309382593143939,0.7538461538461538
random,10.0,0,legal,6,1638,0.8650887573964496,0.047983751320031465,0.8
random,10.0,0,legal,7,1638,0.8603550295857989,0.040755444633662895,0.7923076923076924
random,10.0,0,legal,8,1638,0.8662721893491124,0.035423975259398235,0.7692307692307694
random,10.0,0,legal,9,1638,0.8828402366863906,0.029324288031630445,0.7692307692307694
random,10.0,0,legal,10,1638,0.8875739644970414,0.04099528538624565,0.776923076923077
random,10.0,0,legal,11,1638,0.8828402366863906,0.024654043379881252,0.7846153846153846
random,10.0,0,legal,12,1638,0.8911242603550296,0.026089239863962874,0.7769230769230769
random,10.0,0,legal,13,1638,0.8828402366863906,0.02708999560298127,0.7923076923076924
random,10.0,0,legal,14,1638,0.8816568047337279,0.02592769502983038,0.7846153846153847
random,10.0,0,legal,15,1638,0.8781065088757396,0.02001365032578436,0.776923076923077
random,10.0,0,legal,16,1638,0.8639053254437868,0.019445771272372778,0.776923076923077
random,10.0,0,legal,17,1638,0.8662721893491124,0.028402366863905314,0.7615384615384615
random,10.0,0,legal,18,1638,0.8698224852071006,0.027753939407239248,0.7846153846153847
random,10.0,0,legal,19,1638,0.8804733727810652,0.02630308966969573,0.7846153846153847
random,10.0,0,legal,20,1638,0.8769230769230768,0.0199435497589973,0.8
random,10.0,0,legal,21,1638,0.8710059171597633,0.025491904412471036,0.7846153846153847
random,10.0,0,legal,22,1638,0.8792899408284024,0.026356281007479367,0.7846153846153846
random,10.0,0,legal,23,1638,0.8816568047337279,0.026986400594062442,0.7615384615384615
random,10.0,0,legal,24,1638,0.8769230769230768,0.02908451059750181,0.7615384615384615
random,10.0,0,legal,25,1638,0.8745562130177514,0.03577802711912659,0.7615384615384616
random,10.0,0,legal,26,1638,0.8781065088757398,0.032323077594669035,0.7615384615384616
random,10.0,0,legal,27,1638,0.8816568047337278,0.03608982409935363,0.7692307692307693
random,10.0,0,legal,28,1638,0.872189349112426,0.032323077594669035,0.7615384615384616
random,10.0,0,legal,29,1638,0.8615384615384615,0.03401208961704121,0.7615384615384615
random,10.0,0,legal,30,1638,0.855621301775148,0.03296659947262516,0.7692307692307693
random,10.0,0,legal,31,1638,0.8106508875739644,0.027244649546086026,0.7384615384615383
random,10.0,1,legal,0,1638,0.7289940828402367,0.07553596874429798,0.6846153846153846
random,10.0,1,legal,1,1638,0.7692307692307694,0.05436063468807502,0.6923076923076923
random,10.0,1,legal,2,1638,0.7739644970414201,0.04635066515400271,0.7384615384615385
random,10.0,1,legal,3,1638,0.7798816568047338,0.04870796598167262,0.7384615384615385
random,10.0,1,legal,4,1638,0.7940828402366864,0.040892668741233124,0.7538461538461538
random,10.0,1,legal,5,1638,0.842603550295858,0.04309382593143939,0.7538461538461538
random,10.0,1,legal,6,1638,0.8650887573964496,0.047983751320031465,0.8
random,10.0,1,legal,7,1638,0.8603550295857989,0.040755444633662895,0.7923076923076924
random,10.0,1,legal,8,1638,0.8662721893491124,0.035423975259398235,0.7692307692307694
random,10.0,1,legal,9,1638,0.8828402366863906,0.029324288031630445,0.7692307692307694
random,10.0,1,legal,10,1638,0.8875739644970414,0.04099528538624565,0.776923076923077
random,10.0,1,legal,11,1638,0.8828402366863906,0.024654043379881252,0.7846153846153846
random,10.0,1,legal,12,1638,0.8911242603550296,0.026089239863962874,0.7769230769230769
random,10.0,1,legal,13,1638,0.8828402366863906,0.02708999560298127,0.7923076923076924
random,10.0,1,legal,14,1638,0.8816568047337279,0.02592769502983038,0.7846153846153847
random,10.0,1,legal,15,1638,0.8781065088757396,0.02001365032578436,0.776923076923077
random,10.0,1,legal,16,1638,0.8639053254437868,0.019445771272372778,0.776923076923077
random,10.0,1,legal,17,1638,0.8662721893491124,0.028402366863905314,0.7615384615384615
random,10.0,1,legal,18,1638,0.8698224852071006,0.027753939407239248,0.7846153846153847
random,10.0,1,legal,19,1638,0.8804733727810652,0.02630308966969573,0.7846153846153847
random,10.0,1,legal,20,1638,0.8769230769230768,0.0199435497589973,0.8
random,10.0,1,legal,21,1638,0.8710059171597633,0.025491904412471036,0.7846153846153847
random,10.0,1,legal,22,1638,0.8792899408284024,0.02662064350106978,0.7846153846153846
random,10.0,1,legal,23,1638,0.8828402366863906,0.023786687860641153,0.7615384615384615
random,10.0,1,legal,24,1638,0.8781065088757396,0.028647854288544865,0.7615384615384616
random,10.0,1,legal,25,1638,0.8721893491124261,0.03421735454390759,0.7615384615384616
random,10.0,1,legal,26,1638,0.8769230769230768,0.030723680439638253,0.7615384615384616
random,10.0,1,legal,27,1638,0.876923076923077,0.030950761729282916,0.776923076923077
random,10.0,1,legal,28,1638,0.8615384615384617,0.02840236686390534,0.776923076923077
random,10.0,1,legal,29,1638,0.8591715976331361,0.027602139147196697,0.7615384615384615
random,10.0,1,legal,30,1638,0.8497041420118343,0.04092690287761083,0.7538461538461537
random,10.0,1,legal,31,1638,0.7905325443786982,0.04515688527417493,0.7153846153846153
random,10.0,2,legal,0,1638,0.7289940828402367,0.07553596874429798,0.6846153846153846
random,10.0,2,legal,1,1638,0.7692307692307694,0.05436063468807502,0.6923076923076923
random,10.0,2,legal,2,1638,0.7739644970414201,0.04635066515400271,0.7384615384615385
random,10.0,2,legal,3,1638,0.7798816568047338,0.04870796598167262,0.7384615384615385
random,10.0,2,legal,4,1638,0.7940828402366864,0.040892668741233124,0.7538461538461538
random,10.0,2,legal,5,1638,0.842603550295858,0.04309382593143939,0.7538461538461538
random,10.0,2,legal,6,1638,0.8650887573964496,0.047983751320031465,0.8
random,10.0,2,legal,7,1638,0.8603550295857989,0.040755444633662895,0.7923076923076924
random,10.0,2,legal,8,1638,0.8662721893491124,0.035423975259398235,0.7692307692307694
random,10.0,2,legal,9,1638,0.8828402366863906,0.029324288031630445,0.7692307692307694
random,10.0,2,legal,10,1638,0.8875739644970414,0.04099528538624565,0.776923076923077
random,10.0,2,legal,11,1638,0.8828402366863906,0.024654043379881252,0.7846153846153846
random,10.0,2,legal,12,1638,0.8911242603550296,0.026089239863962874,0.7769230769230769
random,10.0,2,legal,13,1638,0.8828402366863906,0.02708999560298127,0.7923076923076924
random,10.0,2,legal,14,1638,0.8816568047337279,0.02592769502983038,0.7846153846153847
random,10.0,2,legal,15,1638,0.8781065088757396,0.02001365032578436,0.776923076923077
random,10.0,2,legal,16,1638,0.8639053254437868,0.019445771272372778,0.776923076923077
random,10.0,2,legal,17,1638,0.8662721893491124,0.028402366863905314,0.7615384615384615
random,10.0,2,legal,18,1638,0.8698224852071006,0.027753939407239248,0.7846153846153847
random,10.0,2,legal,19,1638,0.8804733727810652,0.02630308966969573,0.7846153846153847
random,10.0,2,legal,20,1638,0.8769230769230768,0.0199435497589973,0.8
random,10.0,2,legal,21,1638,0.8710059171597633,0.025491904412471036,0.7846153846153847
random,10.0,2,legal,22,1638,0.876923076923077,0.02683025810356124,0.7846153846153846
random,10.0,2,legal,23,1638,0.8828402366863907,0.025765137345653548,0.7692307692307693
random,10.0,2,legal,24,1638,0.8721893491124261,0.02662064350106979,0.7615384615384616
random,10.0,2,legal,25,1638,0.8674556213017752,0.032538999017437925,0.7615384615384616
random,10.0,2,legal,26,1638,0.8686390532544379,0.031622222996183204,0.7692307692307693
random,10.0,2,legal,27,1638,0.8698224852071007,0.03240961878728796,0.7692307692307694
random,10.0,2,legal,28,1638,0.8520710059171599,0.030860129728769933,0.776923076923077
random,10.0,2,legal,29,1638,0.8485207100591715,0.03380557835996617,0.7538461538461538
random,10.0,2,legal,30,1638,0.8437869822485208,0.03401208961704127,0.7384615384615385
random,10.0,2,legal,31,1638,0.8059171597633135,0.028598925381288907,0.7076923076923076
random,25.0,0,legal,0,4096,0.7289940828402367,0.07553596874429798,0.6846153846153846
random,25.0,0,legal,1,4096,0.7692307692307694,0.05436063468807502,0.6923076923076923
random,25.0,0,legal,2,4096,0.7739644970414201,0.04635066515400271,0.7384615384615385
random,25.0,0,legal,3,4096,0.7798816568047338,0.04870796598167262,0.7384615384615385
random,25.0,0,legal,4,4096,0.7940828402366864,0.040892668741233124,0.7538461538461538
random,25.0,0,legal,5,4096,0.842603550295858,0.04309382593143939,0.7538461538461538
random,25.0,0,legal,6,4096,0.8650887573964496,0.047983751320031465,0.8
random,25.0,0,legal,7,4096,0.8603550295857989,0.040755444633662895,0.7923076923076924
random,25.0,0,legal,8,4096,0.8662721893491124,0.035423975259398235,0.7692307692307694
random,25.0,0,legal,9,4096,0.8828402366863906,0.029324288031630445,0.7692307692307694
random,25.0,0,legal,10,4096,0.8875739644970414,0.04099528538624565,0.776923076923077
random,25.0,0,legal,11,4096,0.8828402366863906,0.024654043379881252,0.7846153846153846
random,25.0,0,legal,12,4096,0.8911242603550296,0.026089239863962874,0.7769230769230769
random,25.0,0,legal,13,4096,0.8828402366863906,0.02708999560298127,0.7923076923076924
random,25.0,0,legal,14,4096,0.8816568047337279,0.02592769502983038,0.7846153846153847
random,25.0,0,legal,15,4096,0.8781065088757396,0.02001365032578436,0.776923076923077
random,25.0,0,legal,16,4096,0.8639053254437868,0.019445771272372778,0.776923076923077
random,25.0,0,legal,17,4096,0.8662721893491124,0.028402366863905314,0.7615384615384615
random,25.0,0,legal,18,4096,0.8698224852071006,0.027753939407239248,0.7846153846153847
random,25.0,0,legal,19,4096,0.8804733727810652,0.02630308966969573,0.7846153846153847
random,25.0,0,legal,20,4096,0.8769230769230768,0.0199435497589973,0.8
random,25.0,0,legal,21,4096,0.8710059171597633,0.025491904412471036,0.7846153846153847
random,25.0,0,legal,22,4096,0.8792899408284024,0.025546784786891038,0.7846153846153846
random,25.0,0,legal,23,4096,0.8710059171597633,0.021949392888747265,0.7692307692307693
random,25.0,0,legal,24,4096,0.8721893491124261,0.029609457995732075,0.7692307692307693
random,25.0,0,legal,25,4096,0.872189349112426,0.028154739061231518,0.7769230769230769
random,25.0,0,legal,26,4096,0.876923076923077,0.030264406751584406,0.7923076923076924
random,25.0,0,legal,27,4096,0.885207100591716,0.03338872421222691,0.8
random,25.0,0,legal,28,4096,0.8816568047337279,0.0313106664031313,0.7923076923076924
random,25.0,0,legal,29,4096,0.8698224852071006,0.03490622770118967,0.8
random,25.0,0,legal,30,4096,0.8698224852071006,0.036857778703899266,0.7692307692307694
random,25.0,0,legal,31,4096,0.8485207100591715,0.035423975259398284,0.7461538461538462
random,25.0,1,legal,0,4096,0.7289940828402367,0.07553596874429798,0.6846153846153846
random,25.0,1,legal,1,4096,0.7692307692307694,0.05436063468807502,0.6923076923076923
random,25.0,1,legal,2,4096,0.7739644970414201,0.04635066515400271,0.7384615384615385
random,25.0,1,legal,3,4096,0.7798816568047338,0.04870796598167262,0.7384615384615385
random,25.0,1,legal,4,4096,0.7940828402366864,0.040892668741233124,0.7538461538461538
random,25.0,1,legal,5,4096,0.842603550295858,0.04309382593143939,0.7538461538461538
random,25.0,1,legal,6,4096,0.8650887573964496,0.047983751320031465,0.8
random,25.0,1,legal,7,4096,0.8603550295857989,0.040755444633662895,0.7923076923076924
random,25.0,1,legal,8,4096,0.8662721893491124,0.035423975259398235,0.7692307692307694
random,25.0,1,legal,9,4096,0.8828402366863906,0.029324288031630445,0.7692307692307694
random,25.0,1,legal,10,4096,0.8875739644970414,0.04099528538624565,0.776923076923077
random,25.0,1,legal,11,4096,0.8828402366863906,0.024654043379881252,0.7846153846153846
random,25.0,1,legal,12,4096,0.8911242603550296,0.026089239863962874,0.7769230769230769
random,25.0,1,legal,13,4096,0.8828402366863906,0.02708999560298127,0.7923076923076924
random,25.0,1,legal,14,4096,0.8816568047337279,0.02592769502983038,0.7846153846153847
random,25.0,1,legal,15,4096,0.8781065088757396,0.02001365032578436,0.776923076923077
random,25.0,1,legal,16,4096,0.8639053254437868,0.019445771272372778,0.776923076923077
random,25.0,1,legal,17,4096,0.8662721893491124,0.028402366863905314,0.7615384615384615
random,25.0,1,legal,18,4096,0.8698224852071006,0.027753939407239248,0.7846153846153847
random,25.0,1,legal,19,4096,0.8804733727810652,0.02630308966969573,0.7846153846153847
random,25.0,1,legal,20,4096,0.8769230769230768,0.0199435497589973,0.8
random,25.0,1,legal,21,4096,0.8710059171597633,0.025491904412471036,0.7846153846153847
random,25.0,1,legal,22,4096,0.8816568047337278,0.03108621428772474,0.7846153846153846
random,25.0,1,legal,23,4096,0.8792899408284024,0.0244257602846749,0.7692307692307693
random,25.0,1,legal,24,4096,0.8745562130177514,0.029798055176364895,0.7692307692307693
random,25.0,1,legal,25,4096,0.8674556213017752,0.030078733792044548,0.776923076923077
random,25.0,1,legal,26,4096,0.8781065088757398,0.02960945799573207,0.776923076923077
random,25.0,1,legal,27,4096,0.8804733727810652,0.03478565315195049,0.776923076923077
random,25.0,1,legal,28,4096,0.8781065088757396,0.034825891052218186,0.776923076923077
random,25.0,1,legal,29,4096,0.8733727810650886,0.03188684872262124,0.776923076923077
random,25.0,1,legal,30,4096,0.8733727810650889,0.03296659947262513,0.7538461538461538
random,25.0,1,legal,31,4096,0.8402366863905326,0.054617660398647676,0.7384615384615384
random,25.0,2,legal,0,4096,0.7289940828402367,0.07553596874429798,0.6846153846153846
random,25.0,2,legal,1,4096,0.7692307692307694,0.05436063468807502,0.6923076923076923
random,25.0,2,legal,2,4096,0.7739644970414201,0.04635066515400271,0.7384615384615385
random,25.0,2,legal,3,4096,0.7798816568047338,0.04870796598167262,0.7384615384615385
random,25.0,2,legal,4,4096,0.7940828402366864,0.040892668741233124,0.7538461538461538
random,25.0,2,legal,5,4096,0.842603550295858,0.04309382593143939,0.7538461538461538
random,25.0,2,legal,6,4096,0.8650887573964496,0.047983751320031465,0.8
random,25.0,2,legal,7,4096,0.8603550295857989,0.040755444633662895,0.7923076923076924
random,25.0,2,legal,8,4096,0.8662721893491124,0.035423975259398235,0.7692307692307694
random,25.0,2,legal,9,4096,0.8828402366863906,0.029324288031630445,0.7692307692307694
random,25.0,2,legal,10,4096,0.8875739644970414,0.04099528538624565,0.776923076923077
random,25.0,2,legal,11,4096,0.8828402366863906,0.024654043379881252,0.7846153846153846
random,25.0,2,legal,12,4096,0.8911242603550296,0.026089239863962874,0.7769230769230769
random,25.0,2,legal,13,4096,0.8828402366863906,0.02708999560298127,0.7923076923076924
random,25.0,2,legal,14,4096,0.8816568047337279,0.02592769502983038,0.7846153846153847
random,25.0,2,legal,15,4096,0.8781065088757396,0.02001365032578436,0.776923076923077
random,25.0,2,legal,16,4096,0.8639053254437868,0.019445771272372778,0.776923076923077
random,25.0,2,legal,17,4096,0.8662721893491124,0.028402366863905314,0.7615384615384615
random,25.0,2,legal,18,4096,0.8698224852071006,0.027753939407239248,0.7846153846153847
random,25.0,2,legal,19,4096,0.8804733727810652,0.02630308966969573,0.7846153846153847
random,25.0,2,legal,20,4096,0.8769230769230768,0.0199435497589973,0.8
random,25.0,2,legal,21,4096,0.8710059171597633,0.025491904412471036,0.7846153846153847
random,25.0,2,legal,22,4096,0.8792899408284024,0.026620643501069796,0.7846153846153846
random,25.0,2,legal,23,4096,0.8816568047337279,0.025104382764019464,0.7615384615384615
random,25.0,2,legal,24,4096,0.8698224852071006,0.025104382764019433,0.7846153846153846
random,25.0,2,legal,25,4096,0.8710059171597632,0.024936458586633722,0.7846153846153847
random,25.0,2,legal,26,4096,0.8733727810650886,0.03099597835197347,0.776923076923077
random,25.0,2,legal,27,4096,0.876923076923077,0.03355608728700078,0.7692307692307694
random,25.0,2,legal,28,4096,0.8745562130177514,0.03049490822893523,0.7846153846153847
random,25.0,2,legal,29,4096,0.8662721893491125,0.025546784786891034,0.776923076923077
random,25.0,2,legal,30,4096,0.8698224852071007,0.028005111399288116,0.7923076923076924
random,25.0,2,legal,31,4096,0.8307692307692308,0.038274465393600576,0.776923076923077
random,50.0,0,legal,0,8192,0.7289940828402367,0.07553596874429798,0.6846153846153846
random,50.0,0,legal,1,8192,0.7692307692307694,0.05436063468807502,0.6923076923076923
random,50.0,0,legal,2,8192,0.7739644970414201,0.04635066515400271,0.7384615384615385
random,50.0,0,legal,3,8192,0.7798816568047338,0.04870796598167262,0.7384615384615385
random,50.0,0,legal,4,8192,0.7940828402366864,0.040892668741233124,0.7538461538461538
random,50.0,0,legal,5,8192,0.842603550295858,0.04309382593143939,0.7538461538461538
random,50.0,0,legal,6,8192,0.8650887573964496,0.047983751320031465,0.8
random,50.0,0,legal,7,8192,0.8603550295857989,0.040755444633662895,0.7923076923076924
random,50.0,0,legal,8,8192,0.8662721893491124,0.035423975259398235,0.7692307692307694
random,50.0,0,legal,9,8192,0.8828402366863906,0.029324288031630445,0.7692307692307694
random,50.0,0,legal,10,8192,0.8875739644970414,0.04099528538624565,0.776923076923077
random,50.0,0,legal,11,8192,0.8828402366863906,0.024654043379881252,0.7846153846153846
random,50.0,0,legal,12,8192,0.8911242603550296,0.026089239863962874,0.7769230769230769
random,50.0,0,legal,13,8192,0.8828402366863906,0.02708999560298127,0.7923076923076924
random,50.0,0,legal,14,8192,0.8816568047337279,0.02592769502983038,0.7846153846153847
random,50.0,0,legal,15,8192,0.8781065088757396,0.02001365032578436,0.776923076923077
random,50.0,0,legal,16,8192,0.8639053254437868,0.019445771272372778,0.776923076923077
random,50.0,0,legal,17,8192,0.8662721893491124,0.028402366863905314,0.7615384615384615
random,50.0,0,legal,18,8192,0.8698224852071006,0.027753939407239248,0.7846153846153847
random,50.0,0,legal,19,8192,0.8804733727810652,0.02630308966969573,0.7846153846153847
random,50.0,0,legal,20,8192,0.8769230769230768,0.0199435497589973,0.8
random,50.0,0,legal,21,8192,0.8710059171597633,0.025491904412471036,0.7846153846153847
random,50.0,0,legal,22,8192,0.8781065088757396,0.02739843053914844,0.7923076923076924
random,50.0,0,legal,23,8192,0.8721893491124261,0.02714164483119458,0.7769230769230769
random,50.0,0,legal,24,8192,0.8710059171597633,0.026035502958579888,0.7923076923076923
random,50.0,0,legal,25,8192,0.8650887573964496,0.030950761729282895,0.7769230769230769
random,50.0,0,legal,26,8192,0.8710059171597633,0.02785467999039009,0.7999999999999999
random,50.0,0,legal,27,8192,0.8686390532544378,0.031399998015199035,0.7846153846153846
random,50.0,0,legal,28,8192,0.8710059171597633,0.03558176657603055,0.7923076923076923
random,50.0,0,legal,29,8192,0.8710059171597633,0.03139999801519906,0.7846153846153846
random,50.0,0,legal,30,8192,0.8710059171597633,0.036933695939236094,0.7769230769230769
random,50.0,0,legal,31,8192,0.8639053254437871,0.03871107037584884,0.7846153846153847
random,50.0,1,legal,0,8192,0.7289940828402367,0.07553596874429798,0.6846153846153846
random,50.0,1,legal,1,8192,0.7692307692307694,0.05436063468807502,0.6923076923076923
random,50.0,1,legal,2,8192,0.7739644970414201,0.04635066515400271,0.7384615384615385
random,50.0,1,legal,3,8192,0.7798816568047338,0.04870796598167262,0.7384615384615385
random,50.0,1,legal,4,8192,0.7940828402366864,0.040892668741233124,0.7538461538461538
random,50.0,1,legal,5,8192,0.842603550295858,0.04309382593143939,0.7538461538461538
random,50.0,1,legal,6,8192,0.8650887573964496,0.047983751320031465,0.8
random,50.0,1,legal,7,8192,0.8603550295857989,0.040755444633662895,0.7923076923076924
random,50.0,1,legal,8,8192,0.8662721893491124,0.035423975259398235,0.7692307692307694
random,50.0,1,legal,9,8192,0.8828402366863906,0.029324288031630445,0.7692307692307694
random,50.0,1,legal,10,8192,0.8875739644970414,0.04099528538624565,0.776923076923077
random,50.0,1,legal,11,8192,0.8828402366863906,0.024654043379881252,0.7846153846153846
random,50.0,1,legal,12,8192,0.8911242603550296,0.026089239863962874,0.7769230769230769
random,50.0,1,legal,13,8192,0.8828402366863906,0.02708999560298127,0.7923076923076924
random,50.0,1,legal,14,8192,0.8816568047337279,0.02592769502983038,0.7846153846153847
random,50.0,1,legal,15,8192,0.8781065088757396,0.02001365032578436,0.776923076923077
random,50.0,1,legal,16,8192,0.8639053254437868,0.019445771272372778,0.776923076923077
random,50.0,1,legal,17,8192,0.8662721893491124,0.028402366863905314,0.7615384615384615
random,50.0,1,legal,18,8192,0.8698224852071006,0.027753939407239248,0.7846153846153847
random,50.0,1,legal,19,8192,0.8804733727810652,0.02630308966969573,0.7846153846153847
random,50.0,1,legal,20,8192,0.8769230769230768,0.0199435497589973,0.8
random,50.0,1,legal,21,8192,0.8710059171597633,0.025491904412471036,0.7846153846153847
random,50.0,1,legal,22,8192,0.8816568047337278,0.030171713098182142,0.7846153846153846
random,50.0,1,legal,23,8192,0.880473372781065,0.026830258103561242,0.7769230769230769
random,50.0,1,legal,24,8192,0.8733727810650886,0.029372008629564128,0.7769230769230769
random,50.0,1,legal,25,8192,0.8710059171597633,0.03249592950945793,0.7846153846153847
random,50.0,1,legal,26,8192,0.8769230769230768,0.030723680439638253,0.7692307692307693
random,50.0,1,legal,27,8192,0.8804733727810652,0.033346752197882544,0.7846153846153847
random,50.0,1,legal,28,8192,0.8769230769230768,0.03616735334896125,0.7846153846153847
random,50.0,1,legal,29,8192,0.880473372781065,0.030723680439638263,0.776923076923077
random,50.0,1,legal,30,8192,0.876923076923077,0.043223626905916364,0.776923076923077
random,50.0,1,legal,31,8192,0.8520710059171599,0.04047960089109367,0.7461538461538462
random,50.0,2,legal,0,8192,0.7289940828402367,0.07553596874429798,0.6846153846153846
random,50.0,2,legal,1,8192,0.7692307692307694,0.05436063468807502,0.6923076923076923
random,50.0,2,legal,2,8192,0.7739644970414201,0.04635066515400271,0.7384615384615385
random,50.0,2,legal,3,8192,0.7798816568047338,0.04870796598167262,0.7384615384615385
random,50.0,2,legal,4,8192,0.7940828402366864,0.040892668741233124,0.7538461538461538
random,50.0,2,legal,5,8192,0.842603550295858,0.04309382593143939,0.7538461538461538
random,50.0,2,legal,6,8192,0.8650887573964496,0.047983751320031465,0.8
random,50.0,2,legal,7,8192,0.8603550295857989,0.040755444633662895,0.7923076923076924
random,50.0,2,legal,8,8192,0.8662721893491124,0.035423975259398235,0.7692307692307694
random,50.0,2,legal,9,8192,0.8828402366863906,0.029324288031630445,0.7692307692307694
random,50.0,2,legal,10,8192,0.8875739644970414,0.04099528538624565,0.776923076923077
random,50.0,2,legal,11,8192,0.8828402366863906,0.024654043379881252,0.7846153846153846
random,50.0,2,legal,12,8192,0.8911242603550296,0.026089239863962874,0.7769230769230769
random,50.0,2,legal,13,8192,0.8828402366863906,0.02708999560298127,0.7923076923076924
random,50.0,2,legal,14,8192,0.8816568047337279,0.02592769502983038,0.7846153846153847
random,50.0,2,legal,15,8192,0.8781065088757396,0.02001365032578436,0.776923076923077
random,50.0,2,legal,16,8192,0.8639053254437868,0.019445771272372778,0.776923076923077
random,50.0,2,legal,17,8192,0.8662721893491124,0.028402366863905314,0.7615384615384615
random,50.0,2,legal,18,8192,0.8698224852071006,0.027753939407239248,0.7846153846153847
random,50.0,2,legal,19,8192,0.8804733727810652,0.02630308966969573,0.7846153846153847
random,50.0,2,legal,20,8192,0.8769230769230768,0.0199435497589973,0.8
random,50.0,2,legal,21,8192,0.8710059171597633,0.025491904412471036,0.7846153846153847
random,50.0,2,legal,22,8192,0.8757396449704142,0.023069335727358472,0.7846153846153846
random,50.0,2,legal,23,8192,0.8792899408284024,0.02471078463647469,0.7846153846153846
random,50.0,2,legal,24,8192,0.8733727810650889,0.022328949424986096,0.8
random,50.0,2,legal,25,8192,0.8710059171597633,0.02378668786064118,0.7923076923076924
random,50.0,2,legal,26,8192,0.8781065088757396,0.029372008629564163,0.7692307692307693
random,50.0,2,legal,27,8192,0.8816568047337278,0.028254050618493065,0.776923076923077
random,50.0,2,legal,28,8192,0.876923076923077,0.029562120702477625,0.7692307692307693
random,50.0,2,legal,29,8192,0.8710059171597633,0.020633841152855274,0.7538461538461538
random,50.0,2,legal,30,8192,0.8698224852071006,0.02775393940723927,0.7615384615384615
random,50.0,2,legal,31,8192,0.8497041420118343,0.03734848245694555,0.7461538461538462
clean,0.0,0,scientific,0,0,0.856611570247934,0.024222067586368343,0.7909090909090909
clean,0.0,0,scientific,1,0,0.9078512396694215,0.016089192011513858,0.8454545454545455
clean,0.0,0,scientific,2,0,0.924793388429752,0.019713818912192656,0.8318181818181818
clean,0.0,0,scientific,3,0,0.937603305785124,0.020553438207348538,0.8772727272727273
clean,0.0,0,scientific,4,0,0.9396694214876034,0.016703622257361734,0.8772727272727273
clean,0.0,0,scientific,5,0,0.9545454545454545,0.021748260110645852,0.8727272727272727
clean,0.0,0,scientific,6,0,0.9636363636363636,0.017217079880991443,0.8636363636363636
clean,0.0,0,scientific,7,0,0.9644628099173553,0.015538508823936483,0.8772727272727273
clean,0.0,0,scientific,8,0,0.9690082644628099,0.010696015789706411,0.8681818181818182
clean,0.0,0,scientific,9,0,0.965702479338843,0.01592920270032757,0.8727272727272727
clean,0.0,0,scientific,10,0,0.9681818181818181,0.014760802561563424,0.8727272727272728
clean,0.0,0,scientific,11,0,0.971900826446281,0.011436654961238031,0.8863636363636364
clean,0.0,0,scientific,12,0,0.9739669421487603,0.010822975912156026,0.8818181818181818
clean,0.0,0,scientific,13,0,0.9723140495867769,0.011210462782025244,0.8772727272727272
clean,0.0,0,scientific,14,0,0.9706611570247933,0.008804659401926629,0.8636363636363636
clean,0.0,0,scientific,15,0,0.9619834710743802,0.008628352486702935,0.8727272727272727
clean,0.0,0,scientific,16,0,0.9644628099173553,0.00870715186186177,0.8590909090909091
clean,0.0,0,scientific,17,0,0.9619834710743802,0.010255928633050288,0.85
clean,0.0,0,scientific,18,0,0.9644628099173553,0.011861735615212652,0.8454545454545455
clean,0.0,0,scientific,19,0,0.9599173553719009,0.01277654944937218,0.840909090909091
clean,0.0,0,scientific,20,0,0.9541322314049587,0.01509254741136334,0.8318181818181818
clean,0.0,0,scientific,21,0,0.9533057851239668,0.017217079880991457,0.8272727272727274
clean,0.0,0,scientific,22,0,0.9487603305785124,0.021046002608672423,0.8363636363636365
clean,0.0,0,scientific,23,0,0.947107438016529,0.02273102899086788,0.8272727272727274
clean,0.0,0,scientific,24,0,0.9458677685950413,0.02104600260867248,0.8272727272727274
clean,0.0,0,scientific,25,0,0.9392561983471074,0.02432758021410748,0.8181818181818181
clean,0.0,0,scientific,26,0,0.9367768595041321,0.024467555938987546,0.8136363636363637
clean,0.0,0,scientific,27,0,0.9396694214876034,0.023206811705948703,0.8045454545454545
clean,0.0,0,scientific,28,0,0.9326446280991736,0.02813561079429619,0.8045454545454545
clean,0.0,0,scientific,29,0,0.9260330578512397,0.03167025827497476,0.8045454545454545
clean,0.0,0,scientific,30,0,0.9272727272727274,0.03524287117391798,0.8181818181818181
clean,0.0,0,scientific,31,0,0.9012396694214877,0.049576445204665545,0.8090909090909092
circuit,5.0,0,scientific,0,819,0.856611570247934,0.024222067586368343,0.7909090909090909
circuit,5.0,0,scientific,1,819,0.9078512396694215,0.016089192011513858,0.8454545454545455
circuit,5.0,0,scientific,2,819,0.924793388429752,0.019713818912192656,0.8318181818181818
circuit,5.0,0,scientific,3,819,0.937603305785124,0.020553438207348538,0.8772727272727273
circuit,5.0,0,scientific,4,819,0.9396694214876034,0.016703622257361734,0.8772727272727273
circuit,5.0,0,scientific,5,819,0.9545454545454545,0.021748260110645852,0.8727272727272727
circuit,5.0,0,scientific,6,819,0.9636363636363636,0.017217079880991443,0.8636363636363636
circuit,5.0,0,scientific,7,819,0.9644628099173553,0.015538508823936483,0.8772727272727273
circuit,5.0,0,scientific,8,819,0.9690082644628099,0.010696015789706411,0.8681818181818182
circuit,5.0,0,scientific,9,819,0.965702479338843,0.01592920270032757,0.8727272727272727
circuit,5.0,0,scientific,10,819,0.9681818181818181,0.014760802561563424,0.8727272727272728
circuit,5.0,0,scientific,11,819,0.971900826446281,0.011436654961238031,0.8863636363636364
circuit,5.0,0,scientific,12,819,0.9739669421487603,0.010822975912156026,0.8818181818181818
circuit,5.0,0,scientific,13,819,0.9723140495867769,0.011210462782025244,0.8772727272727272
circuit,5.0,0,scientific,14,819,0.9706611570247933,0.008804659401926629,0.8636363636363636
circuit,5.0,0,scientific,15,819,0.9619834710743802,0.008628352486702935,0.8727272727272727
circuit,5.0,0,scientific,16,819,0.9644628099173553,0.00870715186186177,0.8590909090909091
circuit,5.0,0,scientific,17,819,0.9619834710743802,0.010255928633050288,0.85
circuit,5.0,0,scientific,18,819,0.9644628099173553,0.011861735615212652,0.8454545454545455
circuit,5.0,0,scientific,19,819,0.9599173553719009,0.01277654944937218,0.840909090909091
circuit,5.0,0,scientific,20,819,0.9541322314049587,0.01509254741136334,0.8318181818181818
circuit,5.0,0,scientific,21,819,0.9533057851239668,0.017217079880991457,0.8272727272727274
circuit,5.0,0,scientific,22,819,0.9487603305785124,0.018078217234898677,0.8318181818181818
circuit,5.0,0,scientific,23,819,0.9442148760330579,0.01968781694144065,0.8272727272727274
circuit,5.0,0,scientific,24,819,0.9446280991735536,0.0189091920473513,0.8227272727272726
circuit,5.0,0,scientific,25,819,0.937190082644628,0.021296030953264655,0.8136363636363637
circuit,5.0,0,scientific,26,819,0.9326446280991736,0.020478531724568365,0.809090909090909
circuit,5.0,0,scientific,27,819,0.937603305785124,0.021288011359324416,0.8045454545454545
circuit,5.0,0,scientific,28,819,0.9285123966942148,0.027115751597558555,0.7909090909090909
circuit,5.0,0,scientific,29,819,0.9243801652892563,0.028676614170078493,0.7772727272727272
circuit,5.0,0,scientific,30,819,0.9239669421487603,0.03395980299389151,0.7863636363636364
circuit,5.0,0,scientific,31,819,0.9206611570247933,0.044993909384516355,0.8136363636363637
circuit,10.0,0,scientific,0,1638,0.856611570247934,0.024222067586368343,0.7909090909090909
circuit,10.0,0,scientific,1,1638,0.9078512396694215,0.016089192011513858,0.8454545454545455
circuit,10.0,0,scientific,2,1638,0.924793388429752,0.019713818912192656,0.8318181818181818
circuit,10.0,0,scientific,3,1638,0.937603305785124,0.020553438207348538,0.8772727272727273
circuit,10.0,0,scientific,4,1638,0.9396694214876034,0.016703622257361734,0.8772727272727273
circuit,10.0,0,scientific,5,1638,0.9545454545454545,0.021748260110645852,0.8727272727272727
circuit,10.0,0,scientific,6,1638,0.9636363636363636,0.017217079880991443,0.8636363636363636
circuit,10.0,0,scientific,7,1638,0.9644628099173553,0.015538508823936483,0.8772727272727273
circuit,10.0,0,scientific,8,1638,0.9690082644628099,0.010696015789706411,0.8681818181818182
circuit,10.0,0,scientific,9,1638,0.965702479338843,0.01592920270032757,0.8727272727272727
circuit,10.0,0,scientific,10,1638,0.9681818181818181,0.014760802561563424,0.8727272727272728
circuit,10.0,0,scientific,11,1638,0.971900826446281,0.011436654961238031,0.8863636363636364
circuit,10.0,0,scientific,12,1638,0.9739669421487603,0.010822975912156026,0.8818181818181818
circuit,10.0,0,scientific,13,1638,0.9723140495867769,0.011210462782025244,0.8772727272727272
circuit,10.0,0,scientific,14,1638,0.9706611570247933,0.008804659401926629,0.8636363636363636
circuit,10.0,0,scientific,15,1638,0.9619834710743802,0.008628352486702935,0.8727272727272727
circuit,10.0,0,scientific,16,1638,0.9644628099173553,0.00870715186186177,0.8590909090909091
circuit,10.0,0,scientific,17,1638,0.9619834710743802,0.010255928633050288,0.85
circuit,10.0,0,scientific,18,1638,0.9644628099173553,0.011861735615212652,0.8454545454545455
circuit,10.0,0,scientific,19,1638,0.9599173553719009,0.01277654944937218,0.840909090909091
circuit,10.0,0,scientific,20,1638,0.9541322314049587,0.01509254741136334,0.8318181818181818
circuit,10.0,0,scientific,21,1638,0.9533057851239668,0.017217079880991457,0.8272727272727274
circuit,10.0,0,scientific,22,1638,0.9479338842975207,0.019355435419223743,0.8363636363636363
circuit,10.0,0,scientific,23,1638,0.947107438016529,0.01841510740095635,0.8318181818181818
circuit,10.0,0,scientific,24,1638,0.9438016528925619,0.02207555436230261,0.8227272727272726
circuit,10.0,0,scientific,25,1638,0.9355371900826448,0.020302675200889665,0.8181818181818181
circuit,10.0,0,scientific,26,1638,0.9326446280991736,0.02133608370814147,0.8136363636363637
circuit,10.0,0,scientific,27,1638,0.934297520661157,0.022873309922476114,0.8045454545454545
circuit,10.0,0,scientific,28,1638,0.9301652892561982,0.0267607848904003,0.7909090909090909
circuit,10.0,0,scientific,29,1638,0.924793388429752,0.031836959147534254,0.7909090909090908
circuit,10.0,0,scientific,30,1638,0.925206611570248,0.03090621810134738,0.7772727272727272
circuit,10.0,0,scientific,31,1638,0.9260330578512397,0.040977903558076546,0.8136363636363637
circuit,25.0,0,scientific,0,4096,0.856611570247934,0.024222067586368343,0.7909090909090909
circuit,25.0,0,scientific,1,4096,0.9078512396694215,0.016089192011513858,0.8454545454545455
circuit,25.0,0,scientific,2,4096,0.924793388429752,0.019713818912192656,0.8318181818181818
circuit,25.0,0,scientific,3,4096,0.937603305785124,0.020553438207348538,0.8772727272727273
circuit,25.0,0,scientific,4,4096,0.9396694214876034,0.016703622257361734,0.8772727272727273
circuit,25.0,0,scientific,5,4096,0.9545454545454545,0.021748260110645852,0.8727272727272727
circuit,25.0,0,scientific,6,4096,0.9636363636363636,0.017217079880991443,0.8636363636363636
circuit,25.0,0,scientific,7,4096,0.9644628099173553,0.015538508823936483,0.8772727272727273
circuit,25.0,0,scientific,8,4096,0.9690082644628099,0.010696015789706411,0.8681818181818182
circuit,25.0,0,scientific,9,4096,0.965702479338843,0.01592920270032757,0.8727272727272727
circuit,25.0,0,scientific,10,4096,0.9681818181818181,0.014760802561563424,0.8727272727272728
circuit,25.0,0,scientific,11,4096,0.971900826446281,0.011436654961238031,0.8863636363636364
circuit,25.0,0,scientific,12,4096,0.9739669421487603,0.010822975912156026,0.8818181818181818
circuit,25.0,0,scientific,13,4096,0.9723140495867769,0.011210462782025244,0.8772727272727272
circuit,25.0,0,scientific,14,4096,0.9706611570247933,0.008804659401926629,0.8636363636363636
circuit,25.0,0,scientific,15,4096,0.9619834710743802,0.008628352486702935,0.8727272727272727
circuit,25.0,0,scientific,16,4096,0.9644628099173553,0.00870715186186177,0.8590909090909091
circuit,25.0,0,scientific,17,4096,0.9619834710743802,0.010255928633050288,0.85
circuit,25.0,0,scientific,18,4096,0.9644628099173553,0.011861735615212652,0.8454545454545455
circuit,25.0,0,scientific,19,4096,0.9599173553719009,0.01277654944937218,0.840909090909091
circuit,25.0,0,scientific,20,4096,0.9541322314049587,0.01509254741136334,0.8318181818181818
circuit,25.0,0,scientific,21,4096,0.9533057851239668,0.017217079880991457,0.8272727272727274
circuit,25.0,0,scientific,22,4096,0.9491735537190082,0.017945496488106203,0.840909090909091
circuit,25.0,0,scientific,23,4096,0.9466942148760331,0.01807821723489867,0.8318181818181818
circuit,25.0,0,scientific,24,4096,0.9425619834710744,0.018544467497782567,0.8227272727272729
circuit,25.0,0,scientific,25,4096,0.937603305785124,0.01931127511660811,0.8227272727272726
circuit,25.0,0,scientific,26,4096,0.9351239669421488,0.016713841666245198,0.8227272727272726
circuit,25.0,0,scientific,27,4096,0.9367768595041323,0.018918220069850573,0.8136363636363637
circuit,25.0,0,scientific,28,4096,0.9363636363636363,0.020636348742452487,0.8045454545454545
circuit,25.0,0,scientific,29,4096,0.9338842975206612,0.02155108233124844,0.809090909090909
circuit,25.0,0,scientific,30,4096,0.9363636363636363,0.020553438207348555,0.8045454545454545
circuit,25.0,0,scientific,31,4096,0.9363636363636363,0.027203769571293838,0.8136363636363637
circuit,50.0,0,scientific,0,8192,0.856611570247934,0.024222067586368343,0.7909090909090909
circuit,50.0,0,scientific,1,8192,0.9078512396694215,0.016089192011513858,0.8454545454545455
circuit,50.0,0,scientific,2,8192,0.924793388429752,0.019713818912192656,0.8318181818181818
circuit,50.0,0,scientific,3,8192,0.937603305785124,0.020553438207348538,0.8772727272727273
circuit,50.0,0,scientific,4,8192,0.9396694214876034,0.016703622257361734,0.8772727272727273
circuit,50.0,0,scientific,5,8192,0.9545454545454545,0.021748260110645852,0.8727272727272727
circuit,50.0,0,scientific,6,8192,0.9636363636363636,0.017217079880991443,0.8636363636363636
circuit,50.0,0,scientific,7,8192,0.9644628099173553,0.015538508823936483,0.8772727272727273
circuit,50.0,0,scientific,8,8192,0.9690082644628099,0.010696015789706411,0.8681818181818182
circuit,50.0,0,scientific,9,8192,0.965702479338843,0.01592920270032757,0.8727272727272727
circuit,50.0,0,scientific,10,8192,0.9681818181818181,0.014760802561563424,0.8727272727272728
circuit,50.0,0,scientific,11,8192,0.971900826446281,0.011436654961238031,0.8863636363636364
circuit,50.0,0,scientific,12,8192,0.9739669421487603,0.010822975912156026,0.8818181818181818
circuit,50.0,0,scientific,13,8192,0.9723140495867769,0.011210462782025244,0.8772727272727272
circuit,50.0,0,scientific,14,8192,0.9706611570247933,0.008804659401926629,0.8636363636363636
circuit,50.0,0,scientific,15,8192,0.9619834710743802,0.008628352486702935,0.8727272727272727
circuit,50.0,0,scientific,16,8192,0.9644628099173553,0.00870715186186177,0.8590909090909091
circuit,50.0,0,scientific,17,8192,0.9619834710743802,0.010255928633050288,0.85
circuit,50.0,0,scientific,18,8192,0.9644628099173553,0.011861735615212652,0.8454545454545455
circuit,50.0,0,scientific,19,8192,0.9599173553719009,0.01277654944937218,0.840909090909091
circuit,50.0,0,scientific,20,8192,0.9541322314049587,0.01509254741136334,0.8318181818181818
circuit,50.0,0,scientific,21,8192,0.9533057851239668,0.017217079880991457,0.8272727272727274
circuit,50.0,0,scientific,22,8192,0.9504132231404959,0.016835990733440803,0.8363636363636363
circuit,50.0,0,scientific,23,8192,0.95,0.01798351665040412,0.8318181818181818
circuit,50.0,0,scientific,24,8192,0.947107438016529,0.016194973506004507,0.8363636363636363
circuit,50.0,0,scientific,25,8192,0.9438016528925619,0.017935978854719557,0.8272727272727274
circuit,50.0,0,scientific,26,8192,0.9425619834710744,0.015317151233760894,0.8181818181818181
circuit,50.0,0,scientific,27,8192,0.9413223140495868,0.01751208272761741,0.8181818181818181
circuit,50.0,0,scientific,28,8192,0.9392561983471074,0.01962701171411229,0.8181818181818181
circuit,50.0,0,scientific,29,8192,0.937190082644628,0.018461411490651815,0.8181818181818181
circuit,50.0,0,scientific,30,8192,0.9454545454545455,0.018134800212803087,0.8227272727272729
circuit,50.0,0,scientific,31,8192,0.946694214876033,0.01812538198302585,0.840909090909091
circuit_pos,5.0,0,scientific,0,819,0.856611570247934,0.024222067586368343,0.7909090909090909
circuit_pos,5.0,0,scientific,1,819,0.9078512396694215,0.016089192011513858,0.8454545454545455
circuit_pos,5.0,0,scientific,2,819,0.924793388429752,0.019713818912192656,0.8318181818181818
circuit_pos,5.0,0,scientific,3,819,0.937603305785124,0.020553438207348538,0.8772727272727273
circuit_pos,5.0,0,scientific,4,819,0.9396694214876034,0.016703622257361734,0.8772727272727273
circuit_pos,5.0,0,scientific,5,819,0.9545454545454545,0.021748260110645852,0.8727272727272727
circuit_pos,5.0,0,scientific,6,819,0.9636363636363636,0.017217079880991443,0.8636363636363636
circuit_pos,5.0,0,scientific,7,819,0.9644628099173553,0.015538508823936483,0.8772727272727273
circuit_pos,5.0,0,scientific,8,819,0.9690082644628099,0.010696015789706411,0.8681818181818182
circuit_pos,5.0,0,scientific,9,819,0.965702479338843,0.01592920270032757,0.8727272727272727
circuit_pos,5.0,0,scientific,10,819,0.9681818181818181,0.014760802561563424,0.8727272727272728
circuit_pos,5.0,0,scientific,11,819,0.971900826446281,0.011436654961238031,0.8863636363636364
circuit_pos,5.0,0,scientific,12,819,0.9739669421487603,0.010822975912156026,0.8818181818181818
circuit_pos,5.0,0,scientific,13,819,0.9723140495867769,0.011210462782025244,0.8772727272727272
circuit_pos,5.0,0,scientific,14,819,0.9706611570247933,0.008804659401926629,0.8636363636363636
circuit_pos,5.0,0,scientific,15,819,0.9619834710743802,0.008628352486702935,0.8727272727272727
circuit_pos,5.0,0,scientific,16,819,0.9644628099173553,0.00870715186186177,0.8590909090909091
circuit_pos,5.0,0,scientific,17,819,0.9619834710743802,0.010255928633050288,0.85
circuit_pos,5.0,0,scientific,18,819,0.9644628099173553,0.011861735615212652,0.8454545454545455
circuit_pos,5.0,0,scientific,19,819,0.9599173553719009,0.01277654944937218,0.840909090909091
circuit_pos,5.0,0,scientific,20,819,0.9541322314049587,0.01509254741136334,0.8318181818181818
circuit_pos,5.0,0,scientific,21,819,0.9533057851239668,0.017217079880991457,0.8272727272727274
circuit_pos,5.0,0,scientific,22,819,0.946694214876033,0.019834710743801626,0.8318181818181818
circuit_pos,5.0,0,scientific,23,819,0.9417355371900825,0.020842182170113202,0.8227272727272726
circuit_pos,5.0,0,scientific,24,819,0.9367768595041323,0.021376061415500084,0.8181818181818181
circuit_pos,5.0,0,scientific,25,819,0.9280991735537191,0.023824025298181117,0.8045454545454547
circuit_pos,5.0,0,scientific,26,819,0.9239669421487603,0.023316918974654367,0.7909090909090908
circuit_pos,5.0,0,scientific,27,819,0.9206611570247935,0.02539221734832596,0.7909090909090909
circuit_pos,5.0,0,scientific,28,819,0.9086776859504132,0.03215184076682136,0.7681818181818183
circuit_pos,5.0,0,scientific,29,819,0.8975206611570249,0.03811073487659117,0.7681818181818183
circuit_pos,5.0,0,scientific,30,819,0.8958677685950412,0.04858843492508649,0.7681818181818181
circuit_pos,5.0,0,scientific,31,819,0.887603305785124,0.05581725429155191,0.7863636363636364
circuit_pos,10.0,0,scientific,0,1638,0.856611570247934,0.024222067586368343,0.7909090909090909
circuit_pos,10.0,0,scientific,1,1638,0.9078512396694215,0.016089192011513858,0.8454545454545455
circuit_pos,10.0,0,scientific,2,1638,0.924793388429752,0.019713818912192656,0.8318181818181818
circuit_pos,10.0,0,scientific,3,1638,0.937603305785124,0.020553438207348538,0.8772727272727273
circuit_pos,10.0,0,scientific,4,1638,0.9396694214876034,0.016703622257361734,0.8772727272727273
circuit_pos,10.0,0,scientific,5,1638,0.9545454545454545,0.021748260110645852,0.8727272727272727
circuit_pos,10.0,0,scientific,6,1638,0.9636363636363636,0.017217079880991443,0.8636363636363636
circuit_pos,10.0,0,scientific,7,1638,0.9644628099173553,0.015538508823936483,0.8772727272727273
circuit_pos,10.0,0,scientific,8,1638,0.9690082644628099,0.010696015789706411,0.8681818181818182
circuit_pos,10.0,0,scientific,9,1638,0.965702479338843,0.01592920270032757,0.8727272727272727
circuit_pos,10.0,0,scientific,10,1638,0.9681818181818181,0.014760802561563424,0.8727272727272728
circuit_pos,10.0,0,scientific,11,1638,0.971900826446281,0.011436654961238031,0.8863636363636364
circuit_pos,10.0,0,scientific,12,1638,0.9739669421487603,0.010822975912156026,0.8818181818181818
circuit_pos,10.0,0,scientific,13,1638,0.9723140495867769,0.011210462782025244,0.8772727272727272
circuit_pos,10.0,0,scientific,14,1638,0.9706611570247933,0.008804659401926629,0.8636363636363636
circuit_pos,10.0,0,scientific,15,1638,0.9619834710743802,0.008628352486702935,0.8727272727272727
circuit_pos,10.0,0,scientific,16,1638,0.9644628099173553,0.00870715186186177,0.8590909090909091
circuit_pos,10.0,0,scientific,17,1638,0.9619834710743802,0.010255928633050288,0.85
circuit_pos,10.0,0,scientific,18,1638,0.9644628099173553,0.011861735615212652,0.8454545454545455
circuit_pos,10.0,0,scientific,19,1638,0.9599173553719009,0.01277654944937218,0.840909090909091
circuit_pos,10.0,0,scientific,20,1638,0.9541322314049587,0.01509254741136334,0.8318181818181818
circuit_pos,10.0,0,scientific,21,1638,0.9533057851239668,0.017217079880991457,0.8272727272727274
circuit_pos,10.0,0,scientific,22,1638,0.946280991735537,0.019903462113706246,0.8363636363636365
circuit_pos,10.0,0,scientific,23,1638,0.9396694214876034,0.019791619859219896,0.8181818181818181
circuit_pos,10.0,0,scientific,24,1638,0.934297520661157,0.021207648628688135,0.8181818181818181
circuit_pos,10.0,0,scientific,25,1638,0.9214876033057852,0.021271963101212828,0.8045454545454547
circuit_pos,10.0,0,scientific,26,1638,0.9144628099173555,0.016662681945170205,0.7863636363636364
circuit_pos,10.0,0,scientific,27,1638,0.9103305785123966,0.021054114384887596,0.7772727272727272
circuit_pos,10.0,0,scientific,28,1638,0.8896694214876033,0.02816593915363959,0.7772727272727273
circuit_pos,10.0,0,scientific,29,1638,0.8772727272727273,0.0333304873224393,0.7590909090909091
circuit_pos,10.0,0,scientific,30,1638,0.8698347107438018,0.04090700387029617,0.7409090909090909
circuit_pos,10.0,0,scientific,31,1638,0.8652892561983473,0.05229191494441619,0.7545454545454546
circuit_pos,25.0,0,scientific,0,4096,0.856611570247934,0.024222067586368343,0.7909090909090909
circuit_pos,25.0,0,scientific,1,4096,0.9078512396694215,0.016089192011513858,0.8454545454545455
circuit_pos,25.0,0,scientific,2,4096,0.924793388429752,0.019713818912192656,0.8318181818181818
circuit_pos,25.0,0,scientific,3,4096,0.937603305785124,0.020553438207348538,0.8772727272727273
circuit_pos,25.0,0,scientific,4,4096,0.9396694214876034,0.016703622257361734,0.8772727272727273
circuit_pos,25.0,0,scientific,5,4096,0.9545454545454545,0.021748260110645852,0.8727272727272727
circuit_pos,25.0,0,scientific,6,4096,0.9636363636363636,0.017217079880991443,0.8636363636363636
circuit_pos,25.0,0,scientific,7,4096,0.9644628099173553,0.015538508823936483,0.8772727272727273
circuit_pos,25.0,0,scientific,8,4096,0.9690082644628099,0.010696015789706411,0.8681818181818182
circuit_pos,25.0,0,scientific,9,4096,0.965702479338843,0.01592920270032757,0.8727272727272727
circuit_pos,25.0,0,scientific,10,4096,0.9681818181818181,0.014760802561563424,0.8727272727272728
circuit_pos,25.0,0,scientific,11,4096,0.971900826446281,0.011436654961238031,0.8863636363636364
circuit_pos,25.0,0,scientific,12,4096,0.9739669421487603,0.010822975912156026,0.8818181818181818
circuit_pos,25.0,0,scientific,13,4096,0.9723140495867769,0.011210462782025244,0.8772727272727272
circuit_pos,25.0,0,scientific,14,4096,0.9706611570247933,0.008804659401926629,0.8636363636363636
circuit_pos,25.0,0,scientific,15,4096,0.9619834710743802,0.008628352486702935,0.8727272727272727
circuit_pos,25.0,0,scientific,16,4096,0.9644628099173553,0.00870715186186177,0.8590909090909091
circuit_pos,25.0,0,scientific,17,4096,0.9619834710743802,0.010255928633050288,0.85
circuit_pos,25.0,0,scientific,18,4096,0.9644628099173553,0.011861735615212652,0.8454545454545455
circuit_pos,25.0,0,scientific,19,4096,0.9599173553719009,0.01277654944937218,0.840909090909091
circuit_pos,25.0,0,scientific,20,4096,0.9541322314049587,0.01509254741136334,0.8318181818181818
circuit_pos,25.0,0,scientific,21,4096,0.9533057851239668,0.017217079880991457,0.8272727272727274
circuit_pos,25.0,0,scientific,22,4096,0.947107438016529,0.018507599732693142,0.8272727272727274
circuit_pos,25.0,0,scientific,23,4096,0.9334710743801653,0.01821934519425503,0.8136363636363637
circuit_pos,25.0,0,scientific,24,4096,0.9260330578512397,0.015483466111731566,0.8090909090909092
circuit_pos,25.0,0,scientific,25,4096,0.9132231404958677,0.012869761572229273,0.8
circuit_pos,25.0,0,scientific,26,4096,0.8954545454545455,0.01173146245171769,0.7818181818181819
circuit_pos,25.0,0,scientific,27,4096,0.8867768595041323,0.015972023214948523,0.7818181818181819
circuit_pos,25.0,0,scientific,28,4096,0.8698347107438016,0.020743637021505983,0.759090909090909
circuit_pos,25.0,0,scientific,29,4096,0.8570247933884299,0.028581184240976155,0.7636363636363634
circuit_pos,25.0,0,scientific,30,4096,0.8607438016528925,0.03191730829310331,0.7818181818181819
circuit_pos,25.0,0,scientific,31,4096,0.8549586776859502,0.04106115822244513,0.7590909090909091
circuit_pos,50.0,0,scientific,0,8192,0.856611570247934,0.024222067586368343,0.7909090909090909
circuit_pos,50.0,0,scientific,1,8192,0.9078512396694215,0.016089192011513858,0.8454545454545455
circuit_pos,50.0,0,scientific,2,8192,0.924793388429752,0.019713818912192656,0.8318181818181818
circuit_pos,50.0,0,scientific,3,8192,0.937603305785124,0.020553438207348538,0.8772727272727273
circuit_pos,50.0,0,scientific,4,8192,0.9396694214876034,0.016703622257361734,0.8772727272727273
circuit_pos,50.0,0,scientific,5,8192,0.9545454545454545,0.021748260110645852,0.8727272727272727
circuit_pos,50.0,0,scientific,6,8192,0.9636363636363636,0.017217079880991443,0.8636363636363636
circuit_pos,50.0,0,scientific,7,8192,0.9644628099173553,0.015538508823936483,0.8772727272727273
circuit_pos,50.0,0,scientific,8,8192,0.9690082644628099,0.010696015789706411,0.8681818181818182
circuit_pos,50.0,0,scientific,9,8192,0.965702479338843,0.01592920270032757,0.8727272727272727
circuit_pos,50.0,0,scientific,10,8192,0.9681818181818181,0.014760802561563424,0.8727272727272728
circuit_pos,50.0,0,scientific,11,8192,0.971900826446281,0.011436654961238031,0.8863636363636364
circuit_pos,50.0,0,scientific,12,8192,0.9739669421487603,0.010822975912156026,0.8818181818181818
circuit_pos,50.0,0,scientific,13,8192,0.9723140495867769,0.011210462782025244,0.8772727272727272
circuit_pos,50.0,0,scientific,14,8192,0.9706611570247933,0.008804659401926629,0.8636363636363636
circuit_pos,50.0,0,scientific,15,8192,0.9619834710743802,0.008628352486702935,0.8727272727272727
circuit_pos,50.0,0,scientific,16,8192,0.9644628099173553,0.00870715186186177,0.8590909090909091
circuit_pos,50.0,0,scientific,17,8192,0.9619834710743802,0.010255928633050288,0.85
circuit_pos,50.0,0,scientific,18,8192,0.9644628099173553,0.011861735615212652,0.8454545454545455
circuit_pos,50.0,0,scientific,19,8192,0.9599173553719009,0.01277654944937218,0.840909090909091
circuit_pos,50.0,0,scientific,20,8192,0.9541322314049587,0.01509254741136334,0.8318181818181818
circuit_pos,50.0,0,scientific,21,8192,0.9533057851239668,0.017217079880991457,0.8272727272727274
circuit_pos,50.0,0,scientific,22,8192,0.9438016528925619,0.017207159350129748,0.8318181818181818
circuit_pos,50.0,0,scientific,23,8192,0.9318181818181819,0.01786921347970217,0.8227272727272726
circuit_pos,50.0,0,scientific,24,8192,0.924793388429752,0.015160277956895955,0.8090909090909092
circuit_pos,50.0,0,scientific,25,8192,0.9132231404958677,0.011316581766635659,0.7954545454545455
circuit_pos,50.0,0,scientific,26,8192,0.9028925619834711,0.011832909969649892,0.7863636363636364
circuit_pos,50.0,0,scientific,27,8192,0.8938016528925619,0.011134044285378038,0.7818181818181819
circuit_pos,50.0,0,scientific,28,8192,0.8768595041322313,0.014933314875696388,0.7772727272727272
circuit_pos,50.0,0,scientific,29,8192,0.8694214876033058,0.019133614715355716,0.7636363636363637
circuit_pos,50.0,0,scientific,30,8192,0.8710743801652893,0.023902735312362915,0.7727272727272727
circuit_pos,50.0,0,scientific,31,8192,0.8665289256198347,0.02952738857016504,0.7636363636363636
circuit_neg,5.0,0,scientific,0,819,0.856611570247934,0.024222067586368343,0.7909090909090909
circuit_neg,5.0,0,scientific,1,819,0.9078512396694215,0.016089192011513858,0.8454545454545455
circuit_neg,5.0,0,scientific,2,819,0.924793388429752,0.019713818912192656,0.8318181818181818
circuit_neg,5.0,0,scientific,3,819,0.937603305785124,0.020553438207348538,0.8772727272727273
circuit_neg,5.0,0,scientific,4,819,0.9396694214876034,0.016703622257361734,0.8772727272727273
circuit_neg,5.0,0,scientific,5,819,0.9545454545454545,0.021748260110645852,0.8727272727272727
circuit_neg,5.0,0,scientific,6,819,0.9636363636363636,0.017217079880991443,0.8636363636363636
circuit_neg,5.0,0,scientific,7,819,0.9644628099173553,0.015538508823936483,0.8772727272727273
circuit_neg,5.0,0,scientific,8,819,0.9690082644628099,0.010696015789706411,0.8681818181818182
circuit_neg,5.0,0,scientific,9,819,0.965702479338843,0.01592920270032757,0.8727272727272727
circuit_neg,5.0,0,scientific,10,819,0.9681818181818181,0.014760802561563424,0.8727272727272728
circuit_neg,5.0,0,scientific,11,819,0.971900826446281,0.011436654961238031,0.8863636363636364
circuit_neg,5.0,0,scientific,12,819,0.9739669421487603,0.010822975912156026,0.8818181818181818
circuit_neg,5.0,0,scientific,13,819,0.9723140495867769,0.011210462782025244,0.8772727272727272
circuit_neg,5.0,0,scientific,14,819,0.9706611570247933,0.008804659401926629,0.8636363636363636
circuit_neg,5.0,0,scientific,15,819,0.9619834710743802,0.008628352486702935,0.8727272727272727
circuit_neg,5.0,0,scientific,16,819,0.9644628099173553,0.00870715186186177,0.8590909090909091
circuit_neg,5.0,0,scientific,17,819,0.9619834710743802,0.010255928633050288,0.85
circuit_neg,5.0,0,scientific,18,819,0.9644628099173553,0.011861735615212652,0.8454545454545455
circuit_neg,5.0,0,scientific,19,819,0.9599173553719009,0.01277654944937218,0.840909090909091
circuit_neg,5.0,0,scientific,20,819,0.9541322314049587,0.01509254741136334,0.8318181818181818
circuit_neg,5.0,0,scientific,21,819,0.9533057851239668,0.017217079880991457,0.8272727272727274
circuit_neg,5.0,0,scientific,22,819,0.9491735537190082,0.020436798378311145,0.8363636363636365
circuit_neg,5.0,0,scientific,23,819,0.9512396694214875,0.019053127079997536,0.8318181818181818
circuit_neg,5.0,0,scientific,24,819,0.9533057851239668,0.019053127079997484,0.8318181818181818
circuit_neg,5.0,0,scientific,25,819,0.9512396694214876,0.02047853172456835,0.8227272727272729
circuit_neg,5.0,0,scientific,26,819,0.9466942148760331,0.021447833508034662,0.8272727272727274
circuit_neg,5.0,0,scientific,27,819,0.9520661157024793,0.019487315905043965,0.8136363636363637
circuit_neg,5.0,0,scientific,28,819,0.9487603305785125,0.021527299632448104,0.8181818181818181
circuit_neg,5.0,0,scientific,29,819,0.9438016528925619,0.023644164464330528,0.8181818181818181
circuit_neg,5.0,0,scientific,30,819,0.9433884297520663,0.026381635866962582,0.8318181818181818
circuit_neg,5.0,0,scientific,31,819,0.9289256198347108,0.030522620351437005,0.8136363636363637
circuit_neg,10.0,0,scientific,0,1638,0.856611570247934,0.024222067586368343,0.7909090909090909
circuit_neg,10.0,0,scientific,1,1638,0.9078512396694215,0.016089192011513858,0.8454545454545455
circuit_neg,10.0,0,scientific,2,1638,0.924793388429752,0.019713818912192656,0.8318181818181818
circuit_neg,10.0,0,scientific,3,1638,0.937603305785124,0.020553438207348538,0.8772727272727273
circuit_neg,10.0,0,scientific,4,1638,0.9396694214876034,0.016703622257361734,0.8772727272727273
circuit_neg,10.0,0,scientific,5,1638,0.9545454545454545,0.021748260110645852,0.8727272727272727
circuit_neg,10.0,0,scientific,6,1638,0.9636363636363636,0.017217079880991443,0.8636363636363636
circuit_neg,10.0,0,scientific,7,1638,0.9644628099173553,0.015538508823936483,0.8772727272727273
circuit_neg,10.0,0,scientific,8,1638,0.9690082644628099,0.010696015789706411,0.8681818181818182
circuit_neg,10.0,0,scientific,9,1638,0.965702479338843,0.01592920270032757,0.8727272727272727
circuit_neg,10.0,0,scientific,10,1638,0.9681818181818181,0.014760802561563424,0.8727272727272728
circuit_neg,10.0,0,scientific,11,1638,0.971900826446281,0.011436654961238031,0.8863636363636364
circuit_neg,10.0,0,scientific,12,1638,0.9739669421487603,0.010822975912156026,0.8818181818181818
circuit_neg,10.0,0,scientific,13,1638,0.9723140495867769,0.011210462782025244,0.8772727272727272
circuit_neg,10.0,0,scientific,14,1638,0.9706611570247933,0.008804659401926629,0.8636363636363636
circuit_neg,10.0,0,scientific,15,1638,0.9619834710743802,0.008628352486702935,0.8727272727272727
circuit_neg,10.0,0,scientific,16,1638,0.9644628099173553,0.00870715186186177,0.8590909090909091
circuit_neg,10.0,0,scientific,17,1638,0.9619834710743802,0.010255928633050288,0.85
circuit_neg,10.0,0,scientific,18,1638,0.9644628099173553,0.011861735615212652,0.8454545454545455
circuit_neg,10.0,0,scientific,19,1638,0.9599173553719009,0.01277654944937218,0.840909090909091
circuit_neg,10.0,0,scientific,20,1638,0.9541322314049587,0.01509254741136334,0.8318181818181818
circuit_neg,10.0,0,scientific,21,1638,0.9533057851239668,0.017217079880991457,0.8272727272727274
circuit_neg,10.0,0,scientific,22,1638,0.9491735537190082,0.02097285543875953,0.8318181818181818
circuit_neg,10.0,0,scientific,23,1638,0.9516528925619834,0.01984331769180657,0.8272727272727274
circuit_neg,10.0,0,scientific,24,1638,0.9549586776859504,0.019487315905043955,0.8318181818181818
circuit_neg,10.0,0,scientific,25,1638,0.952892561983471,0.020386605592634697,0.8272727272727274
circuit_neg,10.0,0,scientific,26,1638,0.9524793388429753,0.02028584745228687,0.8227272727272726
circuit_neg,10.0,0,scientific,27,1638,0.9574380165289256,0.02005729107357286,0.8318181818181818
circuit_neg,10.0,0,scientific,28,1638,0.9553719008264464,0.021732551722817663,0.8318181818181818
circuit_neg,10.0,0,scientific,29,1638,0.9533057851239668,0.02173255172281767,0.8318181818181818
circuit_neg,10.0,0,scientific,30,1638,0.9516528925619834,0.021455793364871384,0.8454545454545455
circuit_neg,10.0,0,scientific,31,1638,0.9392561983471076,0.02552635572145537,0.8227272727272726
circuit_neg,25.0,0,scientific,0,4096,0.856611570247934,0.024222067586368343,0.7909090909090909
circuit_neg,25.0,0,scientific,1,4096,0.9078512396694215,0.016089192011513858,0.8454545454545455
circuit_neg,25.0,0,scientific,2,4096,0.924793388429752,0.019713818912192656,0.8318181818181818
circuit_neg,25.0,0,scientific,3,4096,0.937603305785124,0.020553438207348538,0.8772727272727273
circuit_neg,25.0,0,scientific,4,4096,0.9396694214876034,0.016703622257361734,0.8772727272727273
circuit_neg,25.0,0,scientific,5,4096,0.9545454545454545,0.021748260110645852,0.8727272727272727
circuit_neg,25.0,0,scientific,6,4096,0.9636363636363636,0.017217079880991443,0.8636363636363636
circuit_neg,25.0,0,scientific,7,4096,0.9644628099173553,0.015538508823936483,0.8772727272727273
circuit_neg,25.0,0,scientific,8,4096,0.9690082644628099,0.010696015789706411,0.8681818181818182
circuit_neg,25.0,0,scientific,9,4096,0.965702479338843,0.01592920270032757,0.8727272727272727
circuit_neg,25.0,0,scientific,10,4096,0.9681818181818181,0.014760802561563424,0.8727272727272728
circuit_neg,25.0,0,scientific,11,4096,0.971900826446281,0.011436654961238031,0.8863636363636364
circuit_neg,25.0,0,scientific,12,4096,0.9739669421487603,0.010822975912156026,0.8818181818181818
circuit_neg,25.0,0,scientific,13,4096,0.9723140495867769,0.011210462782025244,0.8772727272727272
circuit_neg,25.0,0,scientific,14,4096,0.9706611570247933,0.008804659401926629,0.8636363636363636
circuit_neg,25.0,0,scientific,15,4096,0.9619834710743802,0.008628352486702935,0.8727272727272727
circuit_neg,25.0,0,scientific,16,4096,0.9644628099173553,0.00870715186186177,0.8590909090909091
circuit_neg,25.0,0,scientific,17,4096,0.9619834710743802,0.010255928633050288,0.85
circuit_neg,25.0,0,scientific,18,4096,0.9644628099173553,0.011861735615212652,0.8454545454545455
circuit_neg,25.0,0,scientific,19,4096,0.9599173553719009,0.01277654944937218,0.840909090909091
circuit_neg,25.0,0,scientific,20,4096,0.9541322314049587,0.01509254741136334,0.8318181818181818
circuit_neg,25.0,0,scientific,21,4096,0.9533057851239668,0.017217079880991457,0.8272727272727274
circuit_neg,25.0,0,scientific,22,4096,0.9512396694214876,0.020311083847015698,0.8363636363636365
circuit_neg,25.0,0,scientific,23,4096,0.9566115702479339,0.01847990064049414,0.8318181818181818
circuit_neg,25.0,0,scientific,24,4096,0.9582644628099175,0.017888314728853986,0.8318181818181818
circuit_neg,25.0,0,scientific,25,4096,0.9566115702479339,0.020702438098967473,0.8272727272727274
circuit_neg,25.0,0,scientific,26,4096,0.9590909090909092,0.0186363178244292,0.840909090909091
circuit_neg,25.0,0,scientific,27,4096,0.9599173553719009,0.020014679402169118,0.8454545454545455
circuit_neg,25.0,0,scientific,28,4096,0.9607438016528926,0.01990346211370625,0.859090909090909
circuit_neg,25.0,0,scientific,29,4096,0.9590909090909092,0.020006146176711058,0.8545454545454545
circuit_neg,25.0,0,scientific,30,4096,0.9615702479338843,0.020057291073572896,0.8681818181818182
circuit_neg,25.0,0,scientific,31,4096,0.9553719008264464,0.019971976815858807,0.8454545454545455
circuit_neg,50.0,0,scientific,0,8192,0.856611570247934,0.024222067586368343,0.7909090909090909
circuit_neg,50.0,0,scientific,1,8192,0.9078512396694215,0.016089192011513858,0.8454545454545455
circuit_neg,50.0,0,scientific,2,8192,0.924793388429752,0.019713818912192656,0.8318181818181818
circuit_neg,50.0,0,scientific,3,8192,0.937603305785124,0.020553438207348538,0.8772727272727273
circuit_neg,50.0,0,scientific,4,8192,0.9396694214876034,0.016703622257361734,0.8772727272727273
circuit_neg,50.0,0,scientific,5,8192,0.9545454545454545,0.021748260110645852,0.8727272727272727
circuit_neg,50.0,0,scientific,6,8192,0.9636363636363636,0.017217079880991443,0.8636363636363636
circuit_neg,50.0,0,scientific,7,8192,0.9644628099173553,0.015538508823936483,0.8772727272727273
circuit_neg,50.0,0,scientific,8,8192,0.9690082644628099,0.010696015789706411,0.8681818181818182
circuit_neg,50.0,0,scientific,9,8192,0.965702479338843,0.01592920270032757,0.8727272727272727
circuit_neg,50.0,0,scientific,10,8192,0.9681818181818181,0.014760802561563424,0.8727272727272728
circuit_neg,50.0,0,scientific,11,8192,0.971900826446281,0.011436654961238031,0.8863636363636364
circuit_neg,50.0,0,scientific,12,8192,0.9739669421487603,0.010822975912156026,0.8818181818181818
circuit_neg,50.0,0,scientific,13,8192,0.9723140495867769,0.011210462782025244,0.8772727272727272
circuit_neg,50.0,0,scientific,14,8192,0.9706611570247933,0.008804659401926629,0.8636363636363636
circuit_neg,50.0,0,scientific,15,8192,0.9619834710743802,0.008628352486702935,0.8727272727272727
circuit_neg,50.0,0,scientific,16,8192,0.9644628099173553,0.00870715186186177,0.8590909090909091
circuit_neg,50.0,0,scientific,17,8192,0.9619834710743802,0.010255928633050288,0.85
circuit_neg,50.0,0,scientific,18,8192,0.9644628099173553,0.011861735615212652,0.8454545454545455
circuit_neg,50.0,0,scientific,19,8192,0.9599173553719009,0.01277654944937218,0.840909090909091
circuit_neg,50.0,0,scientific,20,8192,0.9541322314049587,0.01509254741136334,0.8318181818181818
circuit_neg,50.0,0,scientific,21,8192,0.9533057851239668,0.017217079880991457,0.8272727272727274
circuit_neg,50.0,0,scientific,22,8192,0.9549586776859504,0.020133764818313762,0.8363636363636365
circuit_neg,50.0,0,scientific,23,8192,0.9586776859504132,0.0188911230589462,0.8318181818181818
circuit_neg,50.0,0,scientific,24,8192,0.959504132231405,0.018736833138437364,0.8363636363636365
circuit_neg,50.0,0,scientific,25,8192,0.9603305785123968,0.01859044938711068,0.8318181818181818
circuit_neg,50.0,0,scientific,26,8192,0.9623966942148762,0.021959223562952792,0.8363636363636363
circuit_neg,50.0,0,scientific,27,8192,0.9640495867768595,0.019713818912192677,0.840909090909091
circuit_neg,50.0,0,scientific,28,8192,0.9669421487603307,0.01847990064049414,0.8636363636363636
circuit_neg,50.0,0,scientific,29,8192,0.9669421487603307,0.01924928049397043,0.8681818181818182
circuit_neg,50.0,0,scientific,30,8192,0.9677685950413224,0.019053127079997553,0.8818181818181818
circuit_neg,50.0,0,scientific,31,8192,0.9628099173553719,0.022252747136919434,0.8545454545454545
random,5.0,0,scientific,0,819,0.856611570247934,0.024222067586368343,0.7909090909090909
random,5.0,0,scientific,1,819,0.9078512396694215,0.016089192011513858,0.8454545454545455
random,5.0,0,scientific,2,819,0.924793388429752,0.019713818912192656,0.8318181818181818
random,5.0,0,scientific,3,819,0.937603305785124,0.020553438207348538,0.8772727272727273
random,5.0,0,scientific,4,819,0.9396694214876034,0.016703622257361734,0.8772727272727273
random,5.0,0,scientific,5,819,0.9545454545454545,0.021748260110645852,0.8727272727272727
random,5.0,0,scientific,6,819,0.9636363636363636,0.017217079880991443,0.8636363636363636
random,5.0,0,scientific,7,819,0.9644628099173553,0.015538508823936483,0.8772727272727273
random,5.0,0,scientific,8,819,0.9690082644628099,0.010696015789706411,0.8681818181818182
random,5.0,0,scientific,9,819,0.965702479338843,0.01592920270032757,0.8727272727272727
random,5.0,0,scientific,10,819,0.9681818181818181,0.014760802561563424,0.8727272727272728
random,5.0,0,scientific,11,819,0.971900826446281,0.011436654961238031,0.8863636363636364
random,5.0,0,scientific,12,819,0.9739669421487603,0.010822975912156026,0.8818181818181818
random,5.0,0,scientific,13,819,0.9723140495867769,0.011210462782025244,0.8772727272727272
random,5.0,0,scientific,14,819,0.9706611570247933,0.008804659401926629,0.8636363636363636
random,5.0,0,scientific,15,819,0.9619834710743802,0.008628352486702935,0.8727272727272727
random,5.0,0,scientific,16,819,0.9644628099173553,0.00870715186186177,0.8590909090909091
random,5.0,0,scientific,17,819,0.9619834710743802,0.010255928633050288,0.85
random,5.0,0,scientific,18,819,0.9644628099173553,0.011861735615212652,0.8454545454545455
random,5.0,0,scientific,19,819,0.9599173553719009,0.01277654944937218,0.840909090909091
random,5.0,0,scientific,20,819,0.9541322314049587,0.01509254741136334,0.8318181818181818
random,5.0,0,scientific,21,819,0.9533057851239668,0.017217079880991457,0.8272727272727274
random,5.0,0,scientific,22,819,0.9479338842975207,0.020964712221431075,0.8318181818181818
random,5.0,0,scientific,23,819,0.9458677685950413,0.021046002608672447,0.8272727272727274
random,5.0,0,scientific,24,819,0.947107438016529,0.020768317145667844,0.8272727272727274
random,5.0,0,scientific,25,819,0.9442148760330579,0.023629716455364932,0.8227272727272729
random,5.0,0,scientific,26,819,0.9392561983471074,0.022618069724634697,0.8181818181818181
random,5.0,0,scientific,27,819,0.9421487603305785,0.02221434719952992,0.8090909090909092
random,5.0,0,scientific,28,819,0.9363636363636363,0.025752787522120443,0.8045454545454547
random,5.0,0,scientific,29,819,0.9293388429752067,0.028551296975412734,0.8090909090909092
random,5.0,0,scientific,30,819,0.9297520661157025,0.03245840807711647,0.8045454545454545
random,5.0,0,scientific,31,819,0.9128099173553718,0.046262540595890835,0.8136363636363637
random,5.0,1,scientific,0,819,0.856611570247934,0.024222067586368343,0.7909090909090909
random,5.0,1,scientific,1,819,0.9078512396694215,0.016089192011513858,0.8454545454545455
random,5.0,1,scientific,2,819,0.924793388429752,0.019713818912192656,0.8318181818181818
random,5.0,1,scientific,3,819,0.937603305785124,0.020553438207348538,0.8772727272727273
random,5.0,1,scientific,4,819,0.9396694214876034,0.016703622257361734,0.8772727272727273
random,5.0,1,scientific,5,819,0.9545454545454545,0.021748260110645852,0.8727272727272727
random,5.0,1,scientific,6,819,0.9636363636363636,0.017217079880991443,0.8636363636363636
random,5.0,1,scientific,7,819,0.9644628099173553,0.015538508823936483,0.8772727272727273
random,5.0,1,scientific,8,819,0.9690082644628099,0.010696015789706411,0.8681818181818182
random,5.0,1,scientific,9,819,0.965702479338843,0.01592920270032757,0.8727272727272727
random,5.0,1,scientific,10,819,0.9681818181818181,0.014760802561563424,0.8727272727272728
random,5.0,1,scientific,11,819,0.971900826446281,0.011436654961238031,0.8863636363636364
random,5.0,1,scientific,12,819,0.9739669421487603,0.010822975912156026,0.8818181818181818
random,5.0,1,scientific,13,819,0.9723140495867769,0.011210462782025244,0.8772727272727272
random,5.0,1,scientific,14,819,0.9706611570247933,0.008804659401926629,0.8636363636363636
random,5.0,1,scientific,15,819,0.9619834710743802,0.008628352486702935,0.8727272727272727
random,5.0,1,scientific,16,819,0.9644628099173553,0.00870715186186177,0.8590909090909091
random,5.0,1,scientific,17,819,0.9619834710743802,0.010255928633050288,0.85
random,5.0,1,scientific,18,819,0.9644628099173553,0.011861735615212652,0.8454545454545455
random,5.0,1,scientific,19,819,0.9599173553719009,0.01277654944937218,0.840909090909091
random,5.0,1,scientific,20,819,0.9541322314049587,0.01509254741136334,0.8318181818181818
random,5.0,1,scientific,21,819,0.9533057851239668,0.017217079880991457,0.8272727272727274
random,5.0,1,scientific,22,819,0.9491735537190082,0.01873683313843738,0.8363636363636365
random,5.0,1,scientific,23,819,0.946694214876033,0.02160647349157251,0.8272727272727274
random,5.0,1,scientific,24,819,0.946694214876033,0.02120764862868816,0.8227272727272729
random,5.0,1,scientific,25,819,0.9417355371900827,0.021645951824312035,0.8227272727272729
random,5.0,1,scientific,26,819,0.9384297520661157,0.023022129383775403,0.8090909090909092
random,5.0,1,scientific,27,819,0.9404958677685951,0.022873309922476114,0.8045454545454545
random,5.0,1,scientific,28,819,0.9363636363636363,0.025852053420854636,0.8090909090909092
random,5.0,1,scientific,29,819,0.9297520661157025,0.028056603631021415,0.8045454545454545
random,5.0,1,scientific,30,819,0.931404958677686,0.03418531880982879,0.8227272727272726
random,5.0,1,scientific,31,819,0.9049586776859503,0.0428438870936523,0.8136363636363637
random,5.0,2,scientific,0,819,0.856611570247934,0.024222067586368343,0.7909090909090909
random,5.0,2,scientific,1,819,0.9078512396694215,0.016089192011513858,0.8454545454545455
random,5.0,2,scientific,2,819,0.924793388429752,0.019713818912192656,0.8318181818181818
random,5.0,2,scientific,3,819,0.937603305785124,0.020553438207348538,0.8772727272727273
random,5.0,2,scientific,4,819,0.9396694214876034,0.016703622257361734,0.8772727272727273
random,5.0,2,scientific,5,819,0.9545454545454545,0.021748260110645852,0.8727272727272727
random,5.0,2,scientific,6,819,0.9636363636363636,0.017217079880991443,0.8636363636363636
random,5.0,2,scientific,7,819,0.9644628099173553,0.015538508823936483,0.8772727272727273
random,5.0,2,scientific,8,819,0.9690082644628099,0.010696015789706411,0.8681818181818182
random,5.0,2,scientific,9,819,0.965702479338843,0.01592920270032757,0.8727272727272727
random,5.0,2,scientific,10,819,0.9681818181818181,0.014760802561563424,0.8727272727272728
random,5.0,2,scientific,11,819,0.971900826446281,0.011436654961238031,0.8863636363636364
random,5.0,2,scientific,12,819,0.9739669421487603,0.010822975912156026,0.8818181818181818
random,5.0,2,scientific,13,819,0.9723140495867769,0.011210462782025244,0.8772727272727272
random,5.0,2,scientific,14,819,0.9706611570247933,0.008804659401926629,0.8636363636363636
random,5.0,2,scientific,15,819,0.9619834710743802,0.008628352486702935,0.8727272727272727
random,5.0,2,scientific,16,819,0.9644628099173553,0.00870715186186177,0.8590909090909091
random,5.0,2,scientific,17,819,0.9619834710743802,0.010255928633050288,0.85
random,5.0,2,scientific,18,819,0.9644628099173553,0.011861735615212652,0.8454545454545455
random,5.0,2,scientific,19,819,0.9599173553719009,0.01277654944937218,0.840909090909091
random,5.0,2,scientific,20,819,0.9541322314049587,0.01509254741136334,0.8318181818181818
random,5.0,2,scientific,21,819,0.9533057851239668,0.017217079880991457,0.8272727272727274
random,5.0,2,scientific,22,819,0.9475206611570248,0.021094626476198693,0.8272727272727274
random,5.0,2,scientific,23,819,0.9479338842975207,0.02112698021680037,0.8272727272727274
random,5.0,2,scientific,24,819,0.9462809917355373,0.023118348315205556,0.8272727272727274
random,5.0,2,scientific,25,819,0.9429752066115702,0.023542842203709266,0.8181818181818181
random,5.0,2,scientific,26,819,0.9417355371900825,0.022798535907659033,0.8136363636363637
random,5.0,2,scientific,27,819,0.9417355371900827,0.021566922893718796,0.8090909090909092
random,5.0,2,scientific,28,819,0.9359504132231404,0.027002164054057063,0.8045454545454545
random,5.0,2,scientific,29,819,0.9256198347107439,0.03039367859245171,0.8
random,5.0,2,scientific,30,819,0.9272727272727274,0.03167025827497474,0.7954545454545454
random,5.0,2,scientific,31,819,0.9144628099173554,0.0443248034892161,0.8090909090909092
random,10.0,0,scientific,0,1638,0.856611570247934,0.024222067586368343,0.7909090909090909
random,10.0,0,scientific,1,1638,0.9078512396694215,0.016089192011513858,0.8454545454545455
random,10.0,0,scientific,2,1638,0.924793388429752,0.019713818912192656,0.8318181818181818
random,10.0,0,scientific,3,1638,0.937603305785124,0.020553438207348538,0.8772727272727273
random,10.0,0,scientific,4,1638,0.9396694214876034,0.016703622257361734,0.8772727272727273
random,10.0,0,scientific,5,1638,0.9545454545454545,0.021748260110645852,0.8727272727272727
random,10.0,0,scientific,6,1638,0.9636363636363636,0.017217079880991443,0.8636363636363636
random,10.0,0,scientific,7,1638,0.9644628099173553,0.015538508823936483,0.8772727272727273
random,10.0,0,scientific,8,1638,0.9690082644628099,0.010696015789706411,0.8681818181818182
random,10.0,0,scientific,9,1638,0.965702479338843,0.01592920270032757,0.8727272727272727
random,10.0,0,scientific,10,1638,0.9681818181818181,0.014760802561563424,0.8727272727272728
random,10.0,0,scientific,11,1638,0.971900826446281,0.011436654961238031,0.8863636363636364
random,10.0,0,scientific,12,1638,0.9739669421487603,0.010822975912156026,0.8818181818181818
random,10.0,0,scientific,13,1638,0.9723140495867769,0.011210462782025244,0.8772727272727272
random,10.0,0,scientific,14,1638,0.9706611570247933,0.008804659401926629,0.8636363636363636
random,10.0,0,scientific,15,1638,0.9619834710743802,0.008628352486702935,0.8727272727272727
random,10.0,0,scientific,16,1638,0.9644628099173553,0.00870715186186177,0.8590909090909091
random,10.0,0,scientific,17,1638,0.9619834710743802,0.010255928633050288,0.85
random,10.0,0,scientific,18,1638,0.9644628099173553,0.011861735615212652,0.8454545454545455
random,10.0,0,scientific,19,1638,0.9599173553719009,0.01277654944937218,0.840909090909091
random,10.0,0,scientific,20,1638,0.9541322314049587,0.01509254741136334,0.8318181818181818
random,10.0,0,scientific,21,1638,0.9533057851239668,0.017217079880991457,0.8272727272727274
random,10.0,0,scientific,22,1638,0.9495867768595041,0.020932107672584983,0.8363636363636365
random,10.0,0,scientific,23,1638,0.947107438016529,0.022121915395577164,0.8227272727272729
random,10.0,0,scientific,24,1638,0.947107438016529,0.021094626476198683,0.8227272727272729
random,10.0,0,scientific,25,1638,0.9454545454545455,0.021966998115705797,0.8227272727272729
random,10.0,0,scientific,26,1638,0.9417355371900827,0.021842273200665285,0.8181818181818181
random,10.0,0,scientific,27,1638,0.9425619834710744,0.021167352851017653,0.8090909090909092
random,10.0,0,scientific,28,1638,0.9388429752066116,0.025223541259556788,0.8090909090909092
random,10.0,0,scientific,29,1638,0.9305785123966942,0.027583998790543192,0.8045454545454547
random,10.0,0,scientific,30,1638,0.9314049586776859,0.029405697313482953,0.8045454545454547
random,10.0,0,scientific,31,1638,0.9173553719008265,0.039785470750118644,0.7954545454545454
random,10.0,1,scientific,0,1638,0.856611570247934,0.024222067586368343,0.7909090909090909
random,10.0,1,scientific,1,1638,0.9078512396694215,0.016089192011513858,0.8454545454545455
random,10.0,1,scientific,2,1638,0.924793388429752,0.019713818912192656,0.8318181818181818
random,10.0,1,scientific,3,1638,0.937603305785124,0.020553438207348538,0.8772727272727273
random,10.0,1,scientific,4,1638,0.9396694214876034,0.016703622257361734,0.8772727272727273
random,10.0,1,scientific,5,1638,0.9545454545454545,0.021748260110645852,0.8727272727272727
random,10.0,1,scientific,6,1638,0.9636363636363636,0.017217079880991443,0.8636363636363636
random,10.0,1,scientific,7,1638,0.9644628099173553,0.015538508823936483,0.8772727272727273
random,10.0,1,scientific,8,1638,0.9690082644628099,0.010696015789706411,0.8681818181818182
random,10.0,1,scientific,9,1638,0.965702479338843,0.01592920270032757,0.8727272727272727
random,10.0,1,scientific,10,1638,0.9681818181818181,0.014760802561563424,0.8727272727272728
random,10.0,1,scientific,11,1638,0.971900826446281,0.011436654961238031,0.8863636363636364
random,10.0,1,scientific,12,1638,0.9739669421487603,0.010822975912156026,0.8818181818181818
random,10.0,1,scientific,13,1638,0.9723140495867769,0.011210462782025244,0.8772727272727272
random,10.0,1,scientific,14,1638,0.9706611570247933,0.008804659401926629,0.8636363636363636
random,10.0,1,scientific,15,1638,0.9619834710743802,0.008628352486702935,0.8727272727272727
random,10.0,1,scientific,16,1638,0.9644628099173553,0.00870715186186177,0.8590909090909091
random,10.0,1,scientific,17,1638,0.9619834710743802,0.010255928633050288,0.85
random,10.0,1,scientific,18,1638,0.9644628099173553,0.011861735615212652,0.8454545454545455
random,10.0,1,scientific,19,1638,0.9599173553719009,0.01277654944937218,0.840909090909091
random,10.0,1,scientific,20,1638,0.9541322314049587,0.01509254741136334,0.8318181818181818
random,10.0,1,scientific,21,1638,0.9533057851239668,0.017217079880991457,0.8272727272727274
random,10.0,1,scientific,22,1638,0.9483471074380165,0.02086674574041747,0.8363636363636365
random,10.0,1,scientific,23,1638,0.9458677685950413,0.021487603305785093,0.8227272727272729
random,10.0,1,scientific,24,1638,0.9446280991735536,0.0218422732006653,0.8227272727272729
random,10.0,1,scientific,25,1638,0.9400826446280991,0.022329348902655012,0.8272727272727274
random,10.0,1,scientific,26,1638,0.9388429752066116,0.024009651316254436,0.8181818181818183
random,10.0,1,scientific,27,1638,0.9400826446280991,0.0233388780932941,0.8181818181818181
random,10.0,1,scientific,28,1638,0.9342975206611571,0.02739142713913482,0.8136363636363637
random,10.0,1,scientific,29,1638,0.9301652892561982,0.028159876094877384,0.8090909090909092
random,10.0,1,scientific,30,1638,0.931404958677686,0.03161629630312161,0.809090909090909
random,10.0,1,scientific,31,1638,0.909090909090909,0.04813650535016017,0.8045454545454545
random,10.0,2,scientific,0,1638,0.856611570247934,0.024222067586368343,0.7909090909090909
random,10.0,2,scientific,1,1638,0.9078512396694215,0.016089192011513858,0.8454545454545455
random,10.0,2,scientific,2,1638,0.924793388429752,0.019713818912192656,0.8318181818181818
random,10.0,2,scientific,3,1638,0.937603305785124,0.020553438207348538,0.8772727272727273
random,10.0,2,scientific,4,1638,0.9396694214876034,0.016703622257361734,0.8772727272727273
random,10.0,2,scientific,5,1638,0.9545454545454545,0.021748260110645852,0.8727272727272727
random,10.0,2,scientific,6,1638,0.9636363636363636,0.017217079880991443,0.8636363636363636
random,10.0,2,scientific,7,1638,0.9644628099173553,0.015538508823936483,0.8772727272727273
random,10.0,2,scientific,8,1638,0.9690082644628099,0.010696015789706411,0.8681818181818182
random,10.0,2,scientific,9,1638,0.965702479338843,0.01592920270032757,0.8727272727272727
random,10.0,2,scientific,10,1638,0.9681818181818181,0.014760802561563424,0.8727272727272728
random,10.0,2,scientific,11,1638,0.971900826446281,0.011436654961238031,0.8863636363636364
random,10.0,2,scientific,12,1638,0.9739669421487603,0.010822975912156026,0.8818181818181818
random,10.0,2,scientific,13,1638,0.9723140495867769,0.011210462782025244,0.8772727272727272
random,10.0,2,scientific,14,1638,0.9706611570247933,0.008804659401926629,0.8636363636363636
random,10.0,2,scientific,15,1638,0.9619834710743802,0.008628352486702935,0.8727272727272727
random,10.0,2,scientific,16,1638,0.9644628099173553,0.00870715186186177,0.8590909090909091
random,10.0,2,scientific,17,1638,0.9619834710743802,0.010255928633050288,0.85
random,10.0,2,scientific,18,1638,0.9644628099173553,0.011861735615212652,0.8454545454545455
random,10.0,2,scientific,19,1638,0.9599173553719009,0.01277654944937218,0.840909090909091
random,10.0,2,scientific,20,1638,0.9541322314049587,0.01509254741136334,0.8318181818181818
random,10.0,2,scientific,21,1638,0.9533057851239668,0.017217079880991457,0.8272727272727274
random,10.0,2,scientific,22,1638,0.9487603305785124,0.02080117842752597,0.8318181818181818
random,10.0,2,scientific,23,1638,0.9487603305785124,0.021685358286614748,0.8272727272727274
random,10.0,2,scientific,24,1638,0.9491735537190081,0.022044592840246468,0.8318181818181818
random,10.0,2,scientific,25,1638,0.9438016528925619,0.021447833508034662,0.8181818181818181
random,10.0,2,scientific,26,1638,0.9438016528925619,0.019355435419223733,0.8136363636363637
random,10.0,2,scientific,27,1638,0.9438016528925619,0.0215272996324481,0.8045454545454545
random,10.0,2,scientific,28,1638,0.9363636363636363,0.026114917866652824,0.8045454545454545
random,10.0,2,scientific,29,1638,0.9297520661157025,0.027873424717421567,0.8045454545454545
random,10.0,2,scientific,30,1638,0.9293388429752065,0.0297520661157025,0.8045454545454545
random,10.0,2,scientific,31,1638,0.9111570247933883,0.04156950856184889,0.8
random,25.0,0,scientific,0,4096,0.856611570247934,0.024222067586368343,0.7909090909090909
random,25.0,0,scientific,1,4096,0.9078512396694215,0.016089192011513858,0.8454545454545455
random,25.0,0,scientific,2,4096,0.924793388429752,0.019713818912192656,0.8318181818181818
random,25.0,0,scientific,3,4096,0.937603305785124,0.020553438207348538,0.8772727272727273
random,25.0,0,scientific,4,4096,0.9396694214876034,0.016703622257361734,0.8772727272727273
random,25.0,0,scientific,5,4096,0.9545454545454545,0.021748260110645852,0.8727272727272727
random,25.0,0,scientific,6,4096,0.9636363636363636,0.017217079880991443,0.8636363636363636
random,25.0,0,scientific,7,4096,0.9644628099173553,0.015538508823936483,0.8772727272727273
random,25.0,0,scientific,8,4096,0.9690082644628099,0.010696015789706411,0.8681818181818182
random,25.0,0,scientific,9,4096,0.965702479338843,0.01592920270032757,0.8727272727272727
random,25.0,0,scientific,10,4096,0.9681818181818181,0.014760802561563424,0.8727272727272728
random,25.0,0,scientific,11,4096,0.971900826446281,0.011436654961238031,0.8863636363636364
random,25.0,0,scientific,12,4096,0.9739669421487603,0.010822975912156026,0.8818181818181818
random,25.0,0,scientific,13,4096,0.9723140495867769,0.011210462782025244,0.8772727272727272
random,25.0,0,scientific,14,4096,0.9706611570247933,0.008804659401926629,0.8636363636363636
random,25.0,0,scientific,15,4096,0.9619834710743802,0.008628352486702935,0.8727272727272727
random,25.0,0,scientific,16,4096,0.9644628099173553,0.00870715186186177,0.8590909090909091
random,25.0,0,scientific,17,4096,0.9619834710743802,0.010255928633050288,0.85
random,25.0,0,scientific,18,4096,0.9644628099173553,0.011861735615212652,0.8454545454545455
random,25.0,0,scientific,19,4096,0.9599173553719009,0.01277654944937218,0.840909090909091
random,25.0,0,scientific,20,4096,0.9541322314049587,0.01509254741136334,0.8318181818181818
random,25.0,0,scientific,21,4096,0.9533057851239668,0.017217079880991457,0.8272727272727274
random,25.0,0,scientific,22,4096,0.9483471074380165,0.02036984717994415,0.8363636363636363
random,25.0,0,scientific,23,4096,0.9462809917355373,0.020285847452286898,0.8272727272727274
random,25.0,0,scientific,24,4096,0.9442148760330579,0.018709473425903757,0.8272727272727274
random,25.0,0,scientific,25,4096,0.9475206611570247,0.019320115252166863,0.8318181818181818
random,25.0,0,scientific,26,4096,0.9454545454545455,0.020142243978436232,0.8318181818181818
random,25.0,0,scientific,27,4096,0.9475206611570248,0.0175607680668395,0.8136363636363637
random,25.0,0,scientific,28,4096,0.9462809917355373,0.018387268976270268,0.8227272727272726
random,25.0,0,scientific,29,4096,0.9433884297520659,0.017850091790458832,0.8227272727272726
random,25.0,0,scientific,30,4096,0.9466942148760331,0.018544467497782546,0.8045454545454547
random,25.0,0,scientific,31,4096,0.9355371900826446,0.02428543017341344,0.8136363636363637
random,25.0,1,scientific,0,4096,0.856611570247934,0.024222067586368343,0.7909090909090909
random,25.0,1,scientific,1,4096,0.9078512396694215,0.016089192011513858,0.8454545454545455
random,25.0,1,scientific,2,4096,0.924793388429752,0.019713818912192656,0.8318181818181818
random,25.0,1,scientific,3,4096,0.937603305785124,0.020553438207348538,0.8772727272727273
random,25.0,1,scientific,4,4096,0.9396694214876034,0.016703622257361734,0.8772727272727273
random,25.0,1,scientific,5,4096,0.9545454545454545,0.021748260110645852,0.8727272727272727
random,25.0,1,scientific,6,4096,0.9636363636363636,0.017217079880991443,0.8636363636363636
random,25.0,1,scientific,7,4096,0.9644628099173553,0.015538508823936483,0.8772727272727273
random,25.0,1,scientific,8,4096,0.9690082644628099,0.010696015789706411,0.8681818181818182
random,25.0,1,scientific,9,4096,0.965702479338843,0.01592920270032757,0.8727272727272727
random,25.0,1,scientific,10,4096,0.9681818181818181,0.014760802561563424,0.8727272727272728
random,25.0,1,scientific,11,4096,0.971900826446281,0.011436654961238031,0.8863636363636364
random,25.0,1,scientific,12,4096,0.9739669421487603,0.010822975912156026,0.8818181818181818
random,25.0,1,scientific,13,4096,0.9723140495867769,0.011210462782025244,0.8772727272727272
random,25.0,1,scientific,14,4096,0.9706611570247933,0.008804659401926629,0.8636363636363636
random,25.0,1,scientific,15,4096,0.9619834710743802,0.008628352486702935,0.8727272727272727
random,25.0,1,scientific,16,4096,0.9644628099173553,0.00870715186186177,0.8590909090909091
random,25.0,1,scientific,17,4096,0.9619834710743802,0.010255928633050288,0.85
random,25.0,1,scientific,18,4096,0.9644628099173553,0.011861735615212652,0.8454545454545455
random,25.0,1,scientific,19,4096,0.9599173553719009,0.01277654944937218,0.840909090909091
random,25.0,1,scientific,20,4096,0.9541322314049587,0.01509254741136334,0.8318181818181818
random,25.0,1,scientific,21,4096,0.9533057851239668,0.017217079880991457,0.8272727272727274
random,25.0,1,scientific,22,4096,0.9483471074380164,0.020948416290308348,0.8363636363636365
random,25.0,1,scientific,23,4096,0.9425619834710742,0.023169993006406913,0.8181818181818181
random,25.0,1,scientific,24,4096,0.9425619834710742,0.02328027441488142,0.8181818181818181
random,25.0,1,scientific,25,4096,0.9400826446280991,0.022783551656347482,0.8181818181818181
random,25.0,1,scientific,26,4096,0.9421487603305787,0.021070328568565246,0.8136363636363637
random,25.0,1,scientific,27,4096,0.9425619834710744,0.022458972300332527,0.8136363636363637
random,25.0,1,scientific,28,4096,0.9421487603305785,0.026232347517527035,0.8227272727272729
random,25.0,1,scientific,29,4096,0.9384297520661157,0.02501280322383728,0.8136363636363637
random,25.0,1,scientific,30,4096,0.9400826446280991,0.02762729694288725,0.809090909090909
random,25.0,1,scientific,31,4096,0.9264462809917354,0.033914519882120985,0.8227272727272726
random,25.0,2,scientific,0,4096,0.856611570247934,0.024222067586368343,0.7909090909090909
random,25.0,2,scientific,1,4096,0.9078512396694215,0.016089192011513858,0.8454545454545455
random,25.0,2,scientific,2,4096,0.924793388429752,0.019713818912192656,0.8318181818181818
random,25.0,2,scientific,3,4096,0.937603305785124,0.020553438207348538,0.8772727272727273
random,25.0,2,scientific,4,4096,0.9396694214876034,0.016703622257361734,0.8772727272727273
random,25.0,2,scientific,5,4096,0.9545454545454545,0.021748260110645852,0.8727272727272727
random,25.0,2,scientific,6,4096,0.9636363636363636,0.017217079880991443,0.8636363636363636
random,25.0,2,scientific,7,4096,0.9644628099173553,0.015538508823936483,0.8772727272727273
random,25.0,2,scientific,8,4096,0.9690082644628099,0.010696015789706411,0.8681818181818182
random,25.0,2,scientific,9,4096,0.965702479338843,0.01592920270032757,0.8727272727272727
random,25.0,2,scientific,10,4096,0.9681818181818181,0.014760802561563424,0.8727272727272728
random,25.0,2,scientific,11,4096,0.971900826446281,0.011436654961238031,0.8863636363636364
random,25.0,2,scientific,12,4096,0.9739669421487603,0.010822975912156026,0.8818181818181818
random,25.0,2,scientific,13,4096,0.9723140495867769,0.011210462782025244,0.8772727272727272
random,25.0,2,scientific,14,4096,0.9706611570247933,0.008804659401926629,0.8636363636363636
random,25.0,2,scientific,15,4096,0.9619834710743802,0.008628352486702935,0.8727272727272727
random,25.0,2,scientific,16,4096,0.9644628099173553,0.00870715186186177,0.8590909090909091
random,25.0,2,scientific,17,4096,0.9619834710743802,0.010255928633050288,0.85
random,25.0,2,scientific,18,4096,0.9644628099173553,0.011861735615212652,0.8454545454545455
random,25.0,2,scientific,19,4096,0.9599173553719009,0.01277654944937218,0.840909090909091
random,25.0,2,scientific,20,4096,0.9541322314049587,0.01509254741136334,0.8318181818181818
random,25.0,2,scientific,21,4096,0.9533057851239668,0.017217079880991457,0.8272727272727274
random,25.0,2,scientific,22,4096,0.9487603305785124,0.02160647349157249,0.8318181818181818
random,25.0,2,scientific,23,4096,0.947107438016529,0.02141596449561976,0.8227272727272729
random,25.0,2,scientific,24,4096,0.9438016528925619,0.020344683677836647,0.8181818181818181
random,25.0,2,scientific,25,4096,0.9425619834710742,0.023059184179014404,0.8136363636363637
random,25.0,2,scientific,26,4096,0.9433884297520662,0.023360816570417463,0.8227272727272726
random,25.0,2,scientific,27,4096,0.9433884297520662,0.021376061415500087,0.8090909090909092
random,25.0,2,scientific,28,4096,0.9438016528925621,0.02222971513440125,0.8181818181818181
random,25.0,2,scientific,29,4096,0.934297520661157,0.02571961375139742,0.809090909090909
random,25.0,2,scientific,30,4096,0.9351239669421487,0.029757804772543524,0.8181818181818181
random,25.0,2,scientific,31,4096,0.925206611570248,0.03694593875579687,0.8272727272727272
random,50.0,0,scientific,0,8192,0.856611570247934,0.024222067586368343,0.7909090909090909
random,50.0,0,scientific,1,8192,0.9078512396694215,0.016089192011513858,0.8454545454545455
random,50.0,0,scientific,2,8192,0.924793388429752,0.019713818912192656,0.8318181818181818
random,50.0,0,scientific,3,8192,0.937603305785124,0.020553438207348538,0.8772727272727273
random,50.0,0,scientific,4,8192,0.9396694214876034,0.016703622257361734,0.8772727272727273
random,50.0,0,scientific,5,8192,0.9545454545454545,0.021748260110645852,0.8727272727272727
random,50.0,0,scientific,6,8192,0.9636363636363636,0.017217079880991443,0.8636363636363636
random,50.0,0,scientific,7,8192,0.9644628099173553,0.015538508823936483,0.8772727272727273
random,50.0,0,scientific,8,8192,0.9690082644628099,0.010696015789706411,0.8681818181818182
random,50.0,0,scientific,9,8192,0.965702479338843,0.01592920270032757,0.8727272727272727
random,50.0,0,scientific,10,8192,0.9681818181818181,0.014760802561563424,0.8727272727272728
random,50.0,0,scientific,11,8192,0.971900826446281,0.011436654961238031,0.8863636363636364
random,50.0,0,scientific,12,8192,0.9739669421487603,0.010822975912156026,0.8818181818181818
random,50.0,0,scientific,13,8192,0.9723140495867769,0.011210462782025244,0.8772727272727272
random,50.0,0,scientific,14,8192,0.9706611570247933,0.008804659401926629,0.8636363636363636
random,50.0,0,scientific,15,8192,0.9619834710743802,0.008628352486702935,0.8727272727272727
random,50.0,0,scientific,16,8192,0.9644628099173553,0.00870715186186177,0.8590909090909091
random,50.0,0,scientific,17,8192,0.9619834710743802,0.010255928633050288,0.85
random,50.0,0,scientific,18,8192,0.9644628099173553,0.011861735615212652,0.8454545454545455
random,50.0,0,scientific,19,8192,0.9599173553719009,0.01277654944937218,0.840909090909091
random,50.0,0,scientific,20,8192,0.9541322314049587,0.01509254741136334,0.8318181818181818
random,50.0,0,scientific,21,8192,0.9533057851239668,0.017217079880991457,0.8272727272727274
random,50.0,0,scientific,22,8192,0.9487603305785124,0.020344683677836622,0.840909090909091
random,50.0,0,scientific,23,8192,0.9479338842975207,0.01895428915897468,0.8272727272727274
random,50.0,0,scientific,24,8192,0.9454545454545455,0.01914253689570327,0.8227272727272729
random,50.0,0,scientific,25,8192,0.947107438016529,0.02001467940216915,0.8181818181818181
random,50.0,0,scientific,26,8192,0.9462809917355373,0.02041171741360075,0.8181818181818181
random,50.0,0,scientific,27,8192,0.9475206611570248,0.019231531038380344,0.8227272727272729
random,50.0,0,scientific,28,8192,0.9483471074380165,0.019115757861521296,0.8272727272727274
random,50.0,0,scientific,29,8192,0.9454545454545455,0.020809385639692823,0.8272727272727274
random,50.0,0,scientific,30,8192,0.9491735537190082,0.02052018019493413,0.8318181818181818
random,50.0,0,scientific,31,8192,0.9487603305785124,0.02004877598464164,0.8318181818181818
random,50.0,1,scientific,0,8192,0.856611570247934,0.024222067586368343,0.7909090909090909
random,50.0,1,scientific,1,8192,0.9078512396694215,0.016089192011513858,0.8454545454545455
random,50.0,1,scientific,2,8192,0.924793388429752,0.019713818912192656,0.8318181818181818
random,50.0,1,scientific,3,8192,0.937603305785124,0.020553438207348538,0.8772727272727273
random,50.0,1,scientific,4,8192,0.9396694214876034,0.016703622257361734,0.8772727272727273
random,50.0,1,scientific,5,8192,0.9545454545454545,0.021748260110645852,0.8727272727272727
random,50.0,1,scientific,6,8192,0.9636363636363636,0.017217079880991443,0.8636363636363636
random,50.0,1,scientific,7,8192,0.9644628099173553,0.015538508823936483,0.8772727272727273
random,50.0,1,scientific,8,8192,0.9690082644628099,0.010696015789706411,0.8681818181818182
random,50.0,1,scientific,9,8192,0.965702479338843,0.01592920270032757,0.8727272727272727
random,50.0,1,scientific,10,8192,0.9681818181818181,0.014760802561563424,0.8727272727272728
random,50.0,1,scientific,11,8192,0.971900826446281,0.011436654961238031,0.8863636363636364
random,50.0,1,scientific,12,8192,0.9739669421487603,0.010822975912156026,0.8818181818181818
random,50.0,1,scientific,13,8192,0.9723140495867769,0.011210462782025244,0.8772727272727272
random,50.0,1,scientific,14,8192,0.9706611570247933,0.008804659401926629,0.8636363636363636
random,50.0,1,scientific,15,8192,0.9619834710743802,0.008628352486702935,0.8727272727272727
random,50.0,1,scientific,16,8192,0.9644628099173553,0.00870715186186177,0.8590909090909091
random,50.0,1,scientific,17,8192,0.9619834710743802,0.010255928633050288,0.85
random,50.0,1,scientific,18,8192,0.9644628099173553,0.011861735615212652,0.8454545454545455
random,50.0,1,scientific,19,8192,0.9599173553719009,0.01277654944937218,0.840909090909091
random,50.0,1,scientific,20,8192,0.9541322314049587,0.01509254741136334,0.8318181818181818
random,50.0,1,scientific,21,8192,0.9533057851239668,0.017217079880991457,0.8272727272727274
random,50.0,1,scientific,22,8192,0.9520661157024793,0.018909192047351323,0.8363636363636365
random,50.0,1,scientific,23,8192,0.9491735537190081,0.02157483881356464,0.8272727272727274
random,50.0,1,scientific,24,8192,0.9487603305785124,0.020677679344126947,0.8318181818181818
random,50.0,1,scientific,25,8192,0.9475206611570247,0.022352278241815755,0.8272727272727274
random,50.0,1,scientific,26,8192,0.9446280991735538,0.02172469326957839,0.8181818181818181
random,50.0,1,scientific,27,8192,0.947107438016529,0.022918057229524048,0.8227272727272729
random,50.0,1,scientific,28,8192,0.9495867768595041,0.021574838813564645,0.8318181818181818
random,50.0,1,scientific,29,8192,0.9462809917355373,0.021431904925437884,0.8318181818181818
random,50.0,1,scientific,30,8192,0.9483471074380165,0.020866745740417494,0.8318181818181818
random,50.0,1,scientific,31,8192,0.9413223140495868,0.024397668461364444,0.8318181818181818
random,50.0,2,scientific,0,8192,0.856611570247934,0.024222067586368343,0.7909090909090909
random,50.0,2,scientific,1,8192,0.9078512396694215,0.016089192011513858,0.8454545454545455
random,50.0,2,scientific,2,8192,0.924793388429752,0.019713818912192656,0.8318181818181818
random,50.0,2,scientific,3,8192,0.937603305785124,0.020553438207348538,0.8772727272727273
random,50.0,2,scientific,4,8192,0.9396694214876034,0.016703622257361734,0.8772727272727273
random,50.0,2,scientific,5,8192,0.9545454545454545,0.021748260110645852,0.8727272727272727
random,50.0,2,scientific,6,8192,0.9636363636363636,0.017217079880991443,0.8636363636363636
random,50.0,2,scientific,7,8192,0.9644628099173553,0.015538508823936483,0.8772727272727273
random,50.0,2,scientific,8,8192,0.9690082644628099,0.010696015789706411,0.8681818181818182
random,50.0,2,scientific,9,8192,0.965702479338843,0.01592920270032757,0.8727272727272727
random,50.0,2,scientific,10,8192,0.9681818181818181,0.014760802561563424,0.8727272727272728
random,50.0,2,scientific,11,8192,0.971900826446281,0.011436654961238031,0.8863636363636364
random,50.0,2,scientific,12,8192,0.9739669421487603,0.010822975912156026,0.8818181818181818
random,50.0,2,scientific,13,8192,0.9723140495867769,0.011210462782025244,0.8772727272727272
random,50.0,2,scientific,14,8192,0.9706611570247933,0.008804659401926629,0.8636363636363636
random,50.0,2,scientific,15,8192,0.9619834710743802,0.008628352486702935,0.8727272727272727
random,50.0,2,scientific,16,8192,0.9644628099173553,0.00870715186186177,0.8590909090909091
random,50.0,2,scientific,17,8192,0.9619834710743802,0.010255928633050288,0.85
random,50.0,2,scientific,18,8192,0.9644628099173553,0.011861735615212652,0.8454545454545455
random,50.0,2,scientific,19,8192,0.9599173553719009,0.01277654944937218,0.840909090909091
random,50.0,2,scientific,20,8192,0.9541322314049587,0.01509254741136334,0.8318181818181818
random,50.0,2,scientific,21,8192,0.9533057851239668,0.017217079880991457,0.8272727272727274
random,50.0,2,scientific,22,8192,0.9491735537190082,0.02076831714566786,0.8363636363636365
random,50.0,2,scientific,23,8192,0.9454545454545455,0.022121915395577136,0.8227272727272729
random,50.0,2,scientific,24,8192,0.9442148760330579,0.018845874795027057,0.8227272727272729
random,50.0,2,scientific,25,8192,0.9425619834710744,0.01983471074380166,0.809090909090909
random,50.0,2,scientific,26,8192,0.947107438016529,0.021966998115705794,0.8136363636363637
random,50.0,2,scientific,27,8192,0.9487603305785124,0.02000614617671109,0.8227272727272729
random,50.0,2,scientific,28,8192,0.9466942148760331,0.020218396401198466,0.8181818181818181
random,50.0,2,scientific,29,8192,0.9446280991735538,0.018078217234898622,0.8272727272727274
random,50.0,2,scientific,30,8192,0.9520661157024793,0.019044163011244498,0.8181818181818181
random,50.0,2,scientific,31,8192,0.9466942148760331,0.02080117842752593,0.8409090909090908
clean,0.0,0,verb,0,0,0.98140589569161,0.015272070966424241,0.9142857142857143
clean,0.0,0,verb,1,0,0.980498866213152,0.015879493333343826,0.9047619047619048
clean,0.0,0,verb,2,0,0.9791383219954648,0.016059801550680958,0.9047619047619048
clean,0.0,0,verb,3,0,0.9836734693877551,0.016313928116648464,0.9142857142857143
clean,0.0,0,verb,4,0,0.9777777777777776,0.017053601521055037,0.9095238095238095
clean,0.0,0,verb,5,0,0.9800453514739228,0.013483962582601821,0.9095238095238095
clean,0.0,0,verb,6,0,0.980952380952381,0.010100252812390055,0.9142857142857143
clean,0.0,0,verb,7,0,0.9750566893424036,0.007855105703260248,0.9095238095238095
clean,0.0,0,verb,8,0,0.9732426303854875,0.00877055764435994,0.8904761904761905
clean,0.0,0,verb,9,0,0.9718820861678005,0.008435861785822348,0.880952380952381
clean,0.0,0,verb,10,0,0.9705215419501133,0.008238504364891179,0.880952380952381
clean,0.0,0,verb,11,0,0.9759637188208616,0.007396601555691633,0.8857142857142858
clean,0.0,0,verb,12,0,0.9705215419501133,0.011912857629536238,0.8904761904761905
clean,0.0,0,verb,13,0,0.9655328798185941,0.009977324263038576,0.880952380952381
clean,0.0,0,verb,14,0,0.9655328798185941,0.011686257348503514,0.8857142857142858
clean,0.0,0,verb,15,0,0.961904761904762,0.011947337752670793,0.880952380952381
clean,0.0,0,verb,16,0,0.9600907029478458,0.013499207316224289,0.8714285714285716
clean,0.0,0,verb,17,0,0.9605442176870749,0.012551793653603727,0.8571428571428571
clean,0.0,0,verb,18,0,0.9605442176870749,0.012050186172867518,0.8666666666666666
clean,0.0,0,verb,19,0,0.9560090702947847,0.014526637077593661,0.8619047619047618
clean,0.0,0,verb,20,0,0.9528344671201815,0.012698412698412716,0.8571428571428571
clean,0.0,0,verb,21,0,0.9537414965986395,0.012714599336849182,0.8619047619047618
clean,0.0,0,verb,22,0,0.943764172335601,0.01735249566413514,0.8428571428571429
clean,0.0,0,verb,23,0,0.9433106575963718,0.016161931683633068,0.838095238095238
clean,0.0,0,verb,24,0,0.945124716553288,0.016810660310975622,0.8428571428571429
clean,0.0,0,verb,25,0,0.944671201814059,0.019379465414259858,0.8333333333333333
clean,0.0,0,verb,26,0,0.9442176870748298,0.016389397732056825,0.8380952380952381
clean,0.0,0,verb,27,0,0.9442176870748298,0.01724549055948438,0.8380952380952381
clean,0.0,0,verb,28,0,0.944671201814059,0.017125811871654663,0.8476190476190476
clean,0.0,0,verb,29,0,0.9414965986394558,0.02124270009728866,0.8333333333333333
clean,0.0,0,verb,30,0,0.9428571428571428,0.017470621573023325,0.8428571428571427
clean,0.0,0,verb,31,0,0.9219954648526076,0.028560628560242718,0.8142857142857143
circuit,5.0,0,verb,0,819,0.98140589569161,0.015272070966424241,0.9142857142857143
circuit,5.0,0,verb,1,819,0.980498866213152,0.015879493333343826,0.9047619047619048
circuit,5.0,0,verb,2,819,0.9791383219954648,0.016059801550680958,0.9047619047619048
circuit,5.0,0,verb,3,819,0.9836734693877551,0.016313928116648464,0.9142857142857143
circuit,5.0,0,verb,4,819,0.9777777777777776,0.017053601521055037,0.9095238095238095
circuit,5.0,0,verb,5,819,0.9800453514739228,0.013483962582601821,0.9095238095238095
circuit,5.0,0,verb,6,819,0.980952380952381,0.010100252812390055,0.9142857142857143
circuit,5.0,0,verb,7,819,0.9750566893424036,0.007855105703260248,0.9095238095238095
circuit,5.0,0,verb,8,819,0.9732426303854875,0.00877055764435994,0.8904761904761905
circuit,5.0,0,verb,9,819,0.9718820861678005,0.008435861785822348,0.880952380952381
circuit,5.0,0,verb,10,819,0.9705215419501133,0.008238504364891179,0.880952380952381
circuit,5.0,0,verb,11,819,0.9759637188208616,0.007396601555691633,0.8857142857142858
circuit,5.0,0,verb,12,819,0.9705215419501133,0.011912857629536238,0.8904761904761905
circuit,5.0,0,verb,13,819,0.9655328798185941,0.009977324263038576,0.880952380952381
circuit,5.0,0,verb,14,819,0.9655328798185941,0.011686257348503514,0.8857142857142858
circuit,5.0,0,verb,15,819,0.961904761904762,0.011947337752670793,0.880952380952381
circuit,5.0,0,verb,16,819,0.9600907029478458,0.013499207316224289,0.8714285714285716
circuit,5.0,0,verb,17,819,0.9605442176870749,0.012551793653603727,0.8571428571428571
circuit,5.0,0,verb,18,819,0.9605442176870749,0.012050186172867518,0.8666666666666666
circuit,5.0,0,verb,19,819,0.9560090702947847,0.014526637077593661,0.8619047619047618
circuit,5.0,0,verb,20,819,0.9528344671201815,0.012698412698412716,0.8571428571428571
circuit,5.0,0,verb,21,819,0.9537414965986395,0.012714599336849182,0.8619047619047618
circuit,5.0,0,verb,22,819,0.944671201814059,0.017364344416396088,0.8428571428571429
circuit,5.0,0,verb,23,819,0.9401360544217688,0.018174571346497824,0.8428571428571429
circuit,5.0,0,verb,24,819,0.9419501133786848,0.018061050114956824,0.8333333333333333
circuit,5.0,0,verb,25,819,0.9428571428571428,0.017646327853373014,0.8238095238095239
circuit,5.0,0,verb,26,819,0.9392290249433106,0.014723522068705594,0.819047619047619
circuit,5.0,0,verb,27,819,0.9369614512471655,0.017113797971984757,0.8142857142857143
circuit,5.0,0,verb,28,819,0.9324263038548752,0.014226201488760205,0.8142857142857143
circuit,5.0,0,verb,29,819,0.9297052154195011,0.015775534812631394,0.8095238095238095
circuit,5.0,0,verb,30,819,0.9324263038548752,0.012118266862482881,0.8142857142857143
circuit,5.0,0,verb,31,819,0.9219954648526076,0.022337615158321486,0.8238095238095239
circuit,10.0,0,verb,0,1638,0.98140589569161,0.015272070966424241,0.9142857142857143
circuit,10.0,0,verb,1,1638,0.980498866213152,0.015879493333343826,0.9047619047619048
circuit,10.0,0,verb,2,1638,0.9791383219954648,0.016059801550680958,0.9047619047619048
circuit,10.0,0,verb,3,1638,0.9836734693877551,0.016313928116648464,0.9142857142857143
circuit,10.0,0,verb,4,1638,0.9777777777777776,0.017053601521055037,0.9095238095238095
circuit,10.0,0,verb,5,1638,0.9800453514739228,0.013483962582601821,0.9095238095238095
circuit,10.0,0,verb,6,1638,0.980952380952381,0.010100252812390055,0.9142857142857143
circuit,10.0,0,verb,7,1638,0.9750566893424036,0.007855105703260248,0.9095238095238095
circuit,10.0,0,verb,8,1638,0.9732426303854875,0.00877055764435994,0.8904761904761905
circuit,10.0,0,verb,9,1638,0.9718820861678005,0.008435861785822348,0.880952380952381
circuit,10.0,0,verb,10,1638,0.9705215419501133,0.008238504364891179,0.880952380952381
circuit,10.0,0,verb,11,1638,0.9759637188208616,0.007396601555691633,0.8857142857142858
circuit,10.0,0,verb,12,1638,0.9705215419501133,0.011912857629536238,0.8904761904761905
circuit,10.0,0,verb,13,1638,0.9655328798185941,0.009977324263038576,0.880952380952381
circuit,10.0,0,verb,14,1638,0.9655328798185941,0.011686257348503514,0.8857142857142858
circuit,10.0,0,verb,15,1638,0.961904761904762,0.011947337752670793,0.880952380952381
circuit,10.0,0,verb,16,1638,0.9600907029478458,0.013499207316224289,0.8714285714285716
circuit,10.0,0,verb,17,1638,0.9605442176870749,0.012551793653603727,0.8571428571428571
circuit,10.0,0,verb,18,1638,0.9605442176870749,0.012050186172867518,0.8666666666666666
circuit,10.0,0,verb,19,1638,0.9560090702947847,0.014526637077593661,0.8619047619047618
circuit,10.0,0,verb,20,1638,0.9528344671201815,0.012698412698412716,0.8571428571428571
circuit,10.0,0,verb,21,1638,0.9537414965986395,0.012714599336849182,0.8619047619047618
circuit,10.0,0,verb,22,1638,0.945578231292517,0.015905376795238246,0.8333333333333334
circuit,10.0,0,verb,23,1638,0.9405895691609978,0.018163251151474623,0.8380952380952381
circuit,10.0,0,verb,24,1638,0.9410430839002266,0.017447060373397997,0.8333333333333333
circuit,10.0,0,verb,25,1638,0.9401360544217686,0.019112297057329218,0.8190476190476191
circuit,10.0,0,verb,26,1638,0.9360544217687075,0.015406156690669458,0.8238095238095239
circuit,10.0,0,verb,27,1638,0.9356009070294785,0.015218105882596424,0.8142857142857143
circuit,10.0,0,verb,28,1638,0.9315192743764171,0.012453088632876162,0.8142857142857143
circuit,10.0,0,verb,29,1638,0.9278911564625851,0.013710853930005441,0.8095238095238095
circuit,10.0,0,verb,30,1638,0.9337868480725623,0.011686257348503544,0.8047619047619048
circuit,10.0,0,verb,31,1638,0.9278911564625851,0.013635642973580895,0.7952380952380953
circuit,25.0,0,verb,0,4096,0.98140589569161,0.015272070966424241,0.9142857142857143
circuit,25.0,0,verb,1,4096,0.980498866213152,0.015879493333343826,0.9047619047619048
circuit,25.0,0,verb,2,4096,0.9791383219954648,0.016059801550680958,0.9047619047619048
circuit,25.0,0,verb,3,4096,0.9836734693877551,0.016313928116648464,0.9142857142857143
circuit,25.0,0,verb,4,4096,0.9777777777777776,0.017053601521055037,0.9095238095238095
circuit,25.0,0,verb,5,4096,0.9800453514739228,0.013483962582601821,0.9095238095238095
circuit,25.0,0,verb,6,4096,0.980952380952381,0.010100252812390055,0.9142857142857143
circuit,25.0,0,verb,7,4096,0.9750566893424036,0.007855105703260248,0.9095238095238095
circuit,25.0,0,verb,8,4096,0.9732426303854875,0.00877055764435994,0.8904761904761905
circuit,25.0,0,verb,9,4096,0.9718820861678005,0.008435861785822348,0.880952380952381
circuit,25.0,0,verb,10,4096,0.9705215419501133,0.008238504364891179,0.880952380952381
circuit,25.0,0,verb,11,4096,0.9759637188208616,0.007396601555691633,0.8857142857142858
circuit,25.0,0,verb,12,4096,0.9705215419501133,0.011912857629536238,0.8904761904761905
circuit,25.0,0,verb,13,4096,0.9655328798185941,0.009977324263038576,0.880952380952381
circuit,25.0,0,verb,14,4096,0.9655328798185941,0.011686257348503514,0.8857142857142858
circuit,25.0,0,verb,15,4096,0.961904761904762,0.011947337752670793,0.880952380952381
circuit,25.0,0,verb,16,4096,0.9600907029478458,0.013499207316224289,0.8714285714285716
circuit,25.0,0,verb,17,4096,0.9605442176870749,0.012551793653603727,0.8571428571428571
circuit,25.0,0,verb,18,4096,0.9605442176870749,0.012050186172867518,0.8666666666666666
circuit,25.0,0,verb,19,4096,0.9560090702947847,0.014526637077593661,0.8619047619047618
circuit,25.0,0,verb,20,4096,0.9528344671201815,0.012698412698412716,0.8571428571428571
circuit,25.0,0,verb,21,4096,0.9537414965986395,0.012714599336849182,0.8619047619047618
circuit,25.0,0,verb,22,4096,0.945124716553288,0.0154061566906694,0.8523809523809524
circuit,25.0,0,verb,23,4096,0.943764172335601,0.014153729282836496,0.8523809523809524
circuit,25.0,0,verb,24,4096,0.943764172335601,0.013560014864150632,0.8476190476190476
circuit,25.0,0,verb,25,4096,0.9414965986394558,0.013710853930005444,0.8428571428571429
circuit,25.0,0,verb,26,4096,0.9378684807256235,0.012386848329929834,0.8428571428571429
circuit,25.0,0,verb,27,4096,0.9356009070294785,0.012875346545649301,0.8380952380952381
circuit,25.0,0,verb,28,4096,0.9315192743764171,0.012118266862482881,0.8285714285714285
circuit,25.0,0,verb,29,4096,0.9324263038548752,0.01177392742471399,0.8428571428571429
circuit,25.0,0,verb,30,4096,0.9310657596371881,0.01365071831591149,0.8428571428571429
circuit,25.0,0,verb,31,4096,0.9315192743764171,0.011947337752670744,0.8476190476190476
circuit,50.0,0,verb,0,8192,0.98140589569161,0.015272070966424241,0.9142857142857143
circuit,50.0,0,verb,1,8192,0.980498866213152,0.015879493333343826,0.9047619047619048
circuit,50.0,0,verb,2,8192,0.9791383219954648,0.016059801550680958,0.9047619047619048
circuit,50.0,0,verb,3,8192,0.9836734693877551,0.016313928116648464,0.9142857142857143
circuit,50.0,0,verb,4,8192,0.9777777777777776,0.017053601521055037,0.9095238095238095
circuit,50.0,0,verb,5,8192,0.9800453514739228,0.013483962582601821,0.9095238095238095
circuit,50.0,0,verb,6,8192,0.980952380952381,0.010100252812390055,0.9142857142857143
circuit,50.0,0,verb,7,8192,0.9750566893424036,0.007855105703260248,0.9095238095238095
circuit,50.0,0,verb,8,8192,0.9732426303854875,0.00877055764435994,0.8904761904761905
circuit,50.0,0,verb,9,8192,0.9718820861678005,0.008435861785822348,0.880952380952381
circuit,50.0,0,verb,10,8192,0.9705215419501133,0.008238504364891179,0.880952380952381
circuit,50.0,0,verb,11,8192,0.9759637188208616,0.007396601555691633,0.8857142857142858
circuit,50.0,0,verb,12,8192,0.9705215419501133,0.011912857629536238,0.8904761904761905
circuit,50.0,0,verb,13,8192,0.9655328798185941,0.009977324263038576,0.880952380952381
circuit,50.0,0,verb,14,8192,0.9655328798185941,0.011686257348503514,0.8857142857142858
circuit,50.0,0,verb,15,8192,0.961904761904762,0.011947337752670793,0.880952380952381
circuit,50.0,0,verb,16,8192,0.9600907029478458,0.013499207316224289,0.8714285714285716
circuit,50.0,0,verb,17,8192,0.9605442176870749,0.012551793653603727,0.8571428571428571
circuit,50.0,0,verb,18,8192,0.9605442176870749,0.012050186172867518,0.8666666666666666
circuit,50.0,0,verb,19,8192,0.9560090702947847,0.014526637077593661,0.8619047619047618
circuit,50.0,0,verb,20,8192,0.9528344671201815,0.012698412698412716,0.8571428571428571
circuit,50.0,0,verb,21,8192,0.9537414965986395,0.012714599336849182,0.8619047619047618
circuit,50.0,0,verb,22,8192,0.9473922902494332,0.01618736353521521,0.8571428571428571
circuit,50.0,0,verb,23,8192,0.943764172335601,0.014441436125252298,0.8571428571428571
circuit,50.0,0,verb,24,8192,0.9428571428571428,0.014862557467731475,0.8476190476190476
circuit,50.0,0,verb,25,8192,0.9424036281179138,0.015082348433846607,0.8476190476190476
circuit,50.0,0,verb,26,8192,0.9374149659863946,0.016638491000312148,0.8333333333333334
circuit,50.0,0,verb,27,8192,0.9365079365079365,0.015775534812631387,0.8428571428571429
circuit,50.0,0,verb,28,8192,0.9351473922902496,0.014876389539099037,0.8476190476190476
circuit,50.0,0,verb,29,8192,0.9324263038548753,0.013860051510146174,0.8428571428571429
circuit,50.0,0,verb,30,8192,0.9315192743764171,0.014583161170805907,0.838095238095238
circuit,50.0,0,verb,31,8192,0.928344671201814,0.01613645975025596,0.8428571428571429
circuit_pos,5.0,0,verb,0,819,0.98140589569161,0.015272070966424241,0.9142857142857143
circuit_pos,5.0,0,verb,1,819,0.980498866213152,0.015879493333343826,0.9047619047619048
circuit_pos,5.0,0,verb,2,819,0.9791383219954648,0.016059801550680958,0.9047619047619048
circuit_pos,5.0,0,verb,3,819,0.9836734693877551,0.016313928116648464,0.9142857142857143
circuit_pos,5.0,0,verb,4,819,0.9777777777777776,0.017053601521055037,0.9095238095238095
circuit_pos,5.0,0,verb,5,819,0.9800453514739228,0.013483962582601821,0.9095238095238095
circuit_pos,5.0,0,verb,6,819,0.980952380952381,0.010100252812390055,0.9142857142857143
circuit_pos,5.0,0,verb,7,819,0.9750566893424036,0.007855105703260248,0.9095238095238095
circuit_pos,5.0,0,verb,8,819,0.9732426303854875,0.00877055764435994,0.8904761904761905
circuit_pos,5.0,0,verb,9,819,0.9718820861678005,0.008435861785822348,0.880952380952381
circuit_pos,5.0,0,verb,10,819,0.9705215419501133,0.008238504364891179,0.880952380952381
circuit_pos,5.0,0,verb,11,819,0.9759637188208616,0.007396601555691633,0.8857142857142858
circuit_pos,5.0,0,verb,12,819,0.9705215419501133,0.011912857629536238,0.8904761904761905
circuit_pos,5.0,0,verb,13,819,0.9655328798185941,0.009977324263038576,0.880952380952381
circuit_pos,5.0,0,verb,14,819,0.9655328798185941,0.011686257348503514,0.8857142857142858
circuit_pos,5.0,0,verb,15,819,0.961904761904762,0.011947337752670793,0.880952380952381
circuit_pos,5.0,0,verb,16,819,0.9600907029478458,0.013499207316224289,0.8714285714285716
circuit_pos,5.0,0,verb,17,819,0.9605442176870749,0.012551793653603727,0.8571428571428571
circuit_pos,5.0,0,verb,18,819,0.9605442176870749,0.012050186172867518,0.8666666666666666
circuit_pos,5.0,0,verb,19,819,0.9560090702947847,0.014526637077593661,0.8619047619047618
circuit_pos,5.0,0,verb,20,819,0.9528344671201815,0.012698412698412716,0.8571428571428571
circuit_pos,5.0,0,verb,21,819,0.9537414965986395,0.012714599336849182,0.8619047619047618
circuit_pos,5.0,0,verb,22,819,0.9428571428571428,0.017352495664135128,0.8380952380952381
circuit_pos,5.0,0,verb,23,819,0.9374149659863946,0.01706565779793815,0.8428571428571429
circuit_pos,5.0,0,verb,24,819,0.9351473922902495,0.017716122435033663,0.8238095238095238
circuit_pos,5.0,0,verb,25,819,0.9333333333333333,0.020006117913934494,0.8142857142857143
circuit_pos,5.0,0,verb,26,819,0.9297052154195011,0.01678617281026913,0.819047619047619
circuit_pos,5.0,0,verb,27,819,0.9192743764172334,0.02163602801247453,0.8142857142857143
circuit_pos,5.0,0,verb,28,819,0.9111111111111111,0.018388331004728586,0.8047619047619048
circuit_pos,5.0,0,verb,29,819,0.9088435374149659,0.017293130126927545,0.8047619047619048
circuit_pos,5.0,0,verb,30,819,0.9015873015873014,0.019379465414259858,0.8
circuit_pos,5.0,0,verb,31,819,0.8888888888888887,0.024083298045082562,0.7761904761904761
circuit_pos,10.0,0,verb,0,1638,0.98140589569161,0.015272070966424241,0.9142857142857143
circuit_pos,10.0,0,verb,1,1638,0.980498866213152,0.015879493333343826,0.9047619047619048
circuit_pos,10.0,0,verb,2,1638,0.9791383219954648,0.016059801550680958,0.9047619047619048
circuit_pos,10.0,0,verb,3,1638,0.9836734693877551,0.016313928116648464,0.9142857142857143
circuit_pos,10.0,0,verb,4,1638,0.9777777777777776,0.017053601521055037,0.9095238095238095
circuit_pos,10.0,0,verb,5,1638,0.9800453514739228,0.013483962582601821,0.9095238095238095
circuit_pos,10.0,0,verb,6,1638,0.980952380952381,0.010100252812390055,0.9142857142857143
circuit_pos,10.0,0,verb,7,1638,0.9750566893424036,0.007855105703260248,0.9095238095238095
circuit_pos,10.0,0,verb,8,1638,0.9732426303854875,0.00877055764435994,0.8904761904761905
circuit_pos,10.0,0,verb,9,1638,0.9718820861678005,0.008435861785822348,0.880952380952381
circuit_pos,10.0,0,verb,10,1638,0.9705215419501133,0.008238504364891179,0.880952380952381
circuit_pos,10.0,0,verb,11,1638,0.9759637188208616,0.007396601555691633,0.8857142857142858
circuit_pos,10.0,0,verb,12,1638,0.9705215419501133,0.011912857629536238,0.8904761904761905
circuit_pos,10.0,0,verb,13,1638,0.9655328798185941,0.009977324263038576,0.880952380952381
circuit_pos,10.0,0,verb,14,1638,0.9655328798185941,0.011686257348503514,0.8857142857142858
circuit_pos,10.0,0,verb,15,1638,0.961904761904762,0.011947337752670793,0.880952380952381
circuit_pos,10.0,0,verb,16,1638,0.9600907029478458,0.013499207316224289,0.8714285714285716
circuit_pos,10.0,0,verb,17,1638,0.9605442176870749,0.012551793653603727,0.8571428571428571
circuit_pos,10.0,0,verb,18,1638,0.9605442176870749,0.012050186172867518,0.8666666666666666
circuit_pos,10.0,0,verb,19,1638,0.9560090702947847,0.014526637077593661,0.8619047619047618
circuit_pos,10.0,0,verb,20,1638,0.9528344671201815,0.012698412698412716,0.8571428571428571
circuit_pos,10.0,0,verb,21,1638,0.9537414965986395,0.012714599336849182,0.8619047619047618
circuit_pos,10.0,0,verb,22,1638,0.9396825396825397,0.01862173711351274,0.8333333333333334
circuit_pos,10.0,0,verb,23,1638,0.9360544217687075,0.01741165879406117,0.8428571428571427
circuit_pos,10.0,0,verb,24,1638,0.9328798185941043,0.017541115288719964,0.8238095238095238
circuit_pos,10.0,0,verb,25,1638,0.9278911564625849,0.01915529440539033,0.8142857142857143
circuit_pos,10.0,0,verb,26,1638,0.9224489795918368,0.015339260340397086,0.8142857142857143
circuit_pos,10.0,0,verb,27,1638,0.908390022675737,0.020762853772806504,0.8047619047619048
circuit_pos,10.0,0,verb,28,1638,0.8938775510204081,0.021242700097288698,0.8
circuit_pos,10.0,0,verb,29,1638,0.8839002267573696,0.026420882836516144,0.8
circuit_pos,10.0,0,verb,30,1638,0.8748299319727891,0.025750693091298665,0.7714285714285714
circuit_pos,10.0,0,verb,31,1638,0.8657596371882086,0.021339302233140244,0.7714285714285714
circuit_pos,25.0,0,verb,0,4096,0.98140589569161,0.015272070966424241,0.9142857142857143
circuit_pos,25.0,0,verb,1,4096,0.980498866213152,0.015879493333343826,0.9047619047619048
circuit_pos,25.0,0,verb,2,4096,0.9791383219954648,0.016059801550680958,0.9047619047619048
circuit_pos,25.0,0,verb,3,4096,0.9836734693877551,0.016313928116648464,0.9142857142857143
circuit_pos,25.0,0,verb,4,4096,0.9777777777777776,0.017053601521055037,0.9095238095238095
circuit_pos,25.0,0,verb,5,4096,0.9800453514739228,0.013483962582601821,0.9095238095238095
circuit_pos,25.0,0,verb,6,4096,0.980952380952381,0.010100252812390055,0.9142857142857143
circuit_pos,25.0,0,verb,7,4096,0.9750566893424036,0.007855105703260248,0.9095238095238095
circuit_pos,25.0,0,verb,8,4096,0.9732426303854875,0.00877055764435994,0.8904761904761905
circuit_pos,25.0,0,verb,9,4096,0.9718820861678005,0.008435861785822348,0.880952380952381
circuit_pos,25.0,0,verb,10,4096,0.9705215419501133,0.008238504364891179,0.880952380952381
circuit_pos,25.0,0,verb,11,4096,0.9759637188208616,0.007396601555691633,0.8857142857142858
circuit_pos,25.0,0,verb,12,4096,0.9705215419501133,0.011912857629536238,0.8904761904761905
circuit_pos,25.0,0,verb,13,4096,0.9655328798185941,0.009977324263038576,0.880952380952381
circuit_pos,25.0,0,verb,14,4096,0.9655328798185941,0.011686257348503514,0.8857142857142858
circuit_pos,25.0,0,verb,15,4096,0.961904761904762,0.011947337752670793,0.880952380952381
circuit_pos,25.0,0,verb,16,4096,0.9600907029478458,0.013499207316224289,0.8714285714285716
circuit_pos,25.0,0,verb,17,4096,0.9605442176870749,0.012551793653603727,0.8571428571428571
circuit_pos,25.0,0,verb,18,4096,0.9605442176870749,0.012050186172867518,0.8666666666666666
circuit_pos,25.0,0,verb,19,4096,0.9560090702947847,0.014526637077593661,0.8619047619047618
circuit_pos,25.0,0,verb,20,4096,0.9528344671201815,0.012698412698412716,0.8571428571428571
circuit_pos,25.0,0,verb,21,4096,0.9537414965986395,0.012714599336849182,0.8619047619047618
circuit_pos,25.0,0,verb,22,4096,0.9383219954648526,0.01729313012692758,0.838095238095238
circuit_pos,25.0,0,verb,23,4096,0.9301587301587301,0.016626124970361308,0.8333333333333333
circuit_pos,25.0,0,verb,24,4096,0.9229024943310657,0.02078265621295165,0.8095238095238095
circuit_pos,25.0,0,verb,25,4096,0.9124716553287981,0.021540756620476942,0.7952380952380953
circuit_pos,25.0,0,verb,26,4096,0.8920634920634921,0.02110671433690721,0.7952380952380953
circuit_pos,25.0,0,verb,27,4096,0.8734693877551021,0.025469607405168217,0.7809523809523811
circuit_pos,25.0,0,verb,28,4096,0.8571428571428571,0.02956554378776711,0.7761904761904761
circuit_pos,25.0,0,verb,29,4096,0.8453514739229024,0.03233658679360707,0.7714285714285714
circuit_pos,25.0,0,verb,30,4096,0.838095238095238,0.03334490057986723,0.7476190476190476
circuit_pos,25.0,0,verb,31,4096,0.8303854875283447,0.028300191858181733,0.7238095238095237
circuit_pos,50.0,0,verb,0,8192,0.98140589569161,0.015272070966424241,0.9142857142857143
circuit_pos,50.0,0,verb,1,8192,0.980498866213152,0.015879493333343826,0.9047619047619048
circuit_pos,50.0,0,verb,2,8192,0.9791383219954648,0.016059801550680958,0.9047619047619048
circuit_pos,50.0,0,verb,3,8192,0.9836734693877551,0.016313928116648464,0.9142857142857143
circuit_pos,50.0,0,verb,4,8192,0.9777777777777776,0.017053601521055037,0.9095238095238095
circuit_pos,50.0,0,verb,5,8192,0.9800453514739228,0.013483962582601821,0.9095238095238095
circuit_pos,50.0,0,verb,6,8192,0.980952380952381,0.010100252812390055,0.9142857142857143
circuit_pos,50.0,0,verb,7,8192,0.9750566893424036,0.007855105703260248,0.9095238095238095
circuit_pos,50.0,0,verb,8,8192,0.9732426303854875,0.00877055764435994,0.8904761904761905
circuit_pos,50.0,0,verb,9,8192,0.9718820861678005,0.008435861785822348,0.880952380952381
circuit_pos,50.0,0,verb,10,8192,0.9705215419501133,0.008238504364891179,0.880952380952381
circuit_pos,50.0,0,verb,11,8192,0.9759637188208616,0.007396601555691633,0.8857142857142858
circuit_pos,50.0,0,verb,12,8192,0.9705215419501133,0.011912857629536238,0.8904761904761905
circuit_pos,50.0,0,verb,13,8192,0.9655328798185941,0.009977324263038576,0.880952380952381
circuit_pos,50.0,0,verb,14,8192,0.9655328798185941,0.011686257348503514,0.8857142857142858
circuit_pos,50.0,0,verb,15,8192,0.961904761904762,0.011947337752670793,0.880952380952381
circuit_pos,50.0,0,verb,16,8192,0.9600907029478458,0.013499207316224289,0.8714285714285716
circuit_pos,50.0,0,verb,17,8192,0.9605442176870749,0.012551793653603727,0.8571428571428571
circuit_pos,50.0,0,verb,18,8192,0.9605442176870749,0.012050186172867518,0.8666666666666666
circuit_pos,50.0,0,verb,19,8192,0.9560090702947847,0.014526637077593661,0.8619047619047618
circuit_pos,50.0,0,verb,20,8192,0.9528344671201815,0.012698412698412716,0.8571428571428571
circuit_pos,50.0,0,verb,21,8192,0.9537414965986395,0.012714599336849182,0.8619047619047618
circuit_pos,50.0,0,verb,22,8192,0.9387755102040817,0.0185885728180673,0.838095238095238
circuit_pos,50.0,0,verb,23,8192,0.9297052154195011,0.015512590817675379,0.8238095238095238
circuit_pos,50.0,0,verb,24,8192,0.9224489795918368,0.02181589745270873,0.8142857142857143
circuit_pos,50.0,0,verb,25,8192,0.913378684807256,0.024481396056717945,0.8
circuit_pos,50.0,0,verb,26,8192,0.9006802721088436,0.020653600973670232,0.8047619047619048
circuit_pos,50.0,0,verb,27,8192,0.8861678004535147,0.02153120629563574,0.8
circuit_pos,50.0,0,verb,28,8192,0.8770975056689343,0.026028743496202735,0.780952380952381
circuit_pos,50.0,0,verb,29,8192,0.8648526077097506,0.025070793580200028,0.780952380952381
circuit_pos,50.0,0,verb,30,8192,0.8539682539682539,0.028811574012278608,0.7523809523809524
circuit_pos,50.0,0,verb,31,8192,0.8435374149659862,0.02565466779815136,0.7571428571428571
circuit_neg,5.0,0,verb,0,819,0.98140589569161,0.015272070966424241,0.9142857142857143
circuit_neg,5.0,0,verb,1,819,0.980498866213152,0.015879493333343826,0.9047619047619048
circuit_neg,5.0,0,verb,2,819,0.9791383219954648,0.016059801550680958,0.9047619047619048
circuit_neg,5.0,0,verb,3,819,0.9836734693877551,0.016313928116648464,0.9142857142857143
circuit_neg,5.0,0,verb,4,819,0.9777777777777776,0.017053601521055037,0.9095238095238095
circuit_neg,5.0,0,verb,5,819,0.9800453514739228,0.013483962582601821,0.9095238095238095
circuit_neg,5.0,0,verb,6,819,0.980952380952381,0.010100252812390055,0.9142857142857143
circuit_neg,5.0,0,verb,7,819,0.9750566893424036,0.007855105703260248,0.9095238095238095
circuit_neg,5.0,0,verb,8,819,0.9732426303854875,0.00877055764435994,0.8904761904761905
circuit_neg,5.0,0,verb,9,819,0.9718820861678005,0.008435861785822348,0.880952380952381
circuit_neg,5.0,0,verb,10,819,0.9705215419501133,0.008238504364891179,0.880952380952381
circuit_neg,5.0,0,verb,11,819,0.9759637188208616,0.007396601555691633,0.8857142857142858
circuit_neg,5.0,0,verb,12,819,0.9705215419501133,0.011912857629536238,0.8904761904761905
circuit_neg,5.0,0,verb,13,819,0.9655328798185941,0.009977324263038576,0.880952380952381
circuit_neg,5.0,0,verb,14,819,0.9655328798185941,0.011686257348503514,0.8857142857142858
circuit_neg,5.0,0,verb,15,819,0.961904761904762,0.011947337752670793,0.880952380952381
circuit_neg,5.0,0,verb,16,819,0.9600907029478458,0.013499207316224289,0.8714285714285716
circuit_neg,5.0,0,verb,17,819,0.9605442176870749,0.012551793653603727,0.8571428571428571
circuit_neg,5.0,0,verb,18,819,0.9605442176870749,0.012050186172867518,0.8666666666666666
circuit_neg,5.0,0,verb,19,819,0.9560090702947847,0.014526637077593661,0.8619047619047618
circuit_neg,5.0,0,verb,20,819,0.9528344671201815,0.012698412698412716,0.8571428571428571
circuit_neg,5.0,0,verb,21,819,0.9537414965986395,0.012714599336849182,0.8619047619047618
circuit_neg,5.0,0,verb,22,819,0.9492063492063492,0.015618299644192812,0.8523809523809524
circuit_neg,5.0,0,verb,23,819,0.9510204081632654,0.015419501133786873,0.8476190476190476
circuit_neg,5.0,0,verb,24,819,0.9541950113378685,0.015000304225434219,0.8523809523809524
circuit_neg,5.0,0,verb,25,819,0.9564625850340136,0.014583161170805905,0.8476190476190476
circuit_neg,5.0,0,verb,26,819,0.9582766439909296,0.013800566036011729,0.8380952380952381
circuit_neg,5.0,0,verb,27,819,0.961451247165533,0.015969901915336954,0.8523809523809524
circuit_neg,5.0,0,verb,28,819,0.9619047619047618,0.014793203111383268,0.8571428571428571
circuit_neg,5.0,0,verb,29,819,0.9587301587301587,0.015605125200984322,0.8571428571428571
circuit_neg,5.0,0,verb,30,819,0.963265306122449,0.01465350967927756,0.8619047619047618
circuit_neg,5.0,0,verb,31,819,0.9519274376417235,0.018665864514518554,0.8619047619047618
circuit_neg,10.0,0,verb,0,1638,0.98140589569161,0.015272070966424241,0.9142857142857143
circuit_neg,10.0,0,verb,1,1638,0.980498866213152,0.015879493333343826,0.9047619047619048
circuit_neg,10.0,0,verb,2,1638,0.9791383219954648,0.016059801550680958,0.9047619047619048
circuit_neg,10.0,0,verb,3,1638,0.9836734693877551,0.016313928116648464,0.9142857142857143
circuit_neg,10.0,0,verb,4,1638,0.9777777777777776,0.017053601521055037,0.9095238095238095
circuit_neg,10.0,0,verb,5,1638,0.9800453514739228,0.013483962582601821,0.9095238095238095
circuit_neg,10.0,0,verb,6,1638,0.980952380952381,0.010100252812390055,0.9142857142857143
circuit_neg,10.0,0,verb,7,1638,0.9750566893424036,0.007855105703260248,0.9095238095238095
circuit_neg,10.0,0,verb,8,1638,0.9732426303854875,0.00877055764435994,0.8904761904761905
circuit_neg,10.0,0,verb,9,1638,0.9718820861678005,0.008435861785822348,0.880952380952381
circuit_neg,10.0,0,verb,10,1638,0.9705215419501133,0.008238504364891179,0.880952380952381
circuit_neg,10.0,0,verb,11,1638,0.9759637188208616,0.007396601555691633,0.8857142857142858
circuit_neg,10.0,0,verb,12,1638,0.9705215419501133,0.011912857629536238,0.8904761904761905
circuit_neg,10.0,0,verb,13,1638,0.9655328798185941,0.009977324263038576,0.880952380952381
circuit_neg,10.0,0,verb,14,1638,0.9655328798185941,0.011686257348503514,0.8857142857142858
circuit_neg,10.0,0,verb,15,1638,0.961904761904762,0.011947337752670793,0.880952380952381
circuit_neg,10.0,0,verb,16,1638,0.9600907029478458,0.013499207316224289,0.8714285714285716
circuit_neg,10.0,0,verb,17,1638,0.9605442176870749,0.012551793653603727,0.8571428571428571
circuit_neg,10.0,0,verb,18,1638,0.9605442176870749,0.012050186172867518,0.8666666666666666
circuit_neg,10.0,0,verb,19,1638,0.9560090702947847,0.014526637077593661,0.8619047619047618
circuit_neg,10.0,0,verb,20,1638,0.9528344671201815,0.012698412698412716,0.8571428571428571
circuit_neg,10.0,0,verb,21,1638,0.9537414965986395,0.012714599336849182,0.8619047619047618
circuit_neg,10.0,0,verb,22,1638,0.9510204081632654,0.014384355126670047,0.8571428571428571
circuit_neg,10.0,0,verb,23,1638,0.9519274376417235,0.014653509679277598,0.8523809523809524
circuit_neg,10.0,0,verb,24,1638,0.9578231292517007,0.01480709997035328,0.8476190476190476
circuit_neg,10.0,0,verb,25,1638,0.9619047619047618,0.014298306367740979,0.8523809523809524
circuit_neg,10.0,0,verb,26,1638,0.963265306122449,0.01325318747954871,0.8571428571428571
circuit_neg,10.0,0,verb,27,1638,0.9646258503401361,0.013650718315911475,0.8619047619047618
circuit_neg,10.0,0,verb,28,1638,0.9668934240362812,0.013034111440544135,0.8619047619047618
circuit_neg,10.0,0,verb,29,1638,0.9628117913832199,0.015014009394328186,0.8619047619047618
circuit_neg,10.0,0,verb,30,1638,0.9682539682539681,0.011826217515106865,0.8761904761904761
circuit_neg,10.0,0,verb,31,1638,0.962358276643991,0.015014009394328186,0.8714285714285713
circuit_neg,25.0,0,verb,0,4096,0.98140589569161,0.015272070966424241,0.9142857142857143
circuit_neg,25.0,0,verb,1,4096,0.980498866213152,0.015879493333343826,0.9047619047619048
circuit_neg,25.0,0,verb,2,4096,0.9791383219954648,0.016059801550680958,0.9047619047619048
circuit_neg,25.0,0,verb,3,4096,0.9836734693877551,0.016313928116648464,0.9142857142857143
circuit_neg,25.0,0,verb,4,4096,0.9777777777777776,0.017053601521055037,0.9095238095238095
circuit_neg,25.0,0,verb,5,4096,0.9800453514739228,0.013483962582601821,0.9095238095238095
circuit_neg,25.0,0,verb,6,4096,0.980952380952381,0.010100252812390055,0.9142857142857143
circuit_neg,25.0,0,verb,7,4096,0.9750566893424036,0.007855105703260248,0.9095238095238095
circuit_neg,25.0,0,verb,8,4096,0.9732426303854875,0.00877055764435994,0.8904761904761905
circuit_neg,25.0,0,verb,9,4096,0.9718820861678005,0.008435861785822348,0.880952380952381
circuit_neg,25.0,0,verb,10,4096,0.9705215419501133,0.008238504364891179,0.880952380952381
circuit_neg,25.0,0,verb,11,4096,0.9759637188208616,0.007396601555691633,0.8857142857142858
circuit_neg,25.0,0,verb,12,4096,0.9705215419501133,0.011912857629536238,0.8904761904761905
circuit_neg,25.0,0,verb,13,4096,0.9655328798185941,0.009977324263038576,0.880952380952381
circuit_neg,25.0,0,verb,14,4096,0.9655328798185941,0.011686257348503514,0.8857142857142858
circuit_neg,25.0,0,verb,15,4096,0.961904761904762,0.011947337752670793,0.880952380952381
circuit_neg,25.0,0,verb,16,4096,0.9600907029478458,0.013499207316224289,0.8714285714285716
circuit_neg,25.0,0,verb,17,4096,0.9605442176870749,0.012551793653603727,0.8571428571428571
circuit_neg,25.0,0,verb,18,4096,0.9605442176870749,0.012050186172867518,0.8666666666666666
circuit_neg,25.0,0,verb,19,4096,0.9560090702947847,0.014526637077593661,0.8619047619047618
circuit_neg,25.0,0,verb,20,4096,0.9528344671201815,0.012698412698412716,0.8571428571428571
circuit_neg,25.0,0,verb,21,4096,0.9537414965986395,0.012714599336849182,0.8619047619047618
circuit_neg,25.0,0,verb,22,4096,0.9541950113378684,0.01429830636774098,0.8619047619047618
circuit_neg,25.0,0,verb,23,4096,0.9569160997732427,0.013978263045281117,0.8523809523809524
circuit_neg,25.0,0,verb,24,4096,0.964172335600907,0.012617168021082563,0.8523809523809524
circuit_neg,25.0,0,verb,25,4096,0.9682539682539684,0.012746910950163436,0.8523809523809524
circuit_neg,25.0,0,verb,26,4096,0.9709750566893425,0.011419209353300812,0.8619047619047618
circuit_neg,25.0,0,verb,27,4096,0.9705215419501133,0.010635863400960135,0.8761904761904763
circuit_neg,25.0,0,verb,28,4096,0.9732426303854875,0.010577690512191,0.8761904761904763
circuit_neg,25.0,0,verb,29,4096,0.9723356009070295,0.010865440862322839,0.8761904761904763
circuit_neg,25.0,0,verb,30,4096,0.9755102040816327,0.009873714765114389,0.9047619047619048
circuit_neg,25.0,0,verb,31,4096,0.9736961451247165,0.013874883030184419,0.9095238095238095
circuit_neg,50.0,0,verb,0,8192,0.98140589569161,0.015272070966424241,0.9142857142857143
circuit_neg,50.0,0,verb,1,8192,0.980498866213152,0.015879493333343826,0.9047619047619048
circuit_neg,50.0,0,verb,2,8192,0.9791383219954648,0.016059801550680958,0.9047619047619048
circuit_neg,50.0,0,verb,3,8192,0.9836734693877551,0.016313928116648464,0.9142857142857143
circuit_neg,50.0,0,verb,4,8192,0.9777777777777776,0.017053601521055037,0.9095238095238095
circuit_neg,50.0,0,verb,5,8192,0.9800453514739228,0.013483962582601821,0.9095238095238095
circuit_neg,50.0,0,verb,6,8192,0.980952380952381,0.010100252812390055,0.9142857142857143
circuit_neg,50.0,0,verb,7,8192,0.9750566893424036,0.007855105703260248,0.9095238095238095
circuit_neg,50.0,0,verb,8,8192,0.9732426303854875,0.00877055764435994,0.8904761904761905
circuit_neg,50.0,0,verb,9,8192,0.9718820861678005,0.008435861785822348,0.880952380952381
circuit_neg,50.0,0,verb,10,8192,0.9705215419501133,0.008238504364891179,0.880952380952381
circuit_neg,50.0,0,verb,11,8192,0.9759637188208616,0.007396601555691633,0.8857142857142858
circuit_neg,50.0,0,verb,12,8192,0.9705215419501133,0.011912857629536238,0.8904761904761905
circuit_neg,50.0,0,verb,13,8192,0.9655328798185941,0.009977324263038576,0.880952380952381
circuit_neg,50.0,0,verb,14,8192,0.9655328798185941,0.011686257348503514,0.8857142857142858
circuit_neg,50.0,0,verb,15,8192,0.961904761904762,0.011947337752670793,0.880952380952381
circuit_neg,50.0,0,verb,16,8192,0.9600907029478458,0.013499207316224289,0.8714285714285716
circuit_neg,50.0,0,verb,17,8192,0.9605442176870749,0.012551793653603727,0.8571428571428571
circuit_neg,50.0,0,verb,18,8192,0.9605442176870749,0.012050186172867518,0.8666666666666666
circuit_neg,50.0,0,verb,19,8192,0.9560090702947847,0.014526637077593661,0.8619047619047618
circuit_neg,50.0,0,verb,20,8192,0.9528344671201815,0.012698412698412716,0.8571428571428571
circuit_neg,50.0,0,verb,21,8192,0.9537414965986395,0.012714599336849182,0.8619047619047618
circuit_neg,50.0,0,verb,22,8192,0.9578231292517007,0.01326869735902749,0.8619047619047618
circuit_neg,50.0,0,verb,23,8192,0.9609977324263038,0.012453088632876155,0.8619047619047618
circuit_neg,50.0,0,verb,24,8192,0.9659863945578231,0.013376762996601028,0.8571428571428571
circuit_neg,50.0,0,verb,25,8192,0.9696145124716553,0.013499207316224237,0.8571428571428571
circuit_neg,50.0,0,verb,26,8192,0.9723356009070295,0.013097078528973807,0.8619047619047618
circuit_neg,50.0,0,verb,27,8192,0.9732426303854875,0.012617168021082552,0.8761904761904763
circuit_neg,50.0,0,verb,28,8192,0.9732426303854875,0.012617168021082552,0.8761904761904763
circuit_neg,50.0,0,verb,29,8192,0.9741496598639456,0.010789457826186205,0.880952380952381
circuit_neg,50.0,0,verb,30,8192,0.9768707482993199,0.011053113475695134,0.8904761904761905
circuit_neg,50.0,0,verb,31,8192,0.9777777777777779,0.011597924582806679,0.9047619047619048
random,5.0,0,verb,0,819,0.98140589569161,0.015272070966424241,0.9142857142857143
random,5.0,0,verb,1,819,0.980498866213152,0.015879493333343826,0.9047619047619048
random,5.0,0,verb,2,819,0.9791383219954648,0.016059801550680958,0.9047619047619048
random,5.0,0,verb,3,819,0.9836734693877551,0.016313928116648464,0.9142857142857143
random,5.0,0,verb,4,819,0.9777777777777776,0.017053601521055037,0.9095238095238095
random,5.0,0,verb,5,819,0.9800453514739228,0.013483962582601821,0.9095238095238095
random,5.0,0,verb,6,819,0.980952380952381,0.010100252812390055,0.9142857142857143
random,5.0,0,verb,7,819,0.9750566893424036,0.007855105703260248,0.9095238095238095
random,5.0,0,verb,8,819,0.9732426303854875,0.00877055764435994,0.8904761904761905
random,5.0,0,verb,9,819,0.9718820861678005,0.008435861785822348,0.880952380952381
random,5.0,0,verb,10,819,0.9705215419501133,0.008238504364891179,0.880952380952381
random,5.0,0,verb,11,819,0.9759637188208616,0.007396601555691633,0.8857142857142858
random,5.0,0,verb,12,819,0.9705215419501133,0.011912857629536238,0.8904761904761905
random,5.0,0,verb,13,819,0.9655328798185941,0.009977324263038576,0.880952380952381
random,5.0,0,verb,14,819,0.9655328798185941,0.011686257348503514,0.8857142857142858
random,5.0,0,verb,15,819,0.961904761904762,0.011947337752670793,0.880952380952381
random,5.0,0,verb,16,819,0.9600907029478458,0.013499207316224289,0.8714285714285716
random,5.0,0,verb,17,819,0.9605442176870749,0.012551793653603727,0.8571428571428571
random,5.0,0,verb,18,819,0.9605442176870749,0.012050186172867518,0.8666666666666666
random,5.0,0,verb,19,819,0.9560090702947847,0.014526637077593661,0.8619047619047618
random,5.0,0,verb,20,819,0.9528344671201815,0.012698412698412716,0.8571428571428571
random,5.0,0,verb,21,819,0.9537414965986395,0.012714599336849182,0.8619047619047618
random,5.0,0,verb,22,819,0.946485260770975,0.015419501133786843,0.8476190476190476
random,5.0,0,verb,23,819,0.94421768707483,0.016514414019077665,0.8428571428571429
random,5.0,0,verb,24,819,0.9464852607709752,0.017125811871654576,0.8380952380952381
random,5.0,0,verb,25,819,0.945578231292517,0.0185331671126554,0.8380952380952381
random,5.0,0,verb,26,819,0.945578231292517,0.016477008729782264,0.8380952380952381
random,5.0,0,verb,27,819,0.947392290249433,0.018049658723022603,0.8333333333333334
random,5.0,0,verb,28,819,0.9428571428571427,0.019737011471191782,0.8476190476190476
random,5.0,0,verb,29,819,0.9414965986394558,0.023842974019219823,0.838095238095238
random,5.0,0,verb,30,819,0.9410430839002266,0.022401975574110597,0.8428571428571427
random,5.0,0,verb,31,819,0.9229024943310655,0.03001431674879695,0.8380952380952381
random,5.0,1,verb,0,819,0.98140589569161,0.015272070966424241,0.9142857142857143
random,5.0,1,verb,1,819,0.980498866213152,0.015879493333343826,0.9047619047619048
random,5.0,1,verb,2,819,0.9791383219954648,0.016059801550680958,0.9047619047619048
random,5.0,1,verb,3,819,0.9836734693877551,0.016313928116648464,0.9142857142857143
random,5.0,1,verb,4,819,0.9777777777777776,0.017053601521055037,0.9095238095238095
random,5.0,1,verb,5,819,0.9800453514739228,0.013483962582601821,0.9095238095238095
random,5.0,1,verb,6,819,0.980952380952381,0.010100252812390055,0.9142857142857143
random,5.0,1,verb,7,819,0.9750566893424036,0.007855105703260248,0.9095238095238095
random,5.0,1,verb,8,819,0.9732426303854875,0.00877055764435994,0.8904761904761905
random,5.0,1,verb,9,819,0.9718820861678005,0.008435861785822348,0.880952380952381
random,5.0,1,verb,10,819,0.9705215419501133,0.008238504364891179,0.880952380952381
random,5.0,1,verb,11,819,0.9759637188208616,0.007396601555691633,0.8857142857142858
random,5.0,1,verb,12,819,0.9705215419501133,0.011912857629536238,0.8904761904761905
random,5.0,1,verb,13,819,0.9655328798185941,0.009977324263038576,0.880952380952381
random,5.0,1,verb,14,819,0.9655328798185941,0.011686257348503514,0.8857142857142858
random,5.0,1,verb,15,819,0.961904761904762,0.011947337752670793,0.880952380952381
random,5.0,1,verb,16,819,0.9600907029478458,0.013499207316224289,0.8714285714285716
random,5.0,1,verb,17,819,0.9605442176870749,0.012551793653603727,0.8571428571428571
random,5.0,1,verb,18,819,0.9605442176870749,0.012050186172867518,0.8666666666666666
random,5.0,1,verb,19,819,0.9560090702947847,0.014526637077593661,0.8619047619047618
random,5.0,1,verb,20,819,0.9528344671201815,0.012698412698412716,0.8571428571428571
random,5.0,1,verb,21,819,0.9537414965986395,0.012714599336849182,0.8619047619047618
random,5.0,1,verb,22,819,0.943764172335601,0.017293130126927556,0.8428571428571429
random,5.0,1,verb,23,819,0.9424036281179138,0.015486050865273396,0.838095238095238
random,5.0,1,verb,24,819,0.946031746031746,0.01500030422543424,0.8333333333333333
random,5.0,1,verb,25,819,0.943310657596372,0.019872020226944814,0.8333333333333333
random,5.0,1,verb,26,819,0.9410430839002266,0.015512590817675352,0.8333333333333333
random,5.0,1,verb,27,819,0.9442176870748298,0.01452663707759365,0.8380952380952381
random,5.0,1,verb,28,819,0.945124716553288,0.01866586451451852,0.8428571428571429
random,5.0,1,verb,29,819,0.9428571428571428,0.020752945466934326,0.838095238095238
random,5.0,1,verb,30,819,0.945578231292517,0.0160341673738446,0.8476190476190475
random,5.0,1,verb,31,819,0.9269841269841269,0.024815172825949142,0.8285714285714286
random,5.0,2,verb,0,819,0.98140589569161,0.015272070966424241,0.9142857142857143
random,5.0,2,verb,1,819,0.980498866213152,0.015879493333343826,0.9047619047619048
random,5.0,2,verb,2,819,0.9791383219954648,0.016059801550680958,0.9047619047619048
random,5.0,2,verb,3,819,0.9836734693877551,0.016313928116648464,0.9142857142857143
random,5.0,2,verb,4,819,0.9777777777777776,0.017053601521055037,0.9095238095238095
random,5.0,2,verb,5,819,0.9800453514739228,0.013483962582601821,0.9095238095238095
random,5.0,2,verb,6,819,0.980952380952381,0.010100252812390055,0.9142857142857143
random,5.0,2,verb,7,819,0.9750566893424036,0.007855105703260248,0.9095238095238095
random,5.0,2,verb,8,819,0.9732426303854875,0.00877055764435994,0.8904761904761905
random,5.0,2,verb,9,819,0.9718820861678005,0.008435861785822348,0.880952380952381
random,5.0,2,verb,10,819,0.9705215419501133,0.008238504364891179,0.880952380952381
random,5.0,2,verb,11,819,0.9759637188208616,0.007396601555691633,0.8857142857142858
random,5.0,2,verb,12,819,0.9705215419501133,0.011912857629536238,0.8904761904761905
random,5.0,2,verb,13,819,0.9655328798185941,0.009977324263038576,0.880952380952381
random,5.0,2,verb,14,819,0.9655328798185941,0.011686257348503514,0.8857142857142858
random,5.0,2,verb,15,819,0.961904761904762,0.011947337752670793,0.880952380952381
random,5.0,2,verb,16,819,0.9600907029478458,0.013499207316224289,0.8714285714285716
random,5.0,2,verb,17,819,0.9605442176870749,0.012551793653603727,0.8571428571428571
random,5.0,2,verb,18,819,0.9605442176870749,0.012050186172867518,0.8666666666666666
random,5.0,2,verb,19,819,0.9560090702947847,0.014526637077593661,0.8619047619047618
random,5.0,2,verb,20,819,0.9528344671201815,0.012698412698412716,0.8571428571428571
random,5.0,2,verb,21,819,0.9537414965986395,0.012714599336849182,0.8619047619047618
random,5.0,2,verb,22,819,0.943764172335601,0.017233560090702937,0.8476190476190476
random,5.0,2,verb,23,819,0.943310657596372,0.014834854633828703,0.8428571428571429
random,5.0,2,verb,24,819,0.944671201814059,0.017716122435033625,0.8333333333333333
random,5.0,2,verb,25,819,0.945124716553288,0.01989270947796946,0.8285714285714286
random,5.0,2,verb,26,819,0.944671201814059,0.016072603307636626,0.8333333333333334
random,5.0,2,verb,27,819,0.9442176870748298,0.01851095839633429,0.8380952380952381
random,5.0,2,verb,28,819,0.9451247165532879,0.01952748312164258,0.8476190476190476
random,5.0,2,verb,29,819,0.9428571428571428,0.021048165779360167,0.8380952380952381
random,5.0,2,verb,30,819,0.946031746031746,0.01849984404024594,0.8428571428571429
random,5.0,2,verb,31,819,0.924716553287982,0.02264850973094561,0.8333333333333334
random,10.0,0,verb,0,1638,0.98140589569161,0.015272070966424241,0.9142857142857143
random,10.0,0,verb,1,1638,0.980498866213152,0.015879493333343826,0.9047619047619048
random,10.0,0,verb,2,1638,0.9791383219954648,0.016059801550680958,0.9047619047619048
random,10.0,0,verb,3,1638,0.9836734693877551,0.016313928116648464,0.9142857142857143
random,10.0,0,verb,4,1638,0.9777777777777776,0.017053601521055037,0.9095238095238095
random,10.0,0,verb,5,1638,0.9800453514739228,0.013483962582601821,0.9095238095238095
random,10.0,0,verb,6,1638,0.980952380952381,0.010100252812390055,0.9142857142857143
random,10.0,0,verb,7,1638,0.9750566893424036,0.007855105703260248,0.9095238095238095
random,10.0,0,verb,8,1638,0.9732426303854875,0.00877055764435994,0.8904761904761905
random,10.0,0,verb,9,1638,0.9718820861678005,0.008435861785822348,0.880952380952381
random,10.0,0,verb,10,1638,0.9705215419501133,0.008238504364891179,0.880952380952381
random,10.0,0,verb,11,1638,0.9759637188208616,0.007396601555691633,0.8857142857142858
random,10.0,0,verb,12,1638,0.9705215419501133,0.011912857629536238,0.8904761904761905
random,10.0,0,verb,13,1638,0.9655328798185941,0.009977324263038576,0.880952380952381
random,10.0,0,verb,14,1638,0.9655328798185941,0.011686257348503514,0.8857142857142858
random,10.0,0,verb,15,1638,0.961904761904762,0.011947337752670793,0.880952380952381
random,10.0,0,verb,16,1638,0.9600907029478458,0.013499207316224289,0.8714285714285716
random,10.0,0,verb,17,1638,0.9605442176870749,0.012551793653603727,0.8571428571428571
random,10.0,0,verb,18,1638,0.9605442176870749,0.012050186172867518,0.8666666666666666
random,10.0,0,verb,19,1638,0.9560090702947847,0.014526637077593661,0.8619047619047618
random,10.0,0,verb,20,1638,0.9528344671201815,0.012698412698412716,0.8571428571428571
random,10.0,0,verb,21,1638,0.9537414965986395,0.012714599336849182,0.8619047619047618
random,10.0,0,verb,22,1638,0.9469387755102041,0.015552315827194765,0.8476190476190476
random,10.0,0,verb,23,1638,0.944671201814059,0.015285532468347116,0.8428571428571429
random,10.0,0,verb,24,1638,0.9469387755102041,0.016638491000312103,0.8428571428571429
random,10.0,0,verb,25,1638,0.9469387755102041,0.01581459934164412,0.8476190476190476
random,10.0,0,verb,26,1638,0.945578231292517,0.015446155433946878,0.8428571428571429
random,10.0,0,verb,27,1638,0.9492063492063492,0.01638939773205683,0.8380952380952381
random,10.0,0,verb,28,1638,0.9442176870748298,0.019432458308960145,0.8476190476190476
random,10.0,0,verb,29,1638,0.943764172335601,0.021339302233140303,0.8428571428571429
random,10.0,0,verb,30,1638,0.9473922902494334,0.020251350169402327,0.8571428571428571
random,10.0,0,verb,31,1638,0.9310657596371881,0.029759691095733183,0.8476190476190476
random,10.0,1,verb,0,1638,0.98140589569161,0.015272070966424241,0.9142857142857143
random,10.0,1,verb,1,1638,0.980498866213152,0.015879493333343826,0.9047619047619048
random,10.0,1,verb,2,1638,0.9791383219954648,0.016059801550680958,0.9047619047619048
random,10.0,1,verb,3,1638,0.9836734693877551,0.016313928116648464,0.9142857142857143
random,10.0,1,verb,4,1638,0.9777777777777776,0.017053601521055037,0.9095238095238095
random,10.0,1,verb,5,1638,0.9800453514739228,0.013483962582601821,0.9095238095238095
random,10.0,1,verb,6,1638,0.980952380952381,0.010100252812390055,0.9142857142857143
random,10.0,1,verb,7,1638,0.9750566893424036,0.007855105703260248,0.9095238095238095
random,10.0,1,verb,8,1638,0.9732426303854875,0.00877055764435994,0.8904761904761905
random,10.0,1,verb,9,1638,0.9718820861678005,0.008435861785822348,0.880952380952381
random,10.0,1,verb,10,1638,0.9705215419501133,0.008238504364891179,0.880952380952381
random,10.0,1,verb,11,1638,0.9759637188208616,0.007396601555691633,0.8857142857142858
random,10.0,1,verb,12,1638,0.9705215419501133,0.011912857629536238,0.8904761904761905
random,10.0,1,verb,13,1638,0.9655328798185941,0.009977324263038576,0.880952380952381
random,10.0,1,verb,14,1638,0.9655328798185941,0.011686257348503514,0.8857142857142858
random,10.0,1,verb,15,1638,0.961904761904762,0.011947337752670793,0.880952380952381
random,10.0,1,verb,16,1638,0.9600907029478458,0.013499207316224289,0.8714285714285716
random,10.0,1,verb,17,1638,0.9605442176870749,0.012551793653603727,0.8571428571428571
random,10.0,1,verb,18,1638,0.9605442176870749,0.012050186172867518,0.8666666666666666
random,10.0,1,verb,19,1638,0.9560090702947847,0.014526637077593661,0.8619047619047618
random,10.0,1,verb,20,1638,0.9528344671201815,0.012698412698412716,0.8571428571428571
random,10.0,1,verb,21,1638,0.9537414965986395,0.012714599336849182,0.8619047619047618
random,10.0,1,verb,22,1638,0.945578231292517,0.016477008729782257,0.8571428571428571
random,10.0,1,verb,23,1638,0.943310657596372,0.014834854633828703,0.8476190476190476
random,10.0,1,verb,24,1638,0.945124716553288,0.013407478910743323,0.838095238095238
random,10.0,1,verb,25,1638,0.9460317460317459,0.017173783427448058,0.8380952380952381
random,10.0,1,verb,26,1638,0.9396825396825397,0.018061050114956803,0.8333333333333333
random,10.0,1,verb,27,1638,0.9451247165532879,0.015995639082583533,0.8380952380952381
random,10.0,1,verb,28,1638,0.944671201814059,0.018621737113512754,0.8476190476190476
random,10.0,1,verb,29,1638,0.9464852607709752,0.018174571346497876,0.838095238095238
random,10.0,1,verb,30,1638,0.9469387755102041,0.016700183800019933,0.8523809523809524
random,10.0,1,verb,31,1638,0.9315192743764171,0.022693870300583792,0.8428571428571429
random,10.0,2,verb,0,1638,0.98140589569161,0.015272070966424241,0.9142857142857143
random,10.0,2,verb,1,1638,0.980498866213152,0.015879493333343826,0.9047619047619048
random,10.0,2,verb,2,1638,0.9791383219954648,0.016059801550680958,0.9047619047619048
random,10.0,2,verb,3,1638,0.9836734693877551,0.016313928116648464,0.9142857142857143
random,10.0,2,verb,4,1638,0.9777777777777776,0.017053601521055037,0.9095238095238095
random,10.0,2,verb,5,1638,0.9800453514739228,0.013483962582601821,0.9095238095238095
random,10.0,2,verb,6,1638,0.980952380952381,0.010100252812390055,0.9142857142857143
random,10.0,2,verb,7,1638,0.9750566893424036,0.007855105703260248,0.9095238095238095
random,10.0,2,verb,8,1638,0.9732426303854875,0.00877055764435994,0.8904761904761905
random,10.0,2,verb,9,1638,0.9718820861678005,0.008435861785822348,0.880952380952381
random,10.0,2,verb,10,1638,0.9705215419501133,0.008238504364891179,0.880952380952381
random,10.0,2,verb,11,1638,0.9759637188208616,0.007396601555691633,0.8857142857142858
random,10.0,2,verb,12,1638,0.9705215419501133,0.011912857629536238,0.8904761904761905
random,10.0,2,verb,13,1638,0.9655328798185941,0.009977324263038576,0.880952380952381
random,10.0,2,verb,14,1638,0.9655328798185941,0.011686257348503514,0.8857142857142858
random,10.0,2,verb,15,1638,0.961904761904762,0.011947337752670793,0.880952380952381
random,10.0,2,verb,16,1638,0.9600907029478458,0.013499207316224289,0.8714285714285716
random,10.0,2,verb,17,1638,0.9605442176870749,0.012551793653603727,0.8571428571428571
random,10.0,2,verb,18,1638,0.9605442176870749,0.012050186172867518,0.8666666666666666
random,10.0,2,verb,19,1638,0.9560090702947847,0.014526637077593661,0.8619047619047618
random,10.0,2,verb,20,1638,0.9528344671201815,0.012698412698412716,0.8571428571428571
random,10.0,2,verb,21,1638,0.9537414965986395,0.012714599336849182,0.8619047619047618
random,10.0,2,verb,22,1638,0.944671201814059,0.01645202462332614,0.8476190476190476
random,10.0,2,verb,23,1638,0.9428571428571428,0.016932566623668426,0.838095238095238
random,10.0,2,verb,24,1638,0.9442176870748298,0.017716122435033625,0.8333333333333333
random,10.0,2,verb,25,1638,0.945124716553288,0.018939331535438655,0.8285714285714285
random,10.0,2,verb,26,1638,0.9451247165532879,0.020553776314965334,0.8285714285714285
random,10.0,2,verb,27,1638,0.94421768707483,0.01969528412753598,0.8333333333333334
random,10.0,2,verb,28,1638,0.9419501133786848,0.022245348695565957,0.8428571428571429
random,10.0,2,verb,29,1638,0.945124716553288,0.01833232011919069,0.838095238095238
random,10.0,2,verb,30,1638,0.9464852607709752,0.018061050114956807,0.838095238095238
random,10.0,2,verb,31,1638,0.928344671201814,0.021872391023650826,0.8428571428571429
random,25.0,0,verb,0,4096,0.98140589569161,0.015272070966424241,0.9142857142857143
random,25.0,0,verb,1,4096,0.980498866213152,0.015879493333343826,0.9047619047619048
random,25.0,0,verb,2,4096,0.9791383219954648,0.016059801550680958,0.9047619047619048
random,25.0,0,verb,3,4096,0.9836734693877551,0.016313928116648464,0.9142857142857143
random,25.0,0,verb,4,4096,0.9777777777777776,0.017053601521055037,0.9095238095238095
random,25.0,0,verb,5,4096,0.9800453514739228,0.013483962582601821,0.9095238095238095
random,25.0,0,verb,6,4096,0.980952380952381,0.010100252812390055,0.9142857142857143
random,25.0,0,verb,7,4096,0.9750566893424036,0.007855105703260248,0.9095238095238095
random,25.0,0,verb,8,4096,0.9732426303854875,0.00877055764435994,0.8904761904761905
random,25.0,0,verb,9,4096,0.9718820861678005,0.008435861785822348,0.880952380952381
random,25.0,0,verb,10,4096,0.9705215419501133,0.008238504364891179,0.880952380952381
random,25.0,0,verb,11,4096,0.9759637188208616,0.007396601555691633,0.8857142857142858
random,25.0,0,verb,12,4096,0.9705215419501133,0.011912857629536238,0.8904761904761905
random,25.0,0,verb,13,4096,0.9655328798185941,0.009977324263038576,0.880952380952381
random,25.0,0,verb,14,4096,0.9655328798185941,0.011686257348503514,0.8857142857142858
random,25.0,0,verb,15,4096,0.961904761904762,0.011947337752670793,0.880952380952381
random,25.0,0,verb,16,4096,0.9600907029478458,0.013499207316224289,0.8714285714285716
random,25.0,0,verb,17,4096,0.9605442176870749,0.012551793653603727,0.8571428571428571
random,25.0,0,verb,18,4096,0.9605442176870749,0.012050186172867518,0.8666666666666666
random,25.0,0,verb,19,4096,0.9560090702947847,0.014526637077593661,0.8619047619047618
random,25.0,0,verb,20,4096,0.9528344671201815,0.012698412698412716,0.8571428571428571
random,25.0,0,verb,21,4096,0.9537414965986395,0.012714599336849182,0.8619047619047618
random,25.0,0,verb,22,4096,0.9478458049886622,0.014972856253260005,0.8523809523809524
random,25.0,0,verb,23,4096,0.945578231292517,0.014972856253260013,0.8476190476190476
random,25.0,0,verb,24,4096,0.9482993197278912,0.0143700494492107,0.8333333333333333
random,25.0,0,verb,25,4096,0.9478458049886621,0.013605442176870756,0.8333333333333333
random,25.0,0,verb,26,4096,0.9482993197278912,0.012859362248306444,0.8428571428571429
random,25.0,0,verb,27,4096,0.946031746031746,0.01309707852897386,0.8428571428571429
random,25.0,0,verb,28,4096,0.9442176870748298,0.013345976389625567,0.8523809523809524
random,25.0,0,verb,29,4096,0.9473922902494332,0.016564156342630098,0.8523809523809524
random,25.0,0,verb,30,4096,0.9492063492063492,0.015218105882596379,0.8619047619047618
random,25.0,0,verb,31,4096,0.9419501133786848,0.020006117913934456,0.8619047619047618
random,25.0,1,verb,0,4096,0.98140589569161,0.015272070966424241,0.9142857142857143
random,25.0,1,verb,1,4096,0.980498866213152,0.015879493333343826,0.9047619047619048
random,25.0,1,verb,2,4096,0.9791383219954648,0.016059801550680958,0.9047619047619048
random,25.0,1,verb,3,4096,0.9836734693877551,0.016313928116648464,0.9142857142857143
random,25.0,1,verb,4,4096,0.9777777777777776,0.017053601521055037,0.9095238095238095
random,25.0,1,verb,5,4096,0.9800453514739228,0.013483962582601821,0.9095238095238095
random,25.0,1,verb,6,4096,0.980952380952381,0.010100252812390055,0.9142857142857143
random,25.0,1,verb,7,4096,0.9750566893424036,0.007855105703260248,0.9095238095238095
random,25.0,1,verb,8,4096,0.9732426303854875,0.00877055764435994,0.8904761904761905
random,25.0,1,verb,9,4096,0.9718820861678005,0.008435861785822348,0.880952380952381
random,25.0,1,verb,10,4096,0.9705215419501133,0.008238504364891179,0.880952380952381
random,25.0,1,verb,11,4096,0.9759637188208616,0.007396601555691633,0.8857142857142858
random,25.0,1,verb,12,4096,0.9705215419501133,0.011912857629536238,0.8904761904761905
random,25.0,1,verb,13,4096,0.9655328798185941,0.009977324263038576,0.880952380952381
random,25.0,1,verb,14,4096,0.9655328798185941,0.011686257348503514,0.8857142857142858
random,25.0,1,verb,15,4096,0.961904761904762,0.011947337752670793,0.880952380952381
random,25.0,1,verb,16,4096,0.9600907029478458,0.013499207316224289,0.8714285714285716
random,25.0,1,verb,17,4096,0.9605442176870749,0.012551793653603727,0.8571428571428571
random,25.0,1,verb,18,4096,0.9605442176870749,0.012050186172867518,0.8666666666666666
random,25.0,1,verb,19,4096,0.9560090702947847,0.014526637077593661,0.8619047619047618
random,25.0,1,verb,20,4096,0.9528344671201815,0.012698412698412716,0.8571428571428571
random,25.0,1,verb,21,4096,0.9537414965986395,0.012714599336849182,0.8619047619047618
random,25.0,1,verb,22,4096,0.946485260770975,0.015944123202945082,0.8571428571428571
random,25.0,1,verb,23,4096,0.946031746031746,0.01386005151014617,0.8476190476190476
random,25.0,1,verb,24,4096,0.9487528344671203,0.014384355126669973,0.838095238095238
random,25.0,1,verb,25,4096,0.9482993197278912,0.015339260340397069,0.8333333333333333
random,25.0,1,verb,26,4096,0.945578231292517,0.015578742890991053,0.8285714285714285
random,25.0,1,verb,27,4096,0.9446712018140591,0.01663849100031213,0.8285714285714285
random,25.0,1,verb,28,4096,0.9433106575963718,0.016414477161772186,0.8380952380952381
random,25.0,1,verb,29,4096,0.9469387755102041,0.01682289069477675,0.8428571428571429
random,25.0,1,verb,30,4096,0.9469387755102041,0.01651441401907766,0.8523809523809524
random,25.0,1,verb,31,4096,0.9378684807256235,0.0182873878944725,0.838095238095238
random,25.0,2,verb,0,4096,0.98140589569161,0.015272070966424241,0.9142857142857143
random,25.0,2,verb,1,4096,0.980498866213152,0.015879493333343826,0.9047619047619048
random,25.0,2,verb,2,4096,0.9791383219954648,0.016059801550680958,0.9047619047619048
random,25.0,2,verb,3,4096,0.9836734693877551,0.016313928116648464,0.9142857142857143
random,25.0,2,verb,4,4096,0.9777777777777776,0.017053601521055037,0.9095238095238095
random,25.0,2,verb,5,4096,0.9800453514739228,0.013483962582601821,0.9095238095238095
random,25.0,2,verb,6,4096,0.980952380952381,0.010100252812390055,0.9142857142857143
random,25.0,2,verb,7,4096,0.9750566893424036,0.007855105703260248,0.9095238095238095
random,25.0,2,verb,8,4096,0.9732426303854875,0.00877055764435994,0.8904761904761905
random,25.0,2,verb,9,4096,0.9718820861678005,0.008435861785822348,0.880952380952381
random,25.0,2,verb,10,4096,0.9705215419501133,0.008238504364891179,0.880952380952381
random,25.0,2,verb,11,4096,0.9759637188208616,0.007396601555691633,0.8857142857142858
random,25.0,2,verb,12,4096,0.9705215419501133,0.011912857629536238,0.8904761904761905
random,25.0,2,verb,13,4096,0.9655328798185941,0.009977324263038576,0.880952380952381
random,25.0,2,verb,14,4096,0.9655328798185941,0.011686257348503514,0.8857142857142858
random,25.0,2,verb,15,4096,0.961904761904762,0.011947337752670793,0.880952380952381
random,25.0,2,verb,16,4096,0.9600907029478458,0.013499207316224289,0.8714285714285716
random,25.0,2,verb,17,4096,0.9605442176870749,0.012551793653603727,0.8571428571428571
random,25.0,2,verb,18,4096,0.9605442176870749,0.012050186172867518,0.8666666666666666
random,25.0,2,verb,19,4096,0.9560090702947847,0.014526637077593661,0.8619047619047618
random,25.0,2,verb,20,4096,0.9528344671201815,0.012698412698412716,0.8571428571428571
random,25.0,2,verb,21,4096,0.9537414965986395,0.012714599336849182,0.8619047619047618
random,25.0,2,verb,22,4096,0.9473922902494332,0.014931589689935895,0.8476190476190476
random,25.0,2,verb,23,4096,0.9464852607709752,0.016576568600904378,0.8428571428571429
random,25.0,2,verb,24,4096,0.9492063492063492,0.017005290938097675,0.8380952380952381
random,25.0,2,verb,25,4096,0.9478458049886621,0.01880856358578479,0.8428571428571429
random,25.0,2,verb,26,4096,0.9505668934240363,0.015995639082583606,0.8380952380952381
random,25.0,2,verb,27,4096,0.9496598639455783,0.01799259358265524,0.8476190476190476
random,25.0,2,verb,28,4096,0.9473922902494332,0.019421871297382206,0.8476190476190476
random,25.0,2,verb,29,4096,0.9473922902494332,0.020251350169402396,0.8571428571428571
random,25.0,2,verb,30,4096,0.9505668934240363,0.020802439802593595,0.8523809523809524
random,25.0,2,verb,31,4096,0.9446712018140591,0.022152697944344362,0.8619047619047618
random,50.0,0,verb,0,8192,0.98140589569161,0.015272070966424241,0.9142857142857143
random,50.0,0,verb,1,8192,0.980498866213152,0.015879493333343826,0.9047619047619048
random,50.0,0,verb,2,8192,0.9791383219954648,0.016059801550680958,0.9047619047619048
random,50.0,0,verb,3,8192,0.9836734693877551,0.016313928116648464,0.9142857142857143
random,50.0,0,verb,4,8192,0.9777777777777776,0.017053601521055037,0.9095238095238095
random,50.0,0,verb,5,8192,0.9800453514739228,0.013483962582601821,0.9095238095238095
random,50.0,0,verb,6,8192,0.980952380952381,0.010100252812390055,0.9142857142857143
random,50.0,0,verb,7,8192,0.9750566893424036,0.007855105703260248,0.9095238095238095
random,50.0,0,verb,8,8192,0.9732426303854875,0.00877055764435994,0.8904761904761905
random,50.0,0,verb,9,8192,0.9718820861678005,0.008435861785822348,0.880952380952381
random,50.0,0,verb,10,8192,0.9705215419501133,0.008238504364891179,0.880952380952381
random,50.0,0,verb,11,8192,0.9759637188208616,0.007396601555691633,0.8857142857142858
random,50.0,0,verb,12,8192,0.9705215419501133,0.011912857629536238,0.8904761904761905
random,50.0,0,verb,13,8192,0.9655328798185941,0.009977324263038576,0.880952380952381
random,50.0,0,verb,14,8192,0.9655328798185941,0.011686257348503514,0.8857142857142858
random,50.0,0,verb,15,8192,0.961904761904762,0.011947337752670793,0.880952380952381
random,50.0,0,verb,16,8192,0.9600907029478458,0.013499207316224289,0.8714285714285716
random,50.0,0,verb,17,8192,0.9605442176870749,0.012551793653603727,0.8571428571428571
random,50.0,0,verb,18,8192,0.9605442176870749,0.012050186172867518,0.8666666666666666
random,50.0,0,verb,19,8192,0.9560090702947847,0.014526637077593661,0.8619047619047618
random,50.0,0,verb,20,8192,0.9528344671201815,0.012698412698412716,0.8571428571428571
random,50.0,0,verb,21,8192,0.9537414965986395,0.012714599336849182,0.8619047619047618
random,50.0,0,verb,22,8192,0.9505668934240361,0.014512471655328827,0.8571428571428571
random,50.0,0,verb,23,8192,0.9469387755102041,0.016200064489334937,0.8428571428571429
random,50.0,0,verb,24,8192,0.9501133786848073,0.01490401517020857,0.8428571428571429
random,50.0,0,verb,25,8192,0.9478458049886622,0.015775534812631387,0.8428571428571429
random,50.0,0,verb,26,8192,0.945578231292517,0.016034167373844613,0.8333333333333333
random,50.0,0,verb,27,8192,0.9464852607709752,0.016883909722436592,0.8476190476190476
random,50.0,0,verb,28,8192,0.946031746031746,0.018993552463829434,0.8428571428571429
random,50.0,0,verb,29,8192,0.946031746031746,0.016810660310975615,0.8619047619047618
random,50.0,0,verb,30,8192,0.9478458049886622,0.01714981442284719,0.8571428571428571
random,50.0,0,verb,31,8192,0.946031746031746,0.014793203111383331,0.8666666666666666
random,50.0,1,verb,0,8192,0.98140589569161,0.015272070966424241,0.9142857142857143
random,50.0,1,verb,1,8192,0.980498866213152,0.015879493333343826,0.9047619047619048
random,50.0,1,verb,2,8192,0.9791383219954648,0.016059801550680958,0.9047619047619048
random,50.0,1,verb,3,8192,0.9836734693877551,0.016313928116648464,0.9142857142857143
random,50.0,1,verb,4,8192,0.9777777777777776,0.017053601521055037,0.9095238095238095
random,50.0,1,verb,5,8192,0.9800453514739228,0.013483962582601821,0.9095238095238095
random,50.0,1,verb,6,8192,0.980952380952381,0.010100252812390055,0.9142857142857143
random,50.0,1,verb,7,8192,0.9750566893424036,0.007855105703260248,0.9095238095238095
random,50.0,1,verb,8,8192,0.9732426303854875,0.00877055764435994,0.8904761904761905
random,50.0,1,verb,9,8192,0.9718820861678005,0.008435861785822348,0.880952380952381
random,50.0,1,verb,10,8192,0.9705215419501133,0.008238504364891179,0.880952380952381
random,50.0,1,verb,11,8192,0.9759637188208616,0.007396601555691633,0.8857142857142858
random,50.0,1,verb,12,8192,0.9705215419501133,0.011912857629536238,0.8904761904761905
random,50.0,1,verb,13,8192,0.9655328798185941,0.009977324263038576,0.880952380952381
random,50.0,1,verb,14,8192,0.9655328798185941,0.011686257348503514,0.8857142857142858
random,50.0,1,verb,15,8192,0.961904761904762,0.011947337752670793,0.880952380952381
random,50.0,1,verb,16,8192,0.9600907029478458,0.013499207316224289,0.8714285714285716
random,50.0,1,verb,17,8192,0.9605442176870749,0.012551793653603727,0.8571428571428571
random,50.0,1,verb,18,8192,0.9605442176870749,0.012050186172867518,0.8666666666666666
random,50.0,1,verb,19,8192,0.9560090702947847,0.014526637077593661,0.8619047619047618
random,50.0,1,verb,20,8192,0.9528344671201815,0.012698412698412716,0.8571428571428571
random,50.0,1,verb,21,8192,0.9537414965986395,0.012714599336849182,0.8619047619047618
random,50.0,1,verb,22,8192,0.9492063492063492,0.014597257994948834,0.8571428571428571
random,50.0,1,verb,23,8192,0.9464852607709752,0.014667538892332172,0.8571428571428571
random,50.0,1,verb,24,8192,0.9492063492063492,0.016136459750255978,0.8476190476190476
random,50.0,1,verb,25,8192,0.9469387755102041,0.016883909722436568,0.8428571428571429
random,50.0,1,verb,26,8192,0.946031746031746,0.01599563908258359,0.8476190476190476
random,50.0,1,verb,27,8192,0.945124716553288,0.017820301772688018,0.8523809523809524
random,50.0,1,verb,28,8192,0.9473922902494332,0.016439518331421217,0.8571428571428571
random,50.0,1,verb,29,8192,0.9478458049886622,0.017029463361014623,0.8571428571428571
random,50.0,1,verb,30,8192,0.9501133786848073,0.015512590817675352,0.8619047619047618
random,50.0,1,verb,31,8192,0.945578231292517,0.01419725699999865,0.8714285714285713
random,50.0,2,verb,0,8192,0.98140589569161,0.015272070966424241,0.9142857142857143
random,50.0,2,verb,1,8192,0.980498866213152,0.015879493333343826,0.9047619047619048
random,50.0,2,verb,2,8192,0.9791383219954648,0.016059801550680958,0.9047619047619048
random,50.0,2,verb,3,8192,0.9836734693877551,0.016313928116648464,0.9142857142857143
random,50.0,2,verb,4,8192,0.9777777777777776,0.017053601521055037,0.9095238095238095
random,50.0,2,verb,5,8192,0.9800453514739228,0.013483962582601821,0.9095238095238095
random,50.0,2,verb,6,8192,0.980952380952381,0.010100252812390055,0.9142857142857143
random,50.0,2,verb,7,8192,0.9750566893424036,0.007855105703260248,0.9095238095238095
random,50.0,2,verb,8,8192,0.9732426303854875,0.00877055764435994,0.8904761904761905
random,50.0,2,verb,9,8192,0.9718820861678005,0.008435861785822348,0.880952380952381
random,50.0,2,verb,10,8192,0.9705215419501133,0.008238504364891179,0.880952380952381
random,50.0,2,verb,11,8192,0.9759637188208616,0.007396601555691633,0.8857142857142858
random,50.0,2,verb,12,8192,0.9705215419501133,0.011912857629536238,0.8904761904761905
random,50.0,2,verb,13,8192,0.9655328798185941,0.009977324263038576,0.880952380952381
random,50.0,2,verb,14,8192,0.9655328798185941,0.011686257348503514,0.8857142857142858
random,50.0,2,verb,15,8192,0.961904761904762,0.011947337752670793,0.880952380952381
random,50.0,2,verb,16,8192,0.9600907029478458,0.013499207316224289,0.8714285714285716
random,50.0,2,verb,17,8192,0.9605442176870749,0.012551793653603727,0.8571428571428571
random,50.0,2,verb,18,8192,0.9605442176870749,0.012050186172867518,0.8666666666666666
random,50.0,2,verb,19,8192,0.9560090702947847,0.014526637077593661,0.8619047619047618
random,50.0,2,verb,20,8192,0.9528344671201815,0.012698412698412716,0.8571428571428571
random,50.0,2,verb,21,8192,0.9537414965986395,0.012714599336849182,0.8619047619047618
random,50.0,2,verb,22,8192,0.9482993197278912,0.015204584684118115,0.8571428571428571
random,50.0,2,verb,23,8192,0.943764172335601,0.016810660310975636,0.8523809523809524
random,50.0,2,verb,24,8192,0.9482993197278912,0.01637684361475537,0.8428571428571427
random,50.0,2,verb,25,8192,0.9464852607709752,0.017657979441207988,0.838095238095238
random,50.0,2,verb,26,8192,0.9478458049886622,0.016288693873984555,0.8571428571428571
random,50.0,2,verb,27,8192,0.9478458049886622,0.017149814422847208,0.8523809523809524
random,50.0,2,verb,28,8192,0.9469387755102041,0.016822890694776788,0.8523809523809524
random,50.0,2,verb,29,8192,0.9487528344671203,0.01663849100031218,0.8523809523809524
random,50.0,2,verb,30,8192,0.9514739229024943,0.01657656860090434,0.8571428571428571
random,50.0,2,verb,31,8192,0.9501133786848073,0.015379433068311247,0.8761904761904761
