condition,ablate_layer,ablate_mode,rank,direction_type,layer,ablated_auroc,clean_auroc,auroc_drop,cosine_dist,euclidean_dist,output_kl
clean,-1,none,0,none,0,0.9149018595041322,0.9149018595041322,0.0,0.0,0.0,0.0
clean,-1,none,0,none,1,0.9496384297520661,0.9496384297520661,0.0,0.0,0.0,0.0
clean,-1,none,0,none,2,0.9745609504132231,0.9745609504132231,0.0,0.0,0.0,0.0
clean,-1,none,0,none,3,0.9761105371900827,0.9761105371900827,0.0,0.0,0.0,0.0
clean,-1,none,0,none,4,0.9761105371900826,0.9761105371900826,0.0,0.0,0.0,0.0
clean,-1,none,0,none,5,0.9764979338842975,0.9764979338842975,0.0,0.0,0.0,0.0
clean,-1,none,0,none,6,0.9721074380165289,0.9721074380165289,0.0,0.0,0.0,0.0
clean,-1,none,0,none,7,0.9735278925619835,0.9735278925619835,0.0,0.0,0.0,0.0
clean,-1,none,0,none,8,0.9677169421487604,0.9677169421487604,0.0,0.0,0.0,0.0
clean,-1,none,0,none,9,0.9628099173553719,0.9628099173553719,0.0,0.0,0.0,0.0
clean,-1,none,0,none,10,0.9595816115702479,0.9595816115702479,0.0,0.0,0.0,0.0
clean,-1,none,0,none,11,0.9620351239669421,0.9620351239669421,0.0,0.0,0.0,0.0
clean,-1,none,0,none,12,0.9648760330578513,0.9648760330578513,0.0,0.0,0.0,0.0
clean,-1,none,0,none,13,0.9673295454545455,0.9673295454545455,0.0,0.0,0.0,0.0
clean,-1,none,0,none,14,0.9706869834710743,0.9706869834710743,0.0,0.0,0.0,0.0
clean,-1,none,0,none,15,0.9704287190082644,0.9704287190082644,0.0,0.0,0.0,0.0
clean,-1,none,0,none,16,0.9749483471074379,0.9749483471074379,0.0,0.0,0.0,0.0
clean,-1,none,0,none,17,0.9713326446280992,0.9713326446280992,0.0,0.0,0.0,0.0
clean,-1,none,0,none,18,0.9730113636363636,0.9730113636363636,0.0,0.0,0.0,0.0
clean,-1,none,0,none,19,0.9745609504132232,0.9745609504132232,0.0,0.0,0.0,0.0
clean,-1,none,0,none,20,0.9722365702479339,0.9722365702479339,0.0,0.0,0.0,0.0
clean,-1,none,0,none,21,0.9701704545454546,0.9701704545454546,0.0,0.0,0.0,0.0
clean,-1,none,0,none,22,0.9732696280991736,0.9732696280991736,0.0,0.0,0.0,0.0
clean,-1,none,0,none,23,0.9730113636363636,0.9730113636363636,0.0,0.0,0.0,0.0
clean,-1,none,0,none,24,0.971978305785124,0.971978305785124,0.0,0.0,0.0,0.0
clean,-1,none,0,none,25,0.9708161157024794,0.9708161157024794,0.0,0.0,0.0,0.0
clean,-1,none,0,none,26,0.9677169421487604,0.9677169421487604,0.0,0.0,0.0,0.0
clean,-1,none,0,none,27,0.9652634297520661,0.9652634297520661,0.0,0.0,0.0,0.0
clean,-1,none,0,none,28,0.9637138429752066,0.9637138429752066,0.0,0.0,0.0,0.0
clean,-1,none,0,none,29,0.9613894628099173,0.9613894628099173,0.0,0.0,0.0,0.0
clean,-1,none,0,none,30,0.9572572314049587,0.9572572314049587,0.0,0.0,0.0,0.0
clean,-1,none,0,none,31,0.9161931818181818,0.9161931818181818,0.0,0.0,0.0,0.0
single_probe,0,single,1,probe,0,0.9149018595041322,0.9149018595041322,0.0,0.06090129677898792,0.36590245366096497,0.002558583626523614
single_probe,0,single,1,probe,1,0.8336776859504131,0.9496384297520661,0.115960743801653,0.06931398466023886,0.29971131682395935,0.002558583626523614
single_probe,0,single,1,probe,2,0.9438274793388429,0.9745609504132231,0.03073347107438018,0.0808023346840464,0.3716733455657959,0.002558583626523614
single_probe,0,single,1,probe,3,0.9586776859504132,0.9761105371900827,0.017432851239669422,0.0754834665773606,0.4110185503959656,0.002558583626523614
single_probe,0,single,1,probe,4,0.9590650826446281,0.9761105371900826,0.017045454545454475,0.06134640695013205,0.4036281704902649,0.002558583626523614
single_probe,0,single,1,probe,5,0.9626807851239669,0.9764979338842975,0.013817148760330578,0.05700497485792411,0.4026930630207062,0.002558583626523614
single_probe,0,single,1,probe,6,0.9573863636363636,0.9721074380165289,0.014721074380165233,0.04745115124210664,0.4031679928302765,0.002558583626523614
single_probe,0,single,1,probe,7,0.959323347107438,0.9735278925619835,0.014204545454545414,0.04992034897841646,0.39917415380477905,0.002558583626523614
single_probe,0,single,1,probe,8,0.9571280991735538,0.9677169421487604,0.01058884297520657,0.058907802035700674,0.4010148048400879,0.002558583626523614
single_probe,0,single,1,probe,9,0.9484762396694214,0.9628099173553719,0.014333677685950508,0.05964026099986863,0.4096275269985199,0.002558583626523614
single_probe,0,single,1,probe,10,0.9467975206611571,0.9595816115702479,0.012784090909090828,0.055719025037036185,0.4125889241695404,0.002558583626523614
single_probe,0,single,1,probe,11,0.9509297520661157,0.9620351239669421,0.011105371900826388,0.050287349339837806,0.41491955518722534,0.002558583626523614
single_probe,0,single,1,probe,12,0.9533832644628099,0.9648760330578513,0.011492768595041447,0.048572669965569304,0.4180741310119629,0.002558583626523614
single_probe,0,single,1,probe,13,0.953125,0.9673295454545455,0.014204545454545525,0.04829778356871828,0.42632487416267395,0.002558583626523614
single_probe,0,single,1,probe,14,0.956611570247934,0.9706869834710743,0.01407541322314032,0.04262536290794994,0.43436574935913086,0.002558583626523614
single_probe,0,single,1,probe,15,0.9595816115702479,0.9704287190082644,0.010847107438016534,0.03855670455593685,0.4590356945991516,0.002558583626523614
single_probe,0,single,1,probe,16,0.9664256198347109,0.9749483471074379,0.008522727272727071,0.043780740514913985,0.5092141032218933,0.002558583626523614
single_probe,0,single,1,probe,17,0.9633264462809917,0.9713326446280992,0.008006198347107474,0.0369596515657058,0.5550938248634338,0.002558583626523614
single_probe,0,single,1,probe,18,0.9635847107438017,0.9730113636363636,0.009426652892561949,0.049652400108371464,0.598581075668335,0.002558583626523614
single_probe,0,single,1,probe,19,0.9666838842975207,0.9745609504132232,0.007877066115702491,0.04977294523474607,0.6188269853591919,0.002558583626523614
single_probe,0,single,1,probe,20,0.9662964876033058,0.9722365702479339,0.005940082644628086,0.029400849923874484,0.6296678781509399,0.002558583626523614
single_probe,0,single,1,probe,21,0.9650051652892563,0.9701704545454546,0.005165289256198302,0.0419349312786681,0.6322522163391113,0.002558583626523614
single_probe,0,single,1,probe,22,0.9681043388429752,0.9732696280991736,0.005165289256198413,0.04556485986070402,0.6538758277893066,0.002558583626523614
single_probe,0,single,1,probe,23,0.9670712809917356,0.9730113636363636,0.005940082644628086,0.044096554300974145,0.6911625266075134,0.002558583626523614
single_probe,0,single,1,probe,24,0.9648760330578512,0.971978305785124,0.007102272727272818,0.04415008904459139,0.7319813370704651,0.002558583626523614
single_probe,0,single,1,probe,25,0.9643595041322315,0.9708161157024794,0.0064566115702479054,0.03935346533279638,0.7540646195411682,0.002558583626523614
single_probe,0,single,1,probe,26,0.960098140495868,0.9677169421487604,0.007618801652892415,0.03896266589069464,0.7643553018569946,0.002558583626523614
single_probe,0,single,1,probe,27,0.959839876033058,0.9652634297520661,0.005423553719008156,0.038014243497138556,0.8040708303451538,0.002558583626523614
single_probe,0,single,1,probe,28,0.9580320247933884,0.9637138429752066,0.005681818181818121,0.05078130926285607,0.9596439599990845,0.002558583626523614
single_probe,0,single,1,probe,29,0.9536415289256199,0.9613894628099173,0.007747933884297398,0.05070492515144032,0.9818577170372009,0.002558583626523614
single_probe,0,single,1,probe,30,0.950154958677686,0.9572572314049587,0.007102272727272707,0.040004059140189674,1.0408743619918823,0.002558583626523614
single_probe,0,single,1,probe,31,0.8974690082644629,0.9161931818181818,0.018724173553718915,0.012454911583729134,1.523418664932251,0.002558583626523614
single_svd_k1,0,single,1,svd,0,0.9149018595041322,0.9149018595041322,0.0,0.06090129677898792,0.36590245366096497,0.2684116065502167
single_svd_k1,0,single,1,svd,1,0.8206353305785125,0.9496384297520661,0.12900309917355368,0.019023140444558218,0.32634642720222473,0.2684116065502167
single_svd_k1,0,single,1,svd,2,0.8588584710743802,0.9745609504132231,0.11570247933884292,0.032433988153117266,0.338798463344574,0.2684116065502167
single_svd_k1,0,single,1,svd,3,0.9040547520661157,0.9761105371900827,0.07205578512396693,0.058238497351377094,0.42902514338493347,0.2684116065502167
single_svd_k1,0,single,1,svd,4,0.9077995867768595,0.9761105371900826,0.0683109504132231,0.06756727358685632,0.46477609872817993,0.2684116065502167
single_svd_k1,0,single,1,svd,5,0.9239411157024794,0.9764979338842975,0.05255681818181812,0.06890421375013678,0.46667635440826416,0.2684116065502167
single_svd_k1,0,single,1,svd,6,0.9243285123966941,0.9721074380165289,0.04777892561983477,0.06114668154973657,0.4769518971443176,0.2684116065502167
single_svd_k1,0,single,1,svd,7,0.9328512396694215,0.9735278925619835,0.04067665289256195,0.06504893653112198,0.47524118423461914,0.2684116065502167
single_svd_k1,0,single,1,svd,8,0.9289772727272727,0.9677169421487604,0.038739669421487655,0.07617904796301012,0.4896739721298218,0.2684116065502167
single_svd_k1,0,single,1,svd,9,0.9293646694214875,0.9628099173553719,0.03344524793388437,0.07511836512623637,0.5015605688095093,0.2684116065502167
single_svd_k1,0,single,1,svd,10,0.9235537190082644,0.9595816115702479,0.036027892561983466,0.07066528531842287,0.5033482313156128,0.2684116065502167
single_svd_k1,0,single,1,svd,11,0.9263946280991736,0.9620351239669421,0.03564049586776852,0.0654327871802668,0.5013678073883057,0.2684116065502167
single_svd_k1,0,single,1,svd,12,0.9283316115702479,0.9648760330578513,0.036544421487603396,0.06318151226975288,0.5060315728187561,0.2684116065502167
single_svd_k1,0,single,1,svd,13,0.9263946280991735,0.9673295454545455,0.040934917355372025,0.06374784055592142,0.5152372717857361,0.2684116065502167
single_svd_k1,0,single,1,svd,14,0.9311725206611571,0.9706869834710743,0.03951446280991722,0.061354640588018206,0.5307238698005676,0.2684116065502167
single_svd_k1,0,single,1,svd,15,0.9336260330578512,0.9704287190082644,0.03680268595041325,0.05818806179950997,0.5572060346603394,0.2684116065502167
single_svd_k1,0,single,1,svd,16,0.9409865702479339,0.9749483471074379,0.03396177685950408,0.06192686314517193,0.5965309739112854,0.2684116065502167
single_svd_k1,0,single,1,svd,17,0.9436983471074379,0.9713326446280992,0.027634297520661266,0.0553500406359142,0.6494420766830444,0.2684116065502167
single_svd_k1,0,single,1,svd,18,0.9479597107438017,0.9730113636363636,0.02505165289256195,0.07903647276516512,0.726943850517273,0.2684116065502167
single_svd_k1,0,single,1,svd,19,0.9488636363636364,0.9745609504132232,0.02569731404958686,0.08128839559470413,0.7513049244880676,0.2684116065502167
single_svd_k1,0,single,1,svd,20,0.9505423553719009,0.9722365702479339,0.021694214876032958,0.051969059497655734,0.7806038856506348,0.2684116065502167
single_svd_k1,0,single,1,svd,21,0.9513171487603306,0.9701704545454546,0.018853305785124008,0.06361958983452387,0.7493823766708374,0.2684116065502167
single_svd_k1,0,single,1,svd,22,0.9514462809917356,0.9732696280991736,0.02182334710743805,0.06561472809997126,0.7693755030632019,0.2684116065502167
single_svd_k1,0,single,1,svd,23,0.9505423553719009,0.9730113636363636,0.022469008264462742,0.06229296652012317,0.812362790107727,0.2684116065502167
single_svd_k1,0,single,1,svd,24,0.9443440082644629,0.971978305785124,0.027634297520661155,0.06014020182029933,0.8581315279006958,0.2684116065502167
single_svd_k1,0,single,1,svd,25,0.9462809917355371,0.9708161157024794,0.02453512396694224,0.053635646991656905,0.8825682997703552,0.2684116065502167
single_svd_k1,0,single,1,svd,26,0.9458935950413223,0.9677169421487604,0.02182334710743805,0.05407815356848522,0.8971894979476929,0.2684116065502167
single_svd_k1,0,single,1,svd,27,0.9448605371900826,0.9652634297520661,0.020402892561983577,0.0527992208226179,0.9441061615943909,0.2684116065502167
single_svd_k1,0,single,1,svd,28,0.9460227272727273,0.9637138429752066,0.017691115702479276,0.06702490785826798,1.0963226556777954,0.2684116065502167
single_svd_k1,0,single,1,svd,29,0.9431818181818182,0.9613894628099173,0.018207644628099096,0.07106054978686138,1.1565544605255127,0.2684116065502167
single_svd_k1,0,single,1,svd,30,0.9351756198347108,0.9572572314049587,0.022081611570247905,0.05955402562240775,1.258926510810852,0.2684116065502167
single_svd_k1,0,single,1,svd,31,0.8485278925619835,0.9161931818181818,0.0676652892561983,0.026987906538953443,1.8645113706588745,0.2684116065502167
single_svd_k2,0,single,2,svd,0,0.9149018595041322,0.9149018595041322,0.0,0.06090129677898792,0.36590245366096497,0.4948231875896454
single_svd_k2,0,single,2,svd,1,0.7315340909090909,0.9496384297520661,0.2181043388429752,0.004199111435694403,0.2067456692457199,0.4948231875896454
single_svd_k2,0,single,2,svd,2,0.8115960743801652,0.9745609504132231,0.16296487603305787,0.00817464837830617,0.2332707792520523,0.4948231875896454
single_svd_k2,0,single,2,svd,3,0.8779700413223142,0.9761105371900827,0.09814049586776852,0.01654715583369193,0.2937636077404022,0.4948231875896454
single_svd_k2,0,single,2,svd,4,0.8774535123966942,0.9761105371900826,0.09865702479338834,0.026141485868784953,0.3453390896320343,0.4948231875896454
single_svd_k2,0,single,2,svd,5,0.890495867768595,0.9764979338842975,0.08600206611570249,0.035497161740476346,0.3888256549835205,0.4948231875896454
single_svd_k2,0,single,2,svd,6,0.9120609504132231,0.9721074380165289,0.060046487603305776,0.03922910763739307,0.42258766293525696,0.4948231875896454
single_svd_k2,0,single,2,svd,7,0.9043130165289257,0.9735278925619835,0.06921487603305776,0.043759574136218005,0.4343760907649994,0.4948231875896454
single_svd_k2,0,single,2,svd,8,0.9072830578512396,0.9677169421487604,0.060433884297520724,0.04908901261005727,0.4532776176929474,0.4948231875896454
single_svd_k2,0,single,2,svd,9,0.9005681818181818,0.9628099173553719,0.062241735537190146,0.04959058311969311,0.4672625660896301,0.4948231875896454
single_svd_k2,0,single,2,svd,10,0.9112861570247933,0.9595816115702479,0.048295454545454586,0.0470886089067466,0.47140267491340637,0.4948231875896454
single_svd_k2,0,single,2,svd,11,0.9203254132231404,0.9620351239669421,0.0417097107438017,0.04314424551584839,0.4708493947982788,0.4948231875896454
single_svd_k2,0,single,2,svd,12,0.9251033057851239,0.9648760330578513,0.039772727272727404,0.04245847884298182,0.47579726576805115,0.4948231875896454
single_svd_k2,0,single,2,svd,13,0.9243285123966942,0.9673295454545455,0.0430010330578513,0.04415995170764131,0.48693495988845825,0.4948231875896454
single_svd_k2,0,single,2,svd,14,0.9342716942148761,0.9706869834710743,0.03641528925619819,0.042717200674323386,0.5026179552078247,0.4948231875896454
single_svd_k2,0,single,2,svd,15,0.9362086776859504,0.9704287190082644,0.03422004132231404,0.04381131471631916,0.5350123643875122,0.4948231875896454
single_svd_k2,0,single,2,svd,16,0.9457644628099173,0.9749483471074379,0.029183884297520613,0.047038406094914054,0.5754296183586121,0.4948231875896454
single_svd_k2,0,single,2,svd,17,0.9486053719008265,0.9713326446280992,0.022727272727272707,0.04606062058174909,0.6333728432655334,0.4948231875896454
single_svd_k2,0,single,2,svd,18,0.9473140495867768,0.9730113636363636,0.02569731404958686,0.06481939479477006,0.697162926197052,0.4948231875896454
single_svd_k2,0,single,2,svd,19,0.9444731404958678,0.9745609504132232,0.03008780991735538,0.06844995542621335,0.7173332571983337,0.4948231875896454
single_svd_k2,0,single,2,svd,20,0.9522210743801653,0.9722365702479339,0.020015495867768518,0.047116450947814026,0.743740439414978,0.4948231875896454
single_svd_k2,0,single,2,svd,21,0.9460227272727273,0.9701704545454546,0.024147727272727293,0.054615802986584194,0.6993589401245117,0.4948231875896454
single_svd_k2,0,single,2,svd,22,0.9417613636363635,0.9732696280991736,0.031508264462810076,0.05358551314080795,0.7179356217384338,0.4948231875896454
single_svd_k2,0,single,2,svd,23,0.9400826446280992,0.9730113636363636,0.03292871900826444,0.0492530880579346,0.7589988708496094,0.4948231875896454
single_svd_k2,0,single,2,svd,24,0.9367252066115702,0.971978305785124,0.03525309917355379,0.04535704599849821,0.791124701499939,0.4948231875896454
single_svd_k2,0,single,2,svd,25,0.9407283057851239,0.9708161157024794,0.03008780991735549,0.041381832142756925,0.8167439699172974,0.4948231875896454
single_svd_k2,0,single,2,svd,26,0.9398243801652894,0.9677169421487604,0.02789256198347101,0.040752346880197465,0.8298602104187012,0.4948231875896454
single_svd_k2,0,single,2,svd,27,0.9431818181818182,0.9652634297520661,0.022081611570247905,0.040915102850090035,0.8620469570159912,0.4948231875896454
single_svd_k2,0,single,2,svd,28,0.9486053719008264,0.9637138429752066,0.015108471074380181,0.05458193710458592,1.0267884731292725,0.4948231875896454
single_svd_k2,0,single,2,svd,29,0.9457644628099173,0.9613894628099173,0.015625,0.057665050207163504,1.0653077363967896,0.4948231875896454
single_svd_k2,0,single,2,svd,30,0.9465392561983471,0.9572572314049587,0.010717975206611552,0.048443048484756446,1.141709804534912,0.4948231875896454
single_svd_k2,0,single,2,svd,31,0.881198347107438,0.9161931818181818,0.034994834710743716,0.02106816722600402,1.7057714462280273,0.4948231875896454
single_svd_k4,0,single,4,svd,0,0.9149018595041322,0.9149018595041322,0.0,0.06090129677898792,0.36590245366096497,0.47804343700408936
single_svd_k4,0,single,4,svd,1,0.6492768595041323,0.9496384297520661,0.30036157024793386,0.007308648363333448,0.3693369925022125,0.47804343700408936
single_svd_k4,0,single,4,svd,2,0.7461260330578513,0.9745609504132231,0.2284349173553718,0.016668062933564376,0.33549731969833374,0.47804343700408936
single_svd_k4,0,single,4,svd,3,0.8303202479338843,0.9761105371900827,0.1457902892561984,0.024917155543209724,0.3416253328323364,0.47804343700408936
single_svd_k4,0,single,4,svd,4,0.8228305785123967,0.9761105371900826,0.15327995867768585,0.03241913448264944,0.3547978103160858,0.47804343700408936
single_svd_k4,0,single,4,svd,5,0.8558884297520662,0.9764979338842975,0.12060950413223126,0.041054631739403824,0.3716745376586914,0.47804343700408936
single_svd_k4,0,single,4,svd,6,0.8977272727272727,0.9721074380165289,0.07438016528925617,0.0504366417600689,0.4151863157749176,0.47804343700408936
single_svd_k4,0,single,4,svd,7,0.8863636363636364,0.9735278925619835,0.08716425619834711,0.05120545130417731,0.4107872247695923,0.47804343700408936
single_svd_k4,0,single,4,svd,8,0.8888171487603306,0.9677169421487604,0.07889979338842978,0.04883090582866223,0.4333741366863251,0.47804343700408936
single_svd_k4,0,single,4,svd,9,0.8929493801652892,0.9628099173553719,0.06986053719008267,0.04534307621536926,0.4380790889263153,0.47804343700408936
single_svd_k4,0,single,4,svd,10,0.887654958677686,0.9595816115702479,0.07192665289256195,0.04761456936270603,0.42793241143226624,0.47804343700408936
single_svd_k4,0,single,4,svd,11,0.8974690082644627,0.9620351239669421,0.06456611570247939,0.04051556778258947,0.432521790266037,0.47804343700408936
single_svd_k4,0,single,4,svd,12,0.9017303719008265,0.9648760330578513,0.0631456611570248,0.039539381374510185,0.43293115496635437,0.47804343700408936
single_svd_k4,0,single,4,svd,13,0.909220041322314,0.9673295454545455,0.05810950413223148,0.041538052181822493,0.43931126594543457,0.47804343700408936
single_svd_k4,0,single,4,svd,14,0.918517561983471,0.9706869834710743,0.052169421487603285,0.04049194154958913,0.45579513907432556,0.47804343700408936
single_svd_k4,0,single,4,svd,15,0.9283316115702479,0.9704287190082644,0.042097107438016534,0.11842803960300774,0.8015338778495789,0.47804343700408936
single_svd_k4,0,single,4,svd,16,0.9421487603305786,0.9749483471074379,0.032799586776859346,0.12331956437314295,0.845371663570404,0.47804343700408936
single_svd_k4,0,single,4,svd,17,0.946797520661157,0.9713326446280992,0.02453512396694224,0.11320156641259993,0.9143854975700378,0.47804343700408936
single_svd_k4,0,single,4,svd,18,0.9514462809917356,0.9730113636363636,0.021565082644628086,0.14429762917551092,0.9685519337654114,0.47804343700408936
single_svd_k4,0,single,4,svd,19,0.9487345041322315,0.9745609504132232,0.025826446280991733,0.14915490752704819,0.9790377020835876,0.47804343700408936
single_svd_k4,0,single,4,svd,20,0.9498966942148761,0.9722365702479339,0.02233987603305776,0.11004197901226298,1.0362147092819214,0.47804343700408936
single_svd_k4,0,single,4,svd,21,0.9416322314049587,0.9701704545454546,0.028538223140495922,0.13999305377120264,1.0492862462997437,0.47804343700408936
single_svd_k4,0,single,4,svd,22,0.9398243801652894,0.9732696280991736,0.03344524793388426,0.13812654056933604,1.071698546409607,0.47804343700408936
single_svd_k4,0,single,4,svd,23,0.9395661157024793,0.9730113636363636,0.03344524793388437,0.12370573987062028,1.106237530708313,0.47804343700408936
single_svd_k4,0,single,4,svd,24,0.9358212809917356,0.971978305785124,0.03615702479338845,0.11195199810164491,1.1319457292556763,0.47804343700408936
single_svd_k4,0,single,4,svd,25,0.9382747933884298,0.9708161157024794,0.0325413223140496,0.09811758125185333,1.1478310823440552,0.47804343700408936
single_svd_k4,0,single,4,svd,26,0.940599173553719,0.9677169421487604,0.027117768595041336,0.09276725716159606,1.1548625230789185,0.47804343700408936
single_svd_k4,0,single,4,svd,27,0.943569214876033,0.9652634297520661,0.02169421487603318,0.08752921901254951,1.1806743144989014,0.47804343700408936
single_svd_k4,0,single,4,svd,28,0.9466683884297521,0.9637138429752066,0.017045454545454475,0.09740767262425876,1.2985925674438477,0.47804343700408936
single_svd_k4,0,single,4,svd,29,0.9456353305785123,0.9613894628099173,0.015754132231404983,0.09688523120152415,1.321272850036621,0.47804343700408936
single_svd_k4,0,single,4,svd,30,0.9457644628099173,0.9572572314049587,0.011492768595041336,0.07571963047629382,1.3806734085083008,0.47804343700408936
single_svd_k4,0,single,4,svd,31,0.862345041322314,0.9161931818181818,0.053848140495867725,0.022531542640804814,1.776551604270935,0.47804343700408936
single_svd_k8,0,single,8,svd,0,0.9149018595041322,0.9149018595041322,0.0,0.06090129677898792,0.36590245366096497,0.5005578994750977
single_svd_k8,0,single,8,svd,1,0.5011621900826446,0.9496384297520661,0.4484762396694215,0.006730519361889398,0.3474316895008087,0.5005578994750977
single_svd_k8,0,single,8,svd,2,0.6587035123966942,0.9745609504132231,0.3158574380165289,0.014466730340114031,0.3051528334617615,0.5005578994750977
single_svd_k8,0,single,8,svd,3,0.7834452479338843,0.9761105371900827,0.1926652892561984,0.02006333992581988,0.30010634660720825,0.5005578994750977
single_svd_k8,0,single,8,svd,4,0.7913223140495868,0.9761105371900826,0.1847882231404958,0.025482863662221522,0.3148687481880188,0.5005578994750977
single_svd_k8,0,single,8,svd,5,0.8307076446280991,0.9764979338842975,0.1457902892561984,0.0333471933217977,0.33751845359802246,0.5005578994750977
single_svd_k8,0,single,8,svd,6,0.8611828512396694,0.9721074380165289,0.11092458677685946,0.04167817285314768,0.38069647550582886,0.5005578994750977
single_svd_k8,0,single,8,svd,7,0.8575671487603306,0.9735278925619835,0.11596074380165289,0.040710537997274865,0.36764296889305115,0.5005578994750977
single_svd_k8,0,single,8,svd,8,0.8695764462809917,0.9677169421487604,0.09814049586776863,0.04097882980234979,0.4015427231788635,0.5005578994750977
single_svd_k8,0,single,8,svd,9,0.8728047520661156,0.9628099173553719,0.09000516528925628,0.03936095747480972,0.41449785232543945,0.5005578994750977
single_svd_k8,0,single,8,svd,10,0.8622159090909091,0.9595816115702479,0.09736570247933884,0.04013294833877412,0.398563027381897,0.5005578994750977
single_svd_k8,0,single,8,svd,11,0.8739669421487604,0.9620351239669421,0.08806818181818177,0.034534288284209236,0.40248262882232666,0.5005578994750977
single_svd_k8,0,single,8,svd,12,0.8730630165289256,0.9648760330578513,0.0918130165289257,0.03396338109559138,0.40610915422439575,0.5005578994750977
single_svd_k8,0,single,8,svd,13,0.8837809917355371,0.9673295454545455,0.08354855371900838,0.03532961414887148,0.40957877039909363,0.5005578994750977
single_svd_k8,0,single,8,svd,14,0.8961776859504132,0.9706869834710743,0.07450929752066104,0.03496233694200079,0.42553266882896423,0.5005578994750977
single_svd_k8,0,single,8,svd,15,0.9085743801652892,0.9704287190082644,0.0618543388429752,0.03821101378886471,0.45498085021972656,0.5005578994750977
single_svd_k8,0,single,8,svd,16,0.9223915289256198,0.9749483471074379,0.05255681818181812,0.0423255710198811,0.49465858936309814,0.5005578994750977
single_svd_k8,0,single,8,svd,17,0.9291064049586777,0.9713326446280992,0.04222623966942152,0.04124919580858044,0.5508829951286316,0.5005578994750977
single_svd_k8,0,single,8,svd,18,0.9324638429752066,0.9730113636363636,0.04054752066115708,0.0637421038560887,0.6292830109596252,0.5005578994750977
single_svd_k8,0,single,8,svd,19,0.928202479338843,0.9745609504132232,0.04635847107438018,0.06593092406240042,0.6358872056007385,0.5005578994750977
single_svd_k8,0,single,8,svd,20,0.931043388429752,0.9722365702479339,0.04119318181818188,0.04509321867179561,0.6657873392105103,0.5005578994750977
single_svd_k8,0,single,8,svd,21,0.9198088842975206,0.9701704545454546,0.05036157024793397,0.05228364843762989,0.6334932446479797,0.5005578994750977
single_svd_k8,0,single,8,svd,22,0.9247159090909091,0.9732696280991736,0.04855371900826455,0.053353938251671784,0.659869372844696,0.5005578994750977
single_svd_k8,0,single,8,svd,23,0.92161673553719,0.9730113636363636,0.05139462809917361,0.04885847419353506,0.7099539041519165,0.5005578994750977
single_svd_k8,0,single,8,svd,24,0.9159349173553719,0.971978305785124,0.056043388429752095,0.04502464605116818,0.7458970546722412,0.5005578994750977
single_svd_k8,0,single,8,svd,25,0.9177427685950413,0.9708161157024794,0.05307334710743805,0.041110050317423985,0.771019697189331,0.5005578994750977
single_svd_k8,0,single,8,svd,26,0.9183884297520661,0.9677169421487604,0.049328512396694224,0.0404302888018897,0.7876124978065491,0.5005578994750977
single_svd_k8,0,single,8,svd,27,0.9163223140495868,0.9652634297520661,0.04894111570247939,0.04059397695161937,0.8195346593856812,0.5005578994750977
single_svd_k8,0,single,8,svd,28,0.9142561983471074,0.9637138429752066,0.04945764462809921,0.055254738896269195,0.976934552192688,0.5005578994750977
single_svd_k8,0,single,8,svd,29,0.9141270661157024,0.9613894628099173,0.04726239669421495,0.057984733195222904,1.0202182531356812,0.5005578994750977
single_svd_k8,0,single,8,svd,30,0.9134814049586777,0.9572572314049587,0.043775826446280974,0.049242758623343375,1.106695532798767,0.5005578994750977
single_svd_k8,0,single,8,svd,31,0.8480113636363636,0.9161931818181818,0.06818181818181812,0.02273291949367784,1.7463432550430298,0.5005578994750977
single_random,0,single,1,random,0,0.9149018595041322,0.9149018595041322,0.0,0.06090129677898792,0.36590245366096497,7.720314170001075e-05
single_random,0,single,1,random,1,0.9488636363636364,0.9496384297520661,0.0007747933884297842,0.11786973255472022,0.3925899267196655,7.720314170001075e-05
single_random,0,single,1,random,2,0.9733987603305785,0.9745609504132231,0.0011621900826446208,0.11808040110422025,0.4542153477668762,7.720314170001075e-05
single_random,0,single,1,random,3,0.9762396694214875,0.9761105371900827,-0.0001291322314048715,0.10174760031271746,0.4845551550388336,7.720314170001075e-05
single_random,0,single,1,random,4,0.9758522727272727,0.9761105371900826,0.00025826446280985405,0.08169913336399925,0.4702383875846863,7.720314170001075e-05
single_random,0,single,1,random,5,0.9761105371900827,0.9764979338842975,0.0003873966942148366,0.07684737964779287,0.47091084718704224,7.720314170001075e-05
single_random,0,single,1,random,6,0.9722365702479339,0.9721074380165289,-0.00012913223140498253,0.06487922438281446,0.4743102490901947,7.720314170001075e-05
single_random,0,single,1,random,7,0.9735278925619835,0.9735278925619835,0.0,0.0679748313145021,0.46865981817245483,7.720314170001075e-05
single_random,0,single,1,random,8,0.9677169421487604,0.9677169421487604,0.0,0.07922798186707003,0.46713876724243164,7.720314170001075e-05
single_random,0,single,1,random,9,0.9626807851239669,0.9628099173553719,0.00012913223140498253,0.07950455698459113,0.4750896990299225,7.720314170001075e-05
single_random,0,single,1,random,10,0.9597107438016529,0.9595816115702479,-0.00012913223140498253,0.07436979929547316,0.4779566824436188,7.720314170001075e-05
single_random,0,single,1,random,11,0.9621642561983471,0.9620351239669421,-0.00012913223140498253,0.06661001225227792,0.4790307283401489,7.720314170001075e-05
single_random,0,single,1,random,12,0.9648760330578513,0.9648760330578513,0.0,0.06398117432649186,0.4810478091239929,7.720314170001075e-05
single_random,0,single,1,random,13,0.9668130165289257,0.9673295454545455,0.0005165289256198191,0.06257378609803799,0.48759186267852783,7.720314170001075e-05
single_random,0,single,1,random,14,0.9706869834710744,0.9706869834710743,-1.1102230246251565e-16,0.05460392645365775,0.4947277009487152,7.720314170001075e-05
single_random,0,single,1,random,15,0.9704287190082644,0.9704287190082644,0.0,0.0483020384777062,0.5169364809989929,7.720314170001075e-05
single_random,0,single,1,random,16,0.9748192148760331,0.9749483471074379,0.0001291322314048715,0.05416508682969923,0.5691146850585938,7.720314170001075e-05
single_random,0,single,1,random,17,0.9706869834710744,0.9713326446280992,0.0006456611570248016,0.0448145692431402,0.6128171682357788,7.720314170001075e-05
single_random,0,single,1,random,18,0.9723657024793388,0.9730113636363636,0.0006456611570248016,0.05880572936910877,0.6538373231887817,7.720314170001075e-05
single_random,0,single,1,random,19,0.9744318181818182,0.9745609504132232,0.00012913223140498253,0.058236810672731454,0.6721574068069458,7.720314170001075e-05
single_random,0,single,1,random,20,0.9723657024793388,0.9722365702479339,-0.00012913223140498253,0.034648294861448714,0.6861116886138916,7.720314170001075e-05
single_random,0,single,1,random,21,0.9701704545454546,0.9701704545454546,0.0,0.05016432135961646,0.6940770149230957,7.720314170001075e-05
single_random,0,single,1,random,22,0.9733987603305785,0.9732696280991736,-0.0001291322314048715,0.055182014296705995,0.7213830947875977,7.720314170001075e-05
single_random,0,single,1,random,23,0.9730113636363636,0.9730113636363636,0.0,0.05344462636111913,0.7611420154571533,7.720314170001075e-05
single_random,0,single,1,random,24,0.972107438016529,0.971978305785124,-0.00012913223140498253,0.053071869165620233,0.8019446730613708,7.720314170001075e-05
single_random,0,single,1,random,25,0.9705578512396694,0.9708161157024794,0.00025826446280996507,0.04719582791172061,0.8247121572494507,7.720314170001075e-05
single_random,0,single,1,random,26,0.9674586776859504,0.9677169421487604,0.00025826446280996507,0.04689682096399084,0.8387317657470703,7.720314170001075e-05
single_random,0,single,1,random,27,0.9653925619834711,0.9652634297520661,-0.00012913223140498253,0.04557335896620662,0.881446123123169,7.720314170001075e-05
single_random,0,single,1,random,28,0.9631973140495868,0.9637138429752066,0.0005165289256198191,0.06074115184382145,1.0520267486572266,7.720314170001075e-05
single_random,0,single,1,random,29,0.9616477272727273,0.9613894628099173,-0.00025826446280996507,0.06078412182693138,1.077593445777893,7.720314170001075e-05
single_random,0,single,1,random,30,0.9567407024793388,0.9572572314049587,0.0005165289256198191,0.04788768638554386,1.140892505645752,7.720314170001075e-05
single_random,0,single,1,random,31,0.9161931818181819,0.9161931818181818,-1.1102230246251565e-16,0.01429517271693892,1.626512885093689,7.720314170001075e-05
single_probe,5,single,1,probe,0,0.9149018595041322,0.9149018595041322,0.0,0.06090129677898792,0.36590245366096497,0.0031047582160681486
single_probe,5,single,1,probe,1,0.9496384297520661,0.9496384297520661,0.0,0.11846740704326642,0.3927824795246124,0.0031047582160681486
single_probe,5,single,1,probe,2,0.9745609504132231,0.9745609504132231,0.0,0.11819697854453959,0.45429858565330505,0.0031047582160681486
single_probe,5,single,1,probe,3,0.9761105371900827,0.9761105371900827,0.0,0.10170105530656903,0.4842483103275299,0.0031047582160681486
single_probe,5,single,1,probe,4,0.9761105371900826,0.9761105371900826,0.0,0.08173361845766614,0.46978560090065,0.0031047582160681486
single_probe,5,single,1,probe,5,0.9764979338842975,0.9764979338842975,0.0,0.0768378950389641,0.4704439640045166,0.0031047582160681486
single_probe,5,single,1,probe,6,0.6204803719008264,0.9721074380165289,0.3516270661157025,0.01312752177665033,0.21004870533943176,0.0031047582160681486
single_probe,5,single,1,probe,7,0.7370867768595042,0.9735278925619835,0.23644111570247928,0.015933052743280163,0.22524841129779816,0.0031047582160681486
single_probe,5,single,1,probe,8,0.7753099173553718,0.9677169421487604,0.19240702479338856,0.02032382921715059,0.23740267753601074,0.0031047582160681486
single_probe,5,single,1,probe,9,0.8021694214876033,0.9628099173553719,0.16064049586776863,0.022706562092825622,0.2521921694278717,0.0031047582160681486
single_probe,5,single,1,probe,10,0.8234762396694215,0.9595816115702479,0.1361053719008264,0.022307550418382616,0.2653690576553345,0.0031047582160681486
single_probe,5,single,1,probe,11,0.8418130165289257,0.9620351239669421,0.12022210743801642,0.02130553974094529,0.27241063117980957,0.0031047582160681486
single_probe,5,single,1,probe,12,0.856275826446281,0.9648760330578513,0.10860020661157033,0.021399476318603727,0.28002122044563293,0.0031047582160681486
single_probe,5,single,1,probe,13,0.8728047520661157,0.9673295454545455,0.09452479338842978,0.022527560394908996,0.2930971384048462,0.0031047582160681486
single_probe,5,single,1,probe,14,0.8864927685950412,0.9706869834710743,0.08419421487603307,0.020409128375416086,0.3034544289112091,0.0031047582160681486
single_probe,5,single,1,probe,15,0.899922520661157,0.9704287190082644,0.07050619834710747,0.019521540505523127,0.3298698663711548,0.0031047582160681486
single_probe,5,single,1,probe,16,0.9240702479338841,0.9749483471074379,0.05087809917355379,0.023549499936522666,0.3771248161792755,0.0031047582160681486
single_probe,5,single,1,probe,17,0.9256198347107438,0.9713326446280992,0.04571280991735538,0.021173561631108284,0.4237155020236969,0.0031047582160681486
single_probe,5,single,1,probe,18,0.9331095041322315,0.9730113636363636,0.039901859504132164,0.03006185418071916,0.4667232930660248,0.0031047582160681486
single_probe,5,single,1,probe,19,0.9394369834710744,0.9745609504132232,0.03512396694214881,0.03166172207211715,0.49321308732032776,0.0031047582160681486
single_probe,5,single,1,probe,20,0.9394369834710744,0.9722365702479339,0.03279958677685946,0.018992030354104572,0.5048412680625916,0.0031047582160681486
single_probe,5,single,1,probe,21,0.9398243801652892,0.9701704545454546,0.030346074380165344,0.026668202118888318,0.5044981837272644,0.0031047582160681486
single_probe,5,single,1,probe,22,0.9435692148760331,0.9732696280991736,0.029700413223140543,0.02919662799392575,0.5260006189346313,0.0031047582160681486
single_probe,5,single,1,probe,23,0.9435692148760331,0.9730113636363636,0.029442148760330578,0.028603957190285967,0.5622988939285278,0.0031047582160681486
single_probe,5,single,1,probe,24,0.9387913223140497,0.971978305785124,0.033186983471074294,0.028898603251694577,0.5992157459259033,0.0031047582160681486
single_probe,5,single,1,probe,25,0.9393078512396695,0.9708161157024794,0.031508264462809854,0.02605927360029925,0.6208731532096863,0.0031047582160681486
single_probe,5,single,1,probe,26,0.93724173553719,0.9677169421487604,0.030475206611570327,0.026119499231907928,0.6311935782432556,0.0031047582160681486
single_probe,5,single,1,probe,27,0.9327221074380165,0.9652634297520661,0.0325413223140496,0.025692409277264017,0.664093554019928,0.0031047582160681486
single_probe,5,single,1,probe,28,0.931043388429752,0.9637138429752066,0.032670454545454586,0.035992391984144056,0.8086327910423279,0.0031047582160681486
single_probe,5,single,1,probe,29,0.9262654958677685,0.9613894628099173,0.03512396694214881,0.03639648076866664,0.8328035473823547,0.0031047582160681486
single_probe,5,single,1,probe,30,0.9249741735537189,0.9572572314049587,0.03228305785123975,0.02926132226610656,0.8925424814224243,0.0031047582160681486
single_probe,5,single,1,probe,31,0.858987603305785,0.9161931818181818,0.057205578512396715,0.009622946589257775,1.3538790941238403,0.0031047582160681486
single_svd_k1,5,single,1,svd,0,0.9149018595041322,0.9149018595041322,0.0,0.06090129677898792,0.36590245366096497,0.012102082371711731
single_svd_k1,5,single,1,svd,1,0.9496384297520661,0.9496384297520661,0.0,0.11846740704326642,0.3927824795246124,0.012102082371711731
single_svd_k1,5,single,1,svd,2,0.9745609504132231,0.9745609504132231,0.0,0.11819697854453959,0.45429858565330505,0.012102082371711731
single_svd_k1,5,single,1,svd,3,0.9761105371900827,0.9761105371900827,0.0,0.10170105530656903,0.4842483103275299,0.012102082371711731
single_svd_k1,5,single,1,svd,4,0.9761105371900826,0.9761105371900826,0.0,0.08173361845766614,0.46978560090065,0.012102082371711731
single_svd_k1,5,single,1,svd,5,0.9764979338842975,0.9764979338842975,0.0,0.0768378950389641,0.4704439640045166,0.012102082371711731
single_svd_k1,5,single,1,svd,6,0.9519628099173554,0.9721074380165289,0.0201446280991735,0.06273798553414123,0.4559548795223236,0.012102082371711731
single_svd_k1,5,single,1,svd,7,0.9555785123966942,0.9735278925619835,0.01794938016528924,0.06381404555155645,0.4453491270542145,0.012102082371711731
single_svd_k1,5,single,1,svd,8,0.9527376033057852,0.9677169421487604,0.014979338842975198,0.07328691711410029,0.4479425847530365,0.012102082371711731
single_svd_k1,5,single,1,svd,9,0.9480888429752066,0.9628099173553719,0.014721074380165344,0.07207629834413254,0.45804446935653687,0.012102082371711731
single_svd_k1,5,single,1,svd,10,0.9452479338842976,0.9595816115702479,0.014333677685950286,0.06440789928335022,0.4620205760002136,0.012102082371711731
single_svd_k1,5,single,1,svd,11,0.9486053719008265,0.9620351239669421,0.01342975206611563,0.05815962989749701,0.4622843563556671,0.012102082371711731
single_svd_k1,5,single,1,svd,12,0.9508006198347108,0.9648760330578513,0.014075413223140543,0.05527729872112386,0.465628057718277,0.012102082371711731
single_svd_k1,5,single,1,svd,13,0.9536415289256198,0.9673295454545455,0.013688016528925706,0.05376933738309686,0.474847674369812,0.012102082371711731
single_svd_k1,5,single,1,svd,14,0.9590650826446281,0.9706869834710743,0.011621900826446208,0.04817386653251743,0.4824784994125366,0.012102082371711731
single_svd_k1,5,single,1,svd,15,0.9589359504132232,0.9704287190082644,0.011492768595041225,0.043882610209619144,0.5057518482208252,0.012102082371711731
single_svd_k1,5,single,1,svd,16,0.9647469008264463,0.9749483471074379,0.010201446280991622,0.05052709305847625,0.5617954134941101,0.012102082371711731
single_svd_k1,5,single,1,svd,17,0.9628099173553719,0.9713326446280992,0.008522727272727293,0.0436250474810318,0.6074634790420532,0.012102082371711731
single_svd_k1,5,single,1,svd,18,0.9644886363636364,0.9730113636363636,0.008522727272727293,0.05913390216946901,0.6519114375114441,0.012102082371711731
single_svd_k1,5,single,1,svd,19,0.9670712809917356,0.9745609504132232,0.007489669421487655,0.05948658768908832,0.6694945693016052,0.012102082371711731
single_svd_k1,5,single,1,svd,20,0.9665547520661156,0.9722365702479339,0.005681818181818232,0.03525958160379672,0.68268221616745,0.012102082371711731
single_svd_k1,5,single,1,svd,21,0.9634555785123967,0.9701704545454546,0.0067148760330578705,0.05130284534779439,0.6886562705039978,0.012102082371711731
single_svd_k1,5,single,1,svd,22,0.9691373966942148,0.9732696280991736,0.004132231404958775,0.056494034169790375,0.7180222868919373,0.012102082371711731
single_svd_k1,5,single,1,svd,23,0.9666838842975206,0.9730113636363636,0.006327479338843034,0.054688434869355707,0.7592530250549316,0.012102082371711731
single_svd_k1,5,single,1,svd,24,0.9677169421487604,0.971978305785124,0.0042613636363636465,0.054284628600459905,0.8011918663978577,0.012102082371711731
single_svd_k1,5,single,1,svd,25,0.9662964876033059,0.9708161157024794,0.0045196280991735005,0.048516034947376774,0.8249036073684692,0.012102082371711731
single_svd_k1,5,single,1,svd,26,0.9637138429752067,0.9677169421487604,0.004003099173553681,0.04809680409388006,0.8397579789161682,0.012102082371711731
single_svd_k1,5,single,1,svd,27,0.9611311983471075,0.9652634297520661,0.004132231404958664,0.046720689167601304,0.8830772638320923,0.012102082371711731
single_svd_k1,5,single,1,svd,28,0.9586776859504132,0.9637138429752066,0.00503615702479332,0.06137570827984096,1.0475224256515503,0.012102082371711731
single_svd_k1,5,single,1,svd,29,0.9550619834710744,0.9613894628099173,0.006327479338842923,0.061436021195117485,1.0721148252487183,0.012102082371711731
single_svd_k1,5,single,1,svd,30,0.9505423553719009,0.9572572314049587,0.0067148760330577595,0.048426568916977275,1.1356987953186035,0.012102082371711731
single_svd_k1,5,single,1,svd,31,0.9107696280991736,0.9161931818181818,0.005423553719008156,0.015003396011533221,1.6447943449020386,0.012102082371711731
single_svd_k2,5,single,2,svd,0,0.9149018595041322,0.9149018595041322,0.0,0.06090129677898792,0.36590245366096497,0.03366290032863617
single_svd_k2,5,single,2,svd,1,0.9496384297520661,0.9496384297520661,0.0,0.11846740704326642,0.3927824795246124,0.03366290032863617
single_svd_k2,5,single,2,svd,2,0.9745609504132231,0.9745609504132231,0.0,0.11819697854453959,0.45429858565330505,0.03366290032863617
single_svd_k2,5,single,2,svd,3,0.9761105371900827,0.9761105371900827,0.0,0.10170105530656903,0.4842483103275299,0.03366290032863617
single_svd_k2,5,single,2,svd,4,0.9761105371900826,0.9761105371900826,0.0,0.08173361845766614,0.46978560090065,0.03366290032863617
single_svd_k2,5,single,2,svd,5,0.9764979338842975,0.9764979338842975,0.0,0.0768378950389641,0.4704439640045166,0.03366290032863617
single_svd_k2,5,single,2,svd,6,0.6012396694214875,0.9721074380165289,0.37086776859504134,0.005666049696680275,0.133627787232399,0.03366290032863617
single_svd_k2,5,single,2,svd,7,0.6939566115702479,0.9735278925619835,0.27957128099173556,0.009114883927657913,0.16845276951789856,0.03366290032863617
single_svd_k2,5,single,2,svd,8,0.7275309917355371,0.9677169421487604,0.24018595041322321,0.012096662527940616,0.186774343252182,0.03366290032863617
single_svd_k2,5,single,2,svd,9,0.7533574380165289,0.9628099173553719,0.20945247933884303,0.01569107863902297,0.21141430735588074,0.03366290032863617
single_svd_k2,5,single,2,svd,10,0.7769886363636362,0.9595816115702479,0.18259297520661166,0.01369703727059457,0.21544276177883148,0.03366290032863617
single_svd_k2,5,single,2,svd,11,0.8073347107438016,0.9620351239669421,0.15470041322314054,0.014221933069888837,0.22540785372257233,0.03366290032863617
single_svd_k2,5,single,2,svd,12,0.8193440082644627,0.9648760330578513,0.14553202479338856,0.01404439030345972,0.23389878869056702,0.03366290032863617
single_svd_k2,5,single,2,svd,13,0.8277376033057852,0.9673295454545455,0.13959194214876036,0.01572312282368349,0.2616097629070282,0.03366290032863617
single_svd_k2,5,single,2,svd,14,0.8445247933884298,0.9706869834710743,0.1261621900826445,0.015265175180676493,0.27703168988227844,0.03366290032863617
single_svd_k2,5,single,2,svd,15,0.8675103305785123,0.9704287190082644,0.1029183884297521,0.01416535921722295,0.30448809266090393,0.03366290032863617
single_svd_k2,5,single,2,svd,16,0.9005681818181818,0.9749483471074379,0.07438016528925617,0.01755060919171325,0.35073551535606384,0.03366290032863617
single_svd_k2,5,single,2,svd,17,0.9138688016528926,0.9713326446280992,0.05746384297520657,0.01745893843594115,0.4012211561203003,0.03366290032863617
single_svd_k2,5,single,2,svd,18,0.9198088842975207,0.9730113636363636,0.05320247933884292,0.026635883568347563,0.4523925185203552,0.03366290032863617
single_svd_k2,5,single,2,svd,19,0.9254907024793388,0.9745609504132232,0.04907024793388437,0.029198798894416456,0.483826607465744,0.03366290032863617
single_svd_k2,5,single,2,svd,20,0.9270402892561983,0.9722365702479339,0.04519628099173556,0.01786199045949377,0.4962413012981415,0.03366290032863617
single_svd_k2,5,single,2,svd,21,0.9201962809917356,0.9701704545454546,0.049974173553719026,0.023616278006415525,0.4858705997467041,0.03366290032863617
single_svd_k2,5,single,2,svd,22,0.9220041322314049,0.9732696280991736,0.05126549586776874,0.02490045618223191,0.5036234855651855,0.03366290032863617
single_svd_k2,5,single,2,svd,23,0.918517561983471,0.9730113636363636,0.05449380165289264,0.02402776854544819,0.5373344421386719,0.03366290032863617
single_svd_k2,5,single,2,svd,24,0.9177427685950413,0.971978305785124,0.05423553719008267,0.023686542885889894,0.5673524141311646,0.03366290032863617
single_svd_k2,5,single,2,svd,25,0.9163223140495869,0.9708161157024794,0.054493801652892526,0.021840984598992752,0.5903089046478271,0.03366290032863617
single_svd_k2,5,single,2,svd,26,0.9158057851239669,0.9677169421487604,0.05191115702479343,0.022027346120350177,0.6006320714950562,0.03366290032863617
single_svd_k2,5,single,2,svd,27,0.912319214876033,0.9652634297520661,0.05294421487603318,0.02198321138278647,0.6336967945098877,0.03366290032863617
single_svd_k2,5,single,2,svd,28,0.9183884297520661,0.9637138429752066,0.04532541322314043,0.03204641750748516,0.7881481051445007,0.03366290032863617
single_svd_k2,5,single,2,svd,29,0.9156766528925621,0.9613894628099173,0.04571280991735527,0.03238515663659258,0.8128397464752197,0.03366290032863617
single_svd_k2,5,single,2,svd,30,0.9167097107438017,0.9572572314049587,0.040547520661156966,0.02643023572485037,0.8742873668670654,0.03366290032863617
single_svd_k2,5,single,2,svd,31,0.8558884297520661,0.9161931818181818,0.06030475206611563,0.009281844303452691,1.3882520198822021,0.03366290032863617
single_svd_k4,5,single,4,svd,0,0.9149018595041322,0.9149018595041322,0.0,0.06090129677898792,0.36590245366096497,0.09843725711107254
single_svd_k4,5,single,4,svd,1,0.9496384297520661,0.9496384297520661,0.0,0.11846740704326642,0.3927824795246124,0.09843725711107254
single_svd_k4,5,single,4,svd,2,0.9745609504132231,0.9745609504132231,0.0,0.11819697854453959,0.45429858565330505,0.09843725711107254
single_svd_k4,5,single,4,svd,3,0.9761105371900827,0.9761105371900827,0.0,0.10170105530656903,0.4842483103275299,0.09843725711107254
single_svd_k4,5,single,4,svd,4,0.9761105371900826,0.9761105371900826,0.0,0.08173361845766614,0.46978560090065,0.09843725711107254
single_svd_k4,5,single,4,svd,5,0.9764979338842975,0.9764979338842975,0.0,0.0768378950389641,0.4704439640045166,0.09843725711107254
single_svd_k4,5,single,4,svd,6,0.5834194214876033,0.9721074380165289,0.3886880165289256,0.004349066094181175,0.11746938526630402,0.09843725711107254
single_svd_k4,5,single,4,svd,7,0.7019628099173553,0.9735278925619835,0.2715650826446282,0.00735453434970279,0.1524636596441269,0.09843725711107254
single_svd_k4,5,single,4,svd,8,0.7521952479338843,0.9677169421487604,0.2155216942148761,0.009367817836603454,0.16732531785964966,0.09843725711107254
single_svd_k4,5,single,4,svd,9,0.7893853305785125,0.9628099173553719,0.17342458677685946,0.012782225717133833,0.19149652123451233,0.09843725711107254
single_svd_k4,5,single,4,svd,10,0.8029442148760331,0.9595816115702479,0.15663739669421484,0.012499872128265088,0.19802455604076385,0.09843725711107254
single_svd_k4,5,single,4,svd,11,0.8239927685950413,0.9620351239669421,0.1380423553719008,0.01225008931587901,0.20598356425762177,0.09843725711107254
single_svd_k4,5,single,4,svd,12,0.840779958677686,0.9648760330578513,0.12409607438016534,0.012279856754798368,0.21745815873146057,0.09843725711107254
single_svd_k4,5,single,4,svd,13,0.8578254132231405,0.9673295454545455,0.10950413223140498,0.014717941948231394,0.24621546268463135,0.09843725711107254
single_svd_k4,5,single,4,svd,14,0.8706095041322315,0.9706869834710743,0.10007747933884281,0.013897884599858301,0.26609596610069275,0.09843725711107254
single_svd_k4,5,single,4,svd,15,0.8830061983471075,0.9704287190082644,0.08742252066115697,0.01215102144788538,0.30225685238838196,0.09843725711107254
single_svd_k4,5,single,4,svd,16,0.9164514462809917,0.9749483471074379,0.05849690082644621,0.016414545240950096,0.32869160175323486,0.09843725711107254
single_svd_k4,5,single,4,svd,17,0.921875,0.9713326446280992,0.04945764462809921,0.01645229233790857,0.37823307514190674,0.09843725711107254
single_svd_k4,5,single,4,svd,18,0.9230371900826446,0.9730113636363636,0.049974173553719026,0.025558149147173914,0.43447229266166687,0.09843725711107254
single_svd_k4,5,single,4,svd,19,0.9310433884297521,0.9745609504132232,0.04351756198347112,0.02978633889238369,0.47841402888298035,0.09843725711107254
single_svd_k4,5,single,4,svd,20,0.9276859504132232,0.9722365702479339,0.04455061983471065,0.019997995903899835,0.4993187487125397,0.09843725711107254
single_svd_k4,5,single,4,svd,21,0.9209710743801653,0.9701704545454546,0.04919938016528924,0.024419523273025767,0.48029348254203796,0.09843725711107254
single_svd_k4,5,single,4,svd,22,0.9191632231404959,0.9732696280991736,0.05410640495867769,0.025663628273235428,0.49796003103256226,0.09843725711107254
single_svd_k4,5,single,4,svd,23,0.9158057851239669,0.9730113636363636,0.057205578512396715,0.02471073567480475,0.5325817465782166,0.09843725711107254
single_svd_k4,5,single,4,svd,24,0.9164514462809917,0.971978305785124,0.055526859504132275,0.024259137231869565,0.5620660185813904,0.09843725711107254
single_svd_k4,5,single,4,svd,25,0.9180010330578512,0.9708161157024794,0.0528150826446282,0.022108875761415403,0.5842470526695251,0.09843725711107254
single_svd_k4,5,single,4,svd,26,0.9172262396694215,0.9677169421487604,0.050490702479338845,0.02231746728131323,0.5940674543380737,0.09843725711107254
single_svd_k4,5,single,4,svd,27,0.9081869834710744,0.9652634297520661,0.05707644628099173,0.022402592067095273,0.6261449456214905,0.09843725711107254
single_svd_k4,5,single,4,svd,28,0.92213326446281,0.9637138429752066,0.041580578512396604,0.03219892509363531,0.778174102306366,0.09843725711107254
single_svd_k4,5,single,4,svd,29,0.9196797520661157,0.9613894628099173,0.04170971074380159,0.03212710308478661,0.8012601733207703,0.09843725711107254
single_svd_k4,5,single,4,svd,30,0.9123192148760331,0.9572572314049587,0.044938016528925595,0.02583388431908118,0.8576793670654297,0.09843725711107254
single_svd_k4,5,single,4,svd,31,0.8409090909090909,0.9161931818181818,0.07528409090909083,0.009644247931056227,1.3952083587646484,0.09843725711107254
single_svd_k8,5,single,8,svd,0,0.9149018595041322,0.9149018595041322,0.0,0.06090129677898792,0.36590245366096497,0.6801946759223938
single_svd_k8,5,single,8,svd,1,0.9496384297520661,0.9496384297520661,0.0,0.11846740704326642,0.3927824795246124,0.6801946759223938
single_svd_k8,5,single,8,svd,2,0.9745609504132231,0.9745609504132231,0.0,0.11819697854453959,0.45429858565330505,0.6801946759223938
single_svd_k8,5,single,8,svd,3,0.9761105371900827,0.9761105371900827,0.0,0.10170105530656903,0.4842483103275299,0.6801946759223938
single_svd_k8,5,single,8,svd,4,0.9761105371900826,0.9761105371900826,0.0,0.08173361845766614,0.46978560090065,0.6801946759223938
single_svd_k8,5,single,8,svd,5,0.9764979338842975,0.9764979338842975,0.0,0.0768378950389641,0.4704439640045166,0.6801946759223938
single_svd_k8,5,single,8,svd,6,0.5304752066115702,0.9721074380165289,0.44163223140495866,0.00368942001991146,0.1066095381975174,0.6801946759223938
single_svd_k8,5,single,8,svd,7,0.6752324380165289,0.9735278925619835,0.2982954545454546,0.00624529704651966,0.14171385765075684,0.6801946759223938
single_svd_k8,5,single,8,svd,8,0.7254648760330578,0.9677169421487604,0.2422520661157026,0.007528018232202505,0.15406882762908936,0.6801946759223938
single_svd_k8,5,single,8,svd,9,0.7418646694214877,0.9628099173553719,0.22094524793388426,0.010733374597959977,0.17598453164100647,0.6801946759223938
single_svd_k8,5,single,8,svd,10,0.7571022727272728,0.9595816115702479,0.2024793388429751,0.009837974571083818,0.18796150386333466,0.6801946759223938
single_svd_k8,5,single,8,svd,11,0.7884814049586777,0.9620351239669421,0.17355371900826444,0.01032683714459659,0.19387583434581757,0.6801946759223938
single_svd_k8,5,single,8,svd,12,0.8202479338842975,0.9648760330578513,0.1446280991735538,0.009641512089438642,0.20869603753089905,0.6801946759223938
single_svd_k8,5,single,8,svd,13,0.8513688016528926,0.9673295454545455,0.11596074380165289,0.012330017690035944,0.23756234347820282,0.6801946759223938
single_svd_k8,5,single,8,svd,14,0.8582128099173554,0.9706869834710743,0.11247417355371891,0.01104777930637657,0.25660401582717896,0.6801946759223938
single_svd_k8,5,single,8,svd,15,0.8669938016528927,0.9704287190082644,0.10343491735537169,0.01057027231783525,0.304229736328125,0.6801946759223938
single_svd_k8,5,single,8,svd,16,0.8947572314049586,0.9749483471074379,0.08019111570247939,0.009753787262391844,0.3126751184463501,0.6801946759223938
single_svd_k8,5,single,8,svd,17,0.8889462809917356,0.9713326446280992,0.08238636363636365,0.008464201954918038,0.35088756680488586,0.6801946759223938
single_svd_k8,5,single,8,svd,18,0.8708677685950412,0.9730113636363636,0.10214359504132242,0.011194282970537262,0.38968586921691895,0.6801946759223938
single_svd_k8,5,single,8,svd,19,0.8698347107438016,0.9745609504132232,0.10472623966942163,0.013613865217403376,0.4697748124599457,0.6801946759223938
single_svd_k8,5,single,8,svd,20,0.8620867768595041,0.9722365702479339,0.11014979338842978,0.016602897865135025,0.5175415873527527,0.6801946759223938
single_svd_k8,5,single,8,svd,21,0.8715134297520661,0.9701704545454546,0.09865702479338845,0.018831560352871035,0.45773813128471375,0.6801946759223938
single_svd_k8,5,single,8,svd,22,0.8737086776859504,0.9732696280991736,0.09956095041322321,0.023990461146469744,0.4821060597896576,0.6801946759223938
single_svd_k8,5,single,8,svd,23,0.8733212809917356,0.9730113636363636,0.09969008264462809,0.02647724385904171,0.5203898549079895,0.6801946759223938
single_svd_k8,5,single,8,svd,24,0.8765495867768595,0.971978305785124,0.09542871900826455,0.027598203076192984,0.5623966455459595,0.6801946759223938
single_svd_k8,5,single,8,svd,25,0.874612603305785,0.9708161157024794,0.09620351239669434,0.025524002654750633,0.591583788394928,0.6801946759223938
single_svd_k8,5,single,8,svd,26,0.865831611570248,0.9677169421487604,0.10188533057851235,0.026270027839361942,0.6129059195518494,0.6801946759223938
single_svd_k8,5,single,8,svd,27,0.8570506198347108,0.9652634297520661,0.10821280991735538,0.025232159267000398,0.6287631988525391,0.6801946759223938
single_svd_k8,5,single,8,svd,28,0.8801652892561984,0.9637138429752066,0.08354855371900816,0.03700286022823396,0.8106018900871277,0.6801946759223938
single_svd_k8,5,single,8,svd,29,0.8810692148760331,0.9613894628099173,0.08032024793388426,0.034022045821369584,0.8344752192497253,0.6801946759223938
single_svd_k8,5,single,8,svd,30,0.8787448347107438,0.9572572314049587,0.07851239669421484,0.026935788896663704,0.9097521305084229,0.6801946759223938
single_svd_k8,5,single,8,svd,31,0.8150826446280992,0.9161931818181818,0.10111053719008256,0.0129483558989677,1.5975430011749268,0.6801946759223938
single_random,5,single,1,random,0,0.9149018595041322,0.9149018595041322,0.0,0.06090129677898792,0.36590245366096497,0.0009260436636395752
single_random,5,single,1,random,1,0.9496384297520661,0.9496384297520661,0.0,0.11846740704326642,0.3927824795246124,0.0009260436636395752
single_random,5,single,1,random,2,0.9745609504132231,0.9745609504132231,0.0,0.11819697854453959,0.45429858565330505,0.0009260436636395752
single_random,5,single,1,random,3,0.9761105371900827,0.9761105371900827,0.0,0.10170105530656903,0.4842483103275299,0.0009260436636395752
single_random,5,single,1,random,4,0.9761105371900826,0.9761105371900826,0.0,0.08173361845766614,0.46978560090065,0.0009260436636395752
single_random,5,single,1,random,5,0.9764979338842975,0.9764979338842975,0.0,0.0768378950389641,0.4704439640045166,0.0009260436636395752
single_random,5,single,1,random,6,0.9722365702479339,0.9721074380165289,-0.00012913223140498253,0.06465965479904012,0.47374245524406433,0.0009260436636395752
single_random,5,single,1,random,7,0.9737861570247933,0.9735278925619835,-0.00025826446280985405,0.06731426056178513,0.4676903486251831,0.0009260436636395752
single_random,5,single,1,random,8,0.9674586776859504,0.9677169421487604,0.00025826446280996507,0.07834173737342054,0.4660107493400574,0.0009260436636395752
single_random,5,single,1,random,9,0.9628099173553719,0.9628099173553719,0.0,0.07849554139311332,0.47373953461647034,0.0009260436636395752
single_random,5,single,1,random,10,0.9594524793388429,0.9595816115702479,0.00012913223140498253,0.07377322481300641,0.4768134355545044,0.0009260436636395752
single_random,5,single,1,random,11,0.9621642561983471,0.9620351239669421,-0.00012913223140498253,0.0660786475809425,0.47797921299934387,0.0009260436636395752
single_random,5,single,1,random,12,0.9653925619834711,0.9648760330578513,-0.0005165289256198191,0.06375005424947922,0.479611873626709,0.0009260436636395752
single_random,5,single,1,random,13,0.9668130165289256,0.9673295454545455,0.0005165289256199301,0.0630886043426302,0.4860295057296753,0.0009260436636395752
single_random,5,single,1,random,14,0.9705578512396694,0.9706869834710743,0.0001291322314048715,0.0552145790176114,0.49309074878692627,0.0009260436636395752
single_random,5,single,1,random,15,0.9704287190082644,0.9704287190082644,0.0,0.04864787502692014,0.5153375267982483,0.0009260436636395752
single_random,5,single,1,random,16,0.9745609504132232,0.9749483471074379,0.00038739669421472556,0.053634576300548464,0.5667141675949097,0.0009260436636395752
single_random,5,single,1,random,17,0.9706869834710744,0.9713326446280992,0.0006456611570248016,0.04409200900817012,0.6107245087623596,0.0009260436636395752
single_random,5,single,1,random,18,0.9736570247933884,0.9730113636363636,-0.0006456611570248016,0.05811443526148663,0.6515104174613953,0.0009260436636395752
single_random,5,single,1,random,19,0.9739152892561984,0.9745609504132232,0.0006456611570248016,0.0577072086483984,0.6698301434516907,0.0009260436636395752
single_random,5,single,1,random,20,0.9722365702479339,0.9722365702479339,0.0,0.034410602287523795,0.6841484308242798,0.0009260436636395752
single_random,5,single,1,random,21,0.9702995867768595,0.9701704545454546,-0.0001291322314048715,0.04991563729654935,0.6920486092567444,0.0009260436636395752
single_random,5,single,1,random,22,0.9733987603305785,0.9732696280991736,-0.0001291322314048715,0.054847230344300724,0.7195461392402649,0.0009260436636395752
single_random,5,single,1,random,23,0.9732696280991736,0.9730113636363636,-0.00025826446280996507,0.05308223925902111,0.7593399882316589,0.0009260436636395752
single_random,5,single,1,random,24,0.9715909090909092,0.971978305785124,0.0003873966942148366,0.0527106945322966,0.8001957535743713,0.0009260436636395752
single_random,5,single,1,random,25,0.9699121900826447,0.9708161157024794,0.0009039256198346557,0.046924862575476345,0.822964072227478,0.0009260436636395752
single_random,5,single,1,random,26,0.9669421487603306,0.9677169421487604,0.0007747933884297842,0.046562598093627394,0.8367130756378174,0.0009260436636395752
single_random,5,single,1,random,27,0.9652634297520661,0.9652634297520661,0.0,0.045274693542329714,0.8792026042938232,0.0009260436636395752
single_random,5,single,1,random,28,0.9637138429752066,0.9637138429752066,0.0,0.060355749644145806,1.0489051342010498,0.0009260436636395752
single_random,5,single,1,random,29,0.9612603305785123,0.9613894628099173,0.00012913223140498253,0.06046947577947703,1.0743153095245361,0.0009260436636395752
single_random,5,single,1,random,30,0.9571280991735537,0.9572572314049587,0.00012913223140498253,0.04767900802963654,1.1381492614746094,0.0009260436636395752
single_random,5,single,1,random,31,0.9150309917355371,0.9161931818181818,0.0011621900826446208,0.014297389771219526,1.6257654428482056,0.0009260436636395752
single_probe,10,single,1,probe,0,0.9149018595041322,0.9149018595041322,0.0,0.06090129677898792,0.36590245366096497,0.0019392818212509155
single_probe,10,single,1,probe,1,0.9496384297520661,0.9496384297520661,0.0,0.11846740704326642,0.3927824795246124,0.0019392818212509155
single_probe,10,single,1,probe,2,0.9745609504132231,0.9745609504132231,0.0,0.11819697854453959,0.45429858565330505,0.0019392818212509155
single_probe,10,single,1,probe,3,0.9761105371900827,0.9761105371900827,0.0,0.10170105530656903,0.4842483103275299,0.0019392818212509155
single_probe,10,single,1,probe,4,0.9761105371900826,0.9761105371900826,0.0,0.08173361845766614,0.46978560090065,0.0019392818212509155
single_probe,10,single,1,probe,5,0.9764979338842975,0.9764979338842975,0.0,0.0768378950389641,0.4704439640045166,0.0019392818212509155
single_probe,10,single,1,probe,6,0.9721074380165289,0.9721074380165289,0.0,0.06483201714712616,0.473873108625412,0.0019392818212509155
single_probe,10,single,1,probe,7,0.9735278925619835,0.9735278925619835,0.0,0.06796654561058801,0.46827301383018494,0.0019392818212509155
single_probe,10,single,1,probe,8,0.9677169421487604,0.9677169421487604,0.0,0.07918360124062873,0.46674779057502747,0.0019392818212509155
single_probe,10,single,1,probe,9,0.9628099173553719,0.9628099173553719,0.0,0.0793812735028322,0.4747171401977539,0.0019392818212509155
single_probe,10,single,1,probe,10,0.9595816115702479,0.9595816115702479,0.0,0.07433696646432852,0.47749391198158264,0.0019392818212509155
single_probe,10,single,1,probe,11,0.40495867768595045,0.9620351239669421,0.5570764462809916,0.013225343853362936,0.20772406458854675,0.0019392818212509155
single_probe,10,single,1,probe,12,0.5308626033057852,0.9648760330578513,0.43401342975206614,0.013528326943345048,0.21745388209819794,0.0019392818212509155
single_probe,10,single,1,probe,13,0.6383006198347108,0.9673295454545455,0.32902892561983477,0.014613688188247487,0.2341686189174652,0.0019392818212509155
single_probe,10,single,1,probe,14,0.7073863636363636,0.9706869834710743,0.26330061983471065,0.014136163269300894,0.24894049763679504,0.0019392818212509155
single_probe,10,single,1,probe,15,0.7771177685950413,0.9704287190082644,0.1933109504132231,0.013922697513822468,0.27572500705718994,0.0019392818212509155
single_probe,10,single,1,probe,16,0.8543388429752066,0.9749483471074379,0.12060950413223137,0.017850095630762897,0.32649683952331543,0.0019392818212509155
single_probe,10,single,1,probe,17,0.8739669421487604,0.9713326446280992,0.09736570247933884,0.016980313169114747,0.3779878318309784,0.0019392818212509155
single_probe,10,single,1,probe,18,0.8972107438016528,0.9730113636363636,0.07580061983471087,0.02485065064115688,0.42222869396209717,0.0019392818212509155
single_probe,10,single,1,probe,19,0.9176136363636364,0.9745609504132232,0.05694731404958686,0.027299280214762245,0.454014390707016,0.0019392818212509155
single_probe,10,single,1,probe,20,0.9200671487603306,0.9722365702479339,0.052169421487603285,0.016759747230719158,0.4690609276294708,0.0019392818212509155
single_probe,10,single,1,probe,21,0.9226497933884298,0.9701704545454546,0.0475206611570248,0.02384608129942556,0.469589501619339,0.0019392818212509155
single_probe,10,single,1,probe,22,0.9298811983471074,0.9732696280991736,0.04338842975206625,0.02667303803582044,0.49364399909973145,0.0019392818212509155
single_probe,10,single,1,probe,23,0.9314307851239669,0.9730113636363636,0.041580578512396715,0.02667750950121983,0.5329843163490295,0.0019392818212509155
single_probe,10,single,1,probe,24,0.930914256198347,0.971978305785124,0.04106404958677701,0.027083424834520753,0.569471001625061,0.0019392818212509155
single_probe,10,single,1,probe,25,0.9319473140495868,0.9708161157024794,0.03886880165289264,0.02444768566726907,0.5915740728378296,0.0019392818212509155
single_probe,10,single,1,probe,26,0.9276859504132231,0.9677169421487604,0.04003099173553726,0.024451379348395696,0.6016398072242737,0.0019392818212509155
single_probe,10,single,1,probe,27,0.924974173553719,0.9652634297520661,0.04028925619834711,0.02397374305239075,0.632632315158844,0.0019392818212509155
single_probe,10,single,1,probe,28,0.9209710743801653,0.9637138429752066,0.042742768595041225,0.03350957074431582,0.7706771492958069,0.0019392818212509155
single_probe,10,single,1,probe,29,0.9177427685950412,0.9613894628099173,0.0436466942148761,0.034295070835111185,0.7979020476341248,0.0019392818212509155
single_probe,10,single,1,probe,30,0.9163223140495869,0.9572572314049587,0.0409349173553718,0.027760756617629778,0.8592133522033691,0.0019392818212509155
single_probe,10,single,1,probe,31,0.8465909090909091,0.9161931818181818,0.06960227272727271,0.009459174704796958,1.307848572731018,0.0019392818212509155
single_svd_k1,10,single,1,svd,0,0.9149018595041322,0.9149018595041322,0.0,0.06090129677898792,0.36590245366096497,0.0250548068434
single_svd_k1,10,single,1,svd,1,0.9496384297520661,0.9496384297520661,0.0,0.11846740704326642,0.3927824795246124,0.0250548068434
single_svd_k1,10,single,1,svd,2,0.9745609504132231,0.9745609504132231,0.0,0.11819697854453959,0.45429858565330505,0.0250548068434
single_svd_k1,10,single,1,svd,3,0.9761105371900827,0.9761105371900827,0.0,0.10170105530656903,0.4842483103275299,0.0250548068434
single_svd_k1,10,single,1,svd,4,0.9761105371900826,0.9761105371900826,0.0,0.08173361845766614,0.46978560090065,0.0250548068434
single_svd_k1,10,single,1,svd,5,0.9764979338842975,0.9764979338842975,0.0,0.0768378950389641,0.4704439640045166,0.0250548068434
single_svd_k1,10,single,1,svd,6,0.9721074380165289,0.9721074380165289,0.0,0.06483201714712616,0.473873108625412,0.0250548068434
single_svd_k1,10,single,1,svd,7,0.9735278925619835,0.9735278925619835,0.0,0.06796654561058801,0.46827301383018494,0.0250548068434
single_svd_k1,10,single,1,svd,8,0.9677169421487604,0.9677169421487604,0.0,0.07918360124062873,0.46674779057502747,0.0250548068434
single_svd_k1,10,single,1,svd,9,0.9628099173553719,0.9628099173553719,0.0,0.0793812735028322,0.4747171401977539,0.0250548068434
single_svd_k1,10,single,1,svd,10,0.9595816115702479,0.9595816115702479,0.0,0.07433696646432852,0.47749391198158264,0.0250548068434
single_svd_k1,10,single,1,svd,11,0.9630681818181818,0.9620351239669421,-0.0010330578512396382,0.09289836322597078,0.47948017716407776,0.0250548068434
single_svd_k1,10,single,1,svd,12,0.965779958677686,0.9648760330578513,-0.0009039256198346557,0.08089586335859922,0.47997403144836426,0.0250548068434
single_svd_k1,10,single,1,svd,13,0.9679752066115702,0.9673295454545455,-0.0006456611570246906,0.07048848982385314,0.48711442947387695,0.0250548068434
single_svd_k1,10,single,1,svd,14,0.9723657024793387,0.9706869834710743,-0.0016787190082644399,0.061512537794484845,0.4934537708759308,0.0250548068434
single_svd_k1,10,single,1,svd,15,0.9709452479338844,0.9704287190082644,-0.0005165289256199301,0.05296806409774735,0.5150266885757446,0.0250548068434
single_svd_k1,10,single,1,svd,16,0.9743026859504132,0.9749483471074379,0.0006456611570246906,0.05764714533012105,0.5659721493721008,0.0250548068434
single_svd_k1,10,single,1,svd,17,0.9712035123966942,0.9713326446280992,0.00012913223140498253,0.04776008874785509,0.6122415065765381,0.0250548068434
single_svd_k1,10,single,1,svd,18,0.9721074380165289,0.9730113636363636,0.0009039256198347667,0.06312536049759765,0.6531452536582947,0.0250548068434
single_svd_k1,10,single,1,svd,19,0.974948347107438,0.9745609504132232,-0.0003873966942148366,0.06310177569992037,0.670881986618042,0.0250548068434
single_svd_k1,10,single,1,svd,20,0.971720041322314,0.9722365702479339,0.0005165289256198191,0.036714558548426424,0.6795213222503662,0.0250548068434
single_svd_k1,10,single,1,svd,21,0.9700413223140496,0.9701704545454546,0.00012913223140498253,0.05460423694332284,0.685765266418457,0.0250548068434
single_svd_k1,10,single,1,svd,22,0.9740444214876033,0.9732696280991736,-0.0007747933884296732,0.060589162516070494,0.7147854566574097,0.0250548068434
single_svd_k1,10,single,1,svd,23,0.9730113636363636,0.9730113636363636,0.0,0.05852131029985952,0.7560299038887024,0.0250548068434
single_svd_k1,10,single,1,svd,24,0.9709452479338843,0.971978305785124,0.0010330578512397492,0.0584767439254017,0.7986753582954407,0.0250548068434
single_svd_k1,10,single,1,svd,25,0.9697830578512397,0.9708161157024794,0.0010330578512396382,0.05187920934882273,0.8221597075462341,0.0250548068434
single_svd_k1,10,single,1,svd,26,0.9674586776859503,0.9677169421487604,0.0002582644628100761,0.05115680529567446,0.8362129330635071,0.0250548068434
single_svd_k1,10,single,1,svd,27,0.965521694214876,0.9652634297520661,-0.00025826446280985405,0.049406275624828244,0.8796535730361938,0.0250548068434
single_svd_k1,10,single,1,svd,28,0.9643595041322314,0.9637138429752066,-0.0006456611570248016,0.06422621129658979,1.0397639274597168,0.0250548068434
single_svd_k1,10,single,1,svd,29,0.9615185950413223,0.9613894628099173,-0.00012913223140498253,0.06452298482311358,1.0653440952301025,0.0250548068434
single_svd_k1,10,single,1,svd,30,0.9581611570247934,0.9572572314049587,-0.0009039256198347667,0.0506487296674637,1.1275113821029663,0.0250548068434
single_svd_k1,10,single,1,svd,31,0.903150826446281,0.9161931818181818,0.013042355371900793,0.01593266756244649,1.635231852531433,0.0250548068434
single_svd_k2,10,single,2,svd,0,0.9149018595041322,0.9149018595041322,0.0,0.06090129677898792,0.36590245366096497,0.043573301285505295
single_svd_k2,10,single,2,svd,1,0.9496384297520661,0.9496384297520661,0.0,0.11846740704326642,0.3927824795246124,0.043573301285505295
single_svd_k2,10,single,2,svd,2,0.9745609504132231,0.9745609504132231,0.0,0.11819697854453959,0.45429858565330505,0.043573301285505295
single_svd_k2,10,single,2,svd,3,0.9761105371900827,0.9761105371900827,0.0,0.10170105530656903,0.4842483103275299,0.043573301285505295
single_svd_k2,10,single,2,svd,4,0.9761105371900826,0.9761105371900826,0.0,0.08173361845766614,0.46978560090065,0.043573301285505295
single_svd_k2,10,single,2,svd,5,0.9764979338842975,0.9764979338842975,0.0,0.0768378950389641,0.4704439640045166,0.043573301285505295
single_svd_k2,10,single,2,svd,6,0.9721074380165289,0.9721074380165289,0.0,0.06483201714712616,0.473873108625412,0.043573301285505295
single_svd_k2,10,single,2,svd,7,0.9735278925619835,0.9735278925619835,0.0,0.06796654561058801,0.46827301383018494,0.043573301285505295
single_svd_k2,10,single,2,svd,8,0.9677169421487604,0.9677169421487604,0.0,0.07918360124062873,0.46674779057502747,0.043573301285505295
single_svd_k2,10,single,2,svd,9,0.9628099173553719,0.9628099173553719,0.0,0.0793812735028322,0.4747171401977539,0.043573301285505295
single_svd_k2,10,single,2,svd,10,0.9595816115702479,0.9595816115702479,0.0,0.07433696646432852,0.47749391198158264,0.043573301285505295
single_svd_k2,10,single,2,svd,11,0.8339359504132232,0.9620351239669421,0.12809917355371891,0.07580663325643888,0.4338516294956207,0.043573301285505295
single_svd_k2,10,single,2,svd,12,0.8462035123966942,0.9648760330578513,0.11867252066115708,0.06058192242537086,0.4312449097633362,0.043573301285505295
single_svd_k2,10,single,2,svd,13,0.8513688016528925,0.9673295454545455,0.115960743801653,0.043755973085456534,0.430392324924469,0.043573301285505295
single_svd_k2,10,single,2,svd,14,0.8607954545454546,0.9706869834710743,0.10989152892561971,0.04266001182297097,0.4317033290863037,0.043573301285505295
single_svd_k2,10,single,2,svd,15,0.8808109504132232,0.9704287190082644,0.08961776859504123,0.03480940314585401,0.4454805254936218,0.043573301285505295
single_svd_k2,10,single,2,svd,16,0.909220041322314,0.9749483471074379,0.0657283057851239,0.039384075564484755,0.48108524084091187,0.043573301285505295
single_svd_k2,10,single,2,svd,17,0.9230371900826446,0.9713326446280992,0.048295454545454586,0.036656105203301204,0.5223986506462097,0.043573301285505295
single_svd_k2,10,single,2,svd,18,0.9372417355371901,0.9730113636363636,0.0357696280991735,0.04829391278659989,0.5602863430976868,0.043573301285505295
single_svd_k2,10,single,2,svd,19,0.9520919421487604,0.9745609504132232,0.022469008264462853,0.05048335683744554,0.5828785300254822,0.043573301285505295
single_svd_k2,10,single,2,svd,20,0.9553202479338843,0.9722365702479339,0.016916322314049603,0.03176375711928492,0.5950441360473633,0.043573301285505295
single_svd_k2,10,single,2,svd,21,0.9542871900826446,0.9701704545454546,0.015883264462809965,0.04526436916534793,0.6025993824005127,0.043573301285505295
single_svd_k2,10,single,2,svd,22,0.9581611570247934,0.9732696280991736,0.015108471074380181,0.05047024825782076,0.6328529119491577,0.043573301285505295
single_svd_k2,10,single,2,svd,23,0.959452479338843,0.9730113636363636,0.013558884297520613,0.04922659506316174,0.6763550043106079,0.043573301285505295
single_svd_k2,10,single,2,svd,24,0.9550619834710743,0.971978305785124,0.016916322314049714,0.049124740307511794,0.7156066298484802,0.043573301285505295
single_svd_k2,10,single,2,svd,25,0.9546745867768595,0.9708161157024794,0.01614152892561993,0.0437833443920439,0.7386906147003174,0.043573301285505295
single_svd_k2,10,single,2,svd,26,0.952995867768595,0.9677169421487604,0.014721074380165344,0.042916564135271895,0.7495112419128418,0.043573301285505295
single_svd_k2,10,single,2,svd,27,0.9519628099173554,0.9652634297520661,0.013300619834710758,0.04177508623125814,0.7871671915054321,0.043573301285505295
single_svd_k2,10,single,2,svd,28,0.9504132231404959,0.9637138429752066,0.013300619834710647,0.05491593554872409,0.932410717010498,0.043573301285505295
single_svd_k2,10,single,2,svd,29,0.9524793388429752,0.9613894628099173,0.00891012396694213,0.05566010213469452,0.9570717215538025,0.043573301285505295
single_svd_k2,10,single,2,svd,30,0.9514462809917356,0.9572572314049587,0.005810950413223104,0.044168654007956,1.0173673629760742,0.043573301285505295
single_svd_k2,10,single,2,svd,31,0.8917871900826446,0.9161931818181818,0.024405991735537147,0.015038871576605994,1.5270313024520874,0.043573301285505295
single_svd_k4,10,single,4,svd,0,0.9149018595041322,0.9149018595041322,0.0,0.06090129677898792,0.36590245366096497,0.05906091257929802
single_svd_k4,10,single,4,svd,1,0.9496384297520661,0.9496384297520661,0.0,0.11846740704326642,0.3927824795246124,0.05906091257929802
single_svd_k4,10,single,4,svd,2,0.9745609504132231,0.9745609504132231,0.0,0.11819697854453959,0.45429858565330505,0.05906091257929802
single_svd_k4,10,single,4,svd,3,0.9761105371900827,0.9761105371900827,0.0,0.10170105530656903,0.4842483103275299,0.05906091257929802
single_svd_k4,10,single,4,svd,4,0.9761105371900826,0.9761105371900826,0.0,0.08173361845766614,0.46978560090065,0.05906091257929802
single_svd_k4,10,single,4,svd,5,0.9764979338842975,0.9764979338842975,0.0,0.0768378950389641,0.4704439640045166,0.05906091257929802
single_svd_k4,10,single,4,svd,6,0.9721074380165289,0.9721074380165289,0.0,0.06483201714712616,0.473873108625412,0.05906091257929802
single_svd_k4,10,single,4,svd,7,0.9735278925619835,0.9735278925619835,0.0,0.06796654561058801,0.46827301383018494,0.05906091257929802
single_svd_k4,10,single,4,svd,8,0.9677169421487604,0.9677169421487604,0.0,0.07918360124062873,0.46674779057502747,0.05906091257929802
single_svd_k4,10,single,4,svd,9,0.9628099173553719,0.9628099173553719,0.0,0.0793812735028322,0.4747171401977539,0.05906091257929802
single_svd_k4,10,single,4,svd,10,0.9595816115702479,0.9595816115702479,0.0,0.07433696646432852,0.47749391198158264,0.05906091257929802
single_svd_k4,10,single,4,svd,11,0.5024535123966942,0.9620351239669421,0.4595816115702479,0.012221785012197728,0.17115898430347443,0.05906091257929802
single_svd_k4,10,single,4,svd,12,0.5699896694214877,0.9648760330578513,0.39488636363636365,0.0107759717243745,0.17637351155281067,0.05906091257929802
single_svd_k4,10,single,4,svd,13,0.6419163223140496,0.9673295454545455,0.3254132231404959,0.009513541953774296,0.18979953229427338,0.05906091257929802
single_svd_k4,10,single,4,svd,14,0.6908574380165288,0.9706869834710743,0.2798295454545455,0.009958095886391405,0.20229744911193848,0.05906091257929802
single_svd_k4,10,single,4,svd,15,0.7589101239669421,0.9704287190082644,0.2115185950413223,0.009190766220158464,0.2276669144630432,0.05906091257929802
single_svd_k4,10,single,4,svd,16,0.8429752066115702,0.9749483471074379,0.13197314049586772,0.012527164592750939,0.2725374400615692,0.05906091257929802
single_svd_k4,10,single,4,svd,17,0.8833935950413223,0.9713326446280992,0.0879390495867769,0.014328999637568729,0.3279000520706177,0.05906091257929802
single_svd_k4,10,single,4,svd,18,0.9043130165289257,0.9730113636363636,0.06869834710743794,0.021495064051975876,0.37104570865631104,0.05906091257929802
single_svd_k4,10,single,4,svd,19,0.9320764462809917,0.9745609504132232,0.04248450413223148,0.02544870887209094,0.40740570425987244,0.05906091257929802
single_svd_k4,10,single,4,svd,20,0.9291064049586777,0.9722365702479339,0.04313016528925617,0.016875328494296293,0.42334043979644775,0.05906091257929802
single_svd_k4,10,single,4,svd,21,0.9269111570247933,0.9701704545454546,0.043259297520661266,0.023245123793973477,0.42130523920059204,0.05906091257929802
single_svd_k4,10,single,4,svd,22,0.9350464876033058,0.9732696280991736,0.038223140495867836,0.02616099897534052,0.4457823634147644,0.05906091257929802
single_svd_k4,10,single,4,svd,23,0.9342716942148761,0.9730113636363636,0.038739669421487544,0.026121893100898075,0.48575419187545776,0.05906091257929802
single_svd_k4,10,single,4,svd,24,0.9360795454545455,0.971978305785124,0.03589876033057848,0.02687203593133436,0.5225120186805725,0.05906091257929802
single_svd_k4,10,single,4,svd,25,0.9360795454545454,0.9708161157024794,0.03473657024793397,0.024702942839541664,0.5464732646942139,0.05906091257929802
single_svd_k4,10,single,4,svd,26,0.9305268595041323,0.9677169421487604,0.037190082644628086,0.02453385087274007,0.5557143688201904,0.05906091257929802
single_svd_k4,10,single,4,svd,27,0.9234245867768595,0.9652634297520661,0.04183884297520668,0.023994290375870753,0.5837195515632629,0.05906091257929802
single_svd_k4,10,single,4,svd,28,0.9274276859504131,0.9637138429752066,0.03628615702479343,0.03342062600241846,0.7115529775619507,0.05906091257929802
single_svd_k4,10,single,4,svd,29,0.9291064049586777,0.9613894628099173,0.03228305785123964,0.03473828819232405,0.7385475635528564,0.05906091257929802
single_svd_k4,10,single,4,svd,30,0.9272985537190083,0.9572572314049587,0.029958677685950397,0.028298917944106328,0.7968864440917969,0.05906091257929802
single_svd_k4,10,single,4,svd,31,0.8283832644628099,0.9161931818181818,0.08780991735537191,0.010709042261575652,1.2292404174804688,0.05906091257929802
single_svd_k8,10,single,8,svd,0,0.9149018595041322,0.9149018595041322,0.0,0.06090129677898792,0.36590245366096497,0.08446735143661499
single_svd_k8,10,single,8,svd,1,0.9496384297520661,0.9496384297520661,0.0,0.11846740704326642,0.3927824795246124,0.08446735143661499
single_svd_k8,10,single,8,svd,2,0.9745609504132231,0.9745609504132231,0.0,0.11819697854453959,0.45429858565330505,0.08446735143661499
single_svd_k8,10,single,8,svd,3,0.9761105371900827,0.9761105371900827,0.0,0.10170105530656903,0.4842483103275299,0.08446735143661499
single_svd_k8,10,single,8,svd,4,0.9761105371900826,0.9761105371900826,0.0,0.08173361845766614,0.46978560090065,0.08446735143661499
single_svd_k8,10,single,8,svd,5,0.9764979338842975,0.9764979338842975,0.0,0.0768378950389641,0.4704439640045166,0.08446735143661499
single_svd_k8,10,single,8,svd,6,0.9721074380165289,0.9721074380165289,0.0,0.06483201714712616,0.473873108625412,0.08446735143661499
single_svd_k8,10,single,8,svd,7,0.9735278925619835,0.9735278925619835,0.0,0.06796654561058801,0.46827301383018494,0.08446735143661499
single_svd_k8,10,single,8,svd,8,0.9677169421487604,0.9677169421487604,0.0,0.07918360124062873,0.46674779057502747,0.08446735143661499
single_svd_k8,10,single,8,svd,9,0.9628099173553719,0.9628099173553719,0.0,0.0793812735028322,0.4747171401977539,0.08446735143661499
single_svd_k8,10,single,8,svd,10,0.9595816115702479,0.9595816115702479,0.0,0.07433696646432852,0.47749391198158264,0.08446735143661499
single_svd_k8,10,single,8,svd,11,0.450025826446281,0.9620351239669421,0.5120092975206612,0.009034800614389549,0.14736129343509674,0.08446735143661499
single_svd_k8,10,single,8,svd,12,0.5238894628099173,0.9648760330578513,0.440986570247934,0.008838769654860967,0.15291151404380798,0.08446735143661499
single_svd_k8,10,single,8,svd,13,0.596849173553719,0.9673295454545455,0.3704803719008265,0.008380775787942385,0.1690412312746048,0.08446735143661499
single_svd_k8,10,single,8,svd,14,0.6535382231404959,0.9706869834710743,0.31714876033057837,0.009012671075846357,0.1859036237001419,0.08446735143661499
single_svd_k8,10,single,8,svd,15,0.7147469008264463,0.9704287190082644,0.2556818181818181,0.00859692155842573,0.21484768390655518,0.08446735143661499
single_svd_k8,10,single,8,svd,16,0.8059142561983471,0.9749483471074379,0.16903409090909083,0.012139216330113167,0.26228204369544983,0.08446735143661499
single_svd_k8,10,single,8,svd,17,0.8513688016528925,0.9713326446280992,0.11996384297520668,0.014121748654519872,0.31410056352615356,0.08446735143661499
single_svd_k8,10,single,8,svd,18,0.8853305785123967,0.9730113636363636,0.08768078512396693,0.02150179395365215,0.3588291108608246,0.08446735143661499
single_svd_k8,10,single,8,svd,19,0.9241993801652892,0.9745609504132232,0.05036157024793397,0.02566314522654478,0.3955792486667633,0.08446735143661499
single_svd_k8,10,single,8,svd,20,0.9240702479338843,0.9722365702479339,0.0481663223140496,0.01743234727290688,0.41387248039245605,0.08446735143661499
single_svd_k8,10,single,8,svd,21,0.9294938016528925,0.9701704545454546,0.04067665289256206,0.023598189213604237,0.4109090268611908,0.08446735143661499
single_svd_k8,10,single,8,svd,22,0.9358212809917356,0.9732696280991736,0.03744834710743805,0.026684804665872974,0.4362230598926544,0.08446735143661499
single_svd_k8,10,single,8,svd,23,0.9399535123966942,0.9730113636363636,0.03305785123966942,0.026587527037999936,0.4770512878894806,0.08446735143661499
single_svd_k8,10,single,8,svd,24,0.9346590909090908,0.971978305785124,0.03731921487603318,0.02734630042736408,0.5149887204170227,0.08446735143661499
single_svd_k8,10,single,8,svd,25,0.9369834710743801,0.9708161157024794,0.03383264462809932,0.025193924100711862,0.5398285984992981,0.08446735143661499
single_svd_k8,10,single,8,svd,26,0.9297520661157025,0.9677169421487604,0.03796487603305787,0.02490027865332156,0.5492902994155884,0.08446735143661499
single_svd_k8,10,single,8,svd,27,0.9225206611570247,0.9652634297520661,0.04274276859504145,0.024371329859226742,0.5770154595375061,0.08446735143661499
single_svd_k8,10,single,8,svd,28,0.9287190082644629,0.9637138429752066,0.034994834710743716,0.03387747992138701,0.704103946685791,0.08446735143661499
single_svd_k8,10,single,8,svd,29,0.9279442148760331,0.9613894628099173,0.03344524793388426,0.035292485295651765,0.7312489748001099,0.08446735143661499
single_svd_k8,10,single,8,svd,30,0.9331095041322315,0.9572572314049587,0.024147727272727182,0.028778153135593065,0.7887055277824402,0.08446735143661499
single_svd_k8,10,single,8,svd,31,0.8459452479338844,0.9161931818181818,0.0702479338842974,0.011281551127874656,1.2026273012161255,0.08446735143661499
single_random,10,single,1,random,0,0.9149018595041322,0.9149018595041322,0.0,0.06090129677898792,0.36590245366096497,3.0153325496939942e-05
single_random,10,single,1,random,1,0.9496384297520661,0.9496384297520661,0.0,0.11846740704326642,0.3927824795246124,3.0153325496939942e-05
single_random,10,single,1,random,2,0.9745609504132231,0.9745609504132231,0.0,0.11819697854453959,0.45429858565330505,3.0153325496939942e-05
single_random,10,single,1,random,3,0.9761105371900827,0.9761105371900827,0.0,0.10170105530656903,0.4842483103275299,3.0153325496939942e-05
single_random,10,single,1,random,4,0.9761105371900826,0.9761105371900826,0.0,0.08173361845766614,0.46978560090065,3.0153325496939942e-05
single_random,10,single,1,random,5,0.9764979338842975,0.9764979338842975,0.0,0.0768378950389641,0.4704439640045166,3.0153325496939942e-05
single_random,10,single,1,random,6,0.9721074380165289,0.9721074380165289,0.0,0.06483201714712616,0.473873108625412,3.0153325496939942e-05
single_random,10,single,1,random,7,0.9735278925619835,0.9735278925619835,0.0,0.06796654561058801,0.46827301383018494,3.0153325496939942e-05
single_random,10,single,1,random,8,0.9677169421487604,0.9677169421487604,0.0,0.07918360124062873,0.46674779057502747,3.0153325496939942e-05
single_random,10,single,1,random,9,0.9628099173553719,0.9628099173553719,0.0,0.0793812735028322,0.4747171401977539,3.0153325496939942e-05
single_random,10,single,1,random,10,0.9595816115702479,0.9595816115702479,0.0,0.07433696646432852,0.47749391198158264,3.0153325496939942e-05
single_random,10,single,1,random,11,0.9621642561983471,0.9620351239669421,-0.00012913223140498253,0.06641182752649,0.47852063179016113,3.0153325496939942e-05
single_random,10,single,1,random,12,0.9650051652892562,0.9648760330578513,-0.0001291322314048715,0.06392381736932162,0.4806130528450012,3.0153325496939942e-05
single_random,10,single,1,random,13,0.9668130165289256,0.9673295454545455,0.0005165289256199301,0.06244719214894423,0.48719707131385803,3.0153325496939942e-05
single_random,10,single,1,random,14,0.9705578512396694,0.9706869834710743,0.0001291322314048715,0.0544740618544145,0.49428361654281616,3.0153325496939942e-05
single_random,10,single,1,random,15,0.9704287190082644,0.9704287190082644,0.0,0.04824579932895123,0.5164476037025452,3.0153325496939942e-05
single_random,10,single,1,random,16,0.9748192148760331,0.9749483471074379,0.0001291322314048715,0.05416763477679076,0.5686975121498108,3.0153325496939942e-05
single_random,10,single,1,random,17,0.9709452479338844,0.9713326446280992,0.0003873966942148366,0.044837470936416546,0.6122483015060425,3.0153325496939942e-05
single_random,10,single,1,random,18,0.9726239669421488,0.9730113636363636,0.0003873966942148366,0.058789554997001336,0.653228223323822,3.0153325496939942e-05
single_random,10,single,1,random,19,0.9746900826446282,0.9745609504132232,-0.00012913223140498253,0.05819509977714876,0.6715843081474304,3.0153325496939942e-05
single_random,10,single,1,random,20,0.9721074380165289,0.9722365702479339,0.00012913223140498253,0.03463351447094354,0.6857303380966187,3.0153325496939942e-05
single_random,10,single,1,random,21,0.9700413223140496,0.9701704545454546,0.00012913223140498253,0.05012542741244952,0.6937816143035889,3.0153325496939942e-05
single_random,10,single,1,random,22,0.9732696280991736,0.9732696280991736,0.0,0.05513359367052051,0.7210975885391235,3.0153325496939942e-05
single_random,10,single,1,random,23,0.9730113636363636,0.9730113636363636,0.0,0.053415825265545336,0.7609900236129761,3.0153325496939942e-05
single_random,10,single,1,random,24,0.971849173553719,0.971978305785124,0.00012913223140498253,0.053054520701995456,0.80185866355896,3.0153325496939942e-05
single_random,10,single,1,random,25,0.9709452479338844,0.9708161157024794,-0.00012913223140498253,0.04718783087280798,0.8246423602104187,3.0153325496939942e-05
single_random,10,single,1,random,26,0.9678460743801652,0.9677169421487604,-0.0001291322314048715,0.04688887089060201,0.8386721014976501,3.0153325496939942e-05
single_random,10,single,1,random,27,0.9653925619834711,0.9652634297520661,-0.00012913223140498253,0.045567693976636514,0.8814038634300232,3.0153325496939942e-05
single_random,10,single,1,random,28,0.9633264462809916,0.9637138429752066,0.0003873966942149476,0.06075478964627812,1.0522483587265015,3.0153325496939942e-05
single_random,10,single,1,random,29,0.9616477272727273,0.9613894628099173,-0.00025826446280996507,0.0607978312504337,1.077854871749878,3.0153325496939942e-05
single_random,10,single,1,random,30,0.9567407024793388,0.9572572314049587,0.0005165289256198191,0.047924461246520944,1.1414412260055542,3.0153325496939942e-05
single_random,10,single,1,random,31,0.9165805785123967,0.9161931818181818,-0.0003873966942149476,0.01431039813565127,1.6303666830062866,3.0153325496939942e-05
single_probe,15,single,1,probe,0,0.9149018595041322,0.9149018595041322,0.0,0.06090129677898792,0.36590245366096497,0.002234359737485647
single_probe,15,single,1,probe,1,0.9496384297520661,0.9496384297520661,0.0,0.11846740704326642,0.3927824795246124,0.002234359737485647
single_probe,15,single,1,probe,2,0.9745609504132231,0.9745609504132231,0.0,0.11819697854453959,0.45429858565330505,0.002234359737485647
single_probe,15,single,1,probe,3,0.9761105371900827,0.9761105371900827,0.0,0.10170105530656903,0.4842483103275299,0.002234359737485647
single_probe,15,single,1,probe,4,0.9761105371900826,0.9761105371900826,0.0,0.08173361845766614,0.46978560090065,0.002234359737485647
single_probe,15,single,1,probe,5,0.9764979338842975,0.9764979338842975,0.0,0.0768378950389641,0.4704439640045166,0.002234359737485647
single_probe,15,single,1,probe,6,0.9721074380165289,0.9721074380165289,0.0,0.06483201714712616,0.473873108625412,0.002234359737485647
single_probe,15,single,1,probe,7,0.9735278925619835,0.9735278925619835,0.0,0.06796654561058801,0.46827301383018494,0.002234359737485647
single_probe,15,single,1,probe,8,0.9677169421487604,0.9677169421487604,0.0,0.07918360124062873,0.46674779057502747,0.002234359737485647
single_probe,15,single,1,probe,9,0.9628099173553719,0.9628099173553719,0.0,0.0793812735028322,0.4747171401977539,0.002234359737485647
single_probe,15,single,1,probe,10,0.9595816115702479,0.9595816115702479,0.0,0.07433696646432852,0.47749391198158264,0.002234359737485647
single_probe,15,single,1,probe,11,0.9620351239669421,0.9620351239669421,0.0,0.0665641979203867,0.47848057746887207,0.002234359737485647
single_probe,15,single,1,probe,12,0.9648760330578513,0.9648760330578513,0.0,0.06397647667793549,0.4805683493614197,0.002234359737485647
single_probe,15,single,1,probe,13,0.9673295454545455,0.9673295454545455,0.0,0.06250650192531404,0.4871984124183655,0.002234359737485647
single_probe,15,single,1,probe,14,0.9706869834710743,0.9706869834710743,0.0,0.05452619855421181,0.49426212906837463,0.002234359737485647
single_probe,15,single,1,probe,15,0.9704287190082644,0.9704287190082644,0.0,0.04828051296419289,0.5164835453033447,0.002234359737485647
single_probe,15,single,1,probe,16,0.5776084710743802,0.9749483471074379,0.39733987603305776,0.011607542882609678,0.2637820541858673,0.002234359737485647
single_probe,15,single,1,probe,17,0.7182334710743802,0.9713326446280992,0.253099173553719,0.01153084434067253,0.3157217800617218,0.002234359737485647
single_probe,15,single,1,probe,18,0.8091425619834711,0.9730113636363636,0.16386880165289253,0.01825980295531504,0.36517399549484253,0.002234359737485647
single_probe,15,single,1,probe,19,0.8587293388429752,0.9745609504132232,0.11583161157024802,0.02155812609840324,0.4058065414428711,0.002234359737485647
single_probe,15,single,1,probe,20,0.8721590909090908,0.9722365702479339,0.10007747933884303,0.013585175807991678,0.4245862364768982,0.002234359737485647
single_probe,15,single,1,probe,21,0.8835227272727274,0.9701704545454546,0.08664772727272718,0.019226610908145036,0.4244367182254791,0.002234359737485647
single_probe,15,single,1,probe,22,0.8923037190082646,0.9732696280991736,0.08096590909090906,0.021701622951377786,0.4487822353839874,0.002234359737485647
single_probe,15,single,1,probe,23,0.8954028925619835,0.9730113636363636,0.07760847107438018,0.02199450215982457,0.48688897490501404,0.002234359737485647
single_probe,15,single,1,probe,24,0.9017303719008265,0.971978305785124,0.07024793388429751,0.02267203984896171,0.5243537425994873,0.002234359737485647
single_probe,15,single,1,probe,25,0.9008264462809917,0.9708161157024794,0.06998966942148765,0.02073652221760014,0.547768771648407,0.002234359737485647
single_probe,15,single,1,probe,26,0.8985020661157026,0.9677169421487604,0.06921487603305776,0.0210688799846398,0.5610024333000183,0.002234359737485647
single_probe,15,single,1,probe,27,0.8988894628099174,0.9652634297520661,0.0663739669421487,0.02089081301989071,0.5941269993782043,0.002234359737485647
single_probe,15,single,1,probe,28,0.8985020661157025,0.9637138429752066,0.06521177685950408,0.029849424605514208,0.7332016825675964,0.002234359737485647
single_probe,15,single,1,probe,29,0.8961776859504132,0.9613894628099173,0.06521177685950408,0.030462429029197047,0.760491669178009,0.002234359737485647
single_probe,15,single,1,probe,30,0.8999225206611572,0.9572572314049587,0.057334710743801476,0.02481801896892366,0.8208650946617126,0.002234359737485647
single_probe,15,single,1,probe,31,0.8260588842975206,0.9161931818181818,0.09013429752066116,0.008814484953757362,1.254266381263733,0.002234359737485647
single_svd_k1,15,single,1,svd,0,0.9149018595041322,0.9149018595041322,0.0,0.06090129677898792,0.36590245366096497,0.04065421596169472
single_svd_k1,15,single,1,svd,1,0.9496384297520661,0.9496384297520661,0.0,0.11846740704326642,0.3927824795246124,0.04065421596169472
single_svd_k1,15,single,1,svd,2,0.9745609504132231,0.9745609504132231,0.0,0.11819697854453959,0.45429858565330505,0.04065421596169472
single_svd_k1,15,single,1,svd,3,0.9761105371900827,0.9761105371900827,0.0,0.10170105530656903,0.4842483103275299,0.04065421596169472
single_svd_k1,15,single,1,svd,4,0.9761105371900826,0.9761105371900826,0.0,0.08173361845766614,0.46978560090065,0.04065421596169472
single_svd_k1,15,single,1,svd,5,0.9764979338842975,0.9764979338842975,0.0,0.0768378950389641,0.4704439640045166,0.04065421596169472
single_svd_k1,15,single,1,svd,6,0.9721074380165289,0.9721074380165289,0.0,0.06483201714712616,0.473873108625412,0.04065421596169472
single_svd_k1,15,single,1,svd,7,0.9735278925619835,0.9735278925619835,0.0,0.06796654561058801,0.46827301383018494,0.04065421596169472
single_svd_k1,15,single,1,svd,8,0.9677169421487604,0.9677169421487604,0.0,0.07918360124062873,0.46674779057502747,0.04065421596169472
single_svd_k1,15,single,1,svd,9,0.9628099173553719,0.9628099173553719,0.0,0.0793812735028322,0.4747171401977539,0.04065421596169472
single_svd_k1,15,single,1,svd,10,0.9595816115702479,0.9595816115702479,0.0,0.07433696646432852,0.47749391198158264,0.04065421596169472
single_svd_k1,15,single,1,svd,11,0.9620351239669421,0.9620351239669421,0.0,0.0665641979203867,0.47848057746887207,0.04065421596169472
single_svd_k1,15,single,1,svd,12,0.9648760330578513,0.9648760330578513,0.0,0.06397647667793549,0.4805683493614197,0.04065421596169472
single_svd_k1,15,single,1,svd,13,0.9673295454545455,0.9673295454545455,0.0,0.06250650192531404,0.4871984124183655,0.04065421596169472
single_svd_k1,15,single,1,svd,14,0.9706869834710743,0.9706869834710743,0.0,0.05452619855421181,0.49426212906837463,0.04065421596169472
single_svd_k1,15,single,1,svd,15,0.9704287190082644,0.9704287190082644,0.0,0.04828051296419289,0.5164835453033447,0.04065421596169472
single_svd_k1,15,single,1,svd,16,0.9739152892561984,0.9749483471074379,0.0010330578512395272,0.0603847832889306,0.5624796152114868,0.04065421596169472
single_svd_k1,15,single,1,svd,17,0.9709452479338843,0.9713326446280992,0.0003873966942149476,0.04747403359951674,0.603661835193634,0.04065421596169472
single_svd_k1,15,single,1,svd,18,0.9731404958677686,0.9730113636363636,-0.00012913223140498253,0.06349702654464062,0.6467432379722595,0.04065421596169472
single_svd_k1,15,single,1,svd,19,0.9739152892561984,0.9745609504132232,0.0006456611570248016,0.06395303766125626,0.6632517576217651,0.04065421596169472
single_svd_k1,15,single,1,svd,20,0.9723657024793388,0.9722365702479339,-0.00012913223140498253,0.037518578949494175,0.670799970626831,0.04065421596169472
single_svd_k1,15,single,1,svd,21,0.96900826446281,0.9701704545454546,0.0011621900826446208,0.05796591625112968,0.6741446852684021,0.04065421596169472
single_svd_k1,15,single,1,svd,22,0.9727530991735538,0.9732696280991736,0.0005165289256198191,0.0649902207417341,0.7026399970054626,0.04065421596169472
single_svd_k1,15,single,1,svd,23,0.9727530991735537,0.9730113636363636,0.00025826446280996507,0.06274688376943771,0.7399190664291382,0.04065421596169472
single_svd_k1,15,single,1,svd,24,0.9726239669421488,0.971978305785124,-0.0006456611570248016,0.06228839815560261,0.7803464531898499,0.04065421596169472
single_svd_k1,15,single,1,svd,25,0.9704287190082644,0.9708161157024794,0.0003873966942149476,0.05465569528253811,0.8030100464820862,0.04065421596169472
single_svd_k1,15,single,1,svd,26,0.9668130165289256,0.9677169421487604,0.0009039256198347667,0.05411965708954769,0.8168988227844238,0.04065421596169472
single_svd_k1,15,single,1,svd,27,0.9659090909090909,0.9652634297520661,-0.0006456611570248016,0.051420984744266374,0.8596861362457275,0.04065421596169472
single_svd_k1,15,single,1,svd,28,0.9648760330578512,0.9637138429752066,-0.0011621900826446208,0.06693720498798827,1.0190486907958984,0.04065421596169472
single_svd_k1,15,single,1,svd,29,0.9620351239669421,0.9613894628099173,-0.0006456611570248016,0.06690970327167745,1.0446735620498657,0.04065421596169472
single_svd_k1,15,single,1,svd,30,0.9595816115702479,0.9572572314049587,-0.0023243801652892415,0.051888596276743804,1.1043717861175537,0.04065421596169472
single_svd_k1,15,single,1,svd,31,0.9049586776859505,0.9161931818181818,0.01123450413223126,0.016217386721835925,1.5955097675323486,0.04065421596169472
single_svd_k2,15,single,2,svd,0,0.9149018595041322,0.9149018595041322,0.0,0.06090129677898792,0.36590245366096497,0.05839672312140465
single_svd_k2,15,single,2,svd,1,0.9496384297520661,0.9496384297520661,0.0,0.11846740704326642,0.3927824795246124,0.05839672312140465
single_svd_k2,15,single,2,svd,2,0.9745609504132231,0.9745609504132231,0.0,0.11819697854453959,0.45429858565330505,0.05839672312140465
single_svd_k2,15,single,2,svd,3,0.9761105371900827,0.9761105371900827,0.0,0.10170105530656903,0.4842483103275299,0.05839672312140465
single_svd_k2,15,single,2,svd,4,0.9761105371900826,0.9761105371900826,0.0,0.08173361845766614,0.46978560090065,0.05839672312140465
single_svd_k2,15,single,2,svd,5,0.9764979338842975,0.9764979338842975,0.0,0.0768378950389641,0.4704439640045166,0.05839672312140465
single_svd_k2,15,single,2,svd,6,0.9721074380165289,0.9721074380165289,0.0,0.06483201714712616,0.473873108625412,0.05839672312140465
single_svd_k2,15,single,2,svd,7,0.9735278925619835,0.9735278925619835,0.0,0.06796654561058801,0.46827301383018494,0.05839672312140465
single_svd_k2,15,single,2,svd,8,0.9677169421487604,0.9677169421487604,0.0,0.07918360124062873,0.46674779057502747,0.05839672312140465
single_svd_k2,15,single,2,svd,9,0.9628099173553719,0.9628099173553719,0.0,0.0793812735028322,0.4747171401977539,0.05839672312140465
single_svd_k2,15,single,2,svd,10,0.9595816115702479,0.9595816115702479,0.0,0.07433696646432852,0.47749391198158264,0.05839672312140465
single_svd_k2,15,single,2,svd,11,0.9620351239669421,0.9620351239669421,0.0,0.0665641979203867,0.47848057746887207,0.05839672312140465
single_svd_k2,15,single,2,svd,12,0.9648760330578513,0.9648760330578513,0.0,0.06397647667793549,0.4805683493614197,0.05839672312140465
single_svd_k2,15,single,2,svd,13,0.9673295454545455,0.9673295454545455,0.0,0.06250650192531404,0.4871984124183655,0.05839672312140465
single_svd_k2,15,single,2,svd,14,0.9706869834710743,0.9706869834710743,0.0,0.05452619855421181,0.49426212906837463,0.05839672312140465
single_svd_k2,15,single,2,svd,15,0.9704287190082644,0.9704287190082644,0.0,0.04828051296419289,0.5164835453033447,0.05839672312140465
single_svd_k2,15,single,2,svd,16,0.8443956611570249,0.9749483471074379,0.13055268595041303,0.04557526999794681,0.46806710958480835,0.05839672312140465
single_svd_k2,15,single,2,svd,17,0.8761621900826446,0.9713326446280992,0.09517045454545459,0.03653043705511505,0.512876033782959,0.05839672312140465
single_svd_k2,15,single,2,svd,18,0.8990185950413224,0.9730113636363636,0.07399276859504123,0.048378781442978025,0.5592866539955139,0.05839672312140465
single_svd_k2,15,single,2,svd,19,0.9150309917355373,0.9745609504132232,0.05952995867768596,0.04988342255427358,0.5845648050308228,0.05839672312140465
single_svd_k2,15,single,2,svd,20,0.921487603305785,0.9722365702479339,0.05074896694214881,0.030292363425625468,0.5983768701553345,0.05839672312140465
single_svd_k2,15,single,2,svd,21,0.918388429752066,0.9701704545454546,0.05178202479338856,0.04523833600995253,0.5998786687850952,0.05839672312140465
single_svd_k2,15,single,2,svd,22,0.9218749999999999,0.9732696280991736,0.05139462809917372,0.05007731262344495,0.6244136095046997,0.05839672312140465
single_svd_k2,15,single,2,svd,23,0.9252324380165289,0.9730113636363636,0.04777892561983477,0.04859709788915001,0.6586970090866089,0.05839672312140465
single_svd_k2,15,single,2,svd,24,0.9232954545454545,0.971978305785124,0.04868285123966953,0.048414379590847156,0.6972962021827698,0.05839672312140465
single_svd_k2,15,single,2,svd,25,0.925103305785124,0.9708161157024794,0.04571280991735538,0.042481652053592556,0.720845103263855,0.05839672312140465
single_svd_k2,15,single,2,svd,26,0.9243285123966942,0.9677169421487604,0.04338842975206614,0.04232838184606491,0.735146164894104,0.05839672312140465
single_svd_k2,15,single,2,svd,27,0.9243285123966942,0.9652634297520661,0.040934917355371914,0.041039244596627444,0.7784464955329895,0.05839672312140465
single_svd_k2,15,single,2,svd,28,0.9316890495867769,0.9637138429752066,0.03202479338842967,0.05633320693365684,0.9493637084960938,0.05839672312140465
single_svd_k2,15,single,2,svd,29,0.9311725206611571,0.9613894628099173,0.03021694214876025,0.05502392565358727,0.9700671434402466,0.05839672312140465
single_svd_k2,15,single,2,svd,30,0.9318181818181818,0.9572572314049587,0.025439049586776896,0.04274891829951932,1.0267277956008911,0.05839672312140465
single_svd_k2,15,single,2,svd,31,0.8828770661157025,0.9161931818181818,0.033316115702479276,0.014303388902089376,1.534124732017517,0.05839672312140465
single_svd_k4,15,single,4,svd,0,0.9149018595041322,0.9149018595041322,0.0,0.06090129677898792,0.36590245366096497,0.08673480898141861
single_svd_k4,15,single,4,svd,1,0.9496384297520661,0.9496384297520661,0.0,0.11846740704326642,0.3927824795246124,0.08673480898141861
single_svd_k4,15,single,4,svd,2,0.9745609504132231,0.9745609504132231,0.0,0.11819697854453959,0.45429858565330505,0.08673480898141861
single_svd_k4,15,single,4,svd,3,0.9761105371900827,0.9761105371900827,0.0,0.10170105530656903,0.4842483103275299,0.08673480898141861
single_svd_k4,15,single,4,svd,4,0.9761105371900826,0.9761105371900826,0.0,0.08173361845766614,0.46978560090065,0.08673480898141861
single_svd_k4,15,single,4,svd,5,0.9764979338842975,0.9764979338842975,0.0,0.0768378950389641,0.4704439640045166,0.08673480898141861
single_svd_k4,15,single,4,svd,6,0.9721074380165289,0.9721074380165289,0.0,0.06483201714712616,0.473873108625412,0.08673480898141861
single_svd_k4,15,single,4,svd,7,0.9735278925619835,0.9735278925619835,0.0,0.06796654561058801,0.46827301383018494,0.08673480898141861
single_svd_k4,15,single,4,svd,8,0.9677169421487604,0.9677169421487604,0.0,0.07918360124062873,0.46674779057502747,0.08673480898141861
single_svd_k4,15,single,4,svd,9,0.9628099173553719,0.9628099173553719,0.0,0.0793812735028322,0.4747171401977539,0.08673480898141861
single_svd_k4,15,single,4,svd,10,0.9595816115702479,0.9595816115702479,0.0,0.07433696646432852,0.47749391198158264,0.08673480898141861
single_svd_k4,15,single,4,svd,11,0.9620351239669421,0.9620351239669421,0.0,0.0665641979203867,0.47848057746887207,0.08673480898141861
single_svd_k4,15,single,4,svd,12,0.9648760330578513,0.9648760330578513,0.0,0.06397647667793549,0.4805683493614197,0.08673480898141861
single_svd_k4,15,single,4,svd,13,0.9673295454545455,0.9673295454545455,0.0,0.06250650192531404,0.4871984124183655,0.08673480898141861
single_svd_k4,15,single,4,svd,14,0.9706869834710743,0.9706869834710743,0.0,0.05452619855421181,0.49426212906837463,0.08673480898141861
single_svd_k4,15,single,4,svd,15,0.9704287190082644,0.9704287190082644,0.0,0.04828051296419289,0.5164835453033447,0.08673480898141861
single_svd_k4,15,single,4,svd,16,0.659349173553719,0.9749483471074379,0.3155991735537189,0.008926225466650006,0.20002993941307068,0.08673480898141861
single_svd_k4,15,single,4,svd,17,0.7697572314049586,0.9713326446280992,0.20157541322314065,0.010182394937533146,0.26009154319763184,0.08673480898141861
single_svd_k4,15,single,4,svd,18,0.8332902892561983,0.9730113636363636,0.13972107438016534,0.016444289766395004,0.3147093653678894,0.08673480898141861
single_svd_k4,15,single,4,svd,19,0.8678977272727273,0.9745609504132232,0.10666322314049592,0.02090527901629169,0.3649803698062897,0.08673480898141861
single_svd_k4,15,single,4,svd,20,0.8703512396694214,0.9722365702479339,0.10188533057851246,0.013820894435280673,0.38892388343811035,0.08673480898141861
single_svd_k4,15,single,4,svd,21,0.8633780991735538,0.9701704545454546,0.1067923553719008,0.01947927556633755,0.37952911853790283,0.08673480898141861
single_svd_k4,15,single,4,svd,22,0.8672520661157025,0.9732696280991736,0.10601756198347112,0.022259760014048946,0.40409526228904724,0.08673480898141861
single_svd_k4,15,single,4,svd,23,0.8711260330578513,0.9730113636363636,0.10188533057851235,0.022651573812049852,0.4375931918621063,0.08673480898141861
single_svd_k4,15,single,4,svd,24,0.8797778925619836,0.971978305785124,0.09220041322314043,0.023595234175575075,0.47367411851882935,0.08673480898141861
single_svd_k4,15,single,4,svd,25,0.8880423553719008,0.9708161157024794,0.0827737603305786,0.021701922014170538,0.4991341233253479,0.08673480898141861
single_svd_k4,15,single,4,svd,26,0.8832644628099173,0.9677169421487604,0.08445247933884303,0.022259146811480113,0.5151652097702026,0.08673480898141861
single_svd_k4,15,single,4,svd,27,0.8808109504132232,0.9652634297520661,0.08445247933884292,0.021738351106394438,0.5480991005897522,0.08673480898141861
single_svd_k4,15,single,4,svd,28,0.8973398760330579,0.9637138429752066,0.0663739669421487,0.03203118309074193,0.6953060030937195,0.08673480898141861
single_svd_k4,15,single,4,svd,29,0.8982438016528925,0.9613894628099173,0.0631456611570248,0.03177454349547748,0.7178294658660889,0.08673480898141861
single_svd_k4,15,single,4,svd,30,0.8996642561983471,0.9572572314049587,0.05759297520661155,0.025408979762563844,0.7737510800361633,0.08673480898141861
single_svd_k4,15,single,4,svd,31,0.8078512396694215,0.9161931818181818,0.10834194214876025,0.010203556216781151,1.2233539819717407,0.08673480898141861
single_svd_k8,15,single,8,svd,0,0.9149018595041322,0.9149018595041322,0.0,0.06090129677898792,0.36590245366096497,0.13637349009513855
single_svd_k8,15,single,8,svd,1,0.9496384297520661,0.9496384297520661,0.0,0.11846740704326642,0.3927824795246124,0.13637349009513855
single_svd_k8,15,single,8,svd,2,0.9745609504132231,0.9745609504132231,0.0,0.11819697854453959,0.45429858565330505,0.13637349009513855
single_svd_k8,15,single,8,svd,3,0.9761105371900827,0.9761105371900827,0.0,0.10170105530656903,0.4842483103275299,0.13637349009513855
single_svd_k8,15,single,8,svd,4,0.9761105371900826,0.9761105371900826,0.0,0.08173361845766614,0.46978560090065,0.13637349009513855
single_svd_k8,15,single,8,svd,5,0.9764979338842975,0.9764979338842975,0.0,0.0768378950389641,0.4704439640045166,0.13637349009513855
single_svd_k8,15,single,8,svd,6,0.9721074380165289,0.9721074380165289,0.0,0.06483201714712616,0.473873108625412,0.13637349009513855
single_svd_k8,15,single,8,svd,7,0.9735278925619835,0.9735278925619835,0.0,0.06796654561058801,0.46827301383018494,0.13637349009513855
single_svd_k8,15,single,8,svd,8,0.9677169421487604,0.9677169421487604,0.0,0.07918360124062873,0.46674779057502747,0.13637349009513855
single_svd_k8,15,single,8,svd,9,0.9628099173553719,0.9628099173553719,0.0,0.0793812735028322,0.4747171401977539,0.13637349009513855
single_svd_k8,15,single,8,svd,10,0.9595816115702479,0.9595816115702479,0.0,0.07433696646432852,0.47749391198158264,0.13637349009513855
single_svd_k8,15,single,8,svd,11,0.9620351239669421,0.9620351239669421,0.0,0.0665641979203867,0.47848057746887207,0.13637349009513855
single_svd_k8,15,single,8,svd,12,0.9648760330578513,0.9648760330578513,0.0,0.06397647667793549,0.4805683493614197,0.13637349009513855
single_svd_k8,15,single,8,svd,13,0.9673295454545455,0.9673295454545455,0.0,0.06250650192531404,0.4871984124183655,0.13637349009513855
single_svd_k8,15,single,8,svd,14,0.9706869834710743,0.9706869834710743,0.0,0.05452619855421181,0.49426212906837463,0.13637349009513855
single_svd_k8,15,single,8,svd,15,0.9704287190082644,0.9704287190082644,0.0,0.04828051296419289,0.5164835453033447,0.13637349009513855
single_svd_k8,15,single,8,svd,16,0.5919421487603305,0.9749483471074379,0.3830061983471075,0.006375442091744454,0.15690606832504272,0.13637349009513855
single_svd_k8,15,single,8,svd,17,0.6815599173553719,0.9713326446280992,0.2897727272727273,0.008104353024960265,0.21578004956245422,0.13637349009513855
single_svd_k8,15,single,8,svd,18,0.7687241735537189,0.9730113636363636,0.20428719008264473,0.013725314586436888,0.2726726233959198,0.13637349009513855
single_svd_k8,15,single,8,svd,19,0.8366477272727272,0.9745609504132232,0.13791322314049603,0.018639326438747772,0.3230987787246704,0.13637349009513855
single_svd_k8,15,single,8,svd,20,0.8557592975206612,0.9722365702479339,0.11647727272727271,0.013696772007071978,0.35046297311782837,0.13637349009513855
single_svd_k8,15,single,8,svd,21,0.8635072314049587,0.9701704545454546,0.10666322314049592,0.019484147035328525,0.3406261205673218,0.13637349009513855
single_svd_k8,15,single,8,svd,22,0.8722882231404958,0.9732696280991736,0.1009814049586778,0.023690724625346715,0.36476877331733704,0.13637349009513855
single_svd_k8,15,single,8,svd,23,0.8849431818181818,0.9730113636363636,0.08806818181818188,0.02506265365628857,0.39928531646728516,0.13637349009513855
single_svd_k8,15,single,8,svd,24,0.8814566115702479,0.971978305785124,0.0905216942148761,0.026602866571858286,0.4347316026687622,0.13637349009513855
single_svd_k8,15,single,8,svd,25,0.8920454545454545,0.9708161157024794,0.07877066115702491,0.024126741019406928,0.46044614911079407,0.13637349009513855
single_svd_k8,15,single,8,svd,26,0.891012396694215,0.9677169421487604,0.07670454545454541,0.024375688230748982,0.481434166431427,0.13637349009513855
single_svd_k8,15,single,8,svd,27,0.8902376033057852,0.9652634297520661,0.07502582644628097,0.022786088688329653,0.5113543272018433,0.13637349009513855
single_svd_k8,15,single,8,svd,28,0.9096074380165289,0.9637138429752066,0.05410640495867769,0.034381912194918596,0.664004921913147,0.13637349009513855
single_svd_k8,15,single,8,svd,29,0.9034090909090909,0.9613894628099173,0.05798037190082639,0.03396020010200862,0.6863605976104736,0.13637349009513855
single_svd_k8,15,single,8,svd,30,0.9103822314049587,0.9572572314049587,0.046875,0.0268610188368118,0.7391369938850403,0.13637349009513855
single_svd_k8,15,single,8,svd,31,0.831611570247934,0.9161931818181818,0.0845816115702478,0.010186429493261095,1.1316825151443481,0.13637349009513855
single_random,15,single,1,random,0,0.9149018595041322,0.9149018595041322,0.0,0.06090129677898792,0.36590245366096497,0.00014190662477631122
single_random,15,single,1,random,1,0.9496384297520661,0.9496384297520661,0.0,0.11846740704326642,0.3927824795246124,0.00014190662477631122
single_random,15,single,1,random,2,0.9745609504132231,0.9745609504132231,0.0,0.11819697854453959,0.45429858565330505,0.00014190662477631122
single_random,15,single,1,random,3,0.9761105371900827,0.9761105371900827,0.0,0.10170105530656903,0.4842483103275299,0.00014190662477631122
single_random,15,single,1,random,4,0.9761105371900826,0.9761105371900826,0.0,0.08173361845766614,0.46978560090065,0.00014190662477631122
single_random,15,single,1,random,5,0.9764979338842975,0.9764979338842975,0.0,0.0768378950389641,0.4704439640045166,0.00014190662477631122
single_random,15,single,1,random,6,0.9721074380165289,0.9721074380165289,0.0,0.06483201714712616,0.473873108625412,0.00014190662477631122
single_random,15,single,1,random,7,0.9735278925619835,0.9735278925619835,0.0,0.06796654561058801,0.46827301383018494,0.00014190662477631122
single_random,15,single,1,random,8,0.9677169421487604,0.9677169421487604,0.0,0.07918360124062873,0.46674779057502747,0.00014190662477631122
single_random,15,single,1,random,9,0.9628099173553719,0.9628099173553719,0.0,0.0793812735028322,0.4747171401977539,0.00014190662477631122
single_random,15,single,1,random,10,0.9595816115702479,0.9595816115702479,0.0,0.07433696646432852,0.47749391198158264,0.00014190662477631122
single_random,15,single,1,random,11,0.9620351239669421,0.9620351239669421,0.0,0.0665641979203867,0.47848057746887207,0.00014190662477631122
single_random,15,single,1,random,12,0.9648760330578513,0.9648760330578513,0.0,0.06397647667793549,0.4805683493614197,0.00014190662477631122
single_random,15,single,1,random,13,0.9673295454545455,0.9673295454545455,0.0,0.06250650192531404,0.4871984124183655,0.00014190662477631122
single_random,15,single,1,random,14,0.9706869834710743,0.9706869834710743,0.0,0.05452619855421181,0.49426212906837463,0.00014190662477631122
single_random,15,single,1,random,15,0.9704287190082644,0.9704287190082644,0.0,0.04828051296419289,0.5164835453033447,0.00014190662477631122
single_random,15,single,1,random,16,0.9748192148760331,0.9749483471074379,0.0001291322314048715,0.05417324204687424,0.568964421749115,0.00014190662477631122
single_random,15,single,1,random,17,0.9706869834710744,0.9713326446280992,0.0006456611570248016,0.04477959577175761,0.6125231981277466,0.00014190662477631122
single_random,15,single,1,random,18,0.9722365702479339,0.9730113636363636,0.0007747933884297842,0.05883201972172025,0.6538061499595642,0.00014190662477631122
single_random,15,single,1,random,19,0.9741735537190083,0.9745609504132232,0.0003873966942149476,0.05829542719456249,0.67246013879776,0.00014190662477631122
single_random,15,single,1,random,20,0.971978305785124,0.9722365702479339,0.00025826446280985405,0.034791300186909346,0.6868938207626343,0.00014190662477631122
single_random,15,single,1,random,21,0.9701704545454546,0.9701704545454546,0.0,0.05027698499345312,0.6948065757751465,0.00014190662477631122
single_random,15,single,1,random,22,0.9732696280991736,0.9732696280991736,0.0,0.05525672498231293,0.7222191095352173,0.00014190662477631122
single_random,15,single,1,random,23,0.9730113636363636,0.9730113636363636,0.0,0.05362186117710044,0.7619151473045349,0.00014190662477631122
single_random,15,single,1,random,24,0.9721074380165289,0.971978305785124,-0.0001291322314048715,0.053269366032366094,0.8026754856109619,0.00014190662477631122
single_random,15,single,1,random,25,0.9708161157024794,0.9708161157024794,0.0,0.0474058185861953,0.8255276083946228,0.00014190662477631122
single_random,15,single,1,random,26,0.9677169421487604,0.9677169421487604,0.0,0.0470498199390591,0.8394941687583923,0.00014190662477631122
single_random,15,single,1,random,27,0.9652634297520661,0.9652634297520661,0.0,0.045709606590634944,0.8820720911026001,0.00014190662477631122
single_random,15,single,1,random,28,0.9629390495867769,0.9637138429752066,0.0007747933884296732,0.06088164960207665,1.052614450454712,0.00014190662477631122
single_random,15,single,1,random,29,0.9612603305785123,0.9613894628099173,0.00012913223140498253,0.060906659766938764,1.0781556367874146,0.00014190662477631122
single_random,15,single,1,random,30,0.9569989669421487,0.9572572314049587,0.00025826446280996507,0.0480004645074108,1.1415984630584717,0.00014190662477631122
single_random,15,single,1,random,31,0.9165805785123967,0.9161931818181818,-0.0003873966942149476,0.014320082114602006,1.629511833190918,0.00014190662477631122
single_probe,20,single,1,probe,0,0.9149018595041322,0.9149018595041322,0.0,0.06090129677898792,0.36590245366096497,0.002566628623753786
single_probe,20,single,1,probe,1,0.9496384297520661,0.9496384297520661,0.0,0.11846740704326642,0.3927824795246124,0.002566628623753786
single_probe,20,single,1,probe,2,0.9745609504132231,0.9745609504132231,0.0,0.11819697854453959,0.45429858565330505,0.002566628623753786
single_probe,20,single,1,probe,3,0.9761105371900827,0.9761105371900827,0.0,0.10170105530656903,0.4842483103275299,0.002566628623753786
single_probe,20,single,1,probe,4,0.9761105371900826,0.9761105371900826,0.0,0.08173361845766614,0.46978560090065,0.002566628623753786
single_probe,20,single,1,probe,5,0.9764979338842975,0.9764979338842975,0.0,0.0768378950389641,0.4704439640045166,0.002566628623753786
single_probe,20,single,1,probe,6,0.9721074380165289,0.9721074380165289,0.0,0.06483201714712616,0.473873108625412,0.002566628623753786
single_probe,20,single,1,probe,7,0.9735278925619835,0.9735278925619835,0.0,0.06796654561058801,0.46827301383018494,0.002566628623753786
single_probe,20,single,1,probe,8,0.9677169421487604,0.9677169421487604,0.0,0.07918360124062873,0.46674779057502747,0.002566628623753786
single_probe,20,single,1,probe,9,0.9628099173553719,0.9628099173553719,0.0,0.0793812735028322,0.4747171401977539,0.002566628623753786
single_probe,20,single,1,probe,10,0.9595816115702479,0.9595816115702479,0.0,0.07433696646432852,0.47749391198158264,0.002566628623753786
single_probe,20,single,1,probe,11,0.9620351239669421,0.9620351239669421,0.0,0.0665641979203867,0.47848057746887207,0.002566628623753786
single_probe,20,single,1,probe,12,0.9648760330578513,0.9648760330578513,0.0,0.06397647667793549,0.4805683493614197,0.002566628623753786
single_probe,20,single,1,probe,13,0.9673295454545455,0.9673295454545455,0.0,0.06250650192531404,0.4871984124183655,0.002566628623753786
single_probe,20,single,1,probe,14,0.9706869834710743,0.9706869834710743,0.0,0.05452619855421181,0.49426212906837463,0.002566628623753786
single_probe,20,single,1,probe,15,0.9704287190082644,0.9704287190082644,0.0,0.04828051296419289,0.5164835453033447,0.002566628623753786
single_probe,20,single,1,probe,16,0.9749483471074379,0.9749483471074379,0.0,0.05417823522180021,0.5687251687049866,0.002566628623753786
single_probe,20,single,1,probe,17,0.9713326446280992,0.9713326446280992,0.0,0.044834429965032285,0.6123746037483215,0.002566628623753786
single_probe,20,single,1,probe,18,0.9730113636363636,0.9730113636363636,0.0,0.058806023202662816,0.6534175872802734,0.002566628623753786
single_probe,20,single,1,probe,19,0.9745609504132232,0.9745609504132232,0.0,0.05821230101175845,0.6717294454574585,0.002566628623753786
single_probe,20,single,1,probe,20,0.9722365702479339,0.9722365702479339,0.0,0.034640664077032035,0.6858553886413574,0.002566628623753786
single_probe,20,single,1,probe,21,0.5165289256198347,0.9701704545454546,0.45364152892561993,0.010515233022441395,0.31680989265441895,0.002566628623753786
single_probe,20,single,1,probe,22,0.6481146694214877,0.9732696280991736,0.32515495867768596,0.012403681438741376,0.33378395438194275,0.002566628623753786
single_probe,20,single,1,probe,23,0.7113894628099173,0.9730113636363636,0.2616219008264463,0.012892629425068747,0.36319398880004883,0.002566628623753786
single_probe,20,single,1,probe,24,0.76536673553719,0.971978305785124,0.20661157024793397,0.014058648551686592,0.39751774072647095,0.002566628623753786
single_probe,20,single,1,probe,25,0.7896435950413223,0.9708161157024794,0.18117252066115708,0.013035476932025891,0.41661369800567627,0.002566628623753786
single_probe,20,single,1,probe,26,0.7982954545454546,0.9677169421487604,0.16942148760330578,0.013715224968935735,0.437745600938797,0.002566628623753786
single_probe,20,single,1,probe,27,0.8152117768595042,0.9652634297520661,0.15005165289256195,0.013985135231304957,0.47377699613571167,0.002566628623753786
single_probe,20,single,1,probe,28,0.8446539256198348,0.9637138429752066,0.1190599173553718,0.020657750477736436,0.5952187180519104,0.002566628623753786
single_probe,20,single,1,probe,29,0.846720041322314,0.9613894628099173,0.11466942148760328,0.022614408985060508,0.6355999708175659,0.002566628623753786
single_probe,20,single,1,probe,30,0.8582128099173554,0.9572572314049587,0.09904442148760328,0.019359581865580733,0.7043673396110535,0.002566628623753786
single_probe,20,single,1,probe,31,0.7694989669421487,0.9161931818181818,0.14669421487603307,0.007379649804201471,1.1000674962997437,0.002566628623753786
single_svd_k1,20,single,1,svd,0,0.9149018595041322,0.9149018595041322,0.0,0.06090129677898792,0.36590245366096497,0.08254935592412949
single_svd_k1,20,single,1,svd,1,0.9496384297520661,0.9496384297520661,0.0,0.11846740704326642,0.3927824795246124,0.08254935592412949
single_svd_k1,20,single,1,svd,2,0.9745609504132231,0.9745609504132231,0.0,0.11819697854453959,0.45429858565330505,0.08254935592412949
single_svd_k1,20,single,1,svd,3,0.9761105371900827,0.9761105371900827,0.0,0.10170105530656903,0.4842483103275299,0.08254935592412949
single_svd_k1,20,single,1,svd,4,0.9761105371900826,0.9761105371900826,0.0,0.08173361845766614,0.46978560090065,0.08254935592412949
single_svd_k1,20,single,1,svd,5,0.9764979338842975,0.9764979338842975,0.0,0.0768378950389641,0.4704439640045166,0.08254935592412949
single_svd_k1,20,single,1,svd,6,0.9721074380165289,0.9721074380165289,0.0,0.06483201714712616,0.473873108625412,0.08254935592412949
single_svd_k1,20,single,1,svd,7,0.9735278925619835,0.9735278925619835,0.0,0.06796654561058801,0.46827301383018494,0.08254935592412949
single_svd_k1,20,single,1,svd,8,0.9677169421487604,0.9677169421487604,0.0,0.07918360124062873,0.46674779057502747,0.08254935592412949
single_svd_k1,20,single,1,svd,9,0.9628099173553719,0.9628099173553719,0.0,0.0793812735028322,0.4747171401977539,0.08254935592412949
single_svd_k1,20,single,1,svd,10,0.9595816115702479,0.9595816115702479,0.0,0.07433696646432852,0.47749391198158264,0.08254935592412949
single_svd_k1,20,single,1,svd,11,0.9620351239669421,0.9620351239669421,0.0,0.0665641979203867,0.47848057746887207,0.08254935592412949
single_svd_k1,20,single,1,svd,12,0.9648760330578513,0.9648760330578513,0.0,0.06397647667793549,0.4805683493614197,0.08254935592412949
single_svd_k1,20,single,1,svd,13,0.9673295454545455,0.9673295454545455,0.0,0.06250650192531404,0.4871984124183655,0.08254935592412949
single_svd_k1,20,single,1,svd,14,0.9706869834710743,0.9706869834710743,0.0,0.05452619855421181,0.49426212906837463,0.08254935592412949
single_svd_k1,20,single,1,svd,15,0.9704287190082644,0.9704287190082644,0.0,0.04828051296419289,0.5164835453033447,0.08254935592412949
single_svd_k1,20,single,1,svd,16,0.9749483471074379,0.9749483471074379,0.0,0.05417823522180021,0.5687251687049866,0.08254935592412949
single_svd_k1,20,single,1,svd,17,0.9713326446280992,0.9713326446280992,0.0,0.044834429965032285,0.6123746037483215,0.08254935592412949
single_svd_k1,20,single,1,svd,18,0.9730113636363636,0.9730113636363636,0.0,0.058806023202662816,0.6534175872802734,0.08254935592412949
single_svd_k1,20,single,1,svd,19,0.9745609504132232,0.9745609504132232,0.0,0.05821230101175845,0.6717294454574585,0.08254935592412949
single_svd_k1,20,single,1,svd,20,0.9722365702479339,0.9722365702479339,0.0,0.034640664077032035,0.6858553886413574,0.08254935592412949
single_svd_k1,20,single,1,svd,21,0.9692665289256199,0.9701704545454546,0.0009039256198346557,0.048477551012761855,0.6969290375709534,0.08254935592412949
single_svd_k1,20,single,1,svd,22,0.9724948347107438,0.9732696280991736,0.0007747933884297842,0.051547328367611,0.7334004640579224,0.08254935592412949
single_svd_k1,20,single,1,svd,23,0.9722365702479339,0.9730113636363636,0.0007747933884297842,0.05114515713423273,0.7781867980957031,0.08254935592412949
single_svd_k1,20,single,1,svd,24,0.9728822314049587,0.971978305785124,-0.0009039256198346557,0.05127472490372764,0.8189381957054138,0.08254935592412949
single_svd_k1,20,single,1,svd,25,0.9726239669421488,0.9708161157024794,-0.0018078512396694224,0.04739361916000895,0.8420931696891785,0.08254935592412949
single_svd_k1,20,single,1,svd,26,0.9695247933884298,0.9677169421487604,-0.0018078512396694224,0.04520143588793346,0.8614851236343384,0.08254935592412949
single_svd_k1,20,single,1,svd,27,0.9666838842975207,0.9652634297520661,-0.0014204545454545858,0.04366681899234193,0.9074000716209412,0.08254935592412949
single_svd_k1,20,single,1,svd,28,0.9652634297520661,0.9637138429752066,-0.0015495867768595684,0.05547512307704405,1.0689537525177002,0.08254935592412949
single_svd_k1,20,single,1,svd,29,0.9615185950413223,0.9613894628099173,-0.00012913223140498253,0.05370893877564731,1.0934104919433594,0.08254935592412949
single_svd_k1,20,single,1,svd,30,0.9594524793388429,0.9572572314049587,-0.002195247933884259,0.04358136870320717,1.1584107875823975,0.08254935592412949
single_svd_k1,20,single,1,svd,31,0.9208419421487603,0.9161931818181818,-0.004648760330578483,0.01530489046891248,1.7654082775115967,0.08254935592412949
single_svd_k2,20,single,2,svd,0,0.9149018595041322,0.9149018595041322,0.0,0.06090129677898792,0.36590245366096497,0.8710424304008484
single_svd_k2,20,single,2,svd,1,0.9496384297520661,0.9496384297520661,0.0,0.11846740704326642,0.3927824795246124,0.8710424304008484
single_svd_k2,20,single,2,svd,2,0.9745609504132231,0.9745609504132231,0.0,0.11819697854453959,0.45429858565330505,0.8710424304008484
single_svd_k2,20,single,2,svd,3,0.9761105371900827,0.9761105371900827,0.0,0.10170105530656903,0.4842483103275299,0.8710424304008484
single_svd_k2,20,single,2,svd,4,0.9761105371900826,0.9761105371900826,0.0,0.08173361845766614,0.46978560090065,0.8710424304008484
single_svd_k2,20,single,2,svd,5,0.9764979338842975,0.9764979338842975,0.0,0.0768378950389641,0.4704439640045166,0.8710424304008484
single_svd_k2,20,single,2,svd,6,0.9721074380165289,0.9721074380165289,0.0,0.06483201714712616,0.473873108625412,0.8710424304008484
single_svd_k2,20,single,2,svd,7,0.9735278925619835,0.9735278925619835,0.0,0.06796654561058801,0.46827301383018494,0.8710424304008484
single_svd_k2,20,single,2,svd,8,0.9677169421487604,0.9677169421487604,0.0,0.07918360124062873,0.46674779057502747,0.8710424304008484
single_svd_k2,20,single,2,svd,9,0.9628099173553719,0.9628099173553719,0.0,0.0793812735028322,0.4747171401977539,0.8710424304008484
single_svd_k2,20,single,2,svd,10,0.9595816115702479,0.9595816115702479,0.0,0.07433696646432852,0.47749391198158264,0.8710424304008484
single_svd_k2,20,single,2,svd,11,0.9620351239669421,0.9620351239669421,0.0,0.0665641979203867,0.47848057746887207,0.8710424304008484
single_svd_k2,20,single,2,svd,12,0.9648760330578513,0.9648760330578513,0.0,0.06397647667793549,0.4805683493614197,0.8710424304008484
single_svd_k2,20,single,2,svd,13,0.9673295454545455,0.9673295454545455,0.0,0.06250650192531404,0.4871984124183655,0.8710424304008484
single_svd_k2,20,single,2,svd,14,0.9706869834710743,0.9706869834710743,0.0,0.05452619855421181,0.49426212906837463,0.8710424304008484
single_svd_k2,20,single,2,svd,15,0.9704287190082644,0.9704287190082644,0.0,0.04828051296419289,0.5164835453033447,0.8710424304008484
single_svd_k2,20,single,2,svd,16,0.9749483471074379,0.9749483471074379,0.0,0.05417823522180021,0.5687251687049866,0.8710424304008484
single_svd_k2,20,single,2,svd,17,0.9713326446280992,0.9713326446280992,0.0,0.044834429965032285,0.6123746037483215,0.8710424304008484
single_svd_k2,20,single,2,svd,18,0.9730113636363636,0.9730113636363636,0.0,0.058806023202662816,0.6534175872802734,0.8710424304008484
single_svd_k2,20,single,2,svd,19,0.9745609504132232,0.9745609504132232,0.0,0.05821230101175845,0.6717294454574585,0.8710424304008484
single_svd_k2,20,single,2,svd,20,0.9722365702479339,0.9722365702479339,0.0,0.034640664077032035,0.6858553886413574,0.8710424304008484
single_svd_k2,20,single,2,svd,21,0.9511880165289256,0.9701704545454546,0.01898243801652899,0.0417944275585741,0.6655840873718262,0.8710424304008484
single_svd_k2,20,single,2,svd,22,0.9589359504132232,0.9732696280991736,0.014333677685950397,0.039518666582033624,0.6809055805206299,0.8710424304008484
single_svd_k2,20,single,2,svd,23,0.9631973140495868,0.9730113636363636,0.009814049586776896,0.04214502287364841,0.7117230892181396,0.8710424304008484
single_svd_k2,20,single,2,svd,24,0.9628099173553719,0.971978305785124,0.009168388429752095,0.04155322712164233,0.729827880859375,0.8710424304008484
single_svd_k2,20,single,2,svd,25,0.9635847107438016,0.9708161157024794,0.007231404958677801,0.038941288383430805,0.743267297744751,0.8710424304008484
single_svd_k2,20,single,2,svd,26,0.9611311983471074,0.9677169421487604,0.006585743801652999,0.036194797787604815,0.7684122920036316,0.8710424304008484
single_svd_k2,20,single,2,svd,27,0.9582902892561983,0.9652634297520661,0.006973140495867836,0.0322439193587335,0.795641303062439,0.8710424304008484
single_svd_k2,20,single,2,svd,28,0.9554493801652892,0.9637138429752066,0.008264462809917328,0.03833885569220752,0.9403329491615295,0.8710424304008484
single_svd_k2,20,single,2,svd,29,0.9509297520661157,0.9613894628099173,0.010459710743801587,0.03366703423088113,0.9585549831390381,0.8710424304008484
single_svd_k2,20,single,2,svd,30,0.9522210743801653,0.9572572314049587,0.00503615702479332,0.02833839573170327,0.993323564529419,0.8710424304008484
single_svd_k2,20,single,2,svd,31,0.9090909090909091,0.9161931818181818,0.007102272727272707,0.013840342832141528,1.2669310569763184,0.8710424304008484
single_svd_k4,20,single,4,svd,0,0.9149018595041322,0.9149018595041322,0.0,0.06090129677898792,0.36590245366096497,1.0035157203674316
single_svd_k4,20,single,4,svd,1,0.9496384297520661,0.9496384297520661,0.0,0.11846740704326642,0.3927824795246124,1.0035157203674316
single_svd_k4,20,single,4,svd,2,0.9745609504132231,0.9745609504132231,0.0,0.11819697854453959,0.45429858565330505,1.0035157203674316
single_svd_k4,20,single,4,svd,3,0.9761105371900827,0.9761105371900827,0.0,0.10170105530656903,0.4842483103275299,1.0035157203674316
single_svd_k4,20,single,4,svd,4,0.9761105371900826,0.9761105371900826,0.0,0.08173361845766614,0.46978560090065,1.0035157203674316
single_svd_k4,20,single,4,svd,5,0.9764979338842975,0.9764979338842975,0.0,0.0768378950389641,0.4704439640045166,1.0035157203674316
single_svd_k4,20,single,4,svd,6,0.9721074380165289,0.9721074380165289,0.0,0.06483201714712616,0.473873108625412,1.0035157203674316
single_svd_k4,20,single,4,svd,7,0.9735278925619835,0.9735278925619835,0.0,0.06796654561058801,0.46827301383018494,1.0035157203674316
single_svd_k4,20,single,4,svd,8,0.9677169421487604,0.9677169421487604,0.0,0.07918360124062873,0.46674779057502747,1.0035157203674316
single_svd_k4,20,single,4,svd,9,0.9628099173553719,0.9628099173553719,0.0,0.0793812735028322,0.4747171401977539,1.0035157203674316
single_svd_k4,20,single,4,svd,10,0.9595816115702479,0.9595816115702479,0.0,0.07433696646432852,0.47749391198158264,1.0035157203674316
single_svd_k4,20,single,4,svd,11,0.9620351239669421,0.9620351239669421,0.0,0.0665641979203867,0.47848057746887207,1.0035157203674316
single_svd_k4,20,single,4,svd,12,0.9648760330578513,0.9648760330578513,0.0,0.06397647667793549,0.4805683493614197,1.0035157203674316
single_svd_k4,20,single,4,svd,13,0.9673295454545455,0.9673295454545455,0.0,0.06250650192531404,0.4871984124183655,1.0035157203674316
single_svd_k4,20,single,4,svd,14,0.9706869834710743,0.9706869834710743,0.0,0.05452619855421181,0.49426212906837463,1.0035157203674316
single_svd_k4,20,single,4,svd,15,0.9704287190082644,0.9704287190082644,0.0,0.04828051296419289,0.5164835453033447,1.0035157203674316
single_svd_k4,20,single,4,svd,16,0.9749483471074379,0.9749483471074379,0.0,0.05417823522180021,0.5687251687049866,1.0035157203674316
single_svd_k4,20,single,4,svd,17,0.9713326446280992,0.9713326446280992,0.0,0.044834429965032285,0.6123746037483215,1.0035157203674316
single_svd_k4,20,single,4,svd,18,0.9730113636363636,0.9730113636363636,0.0,0.058806023202662816,0.6534175872802734,1.0035157203674316
single_svd_k4,20,single,4,svd,19,0.9745609504132232,0.9745609504132232,0.0,0.05821230101175845,0.6717294454574585,1.0035157203674316
single_svd_k4,20,single,4,svd,20,0.9722365702479339,0.9722365702479339,0.0,0.034640664077032035,0.6858553886413574,1.0035157203674316
single_svd_k4,20,single,4,svd,21,0.5609504132231405,0.9701704545454546,0.40922004132231404,0.0027232268745048804,0.17118506133556366,1.0035157203674316
single_svd_k4,20,single,4,svd,22,0.6047262396694215,0.9732696280991736,0.3685433884297521,0.0036047682039199724,0.20985744893550873,1.0035157203674316
single_svd_k4,20,single,4,svd,23,0.6472107438016529,0.9730113636363636,0.32580061983471076,0.004446400891094271,0.23738643527030945,1.0035157203674316
single_svd_k4,20,single,4,svd,24,0.6840134297520661,0.971978305785124,0.28796487603305787,0.005547899353248509,0.2725696861743927,1.0035157203674316
single_svd_k4,20,single,4,svd,25,0.703125,0.9708161157024794,0.2676911157024794,0.005696654120792233,0.29204848408699036,1.0035157203674316
single_svd_k4,20,single,4,svd,26,0.7091942148760331,0.9677169421487604,0.2585227272727273,0.005621143639984116,0.3104923963546753,1.0035157203674316
single_svd_k4,20,single,4,svd,27,0.7222365702479339,0.9652634297520661,0.24302685950413228,0.00575777385708276,0.34454047679901123,1.0035157203674316
single_svd_k4,20,single,4,svd,28,0.7710485537190082,0.9637138429752066,0.1926652892561984,0.00781388166316721,0.44091862440109253,1.0035157203674316
single_svd_k4,20,single,4,svd,29,0.7741477272727272,0.9613894628099173,0.18724173553719015,0.007769049014716423,0.4772886037826538,1.0035157203674316
single_svd_k4,20,single,4,svd,30,0.7900309917355373,0.9572572314049587,0.1672262396694214,0.007144505714716698,0.5123591423034668,1.0035157203674316
single_svd_k4,20,single,4,svd,31,0.7271435950413224,0.9161931818181818,0.18904958677685935,0.004827812244586838,0.6890925168991089,1.0035157203674316
single_svd_k8,20,single,8,svd,0,0.9149018595041322,0.9149018595041322,0.0,0.06090129677898792,0.36590245366096497,1.5852383375167847
single_svd_k8,20,single,8,svd,1,0.9496384297520661,0.9496384297520661,0.0,0.11846740704326642,0.3927824795246124,1.5852383375167847
single_svd_k8,20,single,8,svd,2,0.9745609504132231,0.9745609504132231,0.0,0.11819697854453959,0.45429858565330505,1.5852383375167847
single_svd_k8,20,single,8,svd,3,0.9761105371900827,0.9761105371900827,0.0,0.10170105530656903,0.4842483103275299,1.5852383375167847
single_svd_k8,20,single,8,svd,4,0.9761105371900826,0.9761105371900826,0.0,0.08173361845766614,0.46978560090065,1.5852383375167847
single_svd_k8,20,single,8,svd,5,0.9764979338842975,0.9764979338842975,0.0,0.0768378950389641,0.4704439640045166,1.5852383375167847
single_svd_k8,20,single,8,svd,6,0.9721074380165289,0.9721074380165289,0.0,0.06483201714712616,0.473873108625412,1.5852383375167847
single_svd_k8,20,single,8,svd,7,0.9735278925619835,0.9735278925619835,0.0,0.06796654561058801,0.46827301383018494,1.5852383375167847
single_svd_k8,20,single,8,svd,8,0.9677169421487604,0.9677169421487604,0.0,0.07918360124062873,0.46674779057502747,1.5852383375167847
single_svd_k8,20,single,8,svd,9,0.9628099173553719,0.9628099173553719,0.0,0.0793812735028322,0.4747171401977539,1.5852383375167847
single_svd_k8,20,single,8,svd,10,0.9595816115702479,0.9595816115702479,0.0,0.07433696646432852,0.47749391198158264,1.5852383375167847
single_svd_k8,20,single,8,svd,11,0.9620351239669421,0.9620351239669421,0.0,0.0665641979203867,0.47848057746887207,1.5852383375167847
single_svd_k8,20,single,8,svd,12,0.9648760330578513,0.9648760330578513,0.0,0.06397647667793549,0.4805683493614197,1.5852383375167847
single_svd_k8,20,single,8,svd,13,0.9673295454545455,0.9673295454545455,0.0,0.06250650192531404,0.4871984124183655,1.5852383375167847
single_svd_k8,20,single,8,svd,14,0.9706869834710743,0.9706869834710743,0.0,0.05452619855421181,0.49426212906837463,1.5852383375167847
single_svd_k8,20,single,8,svd,15,0.9704287190082644,0.9704287190082644,0.0,0.04828051296419289,0.5164835453033447,1.5852383375167847
single_svd_k8,20,single,8,svd,16,0.9749483471074379,0.9749483471074379,0.0,0.05417823522180021,0.5687251687049866,1.5852383375167847
single_svd_k8,20,single,8,svd,17,0.9713326446280992,0.9713326446280992,0.0,0.044834429965032285,0.6123746037483215,1.5852383375167847
single_svd_k8,20,single,8,svd,18,0.9730113636363636,0.9730113636363636,0.0,0.058806023202662816,0.6534175872802734,1.5852383375167847
single_svd_k8,20,single,8,svd,19,0.9745609504132232,0.9745609504132232,0.0,0.05821230101175845,0.6717294454574585,1.5852383375167847
single_svd_k8,20,single,8,svd,20,0.9722365702479339,0.9722365702479339,0.0,0.034640664077032035,0.6858553886413574,1.5852383375167847
single_svd_k8,20,single,8,svd,21,0.5202737603305786,0.9701704545454546,0.449896694214876,0.0016054200149435705,0.13133443892002106,1.5852383375167847
single_svd_k8,20,single,8,svd,22,0.5724431818181818,0.9732696280991736,0.40082644628099184,0.002371249475157433,0.17512530088424683,1.5852383375167847
single_svd_k8,20,single,8,svd,23,0.6195764462809917,0.9730113636363636,0.3534349173553719,0.0030302930813017603,0.1947031468153,1.5852383375167847
single_svd_k8,20,single,8,svd,24,0.6460485537190083,0.971978305785124,0.32592975206611574,0.003943871192394699,0.22726787626743317,1.5852383375167847
single_svd_k8,20,single,8,svd,25,0.6634814049586777,0.9708161157024794,0.3073347107438017,0.004127256725838135,0.24680589139461517,1.5852383375167847
single_svd_k8,20,single,8,svd,26,0.6752324380165289,0.9677169421487604,0.2924845041322315,0.004192497726159261,0.26627129316329956,1.5852383375167847
single_svd_k8,20,single,8,svd,27,0.6885330578512397,0.9652634297520661,0.2767303719008264,0.004235514440635746,0.29930227994918823,1.5852383375167847
single_svd_k8,20,single,8,svd,28,0.7755681818181818,0.9637138429752066,0.1881456611570248,0.008118766463766969,0.4581854045391083,1.5852383375167847
single_svd_k8,20,single,8,svd,29,0.7684659090909091,0.9613894628099173,0.19292355371900827,0.008092000282517775,0.5012941956520081,1.5852383375167847
single_svd_k8,20,single,8,svd,30,0.7648502066115702,0.9572572314049587,0.19240702479338845,0.007058374318628435,0.5276458859443665,1.5852383375167847
single_svd_k8,20,single,8,svd,31,0.7196539256198348,0.9161931818181818,0.196539256198347,0.004533557823324541,0.6292138695716858,1.5852383375167847
single_random,20,single,1,random,0,0.9149018595041322,0.9149018595041322,0.0,0.06090129677898792,0.36590245366096497,0.00012068197247572243
single_random,20,single,1,random,1,0.9496384297520661,0.9496384297520661,0.0,0.11846740704326642,0.3927824795246124,0.00012068197247572243
single_random,20,single,1,random,2,0.9745609504132231,0.9745609504132231,0.0,0.11819697854453959,0.45429858565330505,0.00012068197247572243
single_random,20,single,1,random,3,0.9761105371900827,0.9761105371900827,0.0,0.10170105530656903,0.4842483103275299,0.00012068197247572243
single_random,20,single,1,random,4,0.9761105371900826,0.9761105371900826,0.0,0.08173361845766614,0.46978560090065,0.00012068197247572243
single_random,20,single,1,random,5,0.9764979338842975,0.9764979338842975,0.0,0.0768378950389641,0.4704439640045166,0.00012068197247572243
single_random,20,single,1,random,6,0.9721074380165289,0.9721074380165289,0.0,0.06483201714712616,0.473873108625412,0.00012068197247572243
single_random,20,single,1,random,7,0.9735278925619835,0.9735278925619835,0.0,0.06796654561058801,0.46827301383018494,0.00012068197247572243
single_random,20,single,1,random,8,0.9677169421487604,0.9677169421487604,0.0,0.07918360124062873,0.46674779057502747,0.00012068197247572243
single_random,20,single,1,random,9,0.9628099173553719,0.9628099173553719,0.0,0.0793812735028322,0.4747171401977539,0.00012068197247572243
single_random,20,single,1,random,10,0.9595816115702479,0.9595816115702479,0.0,0.07433696646432852,0.47749391198158264,0.00012068197247572243
single_random,20,single,1,random,11,0.9620351239669421,0.9620351239669421,0.0,0.0665641979203867,0.47848057746887207,0.00012068197247572243
single_random,20,single,1,random,12,0.9648760330578513,0.9648760330578513,0.0,0.06397647667793549,0.4805683493614197,0.00012068197247572243
single_random,20,single,1,random,13,0.9673295454545455,0.9673295454545455,0.0,0.06250650192531404,0.4871984124183655,0.00012068197247572243
single_random,20,single,1,random,14,0.9706869834710743,0.9706869834710743,0.0,0.05452619855421181,0.49426212906837463,0.00012068197247572243
single_random,20,single,1,random,15,0.9704287190082644,0.9704287190082644,0.0,0.04828051296419289,0.5164835453033447,0.00012068197247572243
single_random,20,single,1,random,16,0.9749483471074379,0.9749483471074379,0.0,0.05417823522180021,0.5687251687049866,0.00012068197247572243
single_random,20,single,1,random,17,0.9713326446280992,0.9713326446280992,0.0,0.044834429965032285,0.6123746037483215,0.00012068197247572243
single_random,20,single,1,random,18,0.9730113636363636,0.9730113636363636,0.0,0.058806023202662816,0.6534175872802734,0.00012068197247572243
single_random,20,single,1,random,19,0.9745609504132232,0.9745609504132232,0.0,0.05821230101175845,0.6717294454574585,0.00012068197247572243
single_random,20,single,1,random,20,0.9722365702479339,0.9722365702479339,0.0,0.034640664077032035,0.6858553886413574,0.00012068197247572243
single_random,20,single,1,random,21,0.9701704545454546,0.9701704545454546,0.0,0.05017851948455854,0.6935200691223145,0.00012068197247572243
single_random,20,single,1,random,22,0.9731404958677686,0.9732696280991736,0.00012913223140498253,0.05519004890767221,0.7205156683921814,0.00012068197247572243
single_random,20,single,1,random,23,0.9730113636363636,0.9730113636363636,0.0,0.053596932262517494,0.7599642276763916,0.00012068197247572243
single_random,20,single,1,random,24,0.971978305785124,0.971978305785124,0.0,0.05326508569857691,0.800714910030365,0.00012068197247572243
single_random,20,single,1,random,25,0.9705578512396694,0.9708161157024794,0.00025826446280996507,0.047381049353778404,0.8233726620674133,0.00012068197247572243
single_random,20,single,1,random,26,0.9673295454545454,0.9677169421487604,0.0003873966942149476,0.04701353070357661,0.8376419544219971,0.00012068197247572243
single_random,20,single,1,random,27,0.9652634297520661,0.9652634297520661,0.0,0.04567051490906382,0.8802411556243896,0.00012068197247572243
single_random,20,single,1,random,28,0.9630681818181818,0.9637138429752066,0.0006456611570248016,0.06080804196787293,1.0507218837738037,0.00012068197247572243
single_random,20,single,1,random,29,0.9612603305785123,0.9613894628099173,0.00012913223140498253,0.06082231085117629,1.0762939453125,0.00012068197247572243
single_random,20,single,1,random,30,0.9569989669421487,0.9572572314049587,0.00025826446280996507,0.047920632842816335,1.1394751071929932,0.00012068197247572243
single_random,20,single,1,random,31,0.9155475206611571,0.9161931818181818,0.0006456611570246906,0.01427991017263508,1.6250765323638916,0.00012068197247572243
single_probe,25,single,1,probe,0,0.9149018595041322,0.9149018595041322,0.0,0.06090129677898792,0.36590245366096497,0.002161505864933133
single_probe,25,single,1,probe,1,0.9496384297520661,0.9496384297520661,0.0,0.11846740704326642,0.3927824795246124,0.002161505864933133
single_probe,25,single,1,probe,2,0.9745609504132231,0.9745609504132231,0.0,0.11819697854453959,0.45429858565330505,0.002161505864933133
single_probe,25,single,1,probe,3,0.9761105371900827,0.9761105371900827,0.0,0.10170105530656903,0.4842483103275299,0.002161505864933133
single_probe,25,single,1,probe,4,0.9761105371900826,0.9761105371900826,0.0,0.08173361845766614,0.46978560090065,0.002161505864933133
single_probe,25,single,1,probe,5,0.9764979338842975,0.9764979338842975,0.0,0.0768378950389641,0.4704439640045166,0.002161505864933133
single_probe,25,single,1,probe,6,0.9721074380165289,0.9721074380165289,0.0,0.06483201714712616,0.473873108625412,0.002161505864933133
single_probe,25,single,1,probe,7,0.9735278925619835,0.9735278925619835,0.0,0.06796654561058801,0.46827301383018494,0.002161505864933133
single_probe,25,single,1,probe,8,0.9677169421487604,0.9677169421487604,0.0,0.07918360124062873,0.46674779057502747,0.002161505864933133
single_probe,25,single,1,probe,9,0.9628099173553719,0.9628099173553719,0.0,0.0793812735028322,0.4747171401977539,0.002161505864933133
single_probe,25,single,1,probe,10,0.9595816115702479,0.9595816115702479,0.0,0.07433696646432852,0.47749391198158264,0.002161505864933133
single_probe,25,single,1,probe,11,0.9620351239669421,0.9620351239669421,0.0,0.0665641979203867,0.47848057746887207,0.002161505864933133
single_probe,25,single,1,probe,12,0.9648760330578513,0.9648760330578513,0.0,0.06397647667793549,0.4805683493614197,0.002161505864933133
single_probe,25,single,1,probe,13,0.9673295454545455,0.9673295454545455,0.0,0.06250650192531404,0.4871984124183655,0.002161505864933133
single_probe,25,single,1,probe,14,0.9706869834710743,0.9706869834710743,0.0,0.05452619855421181,0.49426212906837463,0.002161505864933133
single_probe,25,single,1,probe,15,0.9704287190082644,0.9704287190082644,0.0,0.04828051296419289,0.5164835453033447,0.002161505864933133
single_probe,25,single,1,probe,16,0.9749483471074379,0.9749483471074379,0.0,0.05417823522180021,0.5687251687049866,0.002161505864933133
single_probe,25,single,1,probe,17,0.9713326446280992,0.9713326446280992,0.0,0.044834429965032285,0.6123746037483215,0.002161505864933133
single_probe,25,single,1,probe,18,0.9730113636363636,0.9730113636363636,0.0,0.058806023202662816,0.6534175872802734,0.002161505864933133
single_probe,25,single,1,probe,19,0.9745609504132232,0.9745609504132232,0.0,0.05821230101175845,0.6717294454574585,0.002161505864933133
single_probe,25,single,1,probe,20,0.9722365702479339,0.9722365702479339,0.0,0.034640664077032035,0.6858553886413574,0.002161505864933133
single_probe,25,single,1,probe,21,0.9701704545454546,0.9701704545454546,0.0,0.05015374137874984,0.6939178109169006,0.002161505864933133
single_probe,25,single,1,probe,22,0.9732696280991736,0.9732696280991736,0.0,0.05517593064268822,0.7212401032447815,0.002161505864933133
single_probe,25,single,1,probe,23,0.9730113636363636,0.9730113636363636,0.0,0.05345658692051802,0.761090874671936,0.002161505864933133
single_probe,25,single,1,probe,24,0.971978305785124,0.971978305785124,0.0,0.05309453227459704,0.8019471168518066,0.002161505864933133
single_probe,25,single,1,probe,25,0.9708161157024794,0.9708161157024794,0.0,0.047215325341958936,0.8247278332710266,0.002161505864933133
single_probe,25,single,1,probe,26,0.38274793388429756,0.9677169421487604,0.5849690082644627,0.011714963124161204,0.4469967782497406,0.002161505864933133
single_probe,25,single,1,probe,27,0.5165289256198347,0.9652634297520661,0.4487345041322315,0.012377439184734551,0.47677043080329895,0.002161505864933133
single_probe,25,single,1,probe,28,0.7177169421487604,0.9637138429752066,0.2459969008264462,0.01841095078977739,0.5839183330535889,0.002161505864933133
single_probe,25,single,1,probe,29,0.7360537190082644,0.9613894628099173,0.2253357438016529,0.020329951602887086,0.6213534474372864,0.002161505864933133
single_probe,25,single,1,probe,30,0.7762138429752066,0.9572572314049587,0.1810433884297521,0.01733203961639118,0.6872943043708801,0.002161505864933133
single_probe,25,single,1,probe,31,0.665934917355372,0.9161931818181818,0.25025826446280974,0.0067074070448791545,1.1554886102676392,0.002161505864933133
single_svd_k1,25,single,1,svd,0,0.9149018595041322,0.9149018595041322,0.0,0.06090129677898792,0.36590245366096497,0.048348069190979004
single_svd_k1,25,single,1,svd,1,0.9496384297520661,0.9496384297520661,0.0,0.11846740704326642,0.3927824795246124,0.048348069190979004
single_svd_k1,25,single,1,svd,2,0.9745609504132231,0.9745609504132231,0.0,0.11819697854453959,0.45429858565330505,0.048348069190979004
single_svd_k1,25,single,1,svd,3,0.9761105371900827,0.9761105371900827,0.0,0.10170105530656903,0.4842483103275299,0.048348069190979004
single_svd_k1,25,single,1,svd,4,0.9761105371900826,0.9761105371900826,0.0,0.08173361845766614,0.46978560090065,0.048348069190979004
single_svd_k1,25,single,1,svd,5,0.9764979338842975,0.9764979338842975,0.0,0.0768378950389641,0.4704439640045166,0.048348069190979004
single_svd_k1,25,single,1,svd,6,0.9721074380165289,0.9721074380165289,0.0,0.06483201714712616,0.473873108625412,0.048348069190979004
single_svd_k1,25,single,1,svd,7,0.9735278925619835,0.9735278925619835,0.0,0.06796654561058801,0.46827301383018494,0.048348069190979004
single_svd_k1,25,single,1,svd,8,0.9677169421487604,0.9677169421487604,0.0,0.07918360124062873,0.46674779057502747,0.048348069190979004
single_svd_k1,25,single,1,svd,9,0.9628099173553719,0.9628099173553719,0.0,0.0793812735028322,0.4747171401977539,0.048348069190979004
single_svd_k1,25,single,1,svd,10,0.9595816115702479,0.9595816115702479,0.0,0.07433696646432852,0.47749391198158264,0.048348069190979004
single_svd_k1,25,single,1,svd,11,0.9620351239669421,0.9620351239669421,0.0,0.0665641979203867,0.47848057746887207,0.048348069190979004
single_svd_k1,25,single,1,svd,12,0.9648760330578513,0.9648760330578513,0.0,0.06397647667793549,0.4805683493614197,0.048348069190979004
single_svd_k1,25,single,1,svd,13,0.9673295454545455,0.9673295454545455,0.0,0.06250650192531404,0.4871984124183655,0.048348069190979004
single_svd_k1,25,single,1,svd,14,0.9706869834710743,0.9706869834710743,0.0,0.05452619855421181,0.49426212906837463,0.048348069190979004
single_svd_k1,25,single,1,svd,15,0.9704287190082644,0.9704287190082644,0.0,0.04828051296419289,0.5164835453033447,0.048348069190979004
single_svd_k1,25,single,1,svd,16,0.9749483471074379,0.9749483471074379,0.0,0.05417823522180021,0.5687251687049866,0.048348069190979004
single_svd_k1,25,single,1,svd,17,0.9713326446280992,0.9713326446280992,0.0,0.044834429965032285,0.6123746037483215,0.048348069190979004
single_svd_k1,25,single,1,svd,18,0.9730113636363636,0.9730113636363636,0.0,0.058806023202662816,0.6534175872802734,0.048348069190979004
single_svd_k1,25,single,1,svd,19,0.9745609504132232,0.9745609504132232,0.0,0.05821230101175845,0.6717294454574585,0.048348069190979004
single_svd_k1,25,single,1,svd,20,0.9722365702479339,0.9722365702479339,0.0,0.034640664077032035,0.6858553886413574,0.048348069190979004
single_svd_k1,25,single,1,svd,21,0.9701704545454546,0.9701704545454546,0.0,0.05015374137874984,0.6939178109169006,0.048348069190979004
single_svd_k1,25,single,1,svd,22,0.9732696280991736,0.9732696280991736,0.0,0.05517593064268822,0.7212401032447815,0.048348069190979004
single_svd_k1,25,single,1,svd,23,0.9730113636363636,0.9730113636363636,0.0,0.05345658692051802,0.761090874671936,0.048348069190979004
single_svd_k1,25,single,1,svd,24,0.971978305785124,0.971978305785124,0.0,0.05309453227459704,0.8019471168518066,0.048348069190979004
single_svd_k1,25,single,1,svd,25,0.9708161157024794,0.9708161157024794,0.0,0.047215325341958936,0.8247278332710266,0.048348069190979004
single_svd_k1,25,single,1,svd,26,0.962809917355372,0.9677169421487604,0.004907024793388337,0.05124862190344892,0.8317450881004333,0.048348069190979004
single_svd_k1,25,single,1,svd,27,0.9610020661157025,0.9652634297520661,0.0042613636363636465,0.04966890986958383,0.8721352219581604,0.048348069190979004
single_svd_k1,25,single,1,svd,28,0.9603564049586777,0.9637138429752066,0.0033574380165288797,0.06473787162771405,1.0222065448760986,0.048348069190979004
single_svd_k1,25,single,1,svd,29,0.9566115702479339,0.9613894628099173,0.004777892561983466,0.0657478620576043,1.0513553619384766,0.048348069190979004
single_svd_k1,25,single,1,svd,30,0.9528667355371901,0.9572572314049587,0.004390495867768518,0.052302819046665006,1.118000864982605,0.048348069190979004
single_svd_k1,25,single,1,svd,31,0.9048295454545455,0.9161931818181818,0.011363636363636243,0.0168643747936581,1.7028164863586426,0.048348069190979004
single_svd_k2,25,single,2,svd,0,0.9149018595041322,0.9149018595041322,0.0,0.06090129677898792,0.36590245366096497,0.15667948126792908
single_svd_k2,25,single,2,svd,1,0.9496384297520661,0.9496384297520661,0.0,0.11846740704326642,0.3927824795246124,0.15667948126792908
single_svd_k2,25,single,2,svd,2,0.9745609504132231,0.9745609504132231,0.0,0.11819697854453959,0.45429858565330505,0.15667948126792908
single_svd_k2,25,single,2,svd,3,0.9761105371900827,0.9761105371900827,0.0,0.10170105530656903,0.4842483103275299,0.15667948126792908
single_svd_k2,25,single,2,svd,4,0.9761105371900826,0.9761105371900826,0.0,0.08173361845766614,0.46978560090065,0.15667948126792908
single_svd_k2,25,single,2,svd,5,0.9764979338842975,0.9764979338842975,0.0,0.0768378950389641,0.4704439640045166,0.15667948126792908
single_svd_k2,25,single,2,svd,6,0.9721074380165289,0.9721074380165289,0.0,0.06483201714712616,0.473873108625412,0.15667948126792908
single_svd_k2,25,single,2,svd,7,0.9735278925619835,0.9735278925619835,0.0,0.06796654561058801,0.46827301383018494,0.15667948126792908
single_svd_k2,25,single,2,svd,8,0.9677169421487604,0.9677169421487604,0.0,0.07918360124062873,0.46674779057502747,0.15667948126792908
single_svd_k2,25,single,2,svd,9,0.9628099173553719,0.9628099173553719,0.0,0.0793812735028322,0.4747171401977539,0.15667948126792908
single_svd_k2,25,single,2,svd,10,0.9595816115702479,0.9595816115702479,0.0,0.07433696646432852,0.47749391198158264,0.15667948126792908
single_svd_k2,25,single,2,svd,11,0.9620351239669421,0.9620351239669421,0.0,0.0665641979203867,0.47848057746887207,0.15667948126792908
single_svd_k2,25,single,2,svd,12,0.9648760330578513,0.9648760330578513,0.0,0.06397647667793549,0.4805683493614197,0.15667948126792908
single_svd_k2,25,single,2,svd,13,0.9673295454545455,0.9673295454545455,0.0,0.06250650192531404,0.4871984124183655,0.15667948126792908
single_svd_k2,25,single,2,svd,14,0.9706869834710743,0.9706869834710743,0.0,0.05452619855421181,0.49426212906837463,0.15667948126792908
single_svd_k2,25,single,2,svd,15,0.9704287190082644,0.9704287190082644,0.0,0.04828051296419289,0.5164835453033447,0.15667948126792908
single_svd_k2,25,single,2,svd,16,0.9749483471074379,0.9749483471074379,0.0,0.05417823522180021,0.5687251687049866,0.15667948126792908
single_svd_k2,25,single,2,svd,17,0.9713326446280992,0.9713326446280992,0.0,0.044834429965032285,0.6123746037483215,0.15667948126792908
single_svd_k2,25,single,2,svd,18,0.9730113636363636,0.9730113636363636,0.0,0.058806023202662816,0.6534175872802734,0.15667948126792908
single_svd_k2,25,single,2,svd,19,0.9745609504132232,0.9745609504132232,0.0,0.05821230101175845,0.6717294454574585,0.15667948126792908
single_svd_k2,25,single,2,svd,20,0.9722365702479339,0.9722365702479339,0.0,0.034640664077032035,0.6858553886413574,0.15667948126792908
single_svd_k2,25,single,2,svd,21,0.9701704545454546,0.9701704545454546,0.0,0.05015374137874984,0.6939178109169006,0.15667948126792908
single_svd_k2,25,single,2,svd,22,0.9732696280991736,0.9732696280991736,0.0,0.05517593064268822,0.7212401032447815,0.15667948126792908
single_svd_k2,25,single,2,svd,23,0.9730113636363636,0.9730113636363636,0.0,0.05345658692051802,0.761090874671936,0.15667948126792908
single_svd_k2,25,single,2,svd,24,0.971978305785124,0.971978305785124,0.0,0.05309453227459704,0.8019471168518066,0.15667948126792908
single_svd_k2,25,single,2,svd,25,0.9708161157024794,0.9708161157024794,0.0,0.047215325341958936,0.8247278332710266,0.15667948126792908
single_svd_k2,25,single,2,svd,26,0.965263429752066,0.9677169421487604,0.002453512396694335,0.05118055212479089,0.8293671011924744,0.15667948126792908
single_svd_k2,25,single,2,svd,27,0.9634555785123967,0.9652634297520661,0.0018078512396694224,0.050287834601051906,0.8657322525978088,0.15667948126792908
single_svd_k2,25,single,2,svd,28,0.9599690082644629,0.9637138429752066,0.0037448347107437163,0.0657555386148595,1.0106216669082642,0.15667948126792908
single_svd_k2,25,single,2,svd,29,0.9554493801652892,0.9613894628099173,0.005940082644628086,0.06771374276135333,1.0359123945236206,0.15667948126792908
single_svd_k2,25,single,2,svd,30,0.9515754132231404,0.9572572314049587,0.005681818181818232,0.05474241529950241,1.096732258796692,0.15667948126792908
single_svd_k2,25,single,2,svd,31,0.9115444214876033,0.9161931818181818,0.004648760330578483,0.018717987579567996,1.6772950887680054,0.15667948126792908
single_svd_k4,25,single,4,svd,0,0.9149018595041322,0.9149018595041322,0.0,0.06090129677898792,0.36590245366096497,0.25333958864212036
single_svd_k4,25,single,4,svd,1,0.9496384297520661,0.9496384297520661,0.0,0.11846740704326642,0.3927824795246124,0.25333958864212036
single_svd_k4,25,single,4,svd,2,0.9745609504132231,0.9745609504132231,0.0,0.11819697854453959,0.45429858565330505,0.25333958864212036
single_svd_k4,25,single,4,svd,3,0.9761105371900827,0.9761105371900827,0.0,0.10170105530656903,0.4842483103275299,0.25333958864212036
single_svd_k4,25,single,4,svd,4,0.9761105371900826,0.9761105371900826,0.0,0.08173361845766614,0.46978560090065,0.25333958864212036
single_svd_k4,25,single,4,svd,5,0.9764979338842975,0.9764979338842975,0.0,0.0768378950389641,0.4704439640045166,0.25333958864212036
single_svd_k4,25,single,4,svd,6,0.9721074380165289,0.9721074380165289,0.0,0.06483201714712616,0.473873108625412,0.25333958864212036
single_svd_k4,25,single,4,svd,7,0.9735278925619835,0.9735278925619835,0.0,0.06796654561058801,0.46827301383018494,0.25333958864212036
single_svd_k4,25,single,4,svd,8,0.9677169421487604,0.9677169421487604,0.0,0.07918360124062873,0.46674779057502747,0.25333958864212036
single_svd_k4,25,single,4,svd,9,0.9628099173553719,0.9628099173553719,0.0,0.0793812735028322,0.4747171401977539,0.25333958864212036
single_svd_k4,25,single,4,svd,10,0.9595816115702479,0.9595816115702479,0.0,0.07433696646432852,0.47749391198158264,0.25333958864212036
single_svd_k4,25,single,4,svd,11,0.9620351239669421,0.9620351239669421,0.0,0.0665641979203867,0.47848057746887207,0.25333958864212036
single_svd_k4,25,single,4,svd,12,0.9648760330578513,0.9648760330578513,0.0,0.06397647667793549,0.4805683493614197,0.25333958864212036
single_svd_k4,25,single,4,svd,13,0.9673295454545455,0.9673295454545455,0.0,0.06250650192531404,0.4871984124183655,0.25333958864212036
single_svd_k4,25,single,4,svd,14,0.9706869834710743,0.9706869834710743,0.0,0.05452619855421181,0.49426212906837463,0.25333958864212036
single_svd_k4,25,single,4,svd,15,0.9704287190082644,0.9704287190082644,0.0,0.04828051296419289,0.5164835453033447,0.25333958864212036
single_svd_k4,25,single,4,svd,16,0.9749483471074379,0.9749483471074379,0.0,0.05417823522180021,0.5687251687049866,0.25333958864212036
single_svd_k4,25,single,4,svd,17,0.9713326446280992,0.9713326446280992,0.0,0.044834429965032285,0.6123746037483215,0.25333958864212036
single_svd_k4,25,single,4,svd,18,0.9730113636363636,0.9730113636363636,0.0,0.058806023202662816,0.6534175872802734,0.25333958864212036
single_svd_k4,25,single,4,svd,19,0.9745609504132232,0.9745609504132232,0.0,0.05821230101175845,0.6717294454574585,0.25333958864212036
single_svd_k4,25,single,4,svd,20,0.9722365702479339,0.9722365702479339,0.0,0.034640664077032035,0.6858553886413574,0.25333958864212036
single_svd_k4,25,single,4,svd,21,0.9701704545454546,0.9701704545454546,0.0,0.05015374137874984,0.6939178109169006,0.25333958864212036
single_svd_k4,25,single,4,svd,22,0.9732696280991736,0.9732696280991736,0.0,0.05517593064268822,0.7212401032447815,0.25333958864212036
single_svd_k4,25,single,4,svd,23,0.9730113636363636,0.9730113636363636,0.0,0.05345658692051802,0.761090874671936,0.25333958864212036
single_svd_k4,25,single,4,svd,24,0.971978305785124,0.971978305785124,0.0,0.05309453227459704,0.8019471168518066,0.25333958864212036
single_svd_k4,25,single,4,svd,25,0.9708161157024794,0.9708161157024794,0.0,0.047215325341958936,0.8247278332710266,0.25333958864212036
single_svd_k4,25,single,4,svd,26,0.6608987603305785,0.9677169421487604,0.3068181818181819,0.017882440665712873,0.4363716244697571,0.25333958864212036
single_svd_k4,25,single,4,svd,27,0.6722623966942148,0.9652634297520661,0.2930010330578513,0.01657032052205676,0.46483585238456726,0.25333958864212036
single_svd_k4,25,single,4,svd,28,0.718879132231405,0.9637138429752066,0.2448347107438016,0.020710918944041756,0.5489826798439026,0.25333958864212036
single_svd_k4,25,single,4,svd,29,0.7272727272727273,0.9613894628099173,0.23411673553719003,0.023229025683751958,0.5808662176132202,0.25333958864212036
single_svd_k4,25,single,4,svd,30,0.7325671487603306,0.9572572314049587,0.2246900826446281,0.019717195851544522,0.6189835071563721,0.25333958864212036
single_svd_k4,25,single,4,svd,31,0.6894369834710744,0.9161931818181818,0.22675619834710736,0.01206554959577455,0.905720055103302,0.25333958864212036
single_svd_k8,25,single,8,svd,0,0.9149018595041322,0.9149018595041322,0.0,0.06090129677898792,0.36590245366096497,0.4110874533653259
single_svd_k8,25,single,8,svd,1,0.9496384297520661,0.9496384297520661,0.0,0.11846740704326642,0.3927824795246124,0.4110874533653259
single_svd_k8,25,single,8,svd,2,0.9745609504132231,0.9745609504132231,0.0,0.11819697854453959,0.45429858565330505,0.4110874533653259
single_svd_k8,25,single,8,svd,3,0.9761105371900827,0.9761105371900827,0.0,0.10170105530656903,0.4842483103275299,0.4110874533653259
single_svd_k8,25,single,8,svd,4,0.9761105371900826,0.9761105371900826,0.0,0.08173361845766614,0.46978560090065,0.4110874533653259
single_svd_k8,25,single,8,svd,5,0.9764979338842975,0.9764979338842975,0.0,0.0768378950389641,0.4704439640045166,0.4110874533653259
single_svd_k8,25,single,8,svd,6,0.9721074380165289,0.9721074380165289,0.0,0.06483201714712616,0.473873108625412,0.4110874533653259
single_svd_k8,25,single,8,svd,7,0.9735278925619835,0.9735278925619835,0.0,0.06796654561058801,0.46827301383018494,0.4110874533653259
single_svd_k8,25,single,8,svd,8,0.9677169421487604,0.9677169421487604,0.0,0.07918360124062873,0.46674779057502747,0.4110874533653259
single_svd_k8,25,single,8,svd,9,0.9628099173553719,0.9628099173553719,0.0,0.0793812735028322,0.4747171401977539,0.4110874533653259
single_svd_k8,25,single,8,svd,10,0.9595816115702479,0.9595816115702479,0.0,0.07433696646432852,0.47749391198158264,0.4110874533653259
single_svd_k8,25,single,8,svd,11,0.9620351239669421,0.9620351239669421,0.0,0.0665641979203867,0.47848057746887207,0.4110874533653259
single_svd_k8,25,single,8,svd,12,0.9648760330578513,0.9648760330578513,0.0,0.06397647667793549,0.4805683493614197,0.4110874533653259
single_svd_k8,25,single,8,svd,13,0.9673295454545455,0.9673295454545455,0.0,0.06250650192531404,0.4871984124183655,0.4110874533653259
single_svd_k8,25,single,8,svd,14,0.9706869834710743,0.9706869834710743,0.0,0.05452619855421181,0.49426212906837463,0.4110874533653259
single_svd_k8,25,single,8,svd,15,0.9704287190082644,0.9704287190082644,0.0,0.04828051296419289,0.5164835453033447,0.4110874533653259
single_svd_k8,25,single,8,svd,16,0.9749483471074379,0.9749483471074379,0.0,0.05417823522180021,0.5687251687049866,0.4110874533653259
single_svd_k8,25,single,8,svd,17,0.9713326446280992,0.9713326446280992,0.0,0.044834429965032285,0.6123746037483215,0.4110874533653259
single_svd_k8,25,single,8,svd,18,0.9730113636363636,0.9730113636363636,0.0,0.058806023202662816,0.6534175872802734,0.4110874533653259
single_svd_k8,25,single,8,svd,19,0.9745609504132232,0.9745609504132232,0.0,0.05821230101175845,0.6717294454574585,0.4110874533653259
single_svd_k8,25,single,8,svd,20,0.9722365702479339,0.9722365702479339,0.0,0.034640664077032035,0.6858553886413574,0.4110874533653259
single_svd_k8,25,single,8,svd,21,0.9701704545454546,0.9701704545454546,0.0,0.05015374137874984,0.6939178109169006,0.4110874533653259
single_svd_k8,25,single,8,svd,22,0.9732696280991736,0.9732696280991736,0.0,0.05517593064268822,0.7212401032447815,0.4110874533653259
single_svd_k8,25,single,8,svd,23,0.9730113636363636,0.9730113636363636,0.0,0.05345658692051802,0.761090874671936,0.4110874533653259
single_svd_k8,25,single,8,svd,24,0.971978305785124,0.971978305785124,0.0,0.05309453227459704,0.8019471168518066,0.4110874533653259
single_svd_k8,25,single,8,svd,25,0.9708161157024794,0.9708161157024794,0.0,0.047215325341958936,0.8247278332710266,0.4110874533653259
single_svd_k8,25,single,8,svd,26,0.5808367768595042,0.9677169421487604,0.3868801652892562,0.004880615900536234,0.2359839826822281,0.4110874533653259
single_svd_k8,25,single,8,svd,27,0.5991735537190082,0.9652634297520661,0.366089876033058,0.005771471085676327,0.27517399191856384,0.4110874533653259
single_svd_k8,25,single,8,svd,28,0.6714876033057852,0.9637138429752066,0.2922262396694214,0.010069740474146771,0.37699928879737854,0.4110874533653259
single_svd_k8,25,single,8,svd,29,0.6825929752066117,0.9613894628099173,0.27879648760330566,0.0130156509877275,0.426919162273407,0.4110874533653259
single_svd_k8,25,single,8,svd,30,0.6881456611570248,0.9572572314049587,0.26911157024793386,0.011131763782931015,0.4569770395755768,0.4110874533653259
single_svd_k8,25,single,8,svd,31,0.6417871900826446,0.9161931818181818,0.27440599173553715,0.0062081872649349945,0.6379120349884033,0.4110874533653259
single_random,25,single,1,random,0,0.9149018595041322,0.9149018595041322,0.0,0.06090129677898792,0.36590245366096497,8.115269156405702e-05
single_random,25,single,1,random,1,0.9496384297520661,0.9496384297520661,0.0,0.11846740704326642,0.3927824795246124,8.115269156405702e-05
single_random,25,single,1,random,2,0.9745609504132231,0.9745609504132231,0.0,0.11819697854453959,0.45429858565330505,8.115269156405702e-05
single_random,25,single,1,random,3,0.9761105371900827,0.9761105371900827,0.0,0.10170105530656903,0.4842483103275299,8.115269156405702e-05
single_random,25,single,1,random,4,0.9761105371900826,0.9761105371900826,0.0,0.08173361845766614,0.46978560090065,8.115269156405702e-05
single_random,25,single,1,random,5,0.9764979338842975,0.9764979338842975,0.0,0.0768378950389641,0.4704439640045166,8.115269156405702e-05
single_random,25,single,1,random,6,0.9721074380165289,0.9721074380165289,0.0,0.06483201714712616,0.473873108625412,8.115269156405702e-05
single_random,25,single,1,random,7,0.9735278925619835,0.9735278925619835,0.0,0.06796654561058801,0.46827301383018494,8.115269156405702e-05
single_random,25,single,1,random,8,0.9677169421487604,0.9677169421487604,0.0,0.07918360124062873,0.46674779057502747,8.115269156405702e-05
single_random,25,single,1,random,9,0.9628099173553719,0.9628099173553719,0.0,0.0793812735028322,0.4747171401977539,8.115269156405702e-05
single_random,25,single,1,random,10,0.9595816115702479,0.9595816115702479,0.0,0.07433696646432852,0.47749391198158264,8.115269156405702e-05
single_random,25,single,1,random,11,0.9620351239669421,0.9620351239669421,0.0,0.0665641979203867,0.47848057746887207,8.115269156405702e-05
single_random,25,single,1,random,12,0.9648760330578513,0.9648760330578513,0.0,0.06397647667793549,0.4805683493614197,8.115269156405702e-05
single_random,25,single,1,random,13,0.9673295454545455,0.9673295454545455,0.0,0.06250650192531404,0.4871984124183655,8.115269156405702e-05
single_random,25,single,1,random,14,0.9706869834710743,0.9706869834710743,0.0,0.05452619855421181,0.49426212906837463,8.115269156405702e-05
single_random,25,single,1,random,15,0.9704287190082644,0.9704287190082644,0.0,0.04828051296419289,0.5164835453033447,8.115269156405702e-05
single_random,25,single,1,random,16,0.9749483471074379,0.9749483471074379,0.0,0.05417823522180021,0.5687251687049866,8.115269156405702e-05
single_random,25,single,1,random,17,0.9713326446280992,0.9713326446280992,0.0,0.044834429965032285,0.6123746037483215,8.115269156405702e-05
single_random,25,single,1,random,18,0.9730113636363636,0.9730113636363636,0.0,0.058806023202662816,0.6534175872802734,8.115269156405702e-05
single_random,25,single,1,random,19,0.9745609504132232,0.9745609504132232,0.0,0.05821230101175845,0.6717294454574585,8.115269156405702e-05
single_random,25,single,1,random,20,0.9722365702479339,0.9722365702479339,0.0,0.034640664077032035,0.6858553886413574,8.115269156405702e-05
single_random,25,single,1,random,21,0.9701704545454546,0.9701704545454546,0.0,0.05015374137874984,0.6939178109169006,8.115269156405702e-05
single_random,25,single,1,random,22,0.9732696280991736,0.9732696280991736,0.0,0.05517593064268822,0.7212401032447815,8.115269156405702e-05
single_random,25,single,1,random,23,0.9730113636363636,0.9730113636363636,0.0,0.05345658692051802,0.761090874671936,8.115269156405702e-05
single_random,25,single,1,random,24,0.971978305785124,0.971978305785124,0.0,0.05309453227459704,0.8019471168518066,8.115269156405702e-05
single_random,25,single,1,random,25,0.9708161157024794,0.9708161157024794,0.0,0.047215325341958936,0.8247278332710266,8.115269156405702e-05
single_random,25,single,1,random,26,0.9679752066115702,0.9677169421487604,-0.00025826446280985405,0.046861947081317745,0.8385608792304993,8.115269156405702e-05
single_random,25,single,1,random,27,0.9653925619834711,0.9652634297520661,-0.00012913223140498253,0.04554887275049413,0.881083607673645,8.115269156405702e-05
single_random,25,single,1,random,28,0.9633264462809917,0.9637138429752066,0.0003873966942148366,0.06074291341190308,1.0520095825195312,8.115269156405702e-05
single_random,25,single,1,random,29,0.9613894628099173,0.9613894628099173,0.0,0.06079316029660453,1.0775436162948608,8.115269156405702e-05
single_random,25,single,1,random,30,0.9568698347107437,0.9572572314049587,0.0003873966942149476,0.047914895698571214,1.1407191753387451,8.115269156405702e-05
single_random,25,single,1,random,31,0.915418388429752,0.9161931818181818,0.0007747933884297842,0.014264364555147901,1.6270699501037598,8.115269156405702e-05
single_probe,30,single,1,probe,0,0.9149018595041322,0.9149018595041322,0.0,0.06090129677898792,0.36590245366096497,0.0012348145246505737
single_probe,30,single,1,probe,1,0.9496384297520661,0.9496384297520661,0.0,0.11846740704326642,0.3927824795246124,0.0012348145246505737
single_probe,30,single,1,probe,2,0.9745609504132231,0.9745609504132231,0.0,0.11819697854453959,0.45429858565330505,0.0012348145246505737
single_probe,30,single,1,probe,3,0.9761105371900827,0.9761105371900827,0.0,0.10170105530656903,0.4842483103275299,0.0012348145246505737
single_probe,30,single,1,probe,4,0.9761105371900826,0.9761105371900826,0.0,0.08173361845766614,0.46978560090065,0.0012348145246505737
single_probe,30,single,1,probe,5,0.9764979338842975,0.9764979338842975,0.0,0.0768378950389641,0.4704439640045166,0.0012348145246505737
single_probe,30,single,1,probe,6,0.9721074380165289,0.9721074380165289,0.0,0.06483201714712616,0.473873108625412,0.0012348145246505737
single_probe,30,single,1,probe,7,0.9735278925619835,0.9735278925619835,0.0,0.06796654561058801,0.46827301383018494,0.0012348145246505737
single_probe,30,single,1,probe,8,0.9677169421487604,0.9677169421487604,0.0,0.07918360124062873,0.46674779057502747,0.0012348145246505737
single_probe,30,single,1,probe,9,0.9628099173553719,0.9628099173553719,0.0,0.0793812735028322,0.4747171401977539,0.0012348145246505737
single_probe,30,single,1,probe,10,0.9595816115702479,0.9595816115702479,0.0,0.07433696646432852,0.47749391198158264,0.0012348145246505737
single_probe,30,single,1,probe,11,0.9620351239669421,0.9620351239669421,0.0,0.0665641979203867,0.47848057746887207,0.0012348145246505737
single_probe,30,single,1,probe,12,0.9648760330578513,0.9648760330578513,0.0,0.06397647667793549,0.4805683493614197,0.0012348145246505737
single_probe,30,single,1,probe,13,0.9673295454545455,0.9673295454545455,0.0,0.06250650192531404,0.4871984124183655,0.0012348145246505737
single_probe,30,single,1,probe,14,0.9706869834710743,0.9706869834710743,0.0,0.05452619855421181,0.49426212906837463,0.0012348145246505737
single_probe,30,single,1,probe,15,0.9704287190082644,0.9704287190082644,0.0,0.04828051296419289,0.5164835453033447,0.0012348145246505737
single_probe,30,single,1,probe,16,0.9749483471074379,0.9749483471074379,0.0,0.05417823522180021,0.5687251687049866,0.0012348145246505737
single_probe,30,single,1,probe,17,0.9713326446280992,0.9713326446280992,0.0,0.044834429965032285,0.6123746037483215,0.0012348145246505737
single_probe,30,single,1,probe,18,0.9730113636363636,0.9730113636363636,0.0,0.058806023202662816,0.6534175872802734,0.0012348145246505737
single_probe,30,single,1,probe,19,0.9745609504132232,0.9745609504132232,0.0,0.05821230101175845,0.6717294454574585,0.0012348145246505737
single_probe,30,single,1,probe,20,0.9722365702479339,0.9722365702479339,0.0,0.034640664077032035,0.6858553886413574,0.0012348145246505737
single_probe,30,single,1,probe,21,0.9701704545454546,0.9701704545454546,0.0,0.05015374137874984,0.6939178109169006,0.0012348145246505737
single_probe,30,single,1,probe,22,0.9732696280991736,0.9732696280991736,0.0,0.05517593064268822,0.7212401032447815,0.0012348145246505737
single_probe,30,single,1,probe,23,0.9730113636363636,0.9730113636363636,0.0,0.05345658692051802,0.761090874671936,0.0012348145246505737
single_probe,30,single,1,probe,24,0.971978305785124,0.971978305785124,0.0,0.05309453227459704,0.8019471168518066,0.0012348145246505737
single_probe,30,single,1,probe,25,0.9708161157024794,0.9708161157024794,0.0,0.047215325341958936,0.8247278332710266,0.0012348145246505737
single_probe,30,single,1,probe,26,0.9677169421487604,0.9677169421487604,0.0,0.04691559821429159,0.8387752175331116,0.0012348145246505737
single_probe,30,single,1,probe,27,0.9652634297520661,0.9652634297520661,0.0,0.045589152871619354,0.8814979195594788,0.0012348145246505737
single_probe,30,single,1,probe,28,0.9637138429752066,0.9637138429752066,0.0,0.060782161165756854,1.0523580312728882,0.0012348145246505737
single_probe,30,single,1,probe,29,0.9613894628099173,0.9613894628099173,0.0,0.06082263893211759,1.077965259552002,0.0012348145246505737
single_probe,30,single,1,probe,30,0.9572572314049587,0.9572572314049587,0.0,0.047929947638685966,1.1413953304290771,0.0012348145246505737
single_probe,30,single,1,probe,31,0.3985020661157025,0.9161931818181818,0.5176911157024793,0.006917145141355996,1.2138142585754395,0.0012348145246505737
single_svd_k1,30,single,1,svd,0,0.9149018595041322,0.9149018595041322,0.0,0.06090129677898792,0.36590245366096497,0.10587780922651291
single_svd_k1,30,single,1,svd,1,0.9496384297520661,0.9496384297520661,0.0,0.11846740704326642,0.3927824795246124,0.10587780922651291
single_svd_k1,30,single,1,svd,2,0.9745609504132231,0.9745609504132231,0.0,0.11819697854453959,0.45429858565330505,0.10587780922651291
single_svd_k1,30,single,1,svd,3,0.9761105371900827,0.9761105371900827,0.0,0.10170105530656903,0.4842483103275299,0.10587780922651291
single_svd_k1,30,single,1,svd,4,0.9761105371900826,0.9761105371900826,0.0,0.08173361845766614,0.46978560090065,0.10587780922651291
single_svd_k1,30,single,1,svd,5,0.9764979338842975,0.9764979338842975,0.0,0.0768378950389641,0.4704439640045166,0.10587780922651291
single_svd_k1,30,single,1,svd,6,0.9721074380165289,0.9721074380165289,0.0,0.06483201714712616,0.473873108625412,0.10587780922651291
single_svd_k1,30,single,1,svd,7,0.9735278925619835,0.9735278925619835,0.0,0.06796654561058801,0.46827301383018494,0.10587780922651291
single_svd_k1,30,single,1,svd,8,0.9677169421487604,0.9677169421487604,0.0,0.07918360124062873,0.46674779057502747,0.10587780922651291
single_svd_k1,30,single,1,svd,9,0.9628099173553719,0.9628099173553719,0.0,0.0793812735028322,0.4747171401977539,0.10587780922651291
single_svd_k1,30,single,1,svd,10,0.9595816115702479,0.9595816115702479,0.0,0.07433696646432852,0.47749391198158264,0.10587780922651291
single_svd_k1,30,single,1,svd,11,0.9620351239669421,0.9620351239669421,0.0,0.0665641979203867,0.47848057746887207,0.10587780922651291
single_svd_k1,30,single,1,svd,12,0.9648760330578513,0.9648760330578513,0.0,0.06397647667793549,0.4805683493614197,0.10587780922651291
single_svd_k1,30,single,1,svd,13,0.9673295454545455,0.9673295454545455,0.0,0.06250650192531404,0.4871984124183655,0.10587780922651291
single_svd_k1,30,single,1,svd,14,0.9706869834710743,0.9706869834710743,0.0,0.05452619855421181,0.49426212906837463,0.10587780922651291
single_svd_k1,30,single,1,svd,15,0.9704287190082644,0.9704287190082644,0.0,0.04828051296419289,0.5164835453033447,0.10587780922651291
single_svd_k1,30,single,1,svd,16,0.9749483471074379,0.9749483471074379,0.0,0.05417823522180021,0.5687251687049866,0.10587780922651291
single_svd_k1,30,single,1,svd,17,0.9713326446280992,0.9713326446280992,0.0,0.044834429965032285,0.6123746037483215,0.10587780922651291
single_svd_k1,30,single,1,svd,18,0.9730113636363636,0.9730113636363636,0.0,0.058806023202662816,0.6534175872802734,0.10587780922651291
single_svd_k1,30,single,1,svd,19,0.9745609504132232,0.9745609504132232,0.0,0.05821230101175845,0.6717294454574585,0.10587780922651291
single_svd_k1,30,single,1,svd,20,0.9722365702479339,0.9722365702479339,0.0,0.034640664077032035,0.6858553886413574,0.10587780922651291
single_svd_k1,30,single,1,svd,21,0.9701704545454546,0.9701704545454546,0.0,0.05015374137874984,0.6939178109169006,0.10587780922651291
single_svd_k1,30,single,1,svd,22,0.9732696280991736,0.9732696280991736,0.0,0.05517593064268822,0.7212401032447815,0.10587780922651291
single_svd_k1,30,single,1,svd,23,0.9730113636363636,0.9730113636363636,0.0,0.05345658692051802,0.761090874671936,0.10587780922651291
single_svd_k1,30,single,1,svd,24,0.971978305785124,0.971978305785124,0.0,0.05309453227459704,0.8019471168518066,0.10587780922651291
single_svd_k1,30,single,1,svd,25,0.9708161157024794,0.9708161157024794,0.0,0.047215325341958936,0.8247278332710266,0.10587780922651291
single_svd_k1,30,single,1,svd,26,0.9677169421487604,0.9677169421487604,0.0,0.04691559821429159,0.8387752175331116,0.10587780922651291
single_svd_k1,30,single,1,svd,27,0.9652634297520661,0.9652634297520661,0.0,0.045589152871619354,0.8814979195594788,0.10587780922651291
single_svd_k1,30,single,1,svd,28,0.9637138429752066,0.9637138429752066,0.0,0.060782161165756854,1.0523580312728882,0.10587780922651291
single_svd_k1,30,single,1,svd,29,0.9613894628099173,0.9613894628099173,0.0,0.06082263893211759,1.077965259552002,0.10587780922651291
single_svd_k1,30,single,1,svd,30,0.9572572314049587,0.9572572314049587,0.0,0.047929947638685966,1.1413953304290771,0.10587780922651291
single_svd_k1,30,single,1,svd,31,0.903279958677686,0.9161931818181818,0.012913223140495811,0.018916146816266965,1.627496600151062,0.10587780922651291
single_svd_k2,30,single,2,svd,0,0.9149018595041322,0.9149018595041322,0.0,0.06090129677898792,0.36590245366096497,0.31449344754219055
single_svd_k2,30,single,2,svd,1,0.9496384297520661,0.9496384297520661,0.0,0.11846740704326642,0.3927824795246124,0.31449344754219055
single_svd_k2,30,single,2,svd,2,0.9745609504132231,0.9745609504132231,0.0,0.11819697854453959,0.45429858565330505,0.31449344754219055
single_svd_k2,30,single,2,svd,3,0.9761105371900827,0.9761105371900827,0.0,0.10170105530656903,0.4842483103275299,0.31449344754219055
single_svd_k2,30,single,2,svd,4,0.9761105371900826,0.9761105371900826,0.0,0.08173361845766614,0.46978560090065,0.31449344754219055
single_svd_k2,30,single,2,svd,5,0.9764979338842975,0.9764979338842975,0.0,0.0768378950389641,0.4704439640045166,0.31449344754219055
single_svd_k2,30,single,2,svd,6,0.9721074380165289,0.9721074380165289,0.0,0.06483201714712616,0.473873108625412,0.31449344754219055
single_svd_k2,30,single,2,svd,7,0.9735278925619835,0.9735278925619835,0.0,0.06796654561058801,0.46827301383018494,0.31449344754219055
single_svd_k2,30,single,2,svd,8,0.9677169421487604,0.9677169421487604,0.0,0.07918360124062873,0.46674779057502747,0.31449344754219055
single_svd_k2,30,single,2,svd,9,0.9628099173553719,0.9628099173553719,0.0,0.0793812735028322,0.4747171401977539,0.31449344754219055
single_svd_k2,30,single,2,svd,10,0.9595816115702479,0.9595816115702479,0.0,0.07433696646432852,0.47749391198158264,0.31449344754219055
single_svd_k2,30,single,2,svd,11,0.9620351239669421,0.9620351239669421,0.0,0.0665641979203867,0.47848057746887207,0.31449344754219055
single_svd_k2,30,single,2,svd,12,0.9648760330578513,0.9648760330578513,0.0,0.06397647667793549,0.4805683493614197,0.31449344754219055
single_svd_k2,30,single,2,svd,13,0.9673295454545455,0.9673295454545455,0.0,0.06250650192531404,0.4871984124183655,0.31449344754219055
single_svd_k2,30,single,2,svd,14,0.9706869834710743,0.9706869834710743,0.0,0.05452619855421181,0.49426212906837463,0.31449344754219055
single_svd_k2,30,single,2,svd,15,0.9704287190082644,0.9704287190082644,0.0,0.04828051296419289,0.5164835453033447,0.31449344754219055
single_svd_k2,30,single,2,svd,16,0.9749483471074379,0.9749483471074379,0.0,0.05417823522180021,0.5687251687049866,0.31449344754219055
single_svd_k2,30,single,2,svd,17,0.9713326446280992,0.9713326446280992,0.0,0.044834429965032285,0.6123746037483215,0.31449344754219055
single_svd_k2,30,single,2,svd,18,0.9730113636363636,0.9730113636363636,0.0,0.058806023202662816,0.6534175872802734,0.31449344754219055
single_svd_k2,30,single,2,svd,19,0.9745609504132232,0.9745609504132232,0.0,0.05821230101175845,0.6717294454574585,0.31449344754219055
single_svd_k2,30,single,2,svd,20,0.9722365702479339,0.9722365702479339,0.0,0.034640664077032035,0.6858553886413574,0.31449344754219055
single_svd_k2,30,single,2,svd,21,0.9701704545454546,0.9701704545454546,0.0,0.05015374137874984,0.6939178109169006,0.31449344754219055
single_svd_k2,30,single,2,svd,22,0.9732696280991736,0.9732696280991736,0.0,0.05517593064268822,0.7212401032447815,0.31449344754219055
single_svd_k2,30,single,2,svd,23,0.9730113636363636,0.9730113636363636,0.0,0.05345658692051802,0.761090874671936,0.31449344754219055
single_svd_k2,30,single,2,svd,24,0.971978305785124,0.971978305785124,0.0,0.05309453227459704,0.8019471168518066,0.31449344754219055
single_svd_k2,30,single,2,svd,25,0.9708161157024794,0.9708161157024794,0.0,0.047215325341958936,0.8247278332710266,0.31449344754219055
single_svd_k2,30,single,2,svd,26,0.9677169421487604,0.9677169421487604,0.0,0.04691559821429159,0.8387752175331116,0.31449344754219055
single_svd_k2,30,single,2,svd,27,0.9652634297520661,0.9652634297520661,0.0,0.045589152871619354,0.8814979195594788,0.31449344754219055
single_svd_k2,30,single,2,svd,28,0.9637138429752066,0.9637138429752066,0.0,0.060782161165756854,1.0523580312728882,0.31449344754219055
single_svd_k2,30,single,2,svd,29,0.9613894628099173,0.9613894628099173,0.0,0.06082263893211759,1.077965259552002,0.31449344754219055
single_svd_k2,30,single,2,svd,30,0.9572572314049587,0.9572572314049587,0.0,0.047929947638685966,1.1413953304290771,0.31449344754219055
single_svd_k2,30,single,2,svd,31,0.9081869834710744,0.9161931818181818,0.008006198347107363,0.01836893743665091,1.5890096426010132,0.31449344754219055
single_svd_k4,30,single,4,svd,0,0.9149018595041322,0.9149018595041322,0.0,0.06090129677898792,0.36590245366096497,0.4637116491794586
single_svd_k4,30,single,4,svd,1,0.9496384297520661,0.9496384297520661,0.0,0.11846740704326642,0.3927824795246124,0.4637116491794586
single_svd_k4,30,single,4,svd,2,0.9745609504132231,0.9745609504132231,0.0,0.11819697854453959,0.45429858565330505,0.4637116491794586
single_svd_k4,30,single,4,svd,3,0.9761105371900827,0.9761105371900827,0.0,0.10170105530656903,0.4842483103275299,0.4637116491794586
single_svd_k4,30,single,4,svd,4,0.9761105371900826,0.9761105371900826,0.0,0.08173361845766614,0.46978560090065,0.4637116491794586
single_svd_k4,30,single,4,svd,5,0.9764979338842975,0.9764979338842975,0.0,0.0768378950389641,0.4704439640045166,0.4637116491794586
single_svd_k4,30,single,4,svd,6,0.9721074380165289,0.9721074380165289,0.0,0.06483201714712616,0.473873108625412,0.4637116491794586
single_svd_k4,30,single,4,svd,7,0.9735278925619835,0.9735278925619835,0.0,0.06796654561058801,0.46827301383018494,0.4637116491794586
single_svd_k4,30,single,4,svd,8,0.9677169421487604,0.9677169421487604,0.0,0.07918360124062873,0.46674779057502747,0.4637116491794586
single_svd_k4,30,single,4,svd,9,0.9628099173553719,0.9628099173553719,0.0,0.0793812735028322,0.4747171401977539,0.4637116491794586
single_svd_k4,30,single,4,svd,10,0.9595816115702479,0.9595816115702479,0.0,0.07433696646432852,0.47749391198158264,0.4637116491794586
single_svd_k4,30,single,4,svd,11,0.9620351239669421,0.9620351239669421,0.0,0.0665641979203867,0.47848057746887207,0.4637116491794586
single_svd_k4,30,single,4,svd,12,0.9648760330578513,0.9648760330578513,0.0,0.06397647667793549,0.4805683493614197,0.4637116491794586
single_svd_k4,30,single,4,svd,13,0.9673295454545455,0.9673295454545455,0.0,0.06250650192531404,0.4871984124183655,0.4637116491794586
single_svd_k4,30,single,4,svd,14,0.9706869834710743,0.9706869834710743,0.0,0.05452619855421181,0.49426212906837463,0.4637116491794586
single_svd_k4,30,single,4,svd,15,0.9704287190082644,0.9704287190082644,0.0,0.04828051296419289,0.5164835453033447,0.4637116491794586
single_svd_k4,30,single,4,svd,16,0.9749483471074379,0.9749483471074379,0.0,0.05417823522180021,0.5687251687049866,0.4637116491794586
single_svd_k4,30,single,4,svd,17,0.9713326446280992,0.9713326446280992,0.0,0.044834429965032285,0.6123746037483215,0.4637116491794586
single_svd_k4,30,single,4,svd,18,0.9730113636363636,0.9730113636363636,0.0,0.058806023202662816,0.6534175872802734,0.4637116491794586
single_svd_k4,30,single,4,svd,19,0.9745609504132232,0.9745609504132232,0.0,0.05821230101175845,0.6717294454574585,0.4637116491794586
single_svd_k4,30,single,4,svd,20,0.9722365702479339,0.9722365702479339,0.0,0.034640664077032035,0.6858553886413574,0.4637116491794586
single_svd_k4,30,single,4,svd,21,0.9701704545454546,0.9701704545454546,0.0,0.05015374137874984,0.6939178109169006,0.4637116491794586
single_svd_k4,30,single,4,svd,22,0.9732696280991736,0.9732696280991736,0.0,0.05517593064268822,0.7212401032447815,0.4637116491794586
single_svd_k4,30,single,4,svd,23,0.9730113636363636,0.9730113636363636,0.0,0.05345658692051802,0.761090874671936,0.4637116491794586
single_svd_k4,30,single,4,svd,24,0.971978305785124,0.971978305785124,0.0,0.05309453227459704,0.8019471168518066,0.4637116491794586
single_svd_k4,30,single,4,svd,25,0.9708161157024794,0.9708161157024794,0.0,0.047215325341958936,0.8247278332710266,0.4637116491794586
single_svd_k4,30,single,4,svd,26,0.9677169421487604,0.9677169421487604,0.0,0.04691559821429159,0.8387752175331116,0.4637116491794586
single_svd_k4,30,single,4,svd,27,0.9652634297520661,0.9652634297520661,0.0,0.045589152871619354,0.8814979195594788,0.4637116491794586
single_svd_k4,30,single,4,svd,28,0.9637138429752066,0.9637138429752066,0.0,0.060782161165756854,1.0523580312728882,0.4637116491794586
single_svd_k4,30,single,4,svd,29,0.9613894628099173,0.9613894628099173,0.0,0.06082263893211759,1.077965259552002,0.4637116491794586
single_svd_k4,30,single,4,svd,30,0.9572572314049587,0.9572572314049587,0.0,0.047929947638685966,1.1413953304290771,0.4637116491794586
single_svd_k4,30,single,4,svd,31,0.6098915289256197,0.9161931818181818,0.30630165289256206,0.011921081597181082,0.9536239504814148,0.4637116491794586
single_svd_k8,30,single,8,svd,0,0.9149018595041322,0.9149018595041322,0.0,0.06090129677898792,0.36590245366096497,0.6139963865280151
single_svd_k8,30,single,8,svd,1,0.9496384297520661,0.9496384297520661,0.0,0.11846740704326642,0.3927824795246124,0.6139963865280151
single_svd_k8,30,single,8,svd,2,0.9745609504132231,0.9745609504132231,0.0,0.11819697854453959,0.45429858565330505,0.6139963865280151
single_svd_k8,30,single,8,svd,3,0.9761105371900827,0.9761105371900827,0.0,0.10170105530656903,0.4842483103275299,0.6139963865280151
single_svd_k8,30,single,8,svd,4,0.9761105371900826,0.9761105371900826,0.0,0.08173361845766614,0.46978560090065,0.6139963865280151
single_svd_k8,30,single,8,svd,5,0.9764979338842975,0.9764979338842975,0.0,0.0768378950389641,0.4704439640045166,0.6139963865280151
single_svd_k8,30,single,8,svd,6,0.9721074380165289,0.9721074380165289,0.0,0.06483201714712616,0.473873108625412,0.6139963865280151
single_svd_k8,30,single,8,svd,7,0.9735278925619835,0.9735278925619835,0.0,0.06796654561058801,0.46827301383018494,0.6139963865280151
single_svd_k8,30,single,8,svd,8,0.9677169421487604,0.9677169421487604,0.0,0.07918360124062873,0.46674779057502747,0.6139963865280151
single_svd_k8,30,single,8,svd,9,0.9628099173553719,0.9628099173553719,0.0,0.0793812735028322,0.4747171401977539,0.6139963865280151
single_svd_k8,30,single,8,svd,10,0.9595816115702479,0.9595816115702479,0.0,0.07433696646432852,0.47749391198158264,0.6139963865280151
single_svd_k8,30,single,8,svd,11,0.9620351239669421,0.9620351239669421,0.0,0.0665641979203867,0.47848057746887207,0.6139963865280151
single_svd_k8,30,single,8,svd,12,0.9648760330578513,0.9648760330578513,0.0,0.06397647667793549,0.4805683493614197,0.6139963865280151
single_svd_k8,30,single,8,svd,13,0.9673295454545455,0.9673295454545455,0.0,0.06250650192531404,0.4871984124183655,0.6139963865280151
single_svd_k8,30,single,8,svd,14,0.9706869834710743,0.9706869834710743,0.0,0.05452619855421181,0.49426212906837463,0.6139963865280151
single_svd_k8,30,single,8,svd,15,0.9704287190082644,0.9704287190082644,0.0,0.04828051296419289,0.5164835453033447,0.6139963865280151
single_svd_k8,30,single,8,svd,16,0.9749483471074379,0.9749483471074379,0.0,0.05417823522180021,0.5687251687049866,0.6139963865280151
single_svd_k8,30,single,8,svd,17,0.9713326446280992,0.9713326446280992,0.0,0.044834429965032285,0.6123746037483215,0.6139963865280151
single_svd_k8,30,single,8,svd,18,0.9730113636363636,0.9730113636363636,0.0,0.058806023202662816,0.6534175872802734,0.6139963865280151
single_svd_k8,30,single,8,svd,19,0.9745609504132232,0.9745609504132232,0.0,0.05821230101175845,0.6717294454574585,0.6139963865280151
single_svd_k8,30,single,8,svd,20,0.9722365702479339,0.9722365702479339,0.0,0.034640664077032035,0.6858553886413574,0.6139963865280151
single_svd_k8,30,single,8,svd,21,0.9701704545454546,0.9701704545454546,0.0,0.05015374137874984,0.6939178109169006,0.6139963865280151
single_svd_k8,30,single,8,svd,22,0.9732696280991736,0.9732696280991736,0.0,0.05517593064268822,0.7212401032447815,0.6139963865280151
single_svd_k8,30,single,8,svd,23,0.9730113636363636,0.9730113636363636,0.0,0.05345658692051802,0.761090874671936,0.6139963865280151
single_svd_k8,30,single,8,svd,24,0.971978305785124,0.971978305785124,0.0,0.05309453227459704,0.8019471168518066,0.6139963865280151
single_svd_k8,30,single,8,svd,25,0.9708161157024794,0.9708161157024794,0.0,0.047215325341958936,0.8247278332710266,0.6139963865280151
single_svd_k8,30,single,8,svd,26,0.9677169421487604,0.9677169421487604,0.0,0.04691559821429159,0.8387752175331116,0.6139963865280151
single_svd_k8,30,single,8,svd,27,0.9652634297520661,0.9652634297520661,0.0,0.045589152871619354,0.8814979195594788,0.6139963865280151
single_svd_k8,30,single,8,svd,28,0.9637138429752066,0.9637138429752066,0.0,0.060782161165756854,1.0523580312728882,0.6139963865280151
single_svd_k8,30,single,8,svd,29,0.9613894628099173,0.9613894628099173,0.0,0.06082263893211759,1.077965259552002,0.6139963865280151
single_svd_k8,30,single,8,svd,30,0.9572572314049587,0.9572572314049587,0.0,0.047929947638685966,1.1413953304290771,0.6139963865280151
single_svd_k8,30,single,8,svd,31,0.4934142561983471,0.9161931818181818,0.42277892561983466,0.002901125962676776,0.58069908618927,0.6139963865280151
single_random,30,single,1,random,0,0.9149018595041322,0.9149018595041322,0.0,0.06090129677898792,0.36590245366096497,4.46696940343827e-05
single_random,30,single,1,random,1,0.9496384297520661,0.9496384297520661,0.0,0.11846740704326642,0.3927824795246124,4.46696940343827e-05
single_random,30,single,1,random,2,0.9745609504132231,0.9745609504132231,0.0,0.11819697854453959,0.45429858565330505,4.46696940343827e-05
single_random,30,single,1,random,3,0.9761105371900827,0.9761105371900827,0.0,0.10170105530656903,0.4842483103275299,4.46696940343827e-05
single_random,30,single,1,random,4,0.9761105371900826,0.9761105371900826,0.0,0.08173361845766614,0.46978560090065,4.46696940343827e-05
single_random,30,single,1,random,5,0.9764979338842975,0.9764979338842975,0.0,0.0768378950389641,0.4704439640045166,4.46696940343827e-05
single_random,30,single,1,random,6,0.9721074380165289,0.9721074380165289,0.0,0.06483201714712616,0.473873108625412,4.46696940343827e-05
single_random,30,single,1,random,7,0.9735278925619835,0.9735278925619835,0.0,0.06796654561058801,0.46827301383018494,4.46696940343827e-05
single_random,30,single,1,random,8,0.9677169421487604,0.9677169421487604,0.0,0.07918360124062873,0.46674779057502747,4.46696940343827e-05
single_random,30,single,1,random,9,0.9628099173553719,0.9628099173553719,0.0,0.0793812735028322,0.4747171401977539,4.46696940343827e-05
single_random,30,single,1,random,10,0.9595816115702479,0.9595816115702479,0.0,0.07433696646432852,0.47749391198158264,4.46696940343827e-05
single_random,30,single,1,random,11,0.9620351239669421,0.9620351239669421,0.0,0.0665641979203867,0.47848057746887207,4.46696940343827e-05
single_random,30,single,1,random,12,0.9648760330578513,0.9648760330578513,0.0,0.06397647667793549,0.4805683493614197,4.46696940343827e-05
single_random,30,single,1,random,13,0.9673295454545455,0.9673295454545455,0.0,0.06250650192531404,0.4871984124183655,4.46696940343827e-05
single_random,30,single,1,random,14,0.9706869834710743,0.9706869834710743,0.0,0.05452619855421181,0.49426212906837463,4.46696940343827e-05
single_random,30,single,1,random,15,0.9704287190082644,0.9704287190082644,0.0,0.04828051296419289,0.5164835453033447,4.46696940343827e-05
single_random,30,single,1,random,16,0.9749483471074379,0.9749483471074379,0.0,0.05417823522180021,0.5687251687049866,4.46696940343827e-05
single_random,30,single,1,random,17,0.9713326446280992,0.9713326446280992,0.0,0.044834429965032285,0.6123746037483215,4.46696940343827e-05
single_random,30,single,1,random,18,0.9730113636363636,0.9730113636363636,0.0,0.058806023202662816,0.6534175872802734,4.46696940343827e-05
single_random,30,single,1,random,19,0.9745609504132232,0.9745609504132232,0.0,0.05821230101175845,0.6717294454574585,4.46696940343827e-05
single_random,30,single,1,random,20,0.9722365702479339,0.9722365702479339,0.0,0.034640664077032035,0.6858553886413574,4.46696940343827e-05
single_random,30,single,1,random,21,0.9701704545454546,0.9701704545454546,0.0,0.05015374137874984,0.6939178109169006,4.46696940343827e-05
single_random,30,single,1,random,22,0.9732696280991736,0.9732696280991736,0.0,0.05517593064268822,0.7212401032447815,4.46696940343827e-05
single_random,30,single,1,random,23,0.9730113636363636,0.9730113636363636,0.0,0.05345658692051802,0.761090874671936,4.46696940343827e-05
single_random,30,single,1,random,24,0.971978305785124,0.971978305785124,0.0,0.05309453227459704,0.8019471168518066,4.46696940343827e-05
single_random,30,single,1,random,25,0.9708161157024794,0.9708161157024794,0.0,0.047215325341958936,0.8247278332710266,4.46696940343827e-05
single_random,30,single,1,random,26,0.9677169421487604,0.9677169421487604,0.0,0.04691559821429159,0.8387752175331116,4.46696940343827e-05
single_random,30,single,1,random,27,0.9652634297520661,0.9652634297520661,0.0,0.045589152871619354,0.8814979195594788,4.46696940343827e-05
single_random,30,single,1,random,28,0.9637138429752066,0.9637138429752066,0.0,0.060782161165756854,1.0523580312728882,4.46696940343827e-05
single_random,30,single,1,random,29,0.9613894628099173,0.9613894628099173,0.0,0.06082263893211759,1.077965259552002,4.46696940343827e-05
single_random,30,single,1,random,30,0.9572572314049587,0.9572572314049587,0.0,0.047929947638685966,1.1413953304290771,4.46696940343827e-05
single_random,30,single,1,random,31,0.9159349173553719,0.9161931818181818,0.00025826446280985405,0.014292921187951335,1.6279525756835938,4.46696940343827e-05
single_probe,31,single,1,probe,0,0.9149018595041322,0.9149018595041322,0.0,0.06090129677898792,0.36590245366096497,0.002756156725808978
single_probe,31,single,1,probe,1,0.9496384297520661,0.9496384297520661,0.0,0.11846740704326642,0.3927824795246124,0.002756156725808978
single_probe,31,single,1,probe,2,0.9745609504132231,0.9745609504132231,0.0,0.11819697854453959,0.45429858565330505,0.002756156725808978
single_probe,31,single,1,probe,3,0.9761105371900827,0.9761105371900827,0.0,0.10170105530656903,0.4842483103275299,0.002756156725808978
single_probe,31,single,1,probe,4,0.9761105371900826,0.9761105371900826,0.0,0.08173361845766614,0.46978560090065,0.002756156725808978
single_probe,31,single,1,probe,5,0.9764979338842975,0.9764979338842975,0.0,0.0768378950389641,0.4704439640045166,0.002756156725808978
single_probe,31,single,1,probe,6,0.9721074380165289,0.9721074380165289,0.0,0.06483201714712616,0.473873108625412,0.002756156725808978
single_probe,31,single,1,probe,7,0.9735278925619835,0.9735278925619835,0.0,0.06796654561058801,0.46827301383018494,0.002756156725808978
single_probe,31,single,1,probe,8,0.9677169421487604,0.9677169421487604,0.0,0.07918360124062873,0.46674779057502747,0.002756156725808978
single_probe,31,single,1,probe,9,0.9628099173553719,0.9628099173553719,0.0,0.0793812735028322,0.4747171401977539,0.002756156725808978
single_probe,31,single,1,probe,10,0.9595816115702479,0.9595816115702479,0.0,0.07433696646432852,0.47749391198158264,0.002756156725808978
single_probe,31,single,1,probe,11,0.9620351239669421,0.9620351239669421,0.0,0.0665641979203867,0.47848057746887207,0.002756156725808978
single_probe,31,single,1,probe,12,0.9648760330578513,0.9648760330578513,0.0,0.06397647667793549,0.4805683493614197,0.002756156725808978
single_probe,31,single,1,probe,13,0.9673295454545455,0.9673295454545455,0.0,0.06250650192531404,0.4871984124183655,0.002756156725808978
single_probe,31,single,1,probe,14,0.9706869834710743,0.9706869834710743,0.0,0.05452619855421181,0.49426212906837463,0.002756156725808978
single_probe,31,single,1,probe,15,0.9704287190082644,0.9704287190082644,0.0,0.04828051296419289,0.5164835453033447,0.002756156725808978
single_probe,31,single,1,probe,16,0.9749483471074379,0.9749483471074379,0.0,0.05417823522180021,0.5687251687049866,0.002756156725808978
single_probe,31,single,1,probe,17,0.9713326446280992,0.9713326446280992,0.0,0.044834429965032285,0.6123746037483215,0.002756156725808978
single_probe,31,single,1,probe,18,0.9730113636363636,0.9730113636363636,0.0,0.058806023202662816,0.6534175872802734,0.002756156725808978
single_probe,31,single,1,probe,19,0.9745609504132232,0.9745609504132232,0.0,0.05821230101175845,0.6717294454574585,0.002756156725808978
single_probe,31,single,1,probe,20,0.9722365702479339,0.9722365702479339,0.0,0.034640664077032035,0.6858553886413574,0.002756156725808978
single_probe,31,single,1,probe,21,0.9701704545454546,0.9701704545454546,0.0,0.05015374137874984,0.6939178109169006,0.002756156725808978
single_probe,31,single,1,probe,22,0.9732696280991736,0.9732696280991736,0.0,0.05517593064268822,0.7212401032447815,0.002756156725808978
single_probe,31,single,1,probe,23,0.9730113636363636,0.9730113636363636,0.0,0.05345658692051802,0.761090874671936,0.002756156725808978
single_probe,31,single,1,probe,24,0.971978305785124,0.971978305785124,0.0,0.05309453227459704,0.8019471168518066,0.002756156725808978
single_probe,31,single,1,probe,25,0.9708161157024794,0.9708161157024794,0.0,0.047215325341958936,0.8247278332710266,0.002756156725808978
single_probe,31,single,1,probe,26,0.9677169421487604,0.9677169421487604,0.0,0.04691559821429159,0.8387752175331116,0.002756156725808978
single_probe,31,single,1,probe,27,0.9652634297520661,0.9652634297520661,0.0,0.045589152871619354,0.8814979195594788,0.002756156725808978
single_probe,31,single,1,probe,28,0.9637138429752066,0.9637138429752066,0.0,0.060782161165756854,1.0523580312728882,0.002756156725808978
single_probe,31,single,1,probe,29,0.9613894628099173,0.9613894628099173,0.0,0.06082263893211759,1.077965259552002,0.002756156725808978
single_probe,31,single,1,probe,30,0.9572572314049587,0.9572572314049587,0.0,0.047929947638685966,1.1413953304290771,0.002756156725808978
single_probe,31,single,1,probe,31,0.9161931818181818,0.9161931818181818,0.0,0.014320205823703969,1.6287744045257568,0.002756156725808978
single_svd_k1,31,single,1,svd,0,0.9149018595041322,0.9149018595041322,0.0,0.06090129677898792,0.36590245366096497,0.3500925302505493
single_svd_k1,31,single,1,svd,1,0.9496384297520661,0.9496384297520661,0.0,0.11846740704326642,0.3927824795246124,0.3500925302505493
single_svd_k1,31,single,1,svd,2,0.9745609504132231,0.9745609504132231,0.0,0.11819697854453959,0.45429858565330505,0.3500925302505493
single_svd_k1,31,single,1,svd,3,0.9761105371900827,0.9761105371900827,0.0,0.10170105530656903,0.4842483103275299,0.3500925302505493
single_svd_k1,31,single,1,svd,4,0.9761105371900826,0.9761105371900826,0.0,0.08173361845766614,0.46978560090065,0.3500925302505493
single_svd_k1,31,single,1,svd,5,0.9764979338842975,0.9764979338842975,0.0,0.0768378950389641,0.4704439640045166,0.3500925302505493
single_svd_k1,31,single,1,svd,6,0.9721074380165289,0.9721074380165289,0.0,0.06483201714712616,0.473873108625412,0.3500925302505493
single_svd_k1,31,single,1,svd,7,0.9735278925619835,0.9735278925619835,0.0,0.06796654561058801,0.46827301383018494,0.3500925302505493
single_svd_k1,31,single,1,svd,8,0.9677169421487604,0.9677169421487604,0.0,0.07918360124062873,0.46674779057502747,0.3500925302505493
single_svd_k1,31,single,1,svd,9,0.9628099173553719,0.9628099173553719,0.0,0.0793812735028322,0.4747171401977539,0.3500925302505493
single_svd_k1,31,single,1,svd,10,0.9595816115702479,0.9595816115702479,0.0,0.07433696646432852,0.47749391198158264,0.3500925302505493
single_svd_k1,31,single,1,svd,11,0.9620351239669421,0.9620351239669421,0.0,0.0665641979203867,0.47848057746887207,0.3500925302505493
single_svd_k1,31,single,1,svd,12,0.9648760330578513,0.9648760330578513,0.0,0.06397647667793549,0.4805683493614197,0.3500925302505493
single_svd_k1,31,single,1,svd,13,0.9673295454545455,0.9673295454545455,0.0,0.06250650192531404,0.4871984124183655,0.3500925302505493
single_svd_k1,31,single,1,svd,14,0.9706869834710743,0.9706869834710743,0.0,0.05452619855421181,0.49426212906837463,0.3500925302505493
single_svd_k1,31,single,1,svd,15,0.9704287190082644,0.9704287190082644,0.0,0.04828051296419289,0.5164835453033447,0.3500925302505493
single_svd_k1,31,single,1,svd,16,0.9749483471074379,0.9749483471074379,0.0,0.05417823522180021,0.5687251687049866,0.3500925302505493
single_svd_k1,31,single,1,svd,17,0.9713326446280992,0.9713326446280992,0.0,0.044834429965032285,0.6123746037483215,0.3500925302505493
single_svd_k1,31,single,1,svd,18,0.9730113636363636,0.9730113636363636,0.0,0.058806023202662816,0.6534175872802734,0.3500925302505493
single_svd_k1,31,single,1,svd,19,0.9745609504132232,0.9745609504132232,0.0,0.05821230101175845,0.6717294454574585,0.3500925302505493
single_svd_k1,31,single,1,svd,20,0.9722365702479339,0.9722365702479339,0.0,0.034640664077032035,0.6858553886413574,0.3500925302505493
single_svd_k1,31,single,1,svd,21,0.9701704545454546,0.9701704545454546,0.0,0.05015374137874984,0.6939178109169006,0.3500925302505493
single_svd_k1,31,single,1,svd,22,0.9732696280991736,0.9732696280991736,0.0,0.05517593064268822,0.7212401032447815,0.3500925302505493
single_svd_k1,31,single,1,svd,23,0.9730113636363636,0.9730113636363636,0.0,0.05345658692051802,0.761090874671936,0.3500925302505493
single_svd_k1,31,single,1,svd,24,0.971978305785124,0.971978305785124,0.0,0.05309453227459704,0.8019471168518066,0.3500925302505493
single_svd_k1,31,single,1,svd,25,0.9708161157024794,0.9708161157024794,0.0,0.047215325341958936,0.8247278332710266,0.3500925302505493
single_svd_k1,31,single,1,svd,26,0.9677169421487604,0.9677169421487604,0.0,0.04691559821429159,0.8387752175331116,0.3500925302505493
single_svd_k1,31,single,1,svd,27,0.9652634297520661,0.9652634297520661,0.0,0.045589152871619354,0.8814979195594788,0.3500925302505493
single_svd_k1,31,single,1,svd,28,0.9637138429752066,0.9637138429752066,0.0,0.060782161165756854,1.0523580312728882,0.3500925302505493
single_svd_k1,31,single,1,svd,29,0.9613894628099173,0.9613894628099173,0.0,0.06082263893211759,1.077965259552002,0.3500925302505493
single_svd_k1,31,single,1,svd,30,0.9572572314049587,0.9572572314049587,0.0,0.047929947638685966,1.1413953304290771,0.3500925302505493
single_svd_k1,31,single,1,svd,31,0.9161931818181818,0.9161931818181818,0.0,0.014320205823703969,1.6287744045257568,0.3500925302505493
single_svd_k2,31,single,2,svd,0,0.9149018595041322,0.9149018595041322,0.0,0.06090129677898792,0.36590245366096497,1.0634976625442505
single_svd_k2,31,single,2,svd,1,0.9496384297520661,0.9496384297520661,0.0,0.11846740704326642,0.3927824795246124,1.0634976625442505
single_svd_k2,31,single,2,svd,2,0.9745609504132231,0.9745609504132231,0.0,0.11819697854453959,0.45429858565330505,1.0634976625442505
single_svd_k2,31,single,2,svd,3,0.9761105371900827,0.9761105371900827,0.0,0.10170105530656903,0.4842483103275299,1.0634976625442505
single_svd_k2,31,single,2,svd,4,0.9761105371900826,0.9761105371900826,0.0,0.08173361845766614,0.46978560090065,1.0634976625442505
single_svd_k2,31,single,2,svd,5,0.9764979338842975,0.9764979338842975,0.0,0.0768378950389641,0.4704439640045166,1.0634976625442505
single_svd_k2,31,single,2,svd,6,0.9721074380165289,0.9721074380165289,0.0,0.06483201714712616,0.473873108625412,1.0634976625442505
single_svd_k2,31,single,2,svd,7,0.9735278925619835,0.9735278925619835,0.0,0.06796654561058801,0.46827301383018494,1.0634976625442505
single_svd_k2,31,single,2,svd,8,0.9677169421487604,0.9677169421487604,0.0,0.07918360124062873,0.46674779057502747,1.0634976625442505
single_svd_k2,31,single,2,svd,9,0.9628099173553719,0.9628099173553719,0.0,0.0793812735028322,0.4747171401977539,1.0634976625442505
single_svd_k2,31,single,2,svd,10,0.9595816115702479,0.9595816115702479,0.0,0.07433696646432852,0.47749391198158264,1.0634976625442505
single_svd_k2,31,single,2,svd,11,0.9620351239669421,0.9620351239669421,0.0,0.0665641979203867,0.47848057746887207,1.0634976625442505
single_svd_k2,31,single,2,svd,12,0.9648760330578513,0.9648760330578513,0.0,0.06397647667793549,0.4805683493614197,1.0634976625442505
single_svd_k2,31,single,2,svd,13,0.9673295454545455,0.9673295454545455,0.0,0.06250650192531404,0.4871984124183655,1.0634976625442505
single_svd_k2,31,single,2,svd,14,0.9706869834710743,0.9706869834710743,0.0,0.05452619855421181,0.49426212906837463,1.0634976625442505
single_svd_k2,31,single,2,svd,15,0.9704287190082644,0.9704287190082644,0.0,0.04828051296419289,0.5164835453033447,1.0634976625442505
single_svd_k2,31,single,2,svd,16,0.9749483471074379,0.9749483471074379,0.0,0.05417823522180021,0.5687251687049866,1.0634976625442505
single_svd_k2,31,single,2,svd,17,0.9713326446280992,0.9713326446280992,0.0,0.044834429965032285,0.6123746037483215,1.0634976625442505
single_svd_k2,31,single,2,svd,18,0.9730113636363636,0.9730113636363636,0.0,0.058806023202662816,0.6534175872802734,1.0634976625442505
single_svd_k2,31,single,2,svd,19,0.9745609504132232,0.9745609504132232,0.0,0.05821230101175845,0.6717294454574585,1.0634976625442505
single_svd_k2,31,single,2,svd,20,0.9722365702479339,0.9722365702479339,0.0,0.034640664077032035,0.6858553886413574,1.0634976625442505
single_svd_k2,31,single,2,svd,21,0.9701704545454546,0.9701704545454546,0.0,0.05015374137874984,0.6939178109169006,1.0634976625442505
single_svd_k2,31,single,2,svd,22,0.9732696280991736,0.9732696280991736,0.0,0.05517593064268822,0.7212401032447815,1.0634976625442505
single_svd_k2,31,single,2,svd,23,0.9730113636363636,0.9730113636363636,0.0,0.05345658692051802,0.761090874671936,1.0634976625442505
single_svd_k2,31,single,2,svd,24,0.971978305785124,0.971978305785124,0.0,0.05309453227459704,0.8019471168518066,1.0634976625442505
single_svd_k2,31,single,2,svd,25,0.9708161157024794,0.9708161157024794,0.0,0.047215325341958936,0.8247278332710266,1.0634976625442505
single_svd_k2,31,single,2,svd,26,0.9677169421487604,0.9677169421487604,0.0,0.04691559821429159,0.8387752175331116,1.0634976625442505
single_svd_k2,31,single,2,svd,27,0.9652634297520661,0.9652634297520661,0.0,0.045589152871619354,0.8814979195594788,1.0634976625442505
single_svd_k2,31,single,2,svd,28,0.9637138429752066,0.9637138429752066,0.0,0.060782161165756854,1.0523580312728882,1.0634976625442505
single_svd_k2,31,single,2,svd,29,0.9613894628099173,0.9613894628099173,0.0,0.06082263893211759,1.077965259552002,1.0634976625442505
single_svd_k2,31,single,2,svd,30,0.9572572314049587,0.9572572314049587,0.0,0.047929947638685966,1.1413953304290771,1.0634976625442505
single_svd_k2,31,single,2,svd,31,0.9161931818181818,0.9161931818181818,0.0,0.014320205823703969,1.6287744045257568,1.0634976625442505
single_svd_k4,31,single,4,svd,0,0.9149018595041322,0.9149018595041322,0.0,0.06090129677898792,0.36590245366096497,1.0450255870819092
single_svd_k4,31,single,4,svd,1,0.9496384297520661,0.9496384297520661,0.0,0.11846740704326642,0.3927824795246124,1.0450255870819092
single_svd_k4,31,single,4,svd,2,0.9745609504132231,0.9745609504132231,0.0,0.11819697854453959,0.45429858565330505,1.0450255870819092
single_svd_k4,31,single,4,svd,3,0.9761105371900827,0.9761105371900827,0.0,0.10170105530656903,0.4842483103275299,1.0450255870819092
single_svd_k4,31,single,4,svd,4,0.9761105371900826,0.9761105371900826,0.0,0.08173361845766614,0.46978560090065,1.0450255870819092
single_svd_k4,31,single,4,svd,5,0.9764979338842975,0.9764979338842975,0.0,0.0768378950389641,0.4704439640045166,1.0450255870819092
single_svd_k4,31,single,4,svd,6,0.9721074380165289,0.9721074380165289,0.0,0.06483201714712616,0.473873108625412,1.0450255870819092
single_svd_k4,31,single,4,svd,7,0.9735278925619835,0.9735278925619835,0.0,0.06796654561058801,0.46827301383018494,1.0450255870819092
single_svd_k4,31,single,4,svd,8,0.9677169421487604,0.9677169421487604,0.0,0.07918360124062873,0.46674779057502747,1.0450255870819092
single_svd_k4,31,single,4,svd,9,0.9628099173553719,0.9628099173553719,0.0,0.0793812735028322,0.4747171401977539,1.0450255870819092
single_svd_k4,31,single,4,svd,10,0.9595816115702479,0.9595816115702479,0.0,0.07433696646432852,0.47749391198158264,1.0450255870819092
single_svd_k4,31,single,4,svd,11,0.9620351239669421,0.9620351239669421,0.0,0.0665641979203867,0.47848057746887207,1.0450255870819092
single_svd_k4,31,single,4,svd,12,0.9648760330578513,0.9648760330578513,0.0,0.06397647667793549,0.4805683493614197,1.0450255870819092
single_svd_k4,31,single,4,svd,13,0.9673295454545455,0.9673295454545455,0.0,0.06250650192531404,0.4871984124183655,1.0450255870819092
single_svd_k4,31,single,4,svd,14,0.9706869834710743,0.9706869834710743,0.0,0.05452619855421181,0.49426212906837463,1.0450255870819092
single_svd_k4,31,single,4,svd,15,0.9704287190082644,0.9704287190082644,0.0,0.04828051296419289,0.5164835453033447,1.0450255870819092
single_svd_k4,31,single,4,svd,16,0.9749483471074379,0.9749483471074379,0.0,0.05417823522180021,0.5687251687049866,1.0450255870819092
single_svd_k4,31,single,4,svd,17,0.9713326446280992,0.9713326446280992,0.0,0.044834429965032285,0.6123746037483215,1.0450255870819092
single_svd_k4,31,single,4,svd,18,0.9730113636363636,0.9730113636363636,0.0,0.058806023202662816,0.6534175872802734,1.0450255870819092
single_svd_k4,31,single,4,svd,19,0.9745609504132232,0.9745609504132232,0.0,0.05821230101175845,0.6717294454574585,1.0450255870819092
single_svd_k4,31,single,4,svd,20,0.9722365702479339,0.9722365702479339,0.0,0.034640664077032035,0.6858553886413574,1.0450255870819092
single_svd_k4,31,single,4,svd,21,0.9701704545454546,0.9701704545454546,0.0,0.05015374137874984,0.6939178109169006,1.0450255870819092
single_svd_k4,31,single,4,svd,22,0.9732696280991736,0.9732696280991736,0.0,0.05517593064268822,0.7212401032447815,1.0450255870819092
single_svd_k4,31,single,4,svd,23,0.9730113636363636,0.9730113636363636,0.0,0.05345658692051802,0.761090874671936,1.0450255870819092
single_svd_k4,31,single,4,svd,24,0.971978305785124,0.971978305785124,0.0,0.05309453227459704,0.8019471168518066,1.0450255870819092
single_svd_k4,31,single,4,svd,25,0.9708161157024794,0.9708161157024794,0.0,0.047215325341958936,0.8247278332710266,1.0450255870819092
single_svd_k4,31,single,4,svd,26,0.9677169421487604,0.9677169421487604,0.0,0.04691559821429159,0.8387752175331116,1.0450255870819092
single_svd_k4,31,single,4,svd,27,0.9652634297520661,0.9652634297520661,0.0,0.045589152871619354,0.8814979195594788,1.0450255870819092
single_svd_k4,31,single,4,svd,28,0.9637138429752066,0.9637138429752066,0.0,0.060782161165756854,1.0523580312728882,1.0450255870819092
single_svd_k4,31,single,4,svd,29,0.9613894628099173,0.9613894628099173,0.0,0.06082263893211759,1.077965259552002,1.0450255870819092
single_svd_k4,31,single,4,svd,30,0.9572572314049587,0.9572572314049587,0.0,0.047929947638685966,1.1413953304290771,1.0450255870819092
single_svd_k4,31,single,4,svd,31,0.9161931818181818,0.9161931818181818,0.0,0.014320205823703969,1.6287744045257568,1.0450255870819092
single_svd_k8,31,single,8,svd,0,0.9149018595041322,0.9149018595041322,0.0,0.06090129677898792,0.36590245366096497,1.4869189262390137
single_svd_k8,31,single,8,svd,1,0.9496384297520661,0.9496384297520661,0.0,0.11846740704326642,0.3927824795246124,1.4869189262390137
single_svd_k8,31,single,8,svd,2,0.9745609504132231,0.9745609504132231,0.0,0.11819697854453959,0.45429858565330505,1.4869189262390137
single_svd_k8,31,single,8,svd,3,0.9761105371900827,0.9761105371900827,0.0,0.10170105530656903,0.4842483103275299,1.4869189262390137
single_svd_k8,31,single,8,svd,4,0.9761105371900826,0.9761105371900826,0.0,0.08173361845766614,0.46978560090065,1.4869189262390137
single_svd_k8,31,single,8,svd,5,0.9764979338842975,0.9764979338842975,0.0,0.0768378950389641,0.4704439640045166,1.4869189262390137
single_svd_k8,31,single,8,svd,6,0.9721074380165289,0.9721074380165289,0.0,0.06483201714712616,0.473873108625412,1.4869189262390137
single_svd_k8,31,single,8,svd,7,0.9735278925619835,0.9735278925619835,0.0,0.06796654561058801,0.46827301383018494,1.4869189262390137
single_svd_k8,31,single,8,svd,8,0.9677169421487604,0.9677169421487604,0.0,0.07918360124062873,0.46674779057502747,1.4869189262390137
single_svd_k8,31,single,8,svd,9,0.9628099173553719,0.9628099173553719,0.0,0.0793812735028322,0.4747171401977539,1.4869189262390137
single_svd_k8,31,single,8,svd,10,0.9595816115702479,0.9595816115702479,0.0,0.07433696646432852,0.47749391198158264,1.4869189262390137
single_svd_k8,31,single,8,svd,11,0.9620351239669421,0.9620351239669421,0.0,0.0665641979203867,0.47848057746887207,1.4869189262390137
single_svd_k8,31,single,8,svd,12,0.9648760330578513,0.9648760330578513,0.0,0.06397647667793549,0.4805683493614197,1.4869189262390137
single_svd_k8,31,single,8,svd,13,0.9673295454545455,0.9673295454545455,0.0,0.06250650192531404,0.4871984124183655,1.4869189262390137
single_svd_k8,31,single,8,svd,14,0.9706869834710743,0.9706869834710743,0.0,0.05452619855421181,0.49426212906837463,1.4869189262390137
single_svd_k8,31,single,8,svd,15,0.9704287190082644,0.9704287190082644,0.0,0.04828051296419289,0.5164835453033447,1.4869189262390137
single_svd_k8,31,single,8,svd,16,0.9749483471074379,0.9749483471074379,0.0,0.05417823522180021,0.5687251687049866,1.4869189262390137
single_svd_k8,31,single,8,svd,17,0.9713326446280992,0.9713326446280992,0.0,0.044834429965032285,0.6123746037483215,1.4869189262390137
single_svd_k8,31,single,8,svd,18,0.9730113636363636,0.9730113636363636,0.0,0.058806023202662816,0.6534175872802734,1.4869189262390137
single_svd_k8,31,single,8,svd,19,0.9745609504132232,0.9745609504132232,0.0,0.05821230101175845,0.6717294454574585,1.4869189262390137
single_svd_k8,31,single,8,svd,20,0.9722365702479339,0.9722365702479339,0.0,0.034640664077032035,0.6858553886413574,1.4869189262390137
single_svd_k8,31,single,8,svd,21,0.9701704545454546,0.9701704545454546,0.0,0.05015374137874984,0.6939178109169006,1.4869189262390137
single_svd_k8,31,single,8,svd,22,0.9732696280991736,0.9732696280991736,0.0,0.05517593064268822,0.7212401032447815,1.4869189262390137
single_svd_k8,31,single,8,svd,23,0.9730113636363636,0.9730113636363636,0.0,0.05345658692051802,0.761090874671936,1.4869189262390137
single_svd_k8,31,single,8,svd,24,0.971978305785124,0.971978305785124,0.0,0.05309453227459704,0.8019471168518066,1.4869189262390137
single_svd_k8,31,single,8,svd,25,0.9708161157024794,0.9708161157024794,0.0,0.047215325341958936,0.8247278332710266,1.4869189262390137
single_svd_k8,31,single,8,svd,26,0.9677169421487604,0.9677169421487604,0.0,0.04691559821429159,0.8387752175331116,1.4869189262390137
single_svd_k8,31,single,8,svd,27,0.9652634297520661,0.9652634297520661,0.0,0.045589152871619354,0.8814979195594788,1.4869189262390137
single_svd_k8,31,single,8,svd,28,0.9637138429752066,0.9637138429752066,0.0,0.060782161165756854,1.0523580312728882,1.4869189262390137
single_svd_k8,31,single,8,svd,29,0.9613894628099173,0.9613894628099173,0.0,0.06082263893211759,1.077965259552002,1.4869189262390137
single_svd_k8,31,single,8,svd,30,0.9572572314049587,0.9572572314049587,0.0,0.047929947638685966,1.1413953304290771,1.4869189262390137
single_svd_k8,31,single,8,svd,31,0.9161931818181818,0.9161931818181818,0.0,0.014320205823703969,1.6287744045257568,1.4869189262390137
single_random,31,single,1,random,0,0.9149018595041322,0.9149018595041322,0.0,0.06090129677898792,0.36590245366096497,0.00011641702440101653
single_random,31,single,1,random,1,0.9496384297520661,0.9496384297520661,0.0,0.11846740704326642,0.3927824795246124,0.00011641702440101653
single_random,31,single,1,random,2,0.9745609504132231,0.9745609504132231,0.0,0.11819697854453959,0.45429858565330505,0.00011641702440101653
single_random,31,single,1,random,3,0.9761105371900827,0.9761105371900827,0.0,0.10170105530656903,0.4842483103275299,0.00011641702440101653
single_random,31,single,1,random,4,0.9761105371900826,0.9761105371900826,0.0,0.08173361845766614,0.46978560090065,0.00011641702440101653
single_random,31,single,1,random,5,0.9764979338842975,0.9764979338842975,0.0,0.0768378950389641,0.4704439640045166,0.00011641702440101653
single_random,31,single,1,random,6,0.9721074380165289,0.9721074380165289,0.0,0.06483201714712616,0.473873108625412,0.00011641702440101653
single_random,31,single,1,random,7,0.9735278925619835,0.9735278925619835,0.0,0.06796654561058801,0.46827301383018494,0.00011641702440101653
single_random,31,single,1,random,8,0.9677169421487604,0.9677169421487604,0.0,0.07918360124062873,0.46674779057502747,0.00011641702440101653
single_random,31,single,1,random,9,0.9628099173553719,0.9628099173553719,0.0,0.0793812735028322,0.4747171401977539,0.00011641702440101653
single_random,31,single,1,random,10,0.9595816115702479,0.9595816115702479,0.0,0.07433696646432852,0.47749391198158264,0.00011641702440101653
single_random,31,single,1,random,11,0.9620351239669421,0.9620351239669421,0.0,0.0665641979203867,0.47848057746887207,0.00011641702440101653
single_random,31,single,1,random,12,0.9648760330578513,0.9648760330578513,0.0,0.06397647667793549,0.4805683493614197,0.00011641702440101653
single_random,31,single,1,random,13,0.9673295454545455,0.9673295454545455,0.0,0.06250650192531404,0.4871984124183655,0.00011641702440101653
single_random,31,single,1,random,14,0.9706869834710743,0.9706869834710743,0.0,0.05452619855421181,0.49426212906837463,0.00011641702440101653
single_random,31,single,1,random,15,0.9704287190082644,0.9704287190082644,0.0,0.04828051296419289,0.5164835453033447,0.00011641702440101653
single_random,31,single,1,random,16,0.9749483471074379,0.9749483471074379,0.0,0.05417823522180021,0.5687251687049866,0.00011641702440101653
single_random,31,single,1,random,17,0.9713326446280992,0.9713326446280992,0.0,0.044834429965032285,0.6123746037483215,0.00011641702440101653
single_random,31,single,1,random,18,0.9730113636363636,0.9730113636363636,0.0,0.058806023202662816,0.6534175872802734,0.00011641702440101653
single_random,31,single,1,random,19,0.9745609504132232,0.9745609504132232,0.0,0.05821230101175845,0.6717294454574585,0.00011641702440101653
single_random,31,single,1,random,20,0.9722365702479339,0.9722365702479339,0.0,0.034640664077032035,0.6858553886413574,0.00011641702440101653
single_random,31,single,1,random,21,0.9701704545454546,0.9701704545454546,0.0,0.05015374137874984,0.6939178109169006,0.00011641702440101653
single_random,31,single,1,random,22,0.9732696280991736,0.9732696280991736,0.0,0.05517593064268822,0.7212401032447815,0.00011641702440101653
single_random,31,single,1,random,23,0.9730113636363636,0.9730113636363636,0.0,0.05345658692051802,0.761090874671936,0.00011641702440101653
single_random,31,single,1,random,24,0.971978305785124,0.971978305785124,0.0,0.05309453227459704,0.8019471168518066,0.00011641702440101653
single_random,31,single,1,random,25,0.9708161157024794,0.9708161157024794,0.0,0.047215325341958936,0.8247278332710266,0.00011641702440101653
single_random,31,single,1,random,26,0.9677169421487604,0.9677169421487604,0.0,0.04691559821429159,0.8387752175331116,0.00011641702440101653
single_random,31,single,1,random,27,0.9652634297520661,0.9652634297520661,0.0,0.045589152871619354,0.8814979195594788,0.00011641702440101653
single_random,31,single,1,random,28,0.9637138429752066,0.9637138429752066,0.0,0.060782161165756854,1.0523580312728882,0.00011641702440101653
single_random,31,single,1,random,29,0.9613894628099173,0.9613894628099173,0.0,0.06082263893211759,1.077965259552002,0.00011641702440101653
single_random,31,single,1,random,30,0.9572572314049587,0.9572572314049587,0.0,0.047929947638685966,1.1413953304290771,0.00011641702440101653
single_random,31,single,1,random,31,0.9161931818181818,0.9161931818181818,0.0,0.014320205823703969,1.6287744045257568,0.00011641702440101653
cumulative_probe,0,cumulative,1,probe,0,0.9149018595041322,0.9149018595041322,0.0,0.06090129677898792,0.36590245366096497,0.02189886011183262
cumulative_probe,0,cumulative,1,probe,1,0.8336776859504131,0.9496384297520661,0.115960743801653,0.06931398466023886,0.29971131682395935,0.02189886011183262
cumulative_probe,0,cumulative,1,probe,2,0.8389721074380165,0.9745609504132231,0.13558884297520657,0.0640155566451448,0.33086100220680237,0.02189886011183262
cumulative_probe,0,cumulative,1,probe,3,0.740831611570248,0.9761105371900827,0.23527892561983466,0.050915069210876074,0.3411419093608856,0.02189886011183262
cumulative_probe,0,cumulative,1,probe,4,0.5951704545454546,0.9761105371900826,0.380940082644628,0.04000366000802236,0.33085301518440247,0.02189886011183262
cumulative_probe,0,cumulative,1,probe,5,0.5357696280991735,0.9764979338842975,0.440728305785124,0.03403859217077654,0.31480807065963745,0.02189886011183262
cumulative_probe,0,cumulative,1,probe,6,0.5202737603305785,0.9721074380165289,0.4518336776859504,0.027462445401922553,0.30669212341308594,0.02189886011183262
cumulative_probe,0,cumulative,1,probe,7,0.46151859504132237,0.9735278925619835,0.5120092975206612,0.027393795193369264,0.3004205822944641,0.02189886011183262
cumulative_probe,0,cumulative,1,probe,8,0.39888946280991733,0.9677169421487604,0.568827479338843,0.03277579945238629,0.30424338579177856,0.02189886011183262
cumulative_probe,0,cumulative,1,probe,9,0.36053719008264457,0.9628099173553719,0.6022727272727273,0.0344220873666109,0.3111189603805542,0.02189886011183262
cumulative_probe,0,cumulative,1,probe,10,0.33341942148760334,0.9595816115702479,0.6261621900826446,0.028802223960673667,0.30443981289863586,0.02189886011183262
cumulative_probe,0,cumulative,1,probe,11,0.35046487603305787,0.9620351239669421,0.6115702479338843,0.02688724733908121,0.3085137903690338,0.02189886011183262
cumulative_probe,0,cumulative,1,probe,12,0.33057851239669417,0.9648760330578513,0.6342975206611572,0.02514402167235652,0.3088948130607605,0.02189886011183262
cumulative_probe,0,cumulative,1,probe,13,0.35472623966942146,0.9673295454545455,0.6126033057851241,0.02517528153518911,0.31613120436668396,0.02189886011183262
cumulative_probe,0,cumulative,1,probe,14,0.34013429752066116,0.9706869834710743,0.6305526859504131,0.022944374963546288,0.32268181443214417,0.02189886011183262
cumulative_probe,0,cumulative,1,probe,15,0.4047004132231405,0.9704287190082644,0.5657283057851239,0.020176806186861906,0.33905354142189026,0.02189886011183262
cumulative_probe,0,cumulative,1,probe,16,0.490444214876033,0.9749483471074379,0.4845041322314049,0.021694918867328772,0.3674420118331909,0.02189886011183262
cumulative_probe,0,cumulative,1,probe,17,0.5014204545454545,0.9713326446280992,0.46991219008264473,0.018925441665682774,0.41184720396995544,0.02189886011183262
cumulative_probe,0,cumulative,1,probe,18,0.5198863636363635,0.9730113636363636,0.4531250000000001,0.025247441037855256,0.44159048795700073,0.02189886011183262
cumulative_probe,0,cumulative,1,probe,19,0.5005165289256198,0.9745609504132232,0.4740444214876034,0.026894754211887917,0.46207454800605774,0.02189886011183262
cumulative_probe,0,cumulative,1,probe,20,0.4541580578512397,0.9722365702479339,0.5180785123966942,0.017278625867313102,0.48125576972961426,0.02189886011183262
cumulative_probe,0,cumulative,1,probe,21,0.36002066115702475,0.9701704545454546,0.6101497933884299,0.023547551254014976,0.46379074454307556,0.02189886011183262
cumulative_probe,0,cumulative,1,probe,22,0.3779700413223141,0.9732696280991736,0.5952995867768596,0.02575889644216245,0.4735766053199768,0.02189886011183262
cumulative_probe,0,cumulative,1,probe,23,0.4014721074380165,0.9730113636363636,0.5715392561983472,0.024681553905295806,0.49369049072265625,0.02189886011183262
cumulative_probe,0,cumulative,1,probe,24,0.40947830578512395,0.971978305785124,0.5625,0.024290332583457364,0.5165784955024719,0.02189886011183262
cumulative_probe,0,cumulative,1,probe,25,0.36169938016528924,0.9708161157024794,0.6091167355371901,0.02145350899422127,0.5296623110771179,0.02189886011183262
cumulative_probe,0,cumulative,1,probe,26,0.32580061983471076,0.9677169421487604,0.6419163223140496,0.02146565068324946,0.5447191596031189,0.02189886011183262
cumulative_probe,0,cumulative,1,probe,27,0.38223140495867763,0.9652634297520661,0.5830320247933884,0.02005978738053582,0.5659449696540833,0.02189886011183262
cumulative_probe,0,cumulative,1,probe,28,0.4860537190082645,0.9637138429752066,0.4776601239669421,0.029317467047387025,0.7096425890922546,0.02189886011183262
cumulative_probe,0,cumulative,1,probe,29,0.3889462809917355,0.9613894628099173,0.5724431818181819,0.032479550954967684,0.7622719407081604,0.02189886011183262
cumulative_probe,0,cumulative,1,probe,30,0.40134297520661155,0.9572572314049587,0.5559142561983471,0.025446888899228748,0.8057701587677002,0.02189886011183262
cumulative_probe,0,cumulative,1,probe,31,0.5235020661157025,0.9161931818181818,0.3926911157024793,0.005003711767124441,0.8893842101097107,0.02189886011183262
cumulative_probe,5,cumulative,1,probe,0,0.9149018595041322,0.9149018595041322,0.0,0.06090129677898792,0.36590245366096497,0.013033178634941578
cumulative_probe,5,cumulative,1,probe,1,0.9496384297520661,0.9496384297520661,0.0,0.11846740704326642,0.3927824795246124,0.013033178634941578
cumulative_probe,5,cumulative,1,probe,2,0.9745609504132231,0.9745609504132231,0.0,0.11819697854453959,0.45429858565330505,0.013033178634941578
cumulative_probe,5,cumulative,1,probe,3,0.9761105371900827,0.9761105371900827,0.0,0.10170105530656903,0.4842483103275299,0.013033178634941578
cumulative_probe,5,cumulative,1,probe,4,0.9761105371900826,0.9761105371900826,0.0,0.08173361845766614,0.46978560090065,0.013033178634941578
cumulative_probe,5,cumulative,1,probe,5,0.9764979338842975,0.9764979338842975,0.0,0.0768378950389641,0.4704439640045166,0.013033178634941578
cumulative_probe,5,cumulative,1,probe,6,0.6204803719008264,0.9721074380165289,0.3516270661157025,0.01312752177665033,0.21004870533943176,0.013033178634941578
cumulative_probe,5,cumulative,1,probe,7,0.5073605371900827,0.9735278925619835,0.4661673553719008,0.014031754334409396,0.2122853696346283,0.013033178634941578
cumulative_probe,5,cumulative,1,probe,8,0.422004132231405,0.9677169421487604,0.5457128099173554,0.016452586876622988,0.21565969288349152,0.013033178634941578
cumulative_probe,5,cumulative,1,probe,9,0.374870867768595,0.9628099173553719,0.5879390495867769,0.018070547739166054,0.2268531322479248,0.013033178634941578
cumulative_probe,5,cumulative,1,probe,10,0.35834194214876036,0.9595816115702479,0.6012396694214875,0.01685563435647386,0.2348635494709015,0.013033178634941578
cumulative_probe,5,cumulative,1,probe,11,0.35640495867768596,0.9620351239669421,0.6056301652892562,0.01604644789293408,0.24022796750068665,0.013033178634941578
cumulative_probe,5,cumulative,1,probe,12,0.33432334710743794,0.9648760330578513,0.6305526859504134,0.015613273229939884,0.24491046369075775,0.013033178634941578
cumulative_probe,5,cumulative,1,probe,13,0.3596332644628099,0.9673295454545455,0.6076962809917357,0.01618530068620383,0.25420618057250977,0.013033178634941578
cumulative_probe,5,cumulative,1,probe,14,0.3411673553719008,0.9706869834710743,0.6295196280991735,0.014864112551402298,0.2616497874259949,0.013033178634941578
cumulative_probe,5,cumulative,1,probe,15,0.3975981404958677,0.9704287190082644,0.5728305785123967,0.013940042190376367,0.282012403011322,0.013033178634941578
cumulative_probe,5,cumulative,1,probe,16,0.5059400826446282,0.9749483471074379,0.46900826446280974,0.015909232456816524,0.3141706585884094,0.013033178634941578
cumulative_probe,5,cumulative,1,probe,17,0.49961260330578516,0.9713326446280992,0.47172004132231404,0.014333571221533337,0.3567819893360138,0.013033178634941578
cumulative_probe,5,cumulative,1,probe,18,0.5206611570247934,0.9730113636363636,0.4523502066115702,0.019370441793199356,0.38402649760246277,0.013033178634941578
cumulative_probe,5,cumulative,1,probe,19,0.5130423553719008,0.9745609504132232,0.4615185950413224,0.02078589181584567,0.4034823179244995,0.013033178634941578
cumulative_probe,5,cumulative,1,probe,20,0.4665547520661157,0.9722365702479339,0.5056818181818181,0.01297000034681095,0.4152555465698242,0.013033178634941578
cumulative_probe,5,cumulative,1,probe,21,0.3790030991735537,0.9701704545454546,0.5911673553719009,0.017470501016146,0.39767953753471375,0.013033178634941578
cumulative_probe,5,cumulative,1,probe,22,0.3991477272727273,0.9732696280991736,0.5741219008264463,0.019182762975736622,0.40695881843566895,0.013033178634941578
cumulative_probe,5,cumulative,1,probe,23,0.4059917355371901,0.9730113636363636,0.5670196280991735,0.018551022810553763,0.4271434545516968,0.013033178634941578
cumulative_probe,5,cumulative,1,probe,24,0.4108987603305785,0.971978305785124,0.5610795454545455,0.018416875700197788,0.44912463426589966,0.013033178634941578
cumulative_probe,5,cumulative,1,probe,25,0.3583419421487603,0.9708161157024794,0.6124741735537191,0.01639232442987082,0.4626668095588684,0.013033178634941578
cumulative_probe,5,cumulative,1,probe,26,0.325025826446281,0.9677169421487604,0.6426911157024794,0.01655274930965256,0.47780776023864746,0.013033178634941578
cumulative_probe,5,cumulative,1,probe,27,0.3804235537190082,0.9652634297520661,0.584839876033058,0.01547160072040088,0.49601006507873535,0.013033178634941578
cumulative_probe,5,cumulative,1,probe,28,0.5028409090909091,0.9637138429752066,0.4608729338842975,0.022120929272931522,0.6140120029449463,0.013033178634941578
cumulative_probe,5,cumulative,1,probe,29,0.39669421487603307,0.9613894628099173,0.5646952479338843,0.02468428990534488,0.6621101498603821,0.013033178634941578
cumulative_probe,5,cumulative,1,probe,30,0.4067665289256199,0.9572572314049587,0.5504907024793388,0.019677649963507293,0.7067896127700806,0.013033178634941578
cumulative_probe,5,cumulative,1,probe,31,0.516012396694215,0.9161931818181818,0.4001807851239668,0.004762231834031128,0.8574342727661133,0.013033178634941578
cumulative_probe,10,cumulative,1,probe,0,0.9149018595041322,0.9149018595041322,0.0,0.06090129677898792,0.36590245366096497,0.009852129966020584
cumulative_probe,10,cumulative,1,probe,1,0.9496384297520661,0.9496384297520661,0.0,0.11846740704326642,0.3927824795246124,0.009852129966020584
cumulative_probe,10,cumulative,1,probe,2,0.9745609504132231,0.9745609504132231,0.0,0.11819697854453959,0.45429858565330505,0.009852129966020584
cumulative_probe,10,cumulative,1,probe,3,0.9761105371900827,0.9761105371900827,0.0,0.10170105530656903,0.4842483103275299,0.009852129966020584
cumulative_probe,10,cumulative,1,probe,4,0.9761105371900826,0.9761105371900826,0.0,0.08173361845766614,0.46978560090065,0.009852129966020584
cumulative_probe,10,cumulative,1,probe,5,0.9764979338842975,0.9764979338842975,0.0,0.0768378950389641,0.4704439640045166,0.009852129966020584
cumulative_probe,10,cumulative,1,probe,6,0.9721074380165289,0.9721074380165289,0.0,0.06483201714712616,0.473873108625412,0.009852129966020584
cumulative_probe,10,cumulative,1,probe,7,0.9735278925619835,0.9735278925619835,0.0,0.06796654561058801,0.46827301383018494,0.009852129966020584
cumulative_probe,10,cumulative,1,probe,8,0.9677169421487604,0.9677169421487604,0.0,0.07918360124062873,0.46674779057502747,0.009852129966020584
cumulative_probe,10,cumulative,1,probe,9,0.9628099173553719,0.9628099173553719,0.0,0.0793812735028322,0.4747171401977539,0.009852129966020584
cumulative_probe,10,cumulative,1,probe,10,0.9595816115702479,0.9595816115702479,0.0,0.07433696646432852,0.47749391198158264,0.009852129966020584
cumulative_probe,10,cumulative,1,probe,11,0.40495867768595045,0.9620351239669421,0.5570764462809916,0.013225343853362936,0.20772406458854675,0.009852129966020584
cumulative_probe,10,cumulative,1,probe,12,0.37900309917355374,0.9648760330578513,0.5858729338842976,0.013073653729512302,0.2135993391275406,0.009852129966020584
cumulative_probe,10,cumulative,1,probe,13,0.39411157024793386,0.9673295454545455,0.5732179752066117,0.013907667568647919,0.22714363038539886,0.009852129966020584
cumulative_probe,10,cumulative,1,probe,14,0.37319214876033063,0.9706869834710743,0.5974948347107436,0.012797373348639174,0.23661555349826813,0.009852129966020584
cumulative_probe,10,cumulative,1,probe,15,0.4195506198347107,0.9704287190082644,0.5508780991735538,0.012054344373806258,0.2570838928222656,0.009852129966020584
cumulative_probe,10,cumulative,1,probe,16,0.5455836776859503,0.9749483471074379,0.42936466942148765,0.014326752713373248,0.2947317063808441,0.009852129966020584
cumulative_probe,10,cumulative,1,probe,17,0.522081611570248,0.9713326446280992,0.4492510330578512,0.013029397539408905,0.33700618147850037,0.009852129966020584
cumulative_probe,10,cumulative,1,probe,18,0.5448088842975206,0.9730113636363636,0.42820247933884303,0.01772225114567716,0.3656238913536072,0.009852129966020584
cumulative_probe,10,cumulative,1,probe,19,0.5380940082644627,0.9745609504132232,0.4364669421487605,0.019417705664312668,0.38816407322883606,0.009852129966020584
cumulative_probe,10,cumulative,1,probe,20,0.4859245867768595,0.9722365702479339,0.48631198347107435,0.012006030877857898,0.39802825450897217,0.009852129966020584
cumulative_probe,10,cumulative,1,probe,21,0.4037964876033057,0.9701704545454546,0.5663739669421488,0.016034332243863303,0.37992894649505615,0.009852129966020584
cumulative_probe,10,cumulative,1,probe,22,0.41825929752066116,0.9732696280991736,0.5550103305785125,0.017661040637188985,0.38940173387527466,0.009852129966020584
cumulative_probe,10,cumulative,1,probe,23,0.4192923553719008,0.9730113636363636,0.5537190082644629,0.01726874774464815,0.41128459572792053,0.009852129966020584
cumulative_probe,10,cumulative,1,probe,24,0.42148760330578516,0.971978305785124,0.5504907024793388,0.017301751656481734,0.4343324303627014,0.009852129966020584
cumulative_probe,10,cumulative,1,probe,25,0.36776859504132237,0.9708161157024794,0.603047520661157,0.015391283238310849,0.44742125272750854,0.009852129966020584
cumulative_probe,10,cumulative,1,probe,26,0.3323863636363636,0.9677169421487604,0.6353305785123968,0.015624934273004376,0.4634718596935272,0.009852129966020584
cumulative_probe,10,cumulative,1,probe,27,0.3897210743801653,0.9652634297520661,0.5755423553719008,0.014660848234393398,0.4819446802139282,0.009852129966020584
cumulative_probe,10,cumulative,1,probe,28,0.51588326446281,0.9637138429752066,0.4478305785123966,0.020499176242019135,0.5900459885597229,0.009852129966020584
cumulative_probe,10,cumulative,1,probe,29,0.4025051652892562,0.9613894628099173,0.5588842975206612,0.022976212615652525,0.6378698348999023,0.009852129966020584
cumulative_probe,10,cumulative,1,probe,30,0.4132231404958677,0.9572572314049587,0.5440340909090909,0.01848377953142044,0.6847694516181946,0.009852129966020584
cumulative_probe,10,cumulative,1,probe,31,0.5103305785123967,0.9161931818181818,0.40586260330578505,0.005018476414137107,0.8728938698768616,0.009852129966020584
cumulative_probe,15,cumulative,1,probe,0,0.9149018595041322,0.9149018595041322,0.0,0.06090129677898792,0.36590245366096497,0.008820082992315292
cumulative_probe,15,cumulative,1,probe,1,0.9496384297520661,0.9496384297520661,0.0,0.11846740704326642,0.3927824795246124,0.008820082992315292
cumulative_probe,15,cumulative,1,probe,2,0.9745609504132231,0.9745609504132231,0.0,0.11819697854453959,0.45429858565330505,0.008820082992315292
cumulative_probe,15,cumulative,1,probe,3,0.9761105371900827,0.9761105371900827,0.0,0.10170105530656903,0.4842483103275299,0.008820082992315292
cumulative_probe,15,cumulative,1,probe,4,0.9761105371900826,0.9761105371900826,0.0,0.08173361845766614,0.46978560090065,0.008820082992315292
cumulative_probe,15,cumulative,1,probe,5,0.9764979338842975,0.9764979338842975,0.0,0.0768378950389641,0.4704439640045166,0.008820082992315292
cumulative_probe,15,cumulative,1,probe,6,0.9721074380165289,0.9721074380165289,0.0,0.06483201714712616,0.473873108625412,0.008820082992315292
cumulative_probe,15,cumulative,1,probe,7,0.9735278925619835,0.9735278925619835,0.0,0.06796654561058801,0.46827301383018494,0.008820082992315292
cumulative_probe,15,cumulative,1,probe,8,0.9677169421487604,0.9677169421487604,0.0,0.07918360124062873,0.46674779057502747,0.008820082992315292
cumulative_probe,15,cumulative,1,probe,9,0.9628099173553719,0.9628099173553719,0.0,0.0793812735028322,0.4747171401977539,0.008820082992315292
cumulative_probe,15,cumulative,1,probe,10,0.9595816115702479,0.9595816115702479,0.0,0.07433696646432852,0.47749391198158264,0.008820082992315292
cumulative_probe,15,cumulative,1,probe,11,0.9620351239669421,0.9620351239669421,0.0,0.0665641979203867,0.47848057746887207,0.008820082992315292
cumulative_probe,15,cumulative,1,probe,12,0.9648760330578513,0.9648760330578513,0.0,0.06397647667793549,0.4805683493614197,0.008820082992315292
cumulative_probe,15,cumulative,1,probe,13,0.9673295454545455,0.9673295454545455,0.0,0.06250650192531404,0.4871984124183655,0.008820082992315292
cumulative_probe,15,cumulative,1,probe,14,0.9706869834710743,0.9706869834710743,0.0,0.05452619855421181,0.49426212906837463,0.008820082992315292
cumulative_probe,15,cumulative,1,probe,15,0.9704287190082644,0.9704287190082644,0.0,0.04828051296419289,0.5164835453033447,0.008820082992315292
cumulative_probe,15,cumulative,1,probe,16,0.5776084710743802,0.9749483471074379,0.39733987603305776,0.011607542882609678,0.2637820541858673,0.008820082992315292
cumulative_probe,15,cumulative,1,probe,17,0.5490702479338843,0.9713326446280992,0.42226239669421495,0.010458273199598911,0.30267563462257385,0.008820082992315292
cumulative_probe,15,cumulative,1,probe,18,0.5747675619834711,0.9730113636363636,0.3982438016528925,0.015002904184998722,0.3372269868850708,0.008820082992315292
cumulative_probe,15,cumulative,1,probe,19,0.5544938016528926,0.9745609504132232,0.4200671487603306,0.01701305630829153,0.363921195268631,0.008820082992315292
cumulative_probe,15,cumulative,1,probe,20,0.5100723140495868,0.9722365702479339,0.4621642561983471,0.010593306223009136,0.3742992579936981,0.008820082992315292
cumulative_probe,15,cumulative,1,probe,21,0.4278150826446281,0.9701704545454546,0.5423553719008265,0.013973202342737245,0.3551928997039795,0.008820082992315292
cumulative_probe,15,cumulative,1,probe,22,0.44124483471074377,0.9732696280991736,0.5320247933884299,0.0153794270741765,0.36383697390556335,0.008820082992315292
cumulative_probe,15,cumulative,1,probe,23,0.43336776859504134,0.9730113636363636,0.5396435950413223,0.014960206019400624,0.38289874792099,0.008820082992315292
cumulative_probe,15,cumulative,1,probe,24,0.43491735537190085,0.971978305785124,0.5370609504132231,0.015179898741955244,0.40649452805519104,0.008820082992315292
cumulative_probe,15,cumulative,1,probe,25,0.37306301652892565,0.9708161157024794,0.5977530991735538,0.013597178487492423,0.41983893513679504,0.008820082992315292
cumulative_probe,15,cumulative,1,probe,26,0.33897210743801653,0.9677169421487604,0.6287448347107438,0.01391838324941752,0.43708211183547974,0.008820082992315292
cumulative_probe,15,cumulative,1,probe,27,0.39940599173553715,0.9652634297520661,0.565857438016529,0.013215781240813462,0.4576643705368042,0.008820082992315292
cumulative_probe,15,cumulative,1,probe,28,0.5268595041322314,0.9637138429752066,0.4368543388429752,0.018722504824109865,0.564086377620697,0.008820082992315292
cumulative_probe,15,cumulative,1,probe,29,0.40999483471074377,0.9613894628099173,0.5513946280991735,0.020902330521289203,0.6087494492530823,0.008820082992315292
cumulative_probe,15,cumulative,1,probe,30,0.4164514462809918,0.9572572314049587,0.5408057851239669,0.016935906103171083,0.6557245254516602,0.008820082992315292
cumulative_probe,15,cumulative,1,probe,31,0.49535123966942146,0.9161931818181818,0.4208419421487603,0.005005748269071297,0.8669999241828918,0.008820082992315292
cumulative_probe,20,cumulative,1,probe,0,0.9149018595041322,0.9149018595041322,0.0,0.06090129677898792,0.36590245366096497,0.00655164010822773
cumulative_probe,20,cumulative,1,probe,1,0.9496384297520661,0.9496384297520661,0.0,0.11846740704326642,0.3927824795246124,0.00655164010822773
cumulative_probe,20,cumulative,1,probe,2,0.9745609504132231,0.9745609504132231,0.0,0.11819697854453959,0.45429858565330505,0.00655164010822773
cumulative_probe,20,cumulative,1,probe,3,0.9761105371900827,0.9761105371900827,0.0,0.10170105530656903,0.4842483103275299,0.00655164010822773
cumulative_probe,20,cumulative,1,probe,4,0.9761105371900826,0.9761105371900826,0.0,0.08173361845766614,0.46978560090065,0.00655164010822773
cumulative_probe,20,cumulative,1,probe,5,0.9764979338842975,0.9764979338842975,0.0,0.0768378950389641,0.4704439640045166,0.00655164010822773
cumulative_probe,20,cumulative,1,probe,6,0.9721074380165289,0.9721074380165289,0.0,0.06483201714712616,0.473873108625412,0.00655164010822773
cumulative_probe,20,cumulative,1,probe,7,0.9735278925619835,0.9735278925619835,0.0,0.06796654561058801,0.46827301383018494,0.00655164010822773
cumulative_probe,20,cumulative,1,probe,8,0.9677169421487604,0.9677169421487604,0.0,0.07918360124062873,0.46674779057502747,0.00655164010822773
cumulative_probe,20,cumulative,1,probe,9,0.9628099173553719,0.9628099173553719,0.0,0.0793812735028322,0.4747171401977539,0.00655164010822773
cumulative_probe,20,cumulative,1,probe,10,0.9595816115702479,0.9595816115702479,0.0,0.07433696646432852,0.47749391198158264,0.00655164010822773
cumulative_probe,20,cumulative,1,probe,11,0.9620351239669421,0.9620351239669421,0.0,0.0665641979203867,0.47848057746887207,0.00655164010822773
cumulative_probe,20,cumulative,1,probe,12,0.9648760330578513,0.9648760330578513,0.0,0.06397647667793549,0.4805683493614197,0.00655164010822773
cumulative_probe,20,cumulative,1,probe,13,0.9673295454545455,0.9673295454545455,0.0,0.06250650192531404,0.4871984124183655,0.00655164010822773
cumulative_probe,20,cumulative,1,probe,14,0.9706869834710743,0.9706869834710743,0.0,0.05452619855421181,0.49426212906837463,0.00655164010822773
cumulative_probe,20,cumulative,1,probe,15,0.9704287190082644,0.9704287190082644,0.0,0.04828051296419289,0.5164835453033447,0.00655164010822773
cumulative_probe,20,cumulative,1,probe,16,0.9749483471074379,0.9749483471074379,0.0,0.05417823522180021,0.5687251687049866,0.00655164010822773
cumulative_probe,20,cumulative,1,probe,17,0.9713326446280992,0.9713326446280992,0.0,0.044834429965032285,0.6123746037483215,0.00655164010822773
cumulative_probe,20,cumulative,1,probe,18,0.9730113636363636,0.9730113636363636,0.0,0.058806023202662816,0.6534175872802734,0.00655164010822773
cumulative_probe,20,cumulative,1,probe,19,0.9745609504132232,0.9745609504132232,0.0,0.05821230101175845,0.6717294454574585,0.00655164010822773
cumulative_probe,20,cumulative,1,probe,20,0.9722365702479339,0.9722365702479339,0.0,0.034640664077032035,0.6858553886413574,0.00655164010822773
cumulative_probe,20,cumulative,1,probe,21,0.5165289256198347,0.9701704545454546,0.45364152892561993,0.010515233022441395,0.31680989265441895,0.00655164010822773
cumulative_probe,20,cumulative,1,probe,22,0.4979338842975206,0.9732696280991736,0.475335743801653,0.011781848250228877,0.32498711347579956,0.00655164010822773
cumulative_probe,20,cumulative,1,probe,23,0.4630681818181818,0.9730113636363636,0.5099431818181819,0.01148457847689166,0.3420642912387848,0.00655164010822773
cumulative_probe,20,cumulative,1,probe,24,0.46875,0.971978305785124,0.503228305785124,0.011924251345441395,0.36499130725860596,0.00655164010822773
cumulative_probe,20,cumulative,1,probe,25,0.3840392561983471,0.9708161157024794,0.5867768595041323,0.01071236952644683,0.37569162249565125,0.00655164010822773
cumulative_probe,20,cumulative,1,probe,26,0.35382231404958675,0.9677169421487604,0.6138946280991736,0.011236919054505079,0.39524444937705994,0.00655164010822773
cumulative_probe,20,cumulative,1,probe,27,0.4149018595041322,0.9652634297520661,0.5503615702479339,0.011101992430810559,0.42161044478416443,0.00655164010822773
cumulative_probe,20,cumulative,1,probe,28,0.5546229338842975,0.9637138429752066,0.40909090909090906,0.015358071706713994,0.5123067498207092,0.00655164010822773
cumulative_probe,20,cumulative,1,probe,29,0.4177427685950414,0.9613894628099173,0.5436466942148759,0.017257041098112436,0.5545794367790222,0.00655164010822773
cumulative_probe,20,cumulative,1,probe,30,0.42807334710743805,0.9572572314049587,0.5291838842975206,0.014743594187223041,0.6145810484886169,0.00655164010822773
cumulative_probe,20,cumulative,1,probe,31,0.47623966942148765,0.9161931818181818,0.4399535123966941,0.005433839061715906,0.9170840382575989,0.00655164010822773
cumulative_probe,25,cumulative,1,probe,0,0.9149018595041322,0.9149018595041322,0.0,0.06090129677898792,0.36590245366096497,0.00410504499450326
cumulative_probe,25,cumulative,1,probe,1,0.9496384297520661,0.9496384297520661,0.0,0.11846740704326642,0.3927824795246124,0.00410504499450326
cumulative_probe,25,cumulative,1,probe,2,0.9745609504132231,0.9745609504132231,0.0,0.11819697854453959,0.45429858565330505,0.00410504499450326
cumulative_probe,25,cumulative,1,probe,3,0.9761105371900827,0.9761105371900827,0.0,0.10170105530656903,0.4842483103275299,0.00410504499450326
cumulative_probe,25,cumulative,1,probe,4,0.9761105371900826,0.9761105371900826,0.0,0.08173361845766614,0.46978560090065,0.00410504499450326
cumulative_probe,25,cumulative,1,probe,5,0.9764979338842975,0.9764979338842975,0.0,0.0768378950389641,0.4704439640045166,0.00410504499450326
cumulative_probe,25,cumulative,1,probe,6,0.9721074380165289,0.9721074380165289,0.0,0.06483201714712616,0.473873108625412,0.00410504499450326
cumulative_probe,25,cumulative,1,probe,7,0.9735278925619835,0.9735278925619835,0.0,0.06796654561058801,0.46827301383018494,0.00410504499450326
cumulative_probe,25,cumulative,1,probe,8,0.9677169421487604,0.9677169421487604,0.0,0.07918360124062873,0.46674779057502747,0.00410504499450326
cumulative_probe,25,cumulative,1,probe,9,0.9628099173553719,0.9628099173553719,0.0,0.0793812735028322,0.4747171401977539,0.00410504499450326
cumulative_probe,25,cumulative,1,probe,10,0.9595816115702479,0.9595816115702479,0.0,0.07433696646432852,0.47749391198158264,0.00410504499450326
cumulative_probe,25,cumulative,1,probe,11,0.9620351239669421,0.9620351239669421,0.0,0.0665641979203867,0.47848057746887207,0.00410504499450326
cumulative_probe,25,cumulative,1,probe,12,0.9648760330578513,0.9648760330578513,0.0,0.06397647667793549,0.4805683493614197,0.00410504499450326
cumulative_probe,25,cumulative,1,probe,13,0.9673295454545455,0.9673295454545455,0.0,0.06250650192531404,0.4871984124183655,0.00410504499450326
cumulative_probe,25,cumulative,1,probe,14,0.9706869834710743,0.9706869834710743,0.0,0.05452619855421181,0.49426212906837463,0.00410504499450326
cumulative_probe,25,cumulative,1,probe,15,0.9704287190082644,0.9704287190082644,0.0,0.04828051296419289,0.5164835453033447,0.00410504499450326
cumulative_probe,25,cumulative,1,probe,16,0.9749483471074379,0.9749483471074379,0.0,0.05417823522180021,0.5687251687049866,0.00410504499450326
cumulative_probe,25,cumulative,1,probe,17,0.9713326446280992,0.9713326446280992,0.0,0.044834429965032285,0.6123746037483215,0.00410504499450326
cumulative_probe,25,cumulative,1,probe,18,0.9730113636363636,0.9730113636363636,0.0,0.058806023202662816,0.6534175872802734,0.00410504499450326
cumulative_probe,25,cumulative,1,probe,19,0.9745609504132232,0.9745609504132232,0.0,0.05821230101175845,0.6717294454574585,0.00410504499450326
cumulative_probe,25,cumulative,1,probe,20,0.9722365702479339,0.9722365702479339,0.0,0.034640664077032035,0.6858553886413574,0.00410504499450326
cumulative_probe,25,cumulative,1,probe,21,0.9701704545454546,0.9701704545454546,0.0,0.05015374137874984,0.6939178109169006,0.00410504499450326
cumulative_probe,25,cumulative,1,probe,22,0.9732696280991736,0.9732696280991736,0.0,0.05517593064268822,0.7212401032447815,0.00410504499450326
cumulative_probe,25,cumulative,1,probe,23,0.9730113636363636,0.9730113636363636,0.0,0.05345658692051802,0.761090874671936,0.00410504499450326
cumulative_probe,25,cumulative,1,probe,24,0.971978305785124,0.971978305785124,0.0,0.05309453227459704,0.8019471168518066,0.00410504499450326
cumulative_probe,25,cumulative,1,probe,25,0.9708161157024794,0.9708161157024794,0.0,0.047215325341958936,0.8247278332710266,0.00410504499450326
cumulative_probe,25,cumulative,1,probe,26,0.38274793388429756,0.9677169421487604,0.5849690082644627,0.011714963124161204,0.4469967782497406,0.00410504499450326
cumulative_probe,25,cumulative,1,probe,27,0.4336260330578512,0.9652634297520661,0.531637396694215,0.01216431155371378,0.47352927923202515,0.00410504499450326
cumulative_probe,25,cumulative,1,probe,28,0.6011105371900826,0.9637138429752066,0.362603305785124,0.01718380220560034,0.5662587881088257,0.00410504499450326
cumulative_probe,25,cumulative,1,probe,29,0.43427169421487605,0.9613894628099173,0.5271177685950412,0.01818425838899651,0.5918934345245361,0.00410504499450326
cumulative_probe,25,cumulative,1,probe,30,0.4322055785123967,0.9572572314049587,0.525051652892562,0.01537846630876405,0.6541944742202759,0.00410504499450326
cumulative_probe,25,cumulative,1,probe,31,0.440857438016529,0.9161931818181818,0.4753357438016528,0.006163664017070136,1.096769094467163,0.00410504499450326
cumulative_probe,30,cumulative,1,probe,0,0.9149018595041322,0.9149018595041322,0.0,0.06090129677898792,0.36590245366096497,0.0026986643206328154
cumulative_probe,30,cumulative,1,probe,1,0.9496384297520661,0.9496384297520661,0.0,0.11846740704326642,0.3927824795246124,0.0026986643206328154
cumulative_probe,30,cumulative,1,probe,2,0.9745609504132231,0.9745609504132231,0.0,0.11819697854453959,0.45429858565330505,0.0026986643206328154
cumulative_probe,30,cumulative,1,probe,3,0.9761105371900827,0.9761105371900827,0.0,0.10170105530656903,0.4842483103275299,0.0026986643206328154
cumulative_probe,30,cumulative,1,probe,4,0.9761105371900826,0.9761105371900826,0.0,0.08173361845766614,0.46978560090065,0.0026986643206328154
cumulative_probe,30,cumulative,1,probe,5,0.9764979338842975,0.9764979338842975,0.0,0.0768378950389641,0.4704439640045166,0.0026986643206328154
cumulative_probe,30,cumulative,1,probe,6,0.9721074380165289,0.9721074380165289,0.0,0.06483201714712616,0.473873108625412,0.0026986643206328154
cumulative_probe,30,cumulative,1,probe,7,0.9735278925619835,0.9735278925619835,0.0,0.06796654561058801,0.46827301383018494,0.0026986643206328154
cumulative_probe,30,cumulative,1,probe,8,0.9677169421487604,0.9677169421487604,0.0,0.07918360124062873,0.46674779057502747,0.0026986643206328154
cumulative_probe,30,cumulative,1,probe,9,0.9628099173553719,0.9628099173553719,0.0,0.0793812735028322,0.4747171401977539,0.0026986643206328154
cumulative_probe,30,cumulative,1,probe,10,0.9595816115702479,0.9595816115702479,0.0,0.07433696646432852,0.47749391198158264,0.0026986643206328154
cumulative_probe,30,cumulative,1,probe,11,0.9620351239669421,0.9620351239669421,0.0,0.0665641979203867,0.47848057746887207,0.0026986643206328154
cumulative_probe,30,cumulative,1,probe,12,0.9648760330578513,0.9648760330578513,0.0,0.06397647667793549,0.4805683493614197,0.0026986643206328154
cumulative_probe,30,cumulative,1,probe,13,0.9673295454545455,0.9673295454545455,0.0,0.06250650192531404,0.4871984124183655,0.0026986643206328154
cumulative_probe,30,cumulative,1,probe,14,0.9706869834710743,0.9706869834710743,0.0,0.05452619855421181,0.49426212906837463,0.0026986643206328154
cumulative_probe,30,cumulative,1,probe,15,0.9704287190082644,0.9704287190082644,0.0,0.04828051296419289,0.5164835453033447,0.0026986643206328154
cumulative_probe,30,cumulative,1,probe,16,0.9749483471074379,0.9749483471074379,0.0,0.05417823522180021,0.5687251687049866,0.0026986643206328154
cumulative_probe,30,cumulative,1,probe,17,0.9713326446280992,0.9713326446280992,0.0,0.044834429965032285,0.6123746037483215,0.0026986643206328154
cumulative_probe,30,cumulative,1,probe,18,0.9730113636363636,0.9730113636363636,0.0,0.058806023202662816,0.6534175872802734,0.0026986643206328154
cumulative_probe,30,cumulative,1,probe,19,0.9745609504132232,0.9745609504132232,0.0,0.05821230101175845,0.6717294454574585,0.0026986643206328154
cumulative_probe,30,cumulative,1,probe,20,0.9722365702479339,0.9722365702479339,0.0,0.034640664077032035,0.6858553886413574,0.0026986643206328154
cumulative_probe,30,cumulative,1,probe,21,0.9701704545454546,0.9701704545454546,0.0,0.05015374137874984,0.6939178109169006,0.0026986643206328154
cumulative_probe,30,cumulative,1,probe,22,0.9732696280991736,0.9732696280991736,0.0,0.05517593064268822,0.7212401032447815,0.0026986643206328154
cumulative_probe,30,cumulative,1,probe,23,0.9730113636363636,0.9730113636363636,0.0,0.05345658692051802,0.761090874671936,0.0026986643206328154
cumulative_probe,30,cumulative,1,probe,24,0.971978305785124,0.971978305785124,0.0,0.05309453227459704,0.8019471168518066,0.0026986643206328154
cumulative_probe,30,cumulative,1,probe,25,0.9708161157024794,0.9708161157024794,0.0,0.047215325341958936,0.8247278332710266,0.0026986643206328154
cumulative_probe,30,cumulative,1,probe,26,0.9677169421487604,0.9677169421487604,0.0,0.04691559821429159,0.8387752175331116,0.0026986643206328154
cumulative_probe,30,cumulative,1,probe,27,0.9652634297520661,0.9652634297520661,0.0,0.045589152871619354,0.8814979195594788,0.0026986643206328154
cumulative_probe,30,cumulative,1,probe,28,0.9637138429752066,0.9637138429752066,0.0,0.060782161165756854,1.0523580312728882,0.0026986643206328154
cumulative_probe,30,cumulative,1,probe,29,0.9613894628099173,0.9613894628099173,0.0,0.06082263893211759,1.077965259552002,0.0026986643206328154
cumulative_probe,30,cumulative,1,probe,30,0.9572572314049587,0.9572572314049587,0.0,0.047929947638685966,1.1413953304290771,0.0026986643206328154
cumulative_probe,30,cumulative,1,probe,31,0.3985020661157025,0.9161931818181818,0.5176911157024793,0.006917145141355996,1.2138142585754395,0.0026986643206328154
cumulative_probe,31,cumulative,1,probe,0,0.9149018595041322,0.9149018595041322,0.0,0.06090129677898792,0.36590245366096497,0.002756156725808978
cumulative_probe,31,cumulative,1,probe,1,0.9496384297520661,0.9496384297520661,0.0,0.11846740704326642,0.3927824795246124,0.002756156725808978
cumulative_probe,31,cumulative,1,probe,2,0.9745609504132231,0.9745609504132231,0.0,0.11819697854453959,0.45429858565330505,0.002756156725808978
cumulative_probe,31,cumulative,1,probe,3,0.9761105371900827,0.9761105371900827,0.0,0.10170105530656903,0.4842483103275299,0.002756156725808978
cumulative_probe,31,cumulative,1,probe,4,0.9761105371900826,0.9761105371900826,0.0,0.08173361845766614,0.46978560090065,0.002756156725808978
cumulative_probe,31,cumulative,1,probe,5,0.9764979338842975,0.9764979338842975,0.0,0.0768378950389641,0.4704439640045166,0.002756156725808978
cumulative_probe,31,cumulative,1,probe,6,0.9721074380165289,0.9721074380165289,0.0,0.06483201714712616,0.473873108625412,0.002756156725808978
cumulative_probe,31,cumulative,1,probe,7,0.9735278925619835,0.9735278925619835,0.0,0.06796654561058801,0.46827301383018494,0.002756156725808978
cumulative_probe,31,cumulative,1,probe,8,0.9677169421487604,0.9677169421487604,0.0,0.07918360124062873,0.46674779057502747,0.002756156725808978
cumulative_probe,31,cumulative,1,probe,9,0.9628099173553719,0.9628099173553719,0.0,0.0793812735028322,0.4747171401977539,0.002756156725808978
cumulative_probe,31,cumulative,1,probe,10,0.9595816115702479,0.9595816115702479,0.0,0.07433696646432852,0.47749391198158264,0.002756156725808978
cumulative_probe,31,cumulative,1,probe,11,0.9620351239669421,0.9620351239669421,0.0,0.0665641979203867,0.47848057746887207,0.002756156725808978
cumulative_probe,31,cumulative,1,probe,12,0.9648760330578513,0.9648760330578513,0.0,0.06397647667793549,0.4805683493614197,0.002756156725808978
cumulative_probe,31,cumulative,1,probe,13,0.9673295454545455,0.9673295454545455,0.0,0.06250650192531404,0.4871984124183655,0.002756156725808978
cumulative_probe,31,cumulative,1,probe,14,0.9706869834710743,0.9706869834710743,0.0,0.05452619855421181,0.49426212906837463,0.002756156725808978
cumulative_probe,31,cumulative,1,probe,15,0.9704287190082644,0.9704287190082644,0.0,0.04828051296419289,0.5164835453033447,0.002756156725808978
cumulative_probe,31,cumulative,1,probe,16,0.9749483471074379,0.9749483471074379,0.0,0.05417823522180021,0.5687251687049866,0.002756156725808978
cumulative_probe,31,cumulative,1,probe,17,0.9713326446280992,0.9713326446280992,0.0,0.044834429965032285,0.6123746037483215,0.002756156725808978
cumulative_probe,31,cumulative,1,probe,18,0.9730113636363636,0.9730113636363636,0.0,0.058806023202662816,0.6534175872802734,0.002756156725808978
cumulative_probe,31,cumulative,1,probe,19,0.9745609504132232,0.9745609504132232,0.0,0.05821230101175845,0.6717294454574585,0.002756156725808978
cumulative_probe,31,cumulative,1,probe,20,0.9722365702479339,0.9722365702479339,0.0,0.034640664077032035,0.6858553886413574,0.002756156725808978
cumulative_probe,31,cumulative,1,probe,21,0.9701704545454546,0.9701704545454546,0.0,0.05015374137874984,0.6939178109169006,0.002756156725808978
cumulative_probe,31,cumulative,1,probe,22,0.9732696280991736,0.9732696280991736,0.0,0.05517593064268822,0.7212401032447815,0.002756156725808978
cumulative_probe,31,cumulative,1,probe,23,0.9730113636363636,0.9730113636363636,0.0,0.05345658692051802,0.761090874671936,0.002756156725808978
cumulative_probe,31,cumulative,1,probe,24,0.971978305785124,0.971978305785124,0.0,0.05309453227459704,0.8019471168518066,0.002756156725808978
cumulative_probe,31,cumulative,1,probe,25,0.9708161157024794,0.9708161157024794,0.0,0.047215325341958936,0.8247278332710266,0.002756156725808978
cumulative_probe,31,cumulative,1,probe,26,0.9677169421487604,0.9677169421487604,0.0,0.04691559821429159,0.8387752175331116,0.002756156725808978
cumulative_probe,31,cumulative,1,probe,27,0.9652634297520661,0.9652634297520661,0.0,0.045589152871619354,0.8814979195594788,0.002756156725808978
cumulative_probe,31,cumulative,1,probe,28,0.9637138429752066,0.9637138429752066,0.0,0.060782161165756854,1.0523580312728882,0.002756156725808978
cumulative_probe,31,cumulative,1,probe,29,0.9613894628099173,0.9613894628099173,0.0,0.06082263893211759,1.077965259552002,0.002756156725808978
cumulative_probe,31,cumulative,1,probe,30,0.9572572314049587,0.9572572314049587,0.0,0.047929947638685966,1.1413953304290771,0.002756156725808978
cumulative_probe,31,cumulative,1,probe,31,0.9161931818181818,0.9161931818181818,0.0,0.014320205823703969,1.6287744045257568,0.002756156725808978
