condition,ablate_layer,ablate_mode,rank,direction_type,layer,ablated_auroc,clean_auroc,auroc_drop,cosine_dist,euclidean_dist,output_kl
clean,-1,none,0,none,0,0.9258780991735537,0.9258780991735537,0.0,0.0,0.0,0.0
clean,-1,none,0,none,1,0.9564824380165289,0.9564824380165289,0.0,0.0,0.0,0.0
clean,-1,none,0,none,2,0.9713326446280991,0.9713326446280991,0.0,0.0,0.0,0.0
clean,-1,none,0,none,3,0.9808884297520661,0.9808884297520661,0.0,0.0,0.0,0.0
clean,-1,none,0,none,4,0.9763688016528925,0.9763688016528925,0.0,0.0,0.0,0.0
clean,-1,none,0,none,5,0.9784349173553719,0.9784349173553719,0.0,0.0,0.0,0.0
clean,-1,none,0,none,6,0.9775309917355371,0.9775309917355371,0.0,0.0,0.0,0.0
clean,-1,none,0,none,7,0.9785640495867769,0.9785640495867769,0.0,0.0,0.0,0.0
clean,-1,none,0,none,8,0.9763688016528925,0.9763688016528925,0.0,0.0,0.0,0.0
clean,-1,none,0,none,9,0.9761105371900827,0.9761105371900827,0.0,0.0,0.0,0.0
clean,-1,none,0,none,10,0.9753357438016529,0.9753357438016529,0.0,0.0,0.0,0.0
clean,-1,none,0,none,11,0.9733987603305785,0.9733987603305785,0.0,0.0,0.0,0.0
clean,-1,none,0,none,12,0.96849173553719,0.96849173553719,0.0,0.0,0.0,0.0
clean,-1,none,0,none,13,0.9646177685950412,0.9646177685950412,0.0,0.0,0.0,0.0
clean,-1,none,0,none,14,0.9678460743801653,0.9678460743801653,0.0,0.0,0.0,0.0
clean,-1,none,0,none,15,0.9626807851239669,0.9626807851239669,0.0,0.0,0.0,0.0
clean,-1,none,0,none,16,0.9629390495867769,0.9629390495867769,0.0,0.0,0.0,0.0
clean,-1,none,0,none,17,0.9655216942148761,0.9655216942148761,0.0,0.0,0.0,0.0
clean,-1,none,0,none,18,0.9664256198347108,0.9664256198347108,0.0,0.0,0.0,0.0
clean,-1,none,0,none,19,0.9613894628099173,0.9613894628099173,0.0,0.0,0.0,0.0
clean,-1,none,0,none,20,0.9634555785123967,0.9634555785123967,0.0,0.0,0.0,0.0
clean,-1,none,0,none,21,0.965779958677686,0.965779958677686,0.0,0.0,0.0,0.0
clean,-1,none,0,none,22,0.9647469008264463,0.9647469008264463,0.0,0.0,0.0,0.0
clean,-1,none,0,none,23,0.9624225206611571,0.9624225206611571,0.0,0.0,0.0,0.0
clean,-1,none,0,none,24,0.962551652892562,0.962551652892562,0.0,0.0,0.0,0.0
clean,-1,none,0,none,25,0.9599690082644627,0.9599690082644627,0.0,0.0,0.0,0.0
clean,-1,none,0,none,26,0.962551652892562,0.962551652892562,0.0,0.0,0.0,0.0
clean,-1,none,0,none,27,0.9634555785123966,0.9634555785123966,0.0,0.0,0.0,0.0
clean,-1,none,0,none,28,0.9657799586776858,0.9657799586776858,0.0,0.0,0.0,0.0
clean,-1,none,0,none,29,0.9644886363636364,0.9644886363636364,0.0,0.0,0.0,0.0
clean,-1,none,0,none,30,0.9602272727272727,0.9602272727272727,0.0,0.0,0.0,0.0
clean,-1,none,0,none,31,0.9262654958677686,0.9262654958677686,0.0,0.0,0.0,0.0
single_probe,0,single,1,probe,0,0.9258780991735537,0.9258780991735537,0.0,0.034792758894995446,0.2858494222164154,0.012599637731909752
single_probe,0,single,1,probe,1,0.8611828512396694,0.9564824380165289,0.09529958677685946,0.05382440039689662,0.26135870814323425,0.012599637731909752
single_probe,0,single,1,probe,2,0.9291064049586778,0.9713326446280991,0.042226239669421295,0.040005466485358965,0.3645118176937103,0.012599637731909752
single_probe,0,single,1,probe,3,0.9549328512396694,0.9808884297520661,0.025955578512396715,0.036801876457853155,0.47537875175476074,0.012599637731909752
single_probe,0,single,1,probe,4,0.9542871900826446,0.9763688016528925,0.022081611570247905,0.035914305406421265,0.5792207717895508,0.012599637731909752
single_probe,0,single,1,probe,5,0.9619059917355371,0.9784349173553719,0.016528925619834767,0.03806963878603731,0.6886138319969177,0.012599637731909752
single_probe,0,single,1,probe,6,0.9599690082644629,0.9775309917355371,0.017561983471074294,0.036255620565484925,0.7900858521461487,0.012599637731909752
single_probe,0,single,1,probe,7,0.9576446280991736,0.9785640495867769,0.020919421487603285,0.038243874922628374,0.9520089626312256,0.012599637731909752
single_probe,0,single,1,probe,8,0.9584194214876033,0.9763688016528925,0.01794938016528924,0.033548541643913965,1.0235586166381836,0.012599637731909752
single_probe,0,single,1,probe,9,0.9598398760330579,0.9761105371900827,0.0162706611570248,0.02637571021538121,1.0335421562194824,0.012599637731909752
single_probe,0,single,1,probe,10,0.9603564049586777,0.9753357438016529,0.014979338842975198,0.029403493847715456,1.0735836029052734,0.012599637731909752
single_probe,0,single,1,probe,11,0.9582902892561983,0.9733987603305785,0.015108471074380181,0.027391704735962197,1.1143194437026978,0.012599637731909752
single_probe,0,single,1,probe,12,0.9484762396694215,0.96849173553719,0.020015495867768518,0.021372081509800966,1.1998721361160278,0.012599637731909752
single_probe,0,single,1,probe,13,0.9444731404958678,0.9646177685950412,0.02014462809917339,0.02257250524652743,1.278013825416565,0.012599637731909752
single_probe,0,single,1,probe,14,0.950025826446281,0.9678460743801653,0.01782024793388437,0.026591583544223973,1.5072728395462036,0.012599637731909752
single_probe,0,single,1,probe,15,0.9458935950413223,0.9626807851239669,0.01678719008264462,0.026754950270899247,1.654446005821228,0.012599637731909752
single_probe,0,single,1,probe,16,0.9466683884297521,0.9629390495867769,0.0162706611570248,0.022841807886768484,1.7627463340759277,0.012599637731909752
single_probe,0,single,1,probe,17,0.9510588842975206,0.9655216942148761,0.01446280991735549,0.02738933833609869,2.074721574783325,0.012599637731909752
single_probe,0,single,1,probe,18,0.949767561983471,0.9664256198347108,0.01665805785123975,0.024259333231237634,2.2371697425842285,0.012599637731909752
single_probe,0,single,1,probe,19,0.9456353305785123,0.9613894628099173,0.015754132231404983,0.021613800055900745,2.4058837890625,0.012599637731909752
single_probe,0,single,1,probe,20,0.9470557851239669,0.9634555785123967,0.016399793388429784,0.02134338851425399,2.5671095848083496,0.012599637731909752
single_probe,0,single,1,probe,21,0.9473140495867769,0.965779958677686,0.01846590909090906,0.020146791561768684,2.813539981842041,0.012599637731909752
single_probe,0,single,1,probe,22,0.9482179752066116,0.9647469008264463,0.016528925619834767,0.018137731201032237,2.987147331237793,0.012599637731909752
single_probe,0,single,1,probe,23,0.9491219008264463,0.9624225206611571,0.013300619834710758,0.015536471205832791,3.07887601852417,0.012599637731909752
single_probe,0,single,1,probe,24,0.9477014462809917,0.962551652892562,0.014850206611570216,0.013681198800024164,3.2207396030426025,0.012599637731909752
single_probe,0,single,1,probe,25,0.9446022727272727,0.9599690082644627,0.015366735537190035,0.013284543505470592,3.493065357208252,0.012599637731909752
single_probe,0,single,1,probe,26,0.9480888429752066,0.962551652892562,0.01446280991735538,0.010713365554039456,3.6650309562683105,0.012599637731909752
single_probe,0,single,1,probe,27,0.9479597107438017,0.9634555785123966,0.015495867768594906,0.009284242953766952,3.8087971210479736,0.012599637731909752
single_probe,0,single,1,probe,28,0.9506714876033058,0.9657799586776858,0.01510847107438007,0.008427321929877052,4.1184821128845215,0.012599637731909752
single_probe,0,single,1,probe,29,0.9484762396694215,0.9644886363636364,0.016012396694214837,0.008159934417594994,4.3645830154418945,0.012599637731909752
single_probe,0,single,1,probe,30,0.9453770661157025,0.9602272727272727,0.014850206611570216,0.00813315568427575,4.782352447509766,0.012599637731909752
single_probe,0,single,1,probe,31,0.9054752066115702,0.9262654958677686,0.020790289256198413,0.009411651544870336,6.2245259284973145,0.012599637731909752
single_svd_k1,0,single,1,svd,0,0.9258780991735537,0.9258780991735537,0.0,0.034792758894995446,0.2858494222164154,1.9547502994537354
single_svd_k1,0,single,1,svd,1,0.7671745867768595,0.9564824380165289,0.18930785123966942,0.01813368547412264,0.28544554114341736,1.9547502994537354
single_svd_k1,0,single,1,svd,2,0.8750000000000001,0.9713326446280991,0.09633264462809898,0.016424298816771765,0.36121246218681335,1.9547502994537354
single_svd_k1,0,single,1,svd,3,0.8913997933884297,0.9808884297520661,0.08948863636363646,0.020039664913768185,0.42283305525779724,1.9547502994537354
single_svd_k1,0,single,1,svd,4,0.8751291322314049,0.9763688016528925,0.10123966942148765,0.02324069703208076,0.4818013310432434,1.9547502994537354
single_svd_k1,0,single,1,svd,5,0.8620867768595042,0.9784349173553719,0.11634814049586772,0.027323700522681182,0.6003804802894592,1.9547502994537354
single_svd_k1,0,single,1,svd,6,0.8582128099173555,0.9775309917355371,0.11931818181818166,0.03321070211560706,0.7712714076042175,1.9547502994537354
single_svd_k1,0,single,1,svd,7,0.874612603305785,0.9785640495867769,0.10395144628099184,0.039215057746537774,0.961719274520874,1.9547502994537354
single_svd_k1,0,single,1,svd,8,0.8731921487603306,0.9763688016528925,0.10317665289256195,0.037187440861016885,1.0366424322128296,1.9547502994537354
single_svd_k1,0,single,1,svd,9,0.8892045454545454,0.9761105371900827,0.08690599173553726,0.03516557062190817,1.1376653909683228,1.9547502994537354
single_svd_k1,0,single,1,svd,10,0.8951446280991735,0.9753357438016529,0.08019111570247939,0.04000363001253404,1.2281291484832764,1.9547502994537354
single_svd_k1,0,single,1,svd,11,0.8871384297520661,0.9733987603305785,0.08626033057851235,0.04226678132798012,1.321845531463623,1.9547502994537354
single_svd_k1,0,single,1,svd,12,0.8769369834710744,0.96849173553719,0.09155475206611563,0.037662109012549405,1.4152132272720337,1.9547502994537354
single_svd_k1,0,single,1,svd,13,0.8697055785123967,0.9646177685950412,0.09491219008264451,0.0357167006109006,1.455978512763977,1.9547502994537354
single_svd_k1,0,single,1,svd,14,0.89036673553719,0.9678460743801653,0.07747933884297531,0.043086136346197734,1.6555272340774536,1.9547502994537354
single_svd_k1,0,single,1,svd,15,0.8828770661157025,0.9626807851239669,0.07980371900826444,0.04387200323666807,1.7931660413742065,1.9547502994537354
single_svd_k1,0,single,1,svd,16,0.8740960743801652,0.9629390495867769,0.08884297520661166,0.03801166719775351,1.9713377952575684,1.9547502994537354
single_svd_k1,0,single,1,svd,17,0.8802944214876034,0.9655216942148761,0.08522727272727271,0.03821497887756331,2.2745003700256348,1.9547502994537354
single_svd_k1,0,single,1,svd,18,0.8826188016528926,0.9664256198347108,0.08380681818181812,0.03323997391996747,2.426849126815796,1.9547502994537354
single_svd_k1,0,single,1,svd,19,0.8862345041322314,0.9613894628099173,0.07515495867768596,0.030788569937941213,2.6602041721343994,1.9547502994537354
single_svd_k1,0,single,1,svd,20,0.8744834710743802,0.9634555785123967,0.08897210743801653,0.031802110953050966,2.8270883560180664,1.9547502994537354
single_svd_k1,0,single,1,svd,21,0.8793904958677685,0.965779958677686,0.08638946280991744,0.027682301730288406,3.0911669731140137,1.9547502994537354
single_svd_k1,0,single,1,svd,22,0.8778409090909092,0.9647469008264463,0.08690599173553715,0.024400568397368594,3.2677886486053467,1.9547502994537354
single_svd_k1,0,single,1,svd,23,0.8784865702479339,0.9624225206611571,0.08393595041322321,0.02162998484534473,3.394031047821045,1.9547502994537354
single_svd_k1,0,single,1,svd,24,0.8690599173553719,0.962551652892562,0.09349173553719003,0.018951410778185185,3.588212251663208,1.9547502994537354
single_svd_k1,0,single,1,svd,25,0.8771952479338844,0.9599690082644627,0.08277376033057837,0.017780746604456388,3.9117913246154785,1.9547502994537354
single_svd_k1,0,single,1,svd,26,0.8826188016528925,0.962551652892562,0.07993285123966942,0.014720144667329405,4.131804466247559,1.9547502994537354
single_svd_k1,0,single,1,svd,27,0.881198347107438,0.9634555785123966,0.08225723140495855,0.01386021449644581,4.366264343261719,1.9547502994537354
single_svd_k1,0,single,1,svd,28,0.8863636363636364,0.9657799586776858,0.07941632231404949,0.013014506232995826,4.737581253051758,1.9547502994537354
single_svd_k1,0,single,1,svd,29,0.8755165289256198,0.9644886363636364,0.08897210743801653,0.012536428059536031,5.230069637298584,1.9547502994537354
single_svd_k1,0,single,1,svd,30,0.8788739669421488,0.9602272727272727,0.0813533057851239,0.013490267535850586,6.017446994781494,1.9547502994537354
single_svd_k1,0,single,1,svd,31,0.8003615702479339,0.9262654958677686,0.12590392561983477,0.012697491846435205,10.56737232208252,1.9547502994537354
single_svd_k2,0,single,2,svd,0,0.9258780991735537,0.9258780991735537,0.0,0.034792758894995446,0.2858494222164154,0.7146084904670715
single_svd_k2,0,single,2,svd,1,0.6680010330578512,0.9564824380165289,0.2884814049586777,0.011960834294902356,0.27229776978492737,0.7146084904670715
single_svd_k2,0,single,2,svd,2,0.8375516528925621,0.9713326446280991,0.13378099173553704,0.015076382444208725,0.30439943075180054,0.7146084904670715
single_svd_k2,0,single,2,svd,3,0.8584710743801653,0.9808884297520661,0.1224173553719008,0.018488221648542247,0.35446885228157043,0.7146084904670715
single_svd_k2,0,single,2,svd,4,0.8762913223140496,0.9763688016528925,0.10007747933884292,0.025586842613817273,0.45552244782447815,0.7146084904670715
single_svd_k2,0,single,2,svd,5,0.8755165289256198,0.9784349173553719,0.1029183884297521,0.030933747869133277,0.6115189790725708,0.7146084904670715
single_svd_k2,0,single,2,svd,6,0.8861053719008264,0.9775309917355371,0.09142561983471076,0.038033120205857585,0.8265259861946106,0.7146084904670715
single_svd_k2,0,single,2,svd,7,0.8950154958677686,0.9785640495867769,0.08354855371900827,0.042141053440707066,1.0110855102539062,0.7146084904670715
single_svd_k2,0,single,2,svd,8,0.8837809917355371,0.9763688016528925,0.09258780991735538,0.039299512057943686,1.0962008237838745,0.7146084904670715
single_svd_k2,0,single,2,svd,9,0.909220041322314,0.9761105371900827,0.06689049586776863,0.035545304907073416,1.1432172060012817,0.7146084904670715
single_svd_k2,0,single,2,svd,10,0.9081869834710745,0.9753357438016529,0.06714876033057837,0.04186534496266725,1.2401440143585205,0.7146084904670715
single_svd_k2,0,single,2,svd,11,0.9036673553719008,0.9733987603305785,0.06973140495867769,0.041248759146872316,1.2791328430175781,0.7146084904670715
single_svd_k2,0,single,2,svd,12,0.8935950413223142,0.96849173553719,0.07489669421487588,0.03505970882193654,1.3679571151733398,0.7146084904670715
single_svd_k2,0,single,2,svd,13,0.8837809917355373,0.9646177685950412,0.08083677685950397,0.03346568509851844,1.3907967805862427,0.7146084904670715
single_svd_k2,0,single,2,svd,14,0.9134814049586777,0.9678460743801653,0.054364669421487655,0.04433025479115671,1.6747137308120728,0.7146084904670715
single_svd_k2,0,single,2,svd,15,0.896952479338843,0.9626807851239669,0.0657283057851239,0.04508320119012266,1.8167784214019775,0.7146084904670715
single_svd_k2,0,single,2,svd,16,0.883910123966942,0.9629390495867769,0.07902892561983488,0.03663994334061871,1.9086754322052002,0.7146084904670715
single_svd_k2,0,single,2,svd,17,0.8938533057851239,0.9655216942148761,0.0716683884297522,0.03768649258119494,2.2080302238464355,0.7146084904670715
single_svd_k2,0,single,2,svd,18,0.89036673553719,0.9664256198347108,0.07605888429752072,0.03256289870418605,2.3459465503692627,0.7146084904670715
single_svd_k2,0,single,2,svd,19,0.8932076446280992,0.9613894628099173,0.06818181818181812,0.028915251336547487,2.542285442352295,0.7146084904670715
single_svd_k2,0,single,2,svd,20,0.8839101239669421,0.9634555785123967,0.07954545454545459,0.027798175711581496,2.6419193744659424,0.7146084904670715
single_svd_k2,0,single,2,svd,21,0.8880423553719009,0.965779958677686,0.07773760330578505,0.025315600006980077,2.983325481414795,0.7146084904670715
single_svd_k2,0,single,2,svd,22,0.8822314049586776,0.9647469008264463,0.08251549586776874,0.022619000528042554,3.191315174102783,0.7146084904670715
single_svd_k2,0,single,2,svd,23,0.8778409090909091,0.9624225206611571,0.08458161157024802,0.019744371005365857,3.30026912689209,0.7146084904670715
single_svd_k2,0,single,2,svd,24,0.8738378099173555,0.962551652892562,0.08871384297520646,0.016759265817976154,3.441720962524414,0.7146084904670715
single_svd_k2,0,single,2,svd,25,0.8761621900826447,0.9599690082644627,0.08380681818181801,0.01608466936900188,3.7674484252929688,0.7146084904670715
single_svd_k2,0,single,2,svd,26,0.8778409090909091,0.962551652892562,0.08471074380165289,0.013047213841205108,3.963543176651001,0.7146084904670715
single_svd_k2,0,single,2,svd,27,0.8752582644628099,0.9634555785123966,0.08819731404958675,0.011841961558398006,4.145975589752197,0.7146084904670715
single_svd_k2,0,single,2,svd,28,0.874870867768595,0.9657799586776858,0.09090909090909083,0.010848925905366902,4.494611740112305,0.7146084904670715
single_svd_k2,0,single,2,svd,29,0.8740960743801652,0.9644886363636364,0.09039256198347112,0.010547301839281764,4.943860054016113,0.7146084904670715
single_svd_k2,0,single,2,svd,30,0.8753873966942148,0.9602272727272727,0.08483987603305787,0.011345170400150484,5.639261245727539,0.7146084904670715
single_svd_k2,0,single,2,svd,31,0.8524018595041323,0.9262654958677686,0.07386363636363635,0.016305808890973328,10.21852970123291,0.7146084904670715
single_svd_k4,0,single,4,svd,0,0.9258780991735537,0.9258780991735537,0.0,0.034792758894995446,0.2858494222164154,0.5541294813156128
single_svd_k4,0,single,4,svd,1,0.6504390495867769,0.9564824380165289,0.306043388429752,0.007268323943098176,0.2166244089603424,0.5541294813156128
single_svd_k4,0,single,4,svd,2,0.7698863636363636,0.9713326446280991,0.20144628099173545,0.009677263805686454,0.25477224588394165,0.5541294813156128
single_svd_k4,0,single,4,svd,3,0.8486570247933884,0.9808884297520661,0.1322314049586777,0.013756111386314718,0.3252493739128113,0.5541294813156128
single_svd_k4,0,single,4,svd,4,0.8857179752066116,0.9763688016528925,0.09065082644628097,0.02289325439119516,0.4394538402557373,0.5541294813156128
single_svd_k4,0,single,4,svd,5,0.9039256198347109,0.9784349173553719,0.07450929752066104,0.03162463315147468,0.5968068838119507,0.5541294813156128
single_svd_k4,0,single,4,svd,6,0.8942407024793388,0.9775309917355371,0.0832902892561983,0.03732573088546942,0.7663946151733398,0.5541294813156128
single_svd_k4,0,single,4,svd,7,0.9183884297520661,0.9785640495867769,0.06017561983471076,0.04141978826094639,0.932754635810852,0.5541294813156128
single_svd_k4,0,single,4,svd,8,0.9167097107438017,0.9763688016528925,0.05965909090909083,0.039459070330162604,1.035016417503357,0.5541294813156128
single_svd_k4,0,single,4,svd,9,0.9272985537190083,0.9761105371900827,0.048811983471074405,0.034953325592787965,1.0954477787017822,0.5541294813156128
single_svd_k4,0,single,4,svd,10,0.9232954545454546,0.9753357438016529,0.0520402892561983,0.03889588529014798,1.128574252128601,0.5541294813156128
single_svd_k4,0,single,4,svd,11,0.9201962809917354,0.9733987603305785,0.053202479338843034,0.03760722505205394,1.158672571182251,0.5541294813156128
single_svd_k4,0,single,4,svd,12,0.9142561983471075,0.96849173553719,0.05423553719008256,0.02985906522269044,1.226688265800476,0.5541294813156128
single_svd_k4,0,single,4,svd,13,0.9077995867768596,0.9646177685950412,0.05681818181818166,0.03028138468043773,1.2684154510498047,0.5541294813156128
single_svd_k4,0,single,4,svd,14,0.9285898760330579,0.9678460743801653,0.039256198347107474,0.04187510132791661,1.5794366598129272,0.5541294813156128
single_svd_k4,0,single,4,svd,15,0.9158057851239669,0.9626807851239669,0.046875,0.04144564682612695,1.6983393430709839,0.5541294813156128
single_svd_k4,0,single,4,svd,16,0.9047004132231405,0.9629390495867769,0.058238636363636354,0.034510991671104274,1.8018525838851929,0.5541294813156128
single_svd_k4,0,single,4,svd,17,0.9141270661157025,0.9655216942148761,0.05139462809917361,0.03695613577272938,2.0695512294769287,0.5541294813156128
single_svd_k4,0,single,4,svd,18,0.909220041322314,0.9664256198347108,0.057205578512396715,0.031498857349403386,2.2227611541748047,0.5541294813156128
single_svd_k4,0,single,4,svd,19,0.9065082644628099,0.9613894628099173,0.054881198347107474,0.02697477260946357,2.3888325691223145,0.5541294813156128
single_svd_k4,0,single,4,svd,20,0.8941115702479339,0.9634555785123967,0.06934400826446285,0.025335350590011463,2.4559571743011475,0.5541294813156128
single_svd_k4,0,single,4,svd,21,0.8974690082644629,0.965779958677686,0.0683109504132231,0.022795157807946498,2.739590644836426,0.5541294813156128
single_svd_k4,0,single,4,svd,22,0.893853305785124,0.9647469008264463,0.07089359504132231,0.020505779975286464,2.9551889896392822,0.5541294813156128
single_svd_k4,0,single,4,svd,23,0.8926911157024794,0.9624225206611571,0.06973140495867769,0.01765826544748894,3.061734199523926,0.5541294813156128
single_svd_k4,0,single,4,svd,24,0.884168388429752,0.962551652892562,0.07838326446280997,0.015136922959894106,3.2096636295318604,0.5541294813156128
single_svd_k4,0,single,4,svd,25,0.887525826446281,0.9599690082644627,0.07244318181818177,0.014364919062652248,3.4985098838806152,0.5541294813156128
single_svd_k4,0,single,4,svd,26,0.8857179752066116,0.962551652892562,0.0768336776859504,0.01135224641154886,3.658290147781372,0.5541294813156128
single_svd_k4,0,single,4,svd,27,0.8893336776859504,0.9634555785123966,0.07412190082644621,0.010151439642688831,3.8342485427856445,0.5541294813156128
single_svd_k4,0,single,4,svd,28,0.890754132231405,0.9657799586776858,0.07502582644628086,0.009240281309144449,4.148658752441406,0.5541294813156128
single_svd_k4,0,single,4,svd,29,0.887654958677686,0.9644886363636364,0.0768336776859504,0.008862439863236315,4.528441429138184,0.5541294813156128
single_svd_k4,0,single,4,svd,30,0.8859762396694214,0.9602272727272727,0.0742510330578513,0.00912016026518736,5.028200626373291,0.5541294813156128
single_svd_k4,0,single,4,svd,31,0.850077479338843,0.9262654958677686,0.0761880165289256,0.011108468901501634,8.433673858642578,0.5541294813156128
single_svd_k8,0,single,8,svd,0,0.9258780991735537,0.9258780991735537,0.0,0.034792758894995446,0.2858494222164154,1.0411182641983032
single_svd_k8,0,single,8,svd,1,0.5960743801652892,0.9564824380165289,0.36040805785123964,0.005654566851462817,0.19732852280139923,1.0411182641983032
single_svd_k8,0,single,8,svd,2,0.6995092975206612,0.9713326446280991,0.27182334710743794,0.007542780070003419,0.2332620769739151,1.0411182641983032
single_svd_k8,0,single,8,svd,3,0.815728305785124,0.9808884297520661,0.16516012396694213,0.010280390348711421,0.2868300676345825,1.0411182641983032
single_svd_k8,0,single,8,svd,4,0.8378099173553719,0.9763688016528925,0.1385588842975206,0.016577199155379585,0.37688907980918884,1.0411182641983032
single_svd_k8,0,single,8,svd,5,0.8786157024793388,0.9784349173553719,0.09981921487603307,0.021790485060102616,0.5031764507293701,1.0411182641983032
single_svd_k8,0,single,8,svd,6,0.8671229338842976,0.9775309917355371,0.11040805785123953,0.02621266653290688,0.6674728393554688,1.0411182641983032
single_svd_k8,0,single,8,svd,7,0.8926911157024794,0.9785640495867769,0.08587293388429751,0.02878743134891093,0.7843866348266602,1.0411182641983032
single_svd_k8,0,single,8,svd,8,0.8935950413223142,0.9763688016528925,0.08277376033057837,0.027709191449222348,0.8663268685340881,1.0411182641983032
single_svd_k8,0,single,8,svd,9,0.8943698347107438,0.9761105371900827,0.08174070247933884,0.026051233857919742,0.9355937242507935,1.0411182641983032
single_svd_k8,0,single,8,svd,10,0.8903667355371901,0.9753357438016529,0.08496900826446274,0.02907217372835924,0.9693402647972107,1.0411182641983032
single_svd_k8,0,single,8,svd,11,0.8867510330578513,0.9733987603305785,0.08664772727272718,0.028863040495721304,0.9966561794281006,1.0411182641983032
single_svd_k8,0,single,8,svd,12,0.8768078512396694,0.96849173553719,0.09168388429752061,0.024388409063885286,1.060490608215332,1.0411182641983032
single_svd_k8,0,single,8,svd,13,0.8716425619834711,0.9646177685950412,0.0929752066115701,0.024476640739788835,1.1023658514022827,1.0411182641983032
single_svd_k8,0,single,8,svd,14,0.9004390495867769,0.9678460743801653,0.06740702479338845,0.033964280874234976,1.3625332117080688,1.0411182641983032
single_svd_k8,0,single,8,svd,15,0.8888171487603307,0.9626807851239669,0.07386363636363624,0.03443991681311853,1.4774237871170044,1.0411182641983032
single_svd_k8,0,single,8,svd,16,0.8770661157024793,0.9629390495867769,0.08587293388429762,0.029356609070870343,1.58008873462677,1.0411182641983032
single_svd_k8,0,single,8,svd,17,0.8861053719008265,0.9655216942148761,0.0794163223140496,0.029458652313061884,1.8043218851089478,1.0411182641983032
single_svd_k8,0,single,8,svd,18,0.8879132231404958,0.9664256198347108,0.07851239669421495,0.025228393495904555,1.9289981126785278,1.0411182641983032
single_svd_k8,0,single,8,svd,19,0.8864927685950412,0.9613894628099173,0.0748966942148761,0.022352729637688973,2.118701219558716,1.0411182641983032
single_svd_k8,0,single,8,svd,20,0.8804235537190083,0.9634555785123967,0.08303202479338845,0.021595990735357784,2.2132275104522705,1.0411182641983032
single_svd_k8,0,single,8,svd,21,0.8737086776859504,0.965779958677686,0.09207128099173556,0.018638443923666315,2.4674482345581055,1.0411182641983032
single_svd_k8,0,single,8,svd,22,0.8782283057851239,0.9647469008264463,0.08651859504132242,0.01643344217117615,2.6510863304138184,1.0411182641983032
single_svd_k8,0,single,8,svd,23,0.8760330578512397,0.9624225206611571,0.08638946280991733,0.01429785958237928,2.746854305267334,1.0411182641983032
single_svd_k8,0,single,8,svd,24,0.8734504132231405,0.962551652892562,0.0891012396694214,0.012192191782269268,2.8800535202026367,1.0411182641983032
single_svd_k8,0,single,8,svd,25,0.8757747933884298,0.9599690082644627,0.08419421487603296,0.01130216775479076,3.118840456008911,1.0411182641983032
single_svd_k8,0,single,8,svd,26,0.878099173553719,0.962551652892562,0.08445247933884292,0.00905763552774641,3.2771859169006348,1.0411182641983032
single_svd_k8,0,single,8,svd,27,0.8783574380165289,0.9634555785123966,0.08509814049586772,0.008363250923847154,3.453369617462158,1.0411182641983032
single_svd_k8,0,single,8,svd,28,0.8764204545454546,0.9657799586776858,0.08935950413223126,0.007650620939231745,3.718381881713867,1.0411182641983032
single_svd_k8,0,single,8,svd,29,0.8761621900826446,0.9644886363636364,0.08832644628099173,0.007583609157099103,4.1698150634765625,1.0411182641983032
single_svd_k8,0,single,8,svd,30,0.8668646694214875,0.9602272727272727,0.09336260330578516,0.008186956139751955,4.710524082183838,1.0411182641983032
single_svd_k8,0,single,8,svd,31,0.7852530991735537,0.9262654958677686,0.14101239669421495,0.008459914083938869,7.4126715660095215,1.0411182641983032
single_random,0,single,1,random,0,0.9258780991735537,0.9258780991735537,0.0,0.034792758894995446,0.2858494222164154,9.862407750915736e-05
single_random,0,single,1,random,1,0.9567407024793388,0.9564824380165289,-0.00025826446280996507,0.10611493495068747,0.3812144994735718,9.862407750915736e-05
single_random,0,single,1,random,2,0.9713326446280992,0.9713326446280991,-1.1102230246251565e-16,0.07026220705133612,0.48679521679878235,9.862407750915736e-05
single_random,0,single,1,random,3,0.9808884297520661,0.9808884297520661,0.0,0.06076526126551873,0.6182631850242615,9.862407750915736e-05
single_random,0,single,1,random,4,0.9763688016528925,0.9763688016528925,0.0,0.054684511284619486,0.7235221266746521,9.862407750915736e-05
single_random,0,single,1,random,5,0.9784349173553719,0.9784349173553719,0.0,0.05600233641046748,0.8406904339790344,9.862407750915736e-05
single_random,0,single,1,random,6,0.9774018595041323,0.9775309917355371,0.0001291322314048715,0.05264804463174111,0.9550688862800598,9.862407750915736e-05
single_random,0,single,1,random,7,0.9785640495867769,0.9785640495867769,0.0,0.05265781604673203,1.1190593242645264,9.862407750915736e-05
single_random,0,single,1,random,8,0.9762396694214877,0.9763688016528925,0.0001291322314048715,0.04504525087580369,1.193402886390686,9.862407750915736e-05
single_random,0,single,1,random,9,0.9764979338842975,0.9761105371900827,-0.0003873966942148366,0.034632746733326614,1.1955474615097046,9.862407750915736e-05
single_random,0,single,1,random,10,0.9755940082644627,0.9753357438016529,-0.00025826446280985405,0.03882616182264531,1.2416375875473022,9.862407750915736e-05
single_random,0,single,1,random,11,0.9731404958677685,0.9733987603305785,0.00025826446280996507,0.03602280641568367,1.286697268486023,9.862407750915736e-05
single_random,0,single,1,random,12,0.968620867768595,0.96849173553719,-0.00012913223140498253,0.028448069250318953,1.392950177192688,9.862407750915736e-05
single_random,0,single,1,random,13,0.9641012396694214,0.9646177685950412,0.0005165289256198191,0.03037598652294593,1.490571141242981,9.862407750915736e-05
single_random,0,single,1,random,14,0.9678460743801653,0.9678460743801653,0.0,0.03380950731265264,1.708114504814148,9.862407750915736e-05
single_random,0,single,1,random,15,0.9628099173553719,0.9626807851239669,-0.00012913223140498253,0.034426595813772165,1.88624107837677,9.862407750915736e-05
single_random,0,single,1,random,16,0.9635847107438017,0.9629390495867769,-0.0006456611570248016,0.03008370178234332,2.0188255310058594,9.862407750915736e-05
single_random,0,single,1,random,17,0.9653925619834711,0.9655216942148761,0.00012913223140498253,0.03600315991231817,2.362903356552124,9.862407750915736e-05
single_random,0,single,1,random,18,0.9666838842975206,0.9664256198347108,-0.00025826446280985405,0.03262854098660062,2.5694656372070312,9.862407750915736e-05
single_random,0,single,1,random,19,0.9617768595041323,0.9613894628099173,-0.0003873966942149476,0.029079956242515914,2.7622830867767334,9.862407750915736e-05
single_random,0,single,1,random,20,0.9637138429752066,0.9634555785123967,-0.00025826446280985405,0.028748353921447034,2.9559073448181152,9.862407750915736e-05
single_random,0,single,1,random,21,0.9655216942148761,0.965779958677686,0.00025826446280985405,0.027045462484682536,3.2277395725250244,9.862407750915736e-05
single_random,0,single,1,random,22,0.9644886363636364,0.9647469008264463,0.00025826446280996507,0.02426501924849045,3.4222426414489746,9.862407750915736e-05
single_random,0,single,1,random,23,0.9622933884297521,0.9624225206611571,0.00012913223140498253,0.020710735609787312,3.5306038856506348,9.862407750915736e-05
single_random,0,single,1,random,24,0.9622933884297522,0.962551652892562,0.000258264462809743,0.01821165938042113,3.697308301925659,9.862407750915736e-05
single_random,0,single,1,random,25,0.9602272727272727,0.9599690082644627,-0.00025826446280996507,0.01732280026921562,3.9736666679382324,9.862407750915736e-05
single_random,0,single,1,random,26,0.9629390495867769,0.962551652892562,-0.0003873966942149476,0.013980255660287044,4.155489444732666,9.862407750915736e-05
single_random,0,single,1,random,27,0.962551652892562,0.9634555785123966,0.0009039256198346557,0.01207780340014697,4.316532611846924,9.862407750915736e-05
single_random,0,single,1,random,28,0.9660382231404959,0.9657799586776858,-0.0002582644628100761,0.011016951417397669,4.669214725494385,9.862407750915736e-05
single_random,0,single,1,random,29,0.9644886363636365,0.9644886363636364,-1.1102230246251565e-16,0.010545023811020182,4.9431681632995605,9.862407750915736e-05
single_random,0,single,1,random,30,0.9602272727272727,0.9602272727272727,0.0,0.010525071135852326,5.404965877532959,9.862407750915736e-05
single_random,0,single,1,random,31,0.9260072314049587,0.9262654958677686,0.00025826446280996507,0.011967462868933021,6.860291004180908,9.862407750915736e-05
single_probe,5,single,1,probe,0,0.9258780991735537,0.9258780991735537,0.0,0.034792758894995446,0.2858494222164154,0.005187138449400663
single_probe,5,single,1,probe,1,0.9564824380165289,0.9564824380165289,0.0,0.10631337567371524,0.3809555172920227,0.005187138449400663
single_probe,5,single,1,probe,2,0.9713326446280991,0.9713326446280991,0.0,0.07040434945313989,0.4872152507305145,0.005187138449400663
single_probe,5,single,1,probe,3,0.9808884297520661,0.9808884297520661,0.0,0.06079744924609243,0.6192805171012878,0.005187138449400663
single_probe,5,single,1,probe,4,0.9763688016528925,0.9763688016528925,0.0,0.05476222854457913,0.7243854999542236,0.005187138449400663
single_probe,5,single,1,probe,5,0.9784349173553719,0.9784349173553719,0.0,0.05607507949458834,0.8416454195976257,0.005187138449400663
single_probe,5,single,1,probe,6,0.7462551652892563,0.9775309917355371,0.23127582644628086,0.014985859927928225,0.5186045169830322,0.005187138449400663
single_probe,5,single,1,probe,7,0.8526601239669422,0.9785640495867769,0.12590392561983466,0.01761471044014362,0.6666134595870972,0.005187138449400663
single_probe,5,single,1,probe,8,0.871771694214876,0.9763688016528925,0.10459710743801653,0.016121475512914096,0.7332524061203003,0.005187138449400663
single_probe,5,single,1,probe,9,0.8930785123966941,0.9761105371900827,0.08303202479338856,0.014180337172206348,0.7785137891769409,0.005187138449400663
single_probe,5,single,1,probe,10,0.9000516528925621,0.9753357438016529,0.07528409090909083,0.01617357710705003,0.8109119534492493,0.005187138449400663
single_probe,5,single,1,probe,11,0.8985020661157025,0.9733987603305785,0.07489669421487599,0.015647075808884692,0.8554774522781372,0.005187138449400663
single_probe,5,single,1,probe,12,0.89036673553719,0.96849173553719,0.078125,0.012216819589700334,0.9275423288345337,0.005187138449400663
single_probe,5,single,1,probe,13,0.8861053719008265,0.9646177685950412,0.07851239669421473,0.01310481841269151,0.9832879900932312,0.005187138449400663
single_probe,5,single,1,probe,14,0.9036673553719008,0.9678460743801653,0.06417871900826455,0.016990037027188598,1.2090179920196533,0.005187138449400663
single_probe,5,single,1,probe,15,0.9040547520661157,0.9626807851239669,0.05862603305785119,0.01729083686681565,1.3324172496795654,0.005187138449400663
single_probe,5,single,1,probe,16,0.9052169421487603,0.9629390495867769,0.057722107438016645,0.01503524745513607,1.4236042499542236,0.005187138449400663
single_probe,5,single,1,probe,17,0.9106404958677686,0.9655216942148761,0.054881198347107474,0.017681559925783352,1.6603957414627075,0.005187138449400663
single_probe,5,single,1,probe,18,0.9138688016528924,0.9664256198347108,0.05255681818181834,0.015907658600162078,1.804292917251587,0.005187138449400663
single_probe,5,single,1,probe,19,0.9085743801652892,0.9613894628099173,0.052815082644628086,0.014445399745697807,1.9575445652008057,0.005187138449400663
single_probe,5,single,1,probe,20,0.9058626033057852,0.9634555785123967,0.05759297520661155,0.01443010899217767,2.1026415824890137,0.005187138449400663
single_probe,5,single,1,probe,21,0.9068956611570248,0.965779958677686,0.058884297520661155,0.013973902037092034,2.3360579013824463,0.005187138449400663
single_probe,5,single,1,probe,22,0.9110278925619835,0.9647469008264463,0.05371900826446285,0.012650644858021365,2.491086483001709,0.005187138449400663
single_probe,5,single,1,probe,23,0.912835743801653,0.9624225206611571,0.04958677685950408,0.01092115560512863,2.572429895401001,0.005187138449400663
single_probe,5,single,1,probe,24,0.9115444214876033,0.962551652892562,0.051007231404958664,0.00963667048215,2.6993770599365234,0.005187138449400663
single_probe,5,single,1,probe,25,0.9074121900826446,0.9599690082644627,0.05255681818181812,0.009439967475053379,2.9474310874938965,0.005187138449400663
single_probe,5,single,1,probe,26,0.9124483471074379,0.962551652892562,0.05010330578512401,0.0076731010235787656,3.1004605293273926,0.005187138449400663
single_probe,5,single,1,probe,27,0.9146435950413223,0.9634555785123966,0.048811983471074294,0.0066867623183911595,3.2277519702911377,0.005187138449400663
single_probe,5,single,1,probe,28,0.9185175619834711,0.9657799586776858,0.047262396694214726,0.006176132109727228,3.5125315189361572,0.005187138449400663
single_probe,5,single,1,probe,29,0.9167097107438017,0.9644886363636364,0.047778925619834656,0.00601385580241387,3.7399909496307373,0.005187138449400663
single_probe,5,single,1,probe,30,0.9146435950413223,0.9602272727272727,0.0455836776859504,0.006048953268215751,4.115903854370117,0.005187138449400663
single_probe,5,single,1,probe,31,0.87474173553719,0.9262654958677686,0.051523760330578594,0.007498221730354082,5.411798477172852,0.005187138449400663
single_svd_k1,5,single,1,svd,0,0.9258780991735537,0.9258780991735537,0.0,0.034792758894995446,0.2858494222164154,0.02337227761745453
single_svd_k1,5,single,1,svd,1,0.9564824380165289,0.9564824380165289,0.0,0.10631337567371524,0.3809555172920227,0.02337227761745453
single_svd_k1,5,single,1,svd,2,0.9713326446280991,0.9713326446280991,0.0,0.07040434945313989,0.4872152507305145,0.02337227761745453
single_svd_k1,5,single,1,svd,3,0.9808884297520661,0.9808884297520661,0.0,0.06079744924609243,0.6192805171012878,0.02337227761745453
single_svd_k1,5,single,1,svd,4,0.9763688016528925,0.9763688016528925,0.0,0.05476222854457913,0.7243854999542236,0.02337227761745453
single_svd_k1,5,single,1,svd,5,0.9784349173553719,0.9784349173553719,0.0,0.05607507949458834,0.8416454195976257,0.02337227761745453
single_svd_k1,5,single,1,svd,6,0.9518336776859504,0.9775309917355371,0.02569731404958675,0.049437329670938834,0.9124236702919006,0.02337227761745453
single_svd_k1,5,single,1,svd,7,0.9661673553719008,0.9785640495867769,0.012396694214876103,0.046773475719991686,1.0562301874160767,0.02337227761745453
single_svd_k1,5,single,1,svd,8,0.9638429752066116,0.9763688016528925,0.012525826446280974,0.0406464206152507,1.1360868215560913,0.02337227761745453
single_svd_k1,5,single,1,svd,9,0.9651342975206612,0.9761105371900827,0.010976239669421517,0.03341487430128298,1.1632623672485352,0.02337227761745453
single_svd_k1,5,single,1,svd,10,0.9641012396694215,0.9753357438016529,0.011234504132231371,0.03895566337335721,1.2237257957458496,0.02337227761745453
single_svd_k1,5,single,1,svd,11,0.965521694214876,0.9733987603305785,0.007877066115702491,0.03667208589588966,1.2712023258209229,0.02337227761745453
single_svd_k1,5,single,1,svd,12,0.9604855371900827,0.96849173553719,0.008006198347107363,0.02853284720496907,1.3687134981155396,0.02337227761745453
single_svd_k1,5,single,1,svd,13,0.9548037190082644,0.9646177685950412,0.009814049586776785,0.03086693484894576,1.4646363258361816,0.02337227761745453
single_svd_k1,5,single,1,svd,14,0.9586776859504131,0.9678460743801653,0.009168388429752206,0.0341119524769774,1.6651959419250488,0.02337227761745453
single_svd_k1,5,single,1,svd,15,0.9560950413223142,0.9626807851239669,0.006585743801652777,0.03451097849249807,1.8323805332183838,0.02337227761745453
single_svd_k1,5,single,1,svd,16,0.9548037190082644,0.9629390495867769,0.008135330578512456,0.03003237335679243,1.945010781288147,0.02337227761745453
single_svd_k1,5,single,1,svd,17,0.959839876033058,0.9655216942148761,0.005681818181818121,0.035147461904450616,2.2515599727630615,0.02337227761745453
single_svd_k1,5,single,1,svd,18,0.9624225206611571,0.9664256198347108,0.004003099173553681,0.03178504677618865,2.4573862552642822,0.02337227761745453
single_svd_k1,5,single,1,svd,19,0.9563533057851239,0.9613894628099173,0.005036157024793431,0.028025028564672483,2.641747236251831,0.02337227761745453
single_svd_k1,5,single,1,svd,20,0.9564824380165289,0.9634555785123967,0.006973140495867836,0.027569847395084612,2.833296298980713,0.02337227761745453
single_svd_k1,5,single,1,svd,21,0.9586776859504132,0.965779958677686,0.007102272727272707,0.026026293679163648,3.109727621078491,0.02337227761745453
single_svd_k1,5,single,1,svd,22,0.9584194214876033,0.9647469008264463,0.006327479338843034,0.023264648971299207,3.2969179153442383,0.02337227761745453
single_svd_k1,5,single,1,svd,23,0.9577737603305786,0.9624225206611571,0.004648760330578483,0.019768847164658543,3.415480136871338,0.02337227761745453
single_svd_k1,5,single,1,svd,24,0.9575154958677687,0.962551652892562,0.005036157024793209,0.017398272941959392,3.581289052963257,0.02337227761745453
single_svd_k1,5,single,1,svd,25,0.953512396694215,0.9599690082644627,0.006456611570247794,0.016539780756235523,3.851789712905884,0.02337227761745453
single_svd_k1,5,single,1,svd,26,0.9569989669421488,0.962551652892562,0.005552685950413139,0.013405313993943513,4.035414218902588,0.02337227761745453
single_svd_k1,5,single,1,svd,27,0.9576446280991735,0.9634555785123966,0.005810950413223104,0.01170134724257943,4.2033467292785645,0.02337227761745453
single_svd_k1,5,single,1,svd,28,0.9597107438016528,0.9657799586776858,0.006069214876033069,0.010667340075204979,4.560141086578369,0.02337227761745453
single_svd_k1,5,single,1,svd,29,0.956224173553719,0.9644886363636364,0.008264462809917328,0.010191891457898672,4.834447860717773,0.02337227761745453
single_svd_k1,5,single,1,svd,30,0.9513171487603306,0.9602272727272727,0.00891012396694213,0.01020348477342714,5.302885055541992,0.02337227761745453
single_svd_k1,5,single,1,svd,31,0.9146435950413222,0.9262654958677686,0.01162190082644643,0.011790588544488556,6.911780834197998,0.02337227761745453
single_svd_k2,5,single,2,svd,0,0.9258780991735537,0.9258780991735537,0.0,0.034792758894995446,0.2858494222164154,0.08055413514375687
single_svd_k2,5,single,2,svd,1,0.9564824380165289,0.9564824380165289,0.0,0.10631337567371524,0.3809555172920227,0.08055413514375687
single_svd_k2,5,single,2,svd,2,0.9713326446280991,0.9713326446280991,0.0,0.07040434945313989,0.4872152507305145,0.08055413514375687
single_svd_k2,5,single,2,svd,3,0.9808884297520661,0.9808884297520661,0.0,0.06079744924609243,0.6192805171012878,0.08055413514375687
single_svd_k2,5,single,2,svd,4,0.9763688016528925,0.9763688016528925,0.0,0.05476222854457913,0.7243854999542236,0.08055413514375687
single_svd_k2,5,single,2,svd,5,0.9784349173553719,0.9784349173553719,0.0,0.05607507949458834,0.8416454195976257,0.08055413514375687
single_svd_k2,5,single,2,svd,6,0.7277892561983471,0.9775309917355371,0.24974173553719003,0.008861485366105648,0.37423205375671387,0.08055413514375687
single_svd_k2,5,single,2,svd,7,0.7991993801652892,0.9785640495867769,0.17936466942148765,0.013248464277919703,0.5588690042495728,0.08055413514375687
single_svd_k2,5,single,2,svd,8,0.812112603305785,0.9763688016528925,0.16425619834710747,0.012679757983230955,0.6304346323013306,0.08055413514375687
single_svd_k2,5,single,2,svd,9,0.8309659090909092,0.9761105371900827,0.1451446280991735,0.012005830283611019,0.7057002782821655,0.08055413514375687
single_svd_k2,5,single,2,svd,10,0.8431043388429753,0.9753357438016529,0.13223140495867758,0.014616010392086598,0.7561840415000916,0.08055413514375687
single_svd_k2,5,single,2,svd,11,0.8424586776859504,0.9733987603305785,0.1309400826446281,0.013986507466285936,0.7903046011924744,0.08055413514375687
single_svd_k2,5,single,2,svd,12,0.8331611570247934,0.96849173553719,0.1353305785123966,0.01101881988903819,0.8698441386222839,0.08055413514375687
single_svd_k2,5,single,2,svd,13,0.834839876033058,0.9646177685950412,0.12977789256198324,0.011865867824468745,0.9112379550933838,0.08055413514375687
single_svd_k2,5,single,2,svd,14,0.8641528925619834,0.9678460743801653,0.10369318181818199,0.015230827939687108,1.1181929111480713,0.08055413514375687
single_svd_k2,5,single,2,svd,15,0.8649276859504132,0.9626807851239669,0.09775309917355368,0.014999654725461387,1.207212209701538,0.08055413514375687
single_svd_k2,5,single,2,svd,16,0.8606663223140496,0.9629390495867769,0.10227272727272729,0.012477463353092744,1.2658860683441162,0.08055413514375687
single_svd_k2,5,single,2,svd,17,0.8619576446280992,0.9655216942148761,0.1035640495867769,0.014371207870825464,1.4823336601257324,0.08055413514375687
single_svd_k2,5,single,2,svd,18,0.8680268595041322,0.9664256198347108,0.0983987603305786,0.01279424839178167,1.6153168678283691,0.08055413514375687
single_svd_k2,5,single,2,svd,19,0.8660898760330578,0.9613894628099173,0.09529958677685957,0.01135109236994536,1.7360988855361938,0.08055413514375687
single_svd_k2,5,single,2,svd,20,0.8631198347107438,0.9634555785123967,0.10033574380165289,0.011042657487174035,1.8435075283050537,0.08055413514375687
single_svd_k2,5,single,2,svd,21,0.8676394628099173,0.965779958677686,0.09814049586776863,0.010786342336463695,2.066631555557251,0.08055413514375687
single_svd_k2,5,single,2,svd,22,0.8655733471074379,0.9647469008264463,0.09917355371900838,0.009804710791980309,2.214719295501709,0.08055413514375687
single_svd_k2,5,single,2,svd,23,0.8654442148760331,0.9624225206611571,0.09697830578512401,0.008519989079953993,2.3050777912139893,0.08055413514375687
single_svd_k2,5,single,2,svd,24,0.8697055785123967,0.962551652892562,0.09284607438016523,0.007610412496041552,2.4252421855926514,0.08055413514375687
single_svd_k2,5,single,2,svd,25,0.8737086776859504,0.9599690082644627,0.08626033057851235,0.007630874286222,2.675203561782837,0.08055413514375687
single_svd_k2,5,single,2,svd,26,0.8792613636363636,0.962551652892562,0.0832902892561983,0.0062120595442104465,2.8173258304595947,0.08055413514375687
single_svd_k2,5,single,2,svd,27,0.8858471074380165,0.9634555785123966,0.07760847107438007,0.00554053298977597,2.9523048400878906,0.08055413514375687
single_svd_k2,5,single,2,svd,28,0.8888171487603307,0.9657799586776858,0.07696280991735516,0.005130377614336545,3.23067307472229,0.08055413514375687
single_svd_k2,5,single,2,svd,29,0.8897210743801653,0.9644886363636364,0.07476756198347101,0.005142522584415055,3.4789676666259766,0.08055413514375687
single_svd_k2,5,single,2,svd,30,0.8939824380165289,0.9602272727272727,0.06624483471074383,0.005302021968659809,3.879526376724243,0.08055413514375687
single_svd_k2,5,single,2,svd,31,0.862474173553719,0.9262654958677686,0.0637913223140496,0.006953953060111817,5.44002103805542,0.08055413514375687
single_svd_k4,5,single,4,svd,0,0.9258780991735537,0.9258780991735537,0.0,0.034792758894995446,0.2858494222164154,0.14036457240581512
single_svd_k4,5,single,4,svd,1,0.9564824380165289,0.9564824380165289,0.0,0.10631337567371524,0.3809555172920227,0.14036457240581512
single_svd_k4,5,single,4,svd,2,0.9713326446280991,0.9713326446280991,0.0,0.07040434945313989,0.4872152507305145,0.14036457240581512
single_svd_k4,5,single,4,svd,3,0.9808884297520661,0.9808884297520661,0.0,0.06079744924609243,0.6192805171012878,0.14036457240581512
single_svd_k4,5,single,4,svd,4,0.9763688016528925,0.9763688016528925,0.0,0.05476222854457913,0.7243854999542236,0.14036457240581512
single_svd_k4,5,single,4,svd,5,0.9784349173553719,0.9784349173553719,0.0,0.05607507949458834,0.8416454195976257,0.14036457240581512
single_svd_k4,5,single,4,svd,6,0.6466942148760331,0.9775309917355371,0.3308367768595041,0.006399983014859112,0.2968694567680359,0.14036457240581512
single_svd_k4,5,single,4,svd,7,0.7893853305785123,0.9785640495867769,0.18917871900826455,0.011158338613001861,0.48636817932128906,0.14036457240581512
single_svd_k4,5,single,4,svd,8,0.8130165289256198,0.9763688016528925,0.1633522727272727,0.011018483192012152,0.5723435878753662,0.14036457240581512
single_svd_k4,5,single,4,svd,9,0.8356146694214877,0.9761105371900827,0.14049586776859502,0.010503668209353001,0.6451922059059143,0.14036457240581512
single_svd_k4,5,single,4,svd,10,0.8369059917355371,0.9753357438016529,0.13842975206611574,0.012688973531101988,0.6907414197921753,0.14036457240581512
single_svd_k4,5,single,4,svd,11,0.8338068181818181,0.9733987603305785,0.13959194214876036,0.012795368512557581,0.7372767329216003,0.14036457240581512
single_svd_k4,5,single,4,svd,12,0.8350981404958678,0.96849173553719,0.1333935950413222,0.009795793784969198,0.8024089932441711,0.14036457240581512
single_svd_k4,5,single,4,svd,13,0.8236053719008265,0.9646177685950412,0.14101239669421473,0.01077801086057495,0.8381904363632202,0.14036457240581512
single_svd_k4,5,single,4,svd,14,0.8660898760330579,0.9678460743801653,0.10175619834710747,0.014921877472515721,1.0642585754394531,0.14036457240581512
single_svd_k4,5,single,4,svd,15,0.8628615702479339,0.9626807851239669,0.09981921487603307,0.014537932426479938,1.146490216255188,0.14036457240581512
single_svd_k4,5,single,4,svd,16,0.8575671487603305,0.9629390495867769,0.10537190082644643,0.01241824731329777,1.2248013019561768,0.14036457240581512
single_svd_k4,5,single,4,svd,17,0.8606663223140495,0.9655216942148761,0.10485537190082661,0.01432875528243549,1.4265295267105103,0.14036457240581512
single_svd_k4,5,single,4,svd,18,0.8707386363636364,0.9664256198347108,0.0956869834710744,0.012835161091315328,1.560226559638977,0.14036457240581512
single_svd_k4,5,single,4,svd,19,0.8673811983471075,0.9613894628099173,0.09400826446280985,0.01135055086887582,1.6864410638809204,0.14036457240581512
single_svd_k4,5,single,4,svd,20,0.8623450413223139,0.9634555785123967,0.10111053719008278,0.010957739778860276,1.792708158493042,0.14036457240581512
single_svd_k4,5,single,4,svd,21,0.8616993801652892,0.965779958677686,0.10408057851239672,0.010768374178127926,2.0184333324432373,0.14036457240581512
single_svd_k4,5,single,4,svd,22,0.8669938016528925,0.9647469008264463,0.09775309917355379,0.009847270534872665,2.160210609436035,0.14036457240581512
single_svd_k4,5,single,4,svd,23,0.8698347107438017,0.9624225206611571,0.09258780991735538,0.008458506970760449,2.243748664855957,0.14036457240581512
single_svd_k4,5,single,4,svd,24,0.8726756198347108,0.962551652892562,0.08987603305785119,0.007537274823206874,2.3552985191345215,0.14036457240581512
single_svd_k4,5,single,4,svd,25,0.8729338842975206,0.9599690082644627,0.08703512396694213,0.007655334008278669,2.6134347915649414,0.14036457240581512
single_svd_k4,5,single,4,svd,26,0.8787448347107437,0.962551652892562,0.08380681818181823,0.006250500966819894,2.7537684440612793,0.14036457240581512
single_svd_k4,5,single,4,svd,27,0.8804235537190084,0.9634555785123966,0.08303202479338823,0.0056564892846349135,2.8840010166168213,0.14036457240581512
single_svd_k4,5,single,4,svd,28,0.8796487603305785,0.9657799586776858,0.08613119834710736,0.005188302847459192,3.1564979553222656,0.14036457240581512
single_svd_k4,5,single,4,svd,29,0.8786157024793388,0.9644886363636364,0.08587293388429751,0.00510784483617488,3.406862735748291,0.14036457240581512
single_svd_k4,5,single,4,svd,30,0.8771952479338843,0.9602272727272727,0.08303202479338845,0.005279885206213808,3.818822145462036,0.14036457240581512
single_svd_k4,5,single,4,svd,31,0.8511105371900827,0.9262654958677686,0.07515495867768596,0.0072800346556597395,5.596182823181152,0.14036457240581512
single_svd_k8,5,single,8,svd,0,0.9258780991735537,0.9258780991735537,0.0,0.034792758894995446,0.2858494222164154,0.27827587723731995
single_svd_k8,5,single,8,svd,1,0.9564824380165289,0.9564824380165289,0.0,0.10631337567371524,0.3809555172920227,0.27827587723731995
single_svd_k8,5,single,8,svd,2,0.9713326446280991,0.9713326446280991,0.0,0.07040434945313989,0.4872152507305145,0.27827587723731995
single_svd_k8,5,single,8,svd,3,0.9808884297520661,0.9808884297520661,0.0,0.06079744924609243,0.6192805171012878,0.27827587723731995
single_svd_k8,5,single,8,svd,4,0.9763688016528925,0.9763688016528925,0.0,0.05476222854457913,0.7243854999542236,0.27827587723731995
single_svd_k8,5,single,8,svd,5,0.9784349173553719,0.9784349173553719,0.0,0.05607507949458834,0.8416454195976257,0.27827587723731995
single_svd_k8,5,single,8,svd,6,0.5587551652892562,0.9775309917355371,0.418775826446281,0.006296396816054095,0.26983121037483215,0.27827587723731995
single_svd_k8,5,single,8,svd,7,0.7285640495867769,0.9785640495867769,0.25,0.011602870665329834,0.4624536633491516,0.27827587723731995
single_svd_k8,5,single,8,svd,8,0.7790547520661156,0.9763688016528925,0.1973140495867769,0.011635032915091492,0.5449162125587463,0.27827587723731995
single_svd_k8,5,single,8,svd,9,0.8205061983471074,0.9761105371900827,0.1556043388429753,0.011420560855970763,0.623489260673523,0.27827587723731995
single_svd_k8,5,single,8,svd,10,0.8304493801652892,0.9753357438016529,0.14488636363636365,0.01386391142011012,0.6691031455993652,0.27827587723731995
single_svd_k8,5,single,8,svd,11,0.8555010330578513,0.9733987603305785,0.11789772727272718,0.013961338509129284,0.7091220021247864,0.27827587723731995
single_svd_k8,5,single,8,svd,12,0.8584710743801652,0.96849173553719,0.1100206611570248,0.010170069780789492,0.7548321485519409,0.27827587723731995
single_svd_k8,5,single,8,svd,13,0.853176652892562,0.9646177685950412,0.11144111570247928,0.011165741926083772,0.7961607575416565,0.27827587723731995
single_svd_k8,5,single,8,svd,14,0.8981146694214877,0.9678460743801653,0.06973140495867769,0.016030152593188074,1.0426753759384155,0.27827587723731995
single_svd_k8,5,single,8,svd,15,0.9076704545454546,0.9626807851239669,0.055010330578512345,0.015687331705569907,1.1379972696304321,0.27827587723731995
single_svd_k8,5,single,8,svd,16,0.9056043388429752,0.9629390495867769,0.0573347107438017,0.013571669353100613,1.235733151435852,0.27827587723731995
single_svd_k8,5,single,8,svd,17,0.9045712809917354,0.9655216942148761,0.060950413223140654,0.015305160381778093,1.419114112854004,0.27827587723731995
single_svd_k8,5,single,8,svd,18,0.9150309917355371,0.9664256198347108,0.05139462809917361,0.01363662683076905,1.5414936542510986,0.27827587723731995
single_svd_k8,5,single,8,svd,19,0.9130940082644627,0.9613894628099173,0.048295454545454586,0.01216551307468372,1.6609174013137817,0.27827587723731995
single_svd_k8,5,single,8,svd,20,0.90625,0.9634555785123967,0.057205578512396715,0.011799942218188919,1.758988380432129,0.27827587723731995
single_svd_k8,5,single,8,svd,21,0.9045712809917356,0.965779958677686,0.0612086776859504,0.011528973637445539,1.995263934135437,0.27827587723731995
single_svd_k8,5,single,8,svd,22,0.9089617768595042,0.9647469008264463,0.05578512396694213,0.010597046131781362,2.1376545429229736,0.27827587723731995
single_svd_k8,5,single,8,svd,23,0.9136105371900828,0.9624225206611571,0.048811983471074294,0.009065733996379444,2.2403359413146973,0.27827587723731995
single_svd_k8,5,single,8,svd,24,0.9114152892561984,0.962551652892562,0.051136363636363535,0.008011022118982192,2.3580193519592285,0.27827587723731995
single_svd_k8,5,single,8,svd,25,0.9128357438016529,0.9599690082644627,0.047133264462809854,0.008051459702926533,2.62146258354187,0.27827587723731995
single_svd_k8,5,single,8,svd,26,0.9155475206611571,0.962551652892562,0.04700413223140487,0.0065640398305540915,2.7592062950134277,0.27827587723731995
single_svd_k8,5,single,8,svd,27,0.9178719008264463,0.9634555785123966,0.045583677685950286,0.00598813793780506,2.889585256576538,0.27827587723731995
single_svd_k8,5,single,8,svd,28,0.9132231404958677,0.9657799586776858,0.05255681818181812,0.0055167504660442734,3.187213182449341,0.27827587723731995
single_svd_k8,5,single,8,svd,29,0.9150309917355373,0.9644886363636364,0.049457644628099096,0.005388945324926064,3.4627323150634766,0.27827587723731995
single_svd_k8,5,single,8,svd,30,0.906120867768595,0.9602272727272727,0.05410640495867769,0.005529564666134967,3.874246835708618,0.27827587723731995
single_svd_k8,5,single,8,svd,31,0.8553719008264463,0.9262654958677686,0.07089359504132231,0.007502029987671022,5.621566295623779,0.27827587723731995
single_random,5,single,1,random,0,0.9258780991735537,0.9258780991735537,0.0,0.034792758894995446,0.2858494222164154,2.721014061535243e-05
single_random,5,single,1,random,1,0.9564824380165289,0.9564824380165289,0.0,0.10631337567371524,0.3809555172920227,2.721014061535243e-05
single_random,5,single,1,random,2,0.9713326446280991,0.9713326446280991,0.0,0.07040434945313989,0.4872152507305145,2.721014061535243e-05
single_random,5,single,1,random,3,0.9808884297520661,0.9808884297520661,0.0,0.06079744924609243,0.6192805171012878,2.721014061535243e-05
single_random,5,single,1,random,4,0.9763688016528925,0.9763688016528925,0.0,0.05476222854457913,0.7243854999542236,2.721014061535243e-05
single_random,5,single,1,random,5,0.9784349173553719,0.9784349173553719,0.0,0.05607507949458834,0.8416454195976257,2.721014061535243e-05
single_random,5,single,1,random,6,0.9775309917355371,0.9775309917355371,0.0,0.0527624081076189,0.9557456970214844,2.721014061535243e-05
single_random,5,single,1,random,7,0.9786931818181818,0.9785640495867769,-0.0001291322314048715,0.05287474568060613,1.120482325553894,2.721014061535243e-05
single_random,5,single,1,random,8,0.9762396694214875,0.9763688016528925,0.00012913223140498253,0.04518337769356395,1.1944525241851807,2.721014061535243e-05
single_random,5,single,1,random,9,0.9759814049586777,0.9761105371900827,0.00012913223140498253,0.034678149850313256,1.1960325241088867,2.721014061535243e-05
single_random,5,single,1,random,10,0.9753357438016529,0.9753357438016529,0.0,0.0388400258921362,1.2417163848876953,2.721014061535243e-05
single_random,5,single,1,random,11,0.9731404958677685,0.9733987603305785,0.00025826446280996507,0.036036413615692764,1.2867954969406128,2.721014061535243e-05
single_random,5,single,1,random,12,0.96849173553719,0.96849173553719,0.0,0.028462390284260897,1.3931530714035034,2.721014061535243e-05
single_random,5,single,1,random,13,0.9646177685950412,0.9646177685950412,0.0,0.03039640969755042,1.4910521507263184,2.721014061535243e-05
single_random,5,single,1,random,14,0.9679752066115703,0.9678460743801653,-0.00012913223140498253,0.03381994780345432,1.7085336446762085,2.721014061535243e-05
single_random,5,single,1,random,15,0.9628099173553719,0.9626807851239669,-0.00012913223140498253,0.03443486111717975,1.8863537311553955,2.721014061535243e-05
single_random,5,single,1,random,16,0.9633264462809917,0.9629390495867769,-0.0003873966942148366,0.030098158843613,2.01997971534729,2.721014061535243e-05
single_random,5,single,1,random,17,0.965521694214876,0.9655216942148761,1.1102230246251565e-16,0.03603269876247206,2.3643605709075928,2.721014061535243e-05
single_random,5,single,1,random,18,0.9662964876033058,0.9664256198347108,0.00012913223140498253,0.03265082487450399,2.571190118789673,2.721014061535243e-05
single_random,5,single,1,random,19,0.9615185950413223,0.9613894628099173,-0.00012913223140498253,0.02910463568124544,2.7640535831451416,2.721014061535243e-05
single_random,5,single,1,random,20,0.9634555785123967,0.9634555785123967,0.0,0.028771657005134732,2.957784652709961,2.721014061535243e-05
single_random,5,single,1,random,21,0.9656508264462811,0.965779958677686,0.0001291322314048715,0.02706232016940957,3.229652166366577,2.721014061535243e-05
single_random,5,single,1,random,22,0.9646177685950413,0.9647469008264463,0.00012913223140498253,0.02427464297782067,3.4242422580718994,2.721014061535243e-05
single_random,5,single,1,random,23,0.9625516528925621,0.9624225206611571,-0.00012913223140498253,0.02072721197125027,3.532623767852783,2.721014061535243e-05
single_random,5,single,1,random,24,0.9626807851239669,0.962551652892562,-0.00012913223140498253,0.018229596743129406,3.6995747089385986,2.721014061535243e-05
single_random,5,single,1,random,25,0.9599690082644627,0.9599690082644627,0.0,0.01733807204191884,3.976064682006836,2.721014061535243e-05
single_random,5,single,1,random,26,0.9629390495867769,0.962551652892562,-0.0003873966942149476,0.013991861578367293,4.158287525177002,2.721014061535243e-05
single_random,5,single,1,random,27,0.9635847107438016,0.9634555785123966,-0.00012913223140498253,0.012088733273995622,4.319387912750244,2.721014061535243e-05
single_random,5,single,1,random,28,0.9662964876033058,0.9657799586776858,-0.0005165289256199301,0.011024925709201105,4.672686576843262,2.721014061535243e-05
single_random,5,single,1,random,29,0.9646177685950413,0.9644886363636364,-0.00012913223140498253,0.01054894847220511,4.9462056159973145,2.721014061535243e-05
single_random,5,single,1,random,30,0.9603564049586777,0.9602272727272727,-0.00012913223140498253,0.010529624942657967,5.408249378204346,2.721014061535243e-05
single_random,5,single,1,random,31,0.9261363636363636,0.9262654958677686,0.00012913223140498253,0.011980621169364492,6.872338771820068,2.721014061535243e-05
single_probe,10,single,1,probe,0,0.9258780991735537,0.9258780991735537,0.0,0.034792758894995446,0.2858494222164154,0.0031401277519762516
single_probe,10,single,1,probe,1,0.9564824380165289,0.9564824380165289,0.0,0.10631337567371524,0.3809555172920227,0.0031401277519762516
single_probe,10,single,1,probe,2,0.9713326446280991,0.9713326446280991,0.0,0.07040434945313989,0.4872152507305145,0.0031401277519762516
single_probe,10,single,1,probe,3,0.9808884297520661,0.9808884297520661,0.0,0.06079744924609243,0.6192805171012878,0.0031401277519762516
single_probe,10,single,1,probe,4,0.9763688016528925,0.9763688016528925,0.0,0.05476222854457913,0.7243854999542236,0.0031401277519762516
single_probe,10,single,1,probe,5,0.9784349173553719,0.9784349173553719,0.0,0.05607507949458834,0.8416454195976257,0.0031401277519762516
single_probe,10,single,1,probe,6,0.9775309917355371,0.9775309917355371,0.0,0.05272541505960904,0.9558601379394531,0.0031401277519762516
single_probe,10,single,1,probe,7,0.9785640495867769,0.9785640495867769,0.0,0.052791115235874764,1.120207667350769,0.0031401277519762516
single_probe,10,single,1,probe,8,0.9763688016528925,0.9763688016528925,0.0,0.045122544126372066,1.1942468881607056,0.0031401277519762516
single_probe,10,single,1,probe,9,0.9761105371900827,0.9761105371900827,0.0,0.034658825968567064,1.1960877180099487,0.0031401277519762516
single_probe,10,single,1,probe,10,0.9753357438016529,0.9753357438016529,0.0,0.038829731441544,1.2418791055679321,0.0031401277519762516
single_probe,10,single,1,probe,11,0.5962035123966941,0.9733987603305785,0.37719524793388437,0.011396961439062214,0.7444668412208557,0.0031401277519762516
single_probe,10,single,1,probe,12,0.716038223140496,0.96849173553719,0.252453512396694,0.00867819330232067,0.8013486862182617,0.0031401277519762516
single_probe,10,single,1,probe,13,0.7671745867768596,0.9646177685950412,0.19744318181818166,0.009470767105340117,0.8506174683570862,0.0031401277519762516
single_probe,10,single,1,probe,14,0.840779958677686,0.9678460743801653,0.1270661157024794,0.013173230890423326,1.0734469890594482,0.0031401277519762516
single_probe,10,single,1,probe,15,0.8586002066115702,0.9626807851239669,0.10408057851239672,0.013437875664682686,1.1793900728225708,0.0031401277519762516
single_probe,10,single,1,probe,16,0.8659607438016529,0.9629390495867769,0.09697830578512401,0.011915136952319938,1.264753818511963,0.0031401277519762516
single_probe,10,single,1,probe,17,0.8804235537190083,0.9655216942148761,0.08509814049586784,0.014034572818915625,1.4762961864471436,0.0031401277519762516
single_probe,10,single,1,probe,18,0.8884297520661157,0.9664256198347108,0.07799586776859502,0.012988319535554682,1.624865174293518,0.0031401277519762516
single_probe,10,single,1,probe,19,0.8858471074380166,0.9613894628099173,0.07554235537190068,0.011907994282133627,1.7747514247894287,0.0031401277519762516
single_probe,10,single,1,probe,20,0.8845557851239669,0.9634555785123967,0.07889979338842978,0.01202873099411872,1.9170174598693848,0.0031401277519762516
single_probe,10,single,1,probe,21,0.8818440082644629,0.965779958677686,0.0839359504132231,0.011928437991647112,2.1513431072235107,0.0031401277519762516
single_probe,10,single,1,probe,22,0.8886880165289256,0.9647469008264463,0.07605888429752072,0.010808028520386315,2.295910358428955,0.0031401277519762516
single_probe,10,single,1,probe,23,0.8884297520661156,0.9624225206611571,0.07399276859504145,0.009364085061089766,2.3767783641815186,0.0031401277519762516
single_probe,10,single,1,probe,24,0.8892045454545455,0.962551652892562,0.07334710743801642,0.00825413414579923,2.493762493133545,0.0031401277519762516
single_probe,10,single,1,probe,25,0.887525826446281,0.9599690082644627,0.07244318181818177,0.008105383222300588,2.7280595302581787,0.0031401277519762516
single_probe,10,single,1,probe,26,0.8919163223140496,0.962551652892562,0.07063533057851235,0.006624464454550227,2.8760392665863037,0.0031401277519762516
single_probe,10,single,1,probe,27,0.8951446280991735,0.9634555785123966,0.0683109504132231,0.005812394350661054,2.9984545707702637,0.0031401277519762516
single_probe,10,single,1,probe,28,0.9008264462809918,0.9657799586776858,0.064953512396694,0.005435408552331267,3.277259588241577,0.0031401277519762516
single_probe,10,single,1,probe,29,0.8979855371900826,0.9644886363636364,0.06650309917355379,0.005311214654712626,3.5015578269958496,0.0031401277519762516
single_probe,10,single,1,probe,30,0.8977272727272728,0.9602272727272727,0.06249999999999989,0.005386184793963467,3.862759590148926,0.0031401277519762516
single_probe,10,single,1,probe,31,0.859245867768595,0.9262654958677686,0.06701962809917361,0.0071791570365554724,5.153697490692139,0.0031401277519762516
single_svd_k1,10,single,1,svd,0,0.9258780991735537,0.9258780991735537,0.0,0.034792758894995446,0.2858494222164154,0.031817395240068436
single_svd_k1,10,single,1,svd,1,0.9564824380165289,0.9564824380165289,0.0,0.10631337567371524,0.3809555172920227,0.031817395240068436
single_svd_k1,10,single,1,svd,2,0.9713326446280991,0.9713326446280991,0.0,0.07040434945313989,0.4872152507305145,0.031817395240068436
single_svd_k1,10,single,1,svd,3,0.9808884297520661,0.9808884297520661,0.0,0.06079744924609243,0.6192805171012878,0.031817395240068436
single_svd_k1,10,single,1,svd,4,0.9763688016528925,0.9763688016528925,0.0,0.05476222854457913,0.7243854999542236,0.031817395240068436
single_svd_k1,10,single,1,svd,5,0.9784349173553719,0.9784349173553719,0.0,0.05607507949458834,0.8416454195976257,0.031817395240068436
single_svd_k1,10,single,1,svd,6,0.9775309917355371,0.9775309917355371,0.0,0.05272541505960904,0.9558601379394531,0.031817395240068436
single_svd_k1,10,single,1,svd,7,0.9785640495867769,0.9785640495867769,0.0,0.052791115235874764,1.120207667350769,0.031817395240068436
single_svd_k1,10,single,1,svd,8,0.9763688016528925,0.9763688016528925,0.0,0.045122544126372066,1.1942468881607056,0.031817395240068436
single_svd_k1,10,single,1,svd,9,0.9761105371900827,0.9761105371900827,0.0,0.034658825968567064,1.1960877180099487,0.031817395240068436
single_svd_k1,10,single,1,svd,10,0.9753357438016529,0.9753357438016529,0.0,0.038829731441544,1.2418791055679321,0.031817395240068436
single_svd_k1,10,single,1,svd,11,0.9594524793388429,0.9733987603305785,0.01394628099173556,0.03446082129292116,1.245813012123108,0.031817395240068436
single_svd_k1,10,single,1,svd,12,0.9560950413223139,0.96849173553719,0.012396694214876103,0.027386730602964038,1.3393356800079346,0.031817395240068436
single_svd_k1,10,single,1,svd,13,0.9498966942148761,0.9646177685950412,0.014721074380165122,0.028870179897880432,1.447135329246521,0.031817395240068436
single_svd_k1,10,single,1,svd,14,0.9540289256198347,0.9678460743801653,0.013817148760330689,0.03312052323108128,1.6817891597747803,0.031817395240068436
single_svd_k1,10,single,1,svd,15,0.9536415289256198,0.9626807851239669,0.009039256198347112,0.034247342766543176,1.8649159669876099,0.031817395240068436
single_svd_k1,10,single,1,svd,16,0.952737603305785,0.9629390495867769,0.010201446280991844,0.030150060631231268,2.0227127075195312,0.031817395240068436
single_svd_k1,10,single,1,svd,17,0.9571280991735537,0.9655216942148761,0.008393595041322421,0.035848535201930765,2.3691399097442627,0.031817395240068436
single_svd_k1,10,single,1,svd,18,0.9590650826446281,0.9664256198347108,0.007360537190082672,0.03277492795238923,2.5915868282318115,0.031817395240068436
single_svd_k1,10,single,1,svd,19,0.953254132231405,0.9613894628099173,0.008135330578512345,0.0292916491711136,2.7905988693237305,0.031817395240068436
single_svd_k1,10,single,1,svd,20,0.9542871900826446,0.9634555785123967,0.009168388429752095,0.029407349874354005,2.985366106033325,0.031817395240068436
single_svd_k1,10,single,1,svd,21,0.9535123966942148,0.965779958677686,0.01226756198347112,0.027806306288841953,3.283160448074341,0.031817395240068436
single_svd_k1,10,single,1,svd,22,0.95338326446281,0.9647469008264463,0.011363636363636354,0.024682715179182635,3.481757640838623,0.031817395240068436
single_svd_k1,10,single,1,svd,23,0.9541580578512396,0.9624225206611571,0.008264462809917439,0.021400843256341173,3.5986616611480713,0.031817395240068436
single_svd_k1,10,single,1,svd,24,0.9540289256198348,0.962551652892562,0.008522727272727182,0.01885470996731342,3.762798547744751,0.031817395240068436
single_svd_k1,10,single,1,svd,25,0.9511880165289256,0.9599690082644627,0.008780991735537147,0.017854554614178175,4.042906761169434,0.031817395240068436
single_svd_k1,10,single,1,svd,26,0.9567407024793388,0.962551652892562,0.005810950413223104,0.014490225690306668,4.245533466339111,0.031817395240068436
single_svd_k1,10,single,1,svd,27,0.9567407024793388,0.9634555785123966,0.0067148760330577595,0.012557655227009579,4.4190778732299805,0.031817395240068436
single_svd_k1,10,single,1,svd,28,0.9603564049586777,0.9657799586776858,0.005423553719008156,0.01156530279804191,4.811126708984375,0.031817395240068436
single_svd_k1,10,single,1,svd,29,0.9584194214876034,0.9644886363636364,0.006069214876032958,0.010970867819409147,5.096093654632568,0.031817395240068436
single_svd_k1,10,single,1,svd,30,0.9550619834710744,0.9602272727272727,0.005165289256198302,0.011027529762775767,5.594211101531982,0.031817395240068436
single_svd_k1,10,single,1,svd,31,0.918517561983471,0.9262654958677686,0.00774793388429762,0.01277877965632812,7.264523029327393,0.031817395240068436
single_svd_k2,10,single,2,svd,0,0.9258780991735537,0.9258780991735537,0.0,0.034792758894995446,0.2858494222164154,0.07354804128408432
single_svd_k2,10,single,2,svd,1,0.9564824380165289,0.9564824380165289,0.0,0.10631337567371524,0.3809555172920227,0.07354804128408432
single_svd_k2,10,single,2,svd,2,0.9713326446280991,0.9713326446280991,0.0,0.07040434945313989,0.4872152507305145,0.07354804128408432
single_svd_k2,10,single,2,svd,3,0.9808884297520661,0.9808884297520661,0.0,0.06079744924609243,0.6192805171012878,0.07354804128408432
single_svd_k2,10,single,2,svd,4,0.9763688016528925,0.9763688016528925,0.0,0.05476222854457913,0.7243854999542236,0.07354804128408432
single_svd_k2,10,single,2,svd,5,0.9784349173553719,0.9784349173553719,0.0,0.05607507949458834,0.8416454195976257,0.07354804128408432
single_svd_k2,10,single,2,svd,6,0.9775309917355371,0.9775309917355371,0.0,0.05272541505960904,0.9558601379394531,0.07354804128408432
single_svd_k2,10,single,2,svd,7,0.9785640495867769,0.9785640495867769,0.0,0.052791115235874764,1.120207667350769,0.07354804128408432
single_svd_k2,10,single,2,svd,8,0.9763688016528925,0.9763688016528925,0.0,0.045122544126372066,1.1942468881607056,0.07354804128408432
single_svd_k2,10,single,2,svd,9,0.9761105371900827,0.9761105371900827,0.0,0.034658825968567064,1.1960877180099487,0.07354804128408432
single_svd_k2,10,single,2,svd,10,0.9753357438016529,0.9753357438016529,0.0,0.038829731441544,1.2418791055679321,0.07354804128408432
single_svd_k2,10,single,2,svd,11,0.6567665289256198,0.9733987603305785,0.31663223140495866,0.003959330742904443,0.4189265966415405,0.07354804128408432
single_svd_k2,10,single,2,svd,12,0.6868543388429753,0.96849173553719,0.2816373966942147,0.0035193627665790483,0.47786447405815125,0.07354804128408432
single_svd_k2,10,single,2,svd,13,0.7079028925619835,0.9646177685950412,0.25671487603305776,0.004274544414421655,0.5650513768196106,0.07354804128408432
single_svd_k2,10,single,2,svd,14,0.7930010330578511,0.9678460743801653,0.17484504132231427,0.008329342431334874,0.8609160780906677,0.07354804128408432
single_svd_k2,10,single,2,svd,15,0.8083677685950413,0.9626807851239669,0.1543130165289256,0.008202196917034721,0.921394407749176,0.07354804128408432
single_svd_k2,10,single,2,svd,16,0.8103047520661157,0.9629390495867769,0.15263429752066116,0.007139118124723676,1.0040184259414673,0.07354804128408432
single_svd_k2,10,single,2,svd,17,0.8143078512396695,0.9655216942148761,0.15121384297520657,0.008566443933879841,1.2085301876068115,0.07354804128408432
single_svd_k2,10,single,2,svd,18,0.8245092975206612,0.9664256198347108,0.1419163223140496,0.00803467618875442,1.3499051332473755,0.07354804128408432
single_svd_k2,10,single,2,svd,19,0.8261880165289256,0.9613894628099173,0.13520144628099173,0.007158454819582327,1.4573235511779785,0.07354804128408432
single_svd_k2,10,single,2,svd,20,0.824767561983471,0.9634555785123967,0.1386880165289257,0.0074674152676073025,1.5735678672790527,0.07354804128408432
single_svd_k2,10,single,2,svd,21,0.8261880165289256,0.965779958677686,0.13959194214876036,0.007607613289512205,1.7950005531311035,0.07354804128408432
single_svd_k2,10,single,2,svd,22,0.8303202479338844,0.9647469008264463,0.13442665289256195,0.0069943242689790575,1.9393982887268066,0.07354804128408432
single_svd_k2,10,single,2,svd,23,0.8265754132231405,0.9624225206611571,0.13584710743801653,0.006198073358244627,2.0243186950683594,0.07354804128408432
single_svd_k2,10,single,2,svd,24,0.8338068181818181,0.962551652892562,0.12874483471074383,0.0056008452268666575,2.1253840923309326,0.07354804128408432
single_svd_k2,10,single,2,svd,25,0.8412964876033058,0.9599690082644627,0.11867252066115697,0.005684535374761879,2.3551318645477295,0.07354804128408432
single_svd_k2,10,single,2,svd,26,0.8463326446280991,0.962551652892562,0.11621900826446285,0.004703529178937238,2.4878814220428467,0.07354804128408432
single_svd_k2,10,single,2,svd,27,0.8494318181818181,0.9634555785123966,0.11402376033057848,0.004238161339268354,2.6133010387420654,0.07354804128408432
single_svd_k2,10,single,2,svd,28,0.8558884297520661,0.9657799586776858,0.10989152892561971,0.004018667126214459,2.89192795753479,0.07354804128408432
single_svd_k2,10,single,2,svd,29,0.8613119834710744,0.9644886363636364,0.10317665289256195,0.004048699032990211,3.1217641830444336,0.07354804128408432
single_svd_k2,10,single,2,svd,30,0.8609245867768595,0.9602272727272727,0.09930268595041325,0.0042356517851627196,3.4815402030944824,0.07354804128408432
single_svd_k2,10,single,2,svd,31,0.8252840909090909,0.9262654958677686,0.10098140495867769,0.005121105759933853,4.675833225250244,0.07354804128408432
single_svd_k4,10,single,4,svd,0,0.9258780991735537,0.9258780991735537,0.0,0.034792758894995446,0.2858494222164154,0.1878771036863327
single_svd_k4,10,single,4,svd,1,0.9564824380165289,0.9564824380165289,0.0,0.10631337567371524,0.3809555172920227,0.1878771036863327
single_svd_k4,10,single,4,svd,2,0.9713326446280991,0.9713326446280991,0.0,0.07040434945313989,0.4872152507305145,0.1878771036863327
single_svd_k4,10,single,4,svd,3,0.9808884297520661,0.9808884297520661,0.0,0.06079744924609243,0.6192805171012878,0.1878771036863327
single_svd_k4,10,single,4,svd,4,0.9763688016528925,0.9763688016528925,0.0,0.05476222854457913,0.7243854999542236,0.1878771036863327
single_svd_k4,10,single,4,svd,5,0.9784349173553719,0.9784349173553719,0.0,0.05607507949458834,0.8416454195976257,0.1878771036863327
single_svd_k4,10,single,4,svd,6,0.9775309917355371,0.9775309917355371,0.0,0.05272541505960904,0.9558601379394531,0.1878771036863327
single_svd_k4,10,single,4,svd,7,0.9785640495867769,0.9785640495867769,0.0,0.052791115235874764,1.120207667350769,0.1878771036863327
single_svd_k4,10,single,4,svd,8,0.9763688016528925,0.9763688016528925,0.0,0.045122544126372066,1.1942468881607056,0.1878771036863327
single_svd_k4,10,single,4,svd,9,0.9761105371900827,0.9761105371900827,0.0,0.034658825968567064,1.1960877180099487,0.1878771036863327
single_svd_k4,10,single,4,svd,10,0.9753357438016529,0.9753357438016529,0.0,0.038829731441544,1.2418791055679321,0.1878771036863327
single_svd_k4,10,single,4,svd,11,0.5510072314049587,0.9733987603305785,0.4223915289256198,0.0022367252532369264,0.2958269715309143,0.1878771036863327
single_svd_k4,10,single,4,svd,12,0.5964617768595041,0.96849173553719,0.37202995867768596,0.002298647611074789,0.3634776473045349,0.1878771036863327
single_svd_k4,10,single,4,svd,13,0.6353305785123967,0.9646177685950412,0.3292871900826445,0.003126661594965441,0.46488115191459656,0.1878771036863327
single_svd_k4,10,single,4,svd,14,0.7423811983471076,0.9678460743801653,0.22546487603305776,0.0071913323777466065,0.7671363949775696,0.1878771036863327
single_svd_k4,10,single,4,svd,15,0.7581353305785123,0.9626807851239669,0.20454545454545459,0.007440032114120365,0.8377354145050049,0.1878771036863327
single_svd_k4,10,single,4,svd,16,0.7582644628099174,0.9629390495867769,0.20467458677685946,0.00656150420562307,0.9400812983512878,0.1878771036863327
single_svd_k4,10,single,4,svd,17,0.7652376033057852,0.9655216942148761,0.20028409090909094,0.008119880083627518,1.1382204294204712,0.1878771036863327
single_svd_k4,10,single,4,svd,18,0.781379132231405,0.9664256198347108,0.18504648760330578,0.007833596044379387,1.2788121700286865,0.1878771036863327
single_svd_k4,10,single,4,svd,19,0.7846074380165289,0.9613894628099173,0.17678202479338845,0.007288327883727241,1.414500117301941,0.1878771036863327
single_svd_k4,10,single,4,svd,20,0.7790547520661157,0.9634555785123967,0.18440082644628097,0.007621867249430259,1.5360021591186523,0.1878771036863327
single_svd_k4,10,single,4,svd,21,0.7795712809917356,0.965779958677686,0.1862086776859504,0.007739228130377751,1.780147671699524,0.1878771036863327
single_svd_k4,10,single,4,svd,22,0.7919679752066116,0.9647469008264463,0.17277892561983477,0.0071946994473102155,1.9345070123672485,0.1878771036863327
single_svd_k4,10,single,4,svd,23,0.7984245867768595,0.9624225206611571,0.16399793388429762,0.006242825022821474,2.0187184810638428,0.1878771036863327
single_svd_k4,10,single,4,svd,24,0.8037190082644627,0.962551652892562,0.1588326446280992,0.005621609262236649,2.101443290710449,0.1878771036863327
single_svd_k4,10,single,4,svd,25,0.8112086776859504,0.9599690082644627,0.14876033057851235,0.005775102027445578,2.343566656112671,0.1878771036863327
single_svd_k4,10,single,4,svd,26,0.8144369834710744,0.962551652892562,0.14811466942148754,0.004782509391662804,2.480700731277466,0.1878771036863327
single_svd_k4,10,single,4,svd,27,0.8208935950413224,0.9634555785123966,0.14256198347107418,0.004366751632830512,2.60378360748291,0.1878771036863327
single_svd_k4,10,single,4,svd,28,0.8252840909090909,0.9657799586776858,0.1404958677685949,0.0041318234072278415,2.8917713165283203,0.1878771036863327
single_svd_k4,10,single,4,svd,29,0.8272210743801652,0.9644886363636364,0.13726756198347112,0.004075987879062715,3.109344482421875,0.1878771036863327
single_svd_k4,10,single,4,svd,30,0.8196022727272727,0.9602272727272727,0.140625,0.004243469820756629,3.4755263328552246,0.1878771036863327
single_svd_k4,10,single,4,svd,31,0.8052685950413224,0.9262654958677686,0.12099690082644621,0.004982435789471107,4.655564308166504,0.1878771036863327
single_svd_k8,10,single,8,svd,0,0.9258780991735537,0.9258780991735537,0.0,0.034792758894995446,0.2858494222164154,0.32886365056037903
single_svd_k8,10,single,8,svd,1,0.9564824380165289,0.9564824380165289,0.0,0.10631337567371524,0.3809555172920227,0.32886365056037903
single_svd_k8,10,single,8,svd,2,0.9713326446280991,0.9713326446280991,0.0,0.07040434945313989,0.4872152507305145,0.32886365056037903
single_svd_k8,10,single,8,svd,3,0.9808884297520661,0.9808884297520661,0.0,0.06079744924609243,0.6192805171012878,0.32886365056037903
single_svd_k8,10,single,8,svd,4,0.9763688016528925,0.9763688016528925,0.0,0.05476222854457913,0.7243854999542236,0.32886365056037903
single_svd_k8,10,single,8,svd,5,0.9784349173553719,0.9784349173553719,0.0,0.05607507949458834,0.8416454195976257,0.32886365056037903
single_svd_k8,10,single,8,svd,6,0.9775309917355371,0.9775309917355371,0.0,0.05272541505960904,0.9558601379394531,0.32886365056037903
single_svd_k8,10,single,8,svd,7,0.9785640495867769,0.9785640495867769,0.0,0.052791115235874764,1.120207667350769,0.32886365056037903
single_svd_k8,10,single,8,svd,8,0.9763688016528925,0.9763688016528925,0.0,0.045122544126372066,1.1942468881607056,0.32886365056037903
single_svd_k8,10,single,8,svd,9,0.9761105371900827,0.9761105371900827,0.0,0.034658825968567064,1.1960877180099487,0.32886365056037903
single_svd_k8,10,single,8,svd,10,0.9753357438016529,0.9753357438016529,0.0,0.038829731441544,1.2418791055679321,0.32886365056037903
single_svd_k8,10,single,8,svd,11,0.4940599173553719,0.9733987603305785,0.47933884297520657,0.0016744412582155865,0.2566053569316864,0.32886365056037903
single_svd_k8,10,single,8,svd,12,0.5493285123966942,0.96849173553719,0.4191632231404958,0.0018926641204358718,0.32725751399993896,0.32886365056037903
single_svd_k8,10,single,8,svd,13,0.6040805785123967,0.9646177685950412,0.3605371900826445,0.0025097551906810844,0.4245413839817047,0.32886365056037903
single_svd_k8,10,single,8,svd,14,0.7289514462809916,0.9678460743801653,0.23889462809917372,0.006388637428330957,0.7366191744804382,0.32886365056037903
single_svd_k8,10,single,8,svd,15,0.7622675619834711,0.9626807851239669,0.2004132231404958,0.006470305933391041,0.7956869602203369,0.32886365056037903
single_svd_k8,10,single,8,svd,16,0.7667871900826447,0.9629390495867769,0.19615185950413216,0.005751097261337379,0.8964579701423645,0.32886365056037903
single_svd_k8,10,single,8,svd,17,0.7723398760330579,0.9655216942148761,0.19318181818181823,0.006934450900518696,1.0728222131729126,0.32886365056037903
single_svd_k8,10,single,8,svd,18,0.7887396694214875,0.9664256198347108,0.17768595041322321,0.00652884340377391,1.1923614740371704,0.32886365056037903
single_svd_k8,10,single,8,svd,19,0.7928719008264462,0.9613894628099173,0.16851756198347112,0.006018465671714823,1.3237582445144653,0.32886365056037903
single_svd_k8,10,single,8,svd,20,0.7914514462809917,0.9634555785123967,0.17200413223140498,0.006218676583816918,1.4280881881713867,0.32886365056037903
single_svd_k8,10,single,8,svd,21,0.7911931818181818,0.965779958677686,0.1745867768595042,0.006304011325767189,1.663169264793396,0.32886365056037903
single_svd_k8,10,single,8,svd,22,0.7940340909090909,0.9647469008264463,0.17071280991735538,0.005881451026872986,1.8167678117752075,0.32886365056037903
single_svd_k8,10,single,8,svd,23,0.8006198347107438,0.9624225206611571,0.16180268595041325,0.005215307870211849,1.9038138389587402,0.32886365056037903
single_svd_k8,10,single,8,svd,24,0.8069473140495868,0.962551652892562,0.1556043388429752,0.004746793165041452,1.9834223985671997,0.32886365056037903
single_svd_k8,10,single,8,svd,25,0.8159865702479338,0.9599690082644627,0.143982438016529,0.00482211567244939,2.202833652496338,0.32886365056037903
single_svd_k8,10,single,8,svd,26,0.819214876033058,0.962551652892562,0.14333677685950397,0.004002443018298885,2.330965757369995,0.32886365056037903
single_svd_k8,10,single,8,svd,27,0.8220557851239669,0.9634555785123966,0.14139979338842967,0.003626506865887391,2.426285982131958,0.32886365056037903
single_svd_k8,10,single,8,svd,28,0.8265754132231404,0.9657799586776858,0.13920454545454541,0.003455397436403329,2.699840784072876,0.32886365056037903
single_svd_k8,10,single,8,svd,29,0.8286415289256197,0.9644886363636364,0.13584710743801665,0.0034056089991104654,2.917376756668091,0.32886365056037903
single_svd_k8,10,single,8,svd,30,0.8237345041322315,0.9602272727272727,0.13649276859504123,0.0035820842502597428,3.2688119411468506,0.32886365056037903
single_svd_k8,10,single,8,svd,31,0.803073347107438,0.9262654958677686,0.12319214876033058,0.0038557818077706862,4.286002159118652,0.32886365056037903
single_random,10,single,1,random,0,0.9258780991735537,0.9258780991735537,0.0,0.034792758894995446,0.2858494222164154,1.5610230548190884e-05
single_random,10,single,1,random,1,0.9564824380165289,0.9564824380165289,0.0,0.10631337567371524,0.3809555172920227,1.5610230548190884e-05
single_random,10,single,1,random,2,0.9713326446280991,0.9713326446280991,0.0,0.07040434945313989,0.4872152507305145,1.5610230548190884e-05
single_random,10,single,1,random,3,0.9808884297520661,0.9808884297520661,0.0,0.06079744924609243,0.6192805171012878,1.5610230548190884e-05
single_random,10,single,1,random,4,0.9763688016528925,0.9763688016528925,0.0,0.05476222854457913,0.7243854999542236,1.5610230548190884e-05
single_random,10,single,1,random,5,0.9784349173553719,0.9784349173553719,0.0,0.05607507949458834,0.8416454195976257,1.5610230548190884e-05
single_random,10,single,1,random,6,0.9775309917355371,0.9775309917355371,0.0,0.05272541505960904,0.9558601379394531,1.5610230548190884e-05
single_random,10,single,1,random,7,0.9785640495867769,0.9785640495867769,0.0,0.052791115235874764,1.120207667350769,1.5610230548190884e-05
single_random,10,single,1,random,8,0.9763688016528925,0.9763688016528925,0.0,0.045122544126372066,1.1942468881607056,1.5610230548190884e-05
single_random,10,single,1,random,9,0.9761105371900827,0.9761105371900827,0.0,0.034658825968567064,1.1960877180099487,1.5610230548190884e-05
single_random,10,single,1,random,10,0.9753357438016529,0.9753357438016529,0.0,0.038829731441544,1.2418791055679321,1.5610230548190884e-05
single_random,10,single,1,random,11,0.9733987603305785,0.9733987603305785,0.0,0.03604359601664531,1.2866992950439453,1.5610230548190884e-05
single_random,10,single,1,random,12,0.9682334710743801,0.96849173553719,0.00025826446280996507,0.028441641695959863,1.3931294679641724,1.5610230548190884e-05
single_random,10,single,1,random,13,0.9644886363636362,0.9646177685950412,0.00012913223140498253,0.03036442536396544,1.4908897876739502,1.5610230548190884e-05
single_random,10,single,1,random,14,0.9677169421487604,0.9678460743801653,0.00012913223140498253,0.033785311572402166,1.7083920240402222,1.5610230548190884e-05
single_random,10,single,1,random,15,0.9626807851239669,0.9626807851239669,0.0,0.034396975269502916,1.8861342668533325,1.5610230548190884e-05
single_random,10,single,1,random,16,0.9630681818181818,0.9629390495867769,-0.0001291322314048715,0.03006966619372431,2.0195276737213135,1.5610230548190884e-05
single_random,10,single,1,random,17,0.9655216942148761,0.9655216942148761,0.0,0.03599777108856095,2.3637681007385254,1.5610230548190884e-05
single_random,10,single,1,random,18,0.9661673553719008,0.9664256198347108,0.00025826446280996507,0.03262472411195827,2.5707006454467773,1.5610230548190884e-05
single_random,10,single,1,random,19,0.9613894628099173,0.9613894628099173,0.0,0.029082149126883672,2.7634270191192627,1.5610230548190884e-05
single_random,10,single,1,random,20,0.9635847107438017,0.9634555785123967,-0.00012913223140498253,0.028751361559166355,2.9572341442108154,1.5610230548190884e-05
single_random,10,single,1,random,21,0.9659090909090909,0.965779958677686,-0.00012913223140498253,0.027045694266653708,3.229081392288208,1.5610230548190884e-05
single_random,10,single,1,random,22,0.9647469008264463,0.9647469008264463,0.0,0.02426158780640586,3.4237515926361084,1.5610230548190884e-05
single_random,10,single,1,random,23,0.9625516528925621,0.9624225206611571,-0.00012913223140498253,0.020716414988505072,3.5321590900421143,1.5610230548190884e-05
single_random,10,single,1,random,24,0.962551652892562,0.962551652892562,0.0,0.018221206081950325,3.6991302967071533,1.5610230548190884e-05
single_random,10,single,1,random,25,0.9600981404958677,0.9599690082644627,-0.00012913223140498253,0.017329449516401918,3.975478172302246,1.5610230548190884e-05
single_random,10,single,1,random,26,0.9628099173553719,0.962551652892562,-0.00025826446280996507,0.013984437280153306,4.157705307006836,1.5610230548190884e-05
single_random,10,single,1,random,27,0.9635847107438016,0.9634555785123966,-0.00012913223140498253,0.012082035641409195,4.318670749664307,1.5610230548190884e-05
single_random,10,single,1,random,28,0.9659090909090908,0.9657799586776858,-0.00012913223140498253,0.01101875511498096,4.671909332275391,1.5610230548190884e-05
single_random,10,single,1,random,29,0.9646177685950413,0.9644886363636364,-0.00012913223140498253,0.01054361931424197,4.945150375366211,1.5610230548190884e-05
single_random,10,single,1,random,30,0.9602272727272727,0.9602272727272727,0.0,0.010525692907686457,5.407553672790527,1.5610230548190884e-05
single_random,10,single,1,random,31,0.9263946280991736,0.9262654958677686,-0.00012913223140498253,0.011977703011695429,6.872069835662842,1.5610230548190884e-05
single_probe,15,single,1,probe,0,0.9258780991735537,0.9258780991735537,0.0,0.034792758894995446,0.2858494222164154,0.02184460125863552
single_probe,15,single,1,probe,1,0.9564824380165289,0.9564824380165289,0.0,0.10631337567371524,0.3809555172920227,0.02184460125863552
single_probe,15,single,1,probe,2,0.9713326446280991,0.9713326446280991,0.0,0.07040434945313989,0.4872152507305145,0.02184460125863552
single_probe,15,single,1,probe,3,0.9808884297520661,0.9808884297520661,0.0,0.06079744924609243,0.6192805171012878,0.02184460125863552
single_probe,15,single,1,probe,4,0.9763688016528925,0.9763688016528925,0.0,0.05476222854457913,0.7243854999542236,0.02184460125863552
single_probe,15,single,1,probe,5,0.9784349173553719,0.9784349173553719,0.0,0.05607507949458834,0.8416454195976257,0.02184460125863552
single_probe,15,single,1,probe,6,0.9775309917355371,0.9775309917355371,0.0,0.05272541505960904,0.9558601379394531,0.02184460125863552
single_probe,15,single,1,probe,7,0.9785640495867769,0.9785640495867769,0.0,0.052791115235874764,1.120207667350769,0.02184460125863552
single_probe,15,single,1,probe,8,0.9763688016528925,0.9763688016528925,0.0,0.045122544126372066,1.1942468881607056,0.02184460125863552
single_probe,15,single,1,probe,9,0.9761105371900827,0.9761105371900827,0.0,0.034658825968567064,1.1960877180099487,0.02184460125863552
single_probe,15,single,1,probe,10,0.9753357438016529,0.9753357438016529,0.0,0.038829731441544,1.2418791055679321,0.02184460125863552
single_probe,15,single,1,probe,11,0.9733987603305785,0.9733987603305785,0.0,0.03602625518459468,1.286953091621399,0.02184460125863552
single_probe,15,single,1,probe,12,0.96849173553719,0.96849173553719,0.0,0.02845527149014393,1.3933613300323486,0.02184460125863552
single_probe,15,single,1,probe,13,0.9646177685950412,0.9646177685950412,0.0,0.0303857231553869,1.4911729097366333,0.02184460125863552
single_probe,15,single,1,probe,14,0.9678460743801653,0.9678460743801653,0.0,0.033803787628951865,1.7086907625198364,0.02184460125863552
single_probe,15,single,1,probe,15,0.9626807851239669,0.9626807851239669,0.0,0.03440843746719069,1.8865779638290405,0.02184460125863552
single_probe,15,single,1,probe,16,0.6792355371900828,0.9629390495867769,0.2837035123966941,0.009992447492821466,1.1581493616104126,0.02184460125863552
single_probe,15,single,1,probe,17,0.7729855371900827,0.9655216942148761,0.19253615702479343,0.010926954446546455,1.3049274682998657,0.02184460125863552
single_probe,15,single,1,probe,18,0.8167613636363635,0.9664256198347108,0.14966425619834722,0.01017256460993976,1.4360065460205078,0.02184460125863552
single_probe,15,single,1,probe,19,0.8343233471074379,0.9613894628099173,0.1270661157024794,0.009618972734464437,1.582724928855896,0.02184460125863552
single_probe,15,single,1,probe,20,0.8376807851239669,0.9634555785123967,0.12577479338842978,0.010061917467461656,1.7339714765548706,0.02184460125863552
single_probe,15,single,1,probe,21,0.8474948347107438,0.965779958677686,0.11828512396694213,0.010083894445325425,1.9701876640319824,0.02184460125863552
single_probe,15,single,1,probe,22,0.862345041322314,0.9647469008264463,0.10240185950413228,0.009249461307605844,2.12331223487854,0.02184460125863552
single_probe,15,single,1,probe,23,0.8615702479338844,0.9624225206611571,0.10085227272727271,0.008287019917728733,2.2201924324035645,0.02184460125863552
single_probe,15,single,1,probe,24,0.8644111570247933,0.962551652892562,0.09814049586776863,0.007294388937959528,2.338754892349243,0.02184460125863552
single_probe,15,single,1,probe,25,0.8645402892561985,0.9599690082644627,0.09542871900826422,0.007109529050591257,2.5684428215026855,0.02184460125863552
single_probe,15,single,1,probe,26,0.8730630165289256,0.962551652892562,0.08948863636363635,0.005888359535763055,2.7159781455993652,0.02184460125863552
single_probe,15,single,1,probe,27,0.8775826446280992,0.9634555785123966,0.0858729338842974,0.00513650616489203,2.847872018814087,0.02184460125863552
single_probe,15,single,1,probe,28,0.8870092975206613,0.9657799586776858,0.07877066115702458,0.00487226428212717,3.1125905513763428,0.02184460125863552
single_probe,15,single,1,probe,29,0.8855888429752067,0.9644886363636364,0.07889979338842967,0.004787567221963163,3.355776309967041,0.02184460125863552
single_probe,15,single,1,probe,30,0.8863636363636364,0.9602272727272727,0.07386363636363635,0.0048522250969679215,3.7183618545532227,0.02184460125863552
single_probe,15,single,1,probe,31,0.8367768595041323,0.9262654958677686,0.08948863636363635,0.0067312249850419725,5.0743279457092285,0.02184460125863552
single_svd_k1,15,single,1,svd,0,0.9258780991735537,0.9258780991735537,0.0,0.034792758894995446,0.2858494222164154,0.041842736303806305
single_svd_k1,15,single,1,svd,1,0.9564824380165289,0.9564824380165289,0.0,0.10631337567371524,0.3809555172920227,0.041842736303806305
single_svd_k1,15,single,1,svd,2,0.9713326446280991,0.9713326446280991,0.0,0.07040434945313989,0.4872152507305145,0.041842736303806305
single_svd_k1,15,single,1,svd,3,0.9808884297520661,0.9808884297520661,0.0,0.06079744924609243,0.6192805171012878,0.041842736303806305
single_svd_k1,15,single,1,svd,4,0.9763688016528925,0.9763688016528925,0.0,0.05476222854457913,0.7243854999542236,0.041842736303806305
single_svd_k1,15,single,1,svd,5,0.9784349173553719,0.9784349173553719,0.0,0.05607507949458834,0.8416454195976257,0.041842736303806305
single_svd_k1,15,single,1,svd,6,0.9775309917355371,0.9775309917355371,0.0,0.05272541505960904,0.9558601379394531,0.041842736303806305
single_svd_k1,15,single,1,svd,7,0.9785640495867769,0.9785640495867769,0.0,0.052791115235874764,1.120207667350769,0.041842736303806305
single_svd_k1,15,single,1,svd,8,0.9763688016528925,0.9763688016528925,0.0,0.045122544126372066,1.1942468881607056,0.041842736303806305
single_svd_k1,15,single,1,svd,9,0.9761105371900827,0.9761105371900827,0.0,0.034658825968567064,1.1960877180099487,0.041842736303806305
single_svd_k1,15,single,1,svd,10,0.9753357438016529,0.9753357438016529,0.0,0.038829731441544,1.2418791055679321,0.041842736303806305
single_svd_k1,15,single,1,svd,11,0.9733987603305785,0.9733987603305785,0.0,0.03602625518459468,1.286953091621399,0.041842736303806305
single_svd_k1,15,single,1,svd,12,0.96849173553719,0.96849173553719,0.0,0.02845527149014393,1.3933613300323486,0.041842736303806305
single_svd_k1,15,single,1,svd,13,0.9646177685950412,0.9646177685950412,0.0,0.0303857231553869,1.4911729097366333,0.041842736303806305
single_svd_k1,15,single,1,svd,14,0.9678460743801653,0.9678460743801653,0.0,0.033803787628951865,1.7086907625198364,0.041842736303806305
single_svd_k1,15,single,1,svd,15,0.9626807851239669,0.9626807851239669,0.0,0.03440843746719069,1.8865779638290405,0.041842736303806305
single_svd_k1,15,single,1,svd,16,0.9518336776859504,0.9629390495867769,0.0111053719008265,0.028302312271927033,1.9903414249420166,0.041842736303806305
single_svd_k1,15,single,1,svd,17,0.9542871900826447,0.9655216942148761,0.011234504132231371,0.033105872485844956,2.3311548233032227,0.041842736303806305
single_svd_k1,15,single,1,svd,18,0.9590650826446281,0.9664256198347108,0.007360537190082672,0.03009829587066193,2.54146146774292,0.041842736303806305
single_svd_k1,15,single,1,svd,19,0.9526084710743802,0.9613894628099173,0.008780991735537147,0.02654234563299518,2.733872175216675,0.041842736303806305
single_svd_k1,15,single,1,svd,20,0.9526084710743802,0.9634555785123967,0.010847107438016534,0.026466959742341367,2.915423631668091,0.041842736303806305
single_svd_k1,15,single,1,svd,21,0.9537706611570247,0.965779958677686,0.012009297520661266,0.02534247631920017,3.2187232971191406,0.041842736303806305
single_svd_k1,15,single,1,svd,22,0.95338326446281,0.9647469008264463,0.011363636363636354,0.022475333501220773,3.4242184162139893,0.041842736303806305
single_svd_k1,15,single,1,svd,23,0.9537706611570248,0.9624225206611571,0.008651859504132275,0.01953162204186132,3.537196397781372,0.041842736303806305
single_svd_k1,15,single,1,svd,24,0.9538997933884298,0.962551652892562,0.008651859504132164,0.017337680793324317,3.7016806602478027,0.041842736303806305
single_svd_k1,15,single,1,svd,25,0.9508006198347108,0.9599690082644627,0.009168388429751984,0.01658585964948145,3.989445209503174,0.041842736303806305
single_svd_k1,15,single,1,svd,26,0.9572572314049588,0.962551652892562,0.005294421487603174,0.013546249092165286,4.188370704650879,0.041842736303806305
single_svd_k1,15,single,1,svd,27,0.9569989669421488,0.9634555785123966,0.006456611570247794,0.011801026788944347,4.352731227874756,0.041842736303806305
single_svd_k1,15,single,1,svd,28,0.962422520661157,0.9657799586776858,0.0033574380165288797,0.010913785383063535,4.738767147064209,0.041842736303806305
single_svd_k1,15,single,1,svd,29,0.9588068181818182,0.9644886363636364,0.005681818181818121,0.010299537340431986,5.017792224884033,0.041842736303806305
single_svd_k1,15,single,1,svd,30,0.9567407024793388,0.9602272727272727,0.0034865702479338623,0.01047375480525492,5.511044025421143,0.041842736303806305
single_svd_k1,15,single,1,svd,31,0.9207128099173554,0.9262654958677686,0.00555268595041325,0.012642111565899339,7.261457443237305,0.041842736303806305
single_svd_k2,15,single,2,svd,0,0.9258780991735537,0.9258780991735537,0.0,0.034792758894995446,0.2858494222164154,0.05931514874100685
single_svd_k2,15,single,2,svd,1,0.9564824380165289,0.9564824380165289,0.0,0.10631337567371524,0.3809555172920227,0.05931514874100685
single_svd_k2,15,single,2,svd,2,0.9713326446280991,0.9713326446280991,0.0,0.07040434945313989,0.4872152507305145,0.05931514874100685
single_svd_k2,15,single,2,svd,3,0.9808884297520661,0.9808884297520661,0.0,0.06079744924609243,0.6192805171012878,0.05931514874100685
single_svd_k2,15,single,2,svd,4,0.9763688016528925,0.9763688016528925,0.0,0.05476222854457913,0.7243854999542236,0.05931514874100685
single_svd_k2,15,single,2,svd,5,0.9784349173553719,0.9784349173553719,0.0,0.05607507949458834,0.8416454195976257,0.05931514874100685
single_svd_k2,15,single,2,svd,6,0.9775309917355371,0.9775309917355371,0.0,0.05272541505960904,0.9558601379394531,0.05931514874100685
single_svd_k2,15,single,2,svd,7,0.9785640495867769,0.9785640495867769,0.0,0.052791115235874764,1.120207667350769,0.05931514874100685
single_svd_k2,15,single,2,svd,8,0.9763688016528925,0.9763688016528925,0.0,0.045122544126372066,1.1942468881607056,0.05931514874100685
single_svd_k2,15,single,2,svd,9,0.9761105371900827,0.9761105371900827,0.0,0.034658825968567064,1.1960877180099487,0.05931514874100685
single_svd_k2,15,single,2,svd,10,0.9753357438016529,0.9753357438016529,0.0,0.038829731441544,1.2418791055679321,0.05931514874100685
single_svd_k2,15,single,2,svd,11,0.9733987603305785,0.9733987603305785,0.0,0.03602625518459468,1.286953091621399,0.05931514874100685
single_svd_k2,15,single,2,svd,12,0.96849173553719,0.96849173553719,0.0,0.02845527149014393,1.3933613300323486,0.05931514874100685
single_svd_k2,15,single,2,svd,13,0.9646177685950412,0.9646177685950412,0.0,0.0303857231553869,1.4911729097366333,0.05931514874100685
single_svd_k2,15,single,2,svd,14,0.9678460743801653,0.9678460743801653,0.0,0.033803787628951865,1.7086907625198364,0.05931514874100685
single_svd_k2,15,single,2,svd,15,0.9626807851239669,0.9626807851239669,0.0,0.03440843746719069,1.8865779638290405,0.05931514874100685
single_svd_k2,15,single,2,svd,16,0.6386880165289256,0.9629390495867769,0.3242510330578513,0.00518045532320488,0.8318081498146057,0.05931514874100685
single_svd_k2,15,single,2,svd,17,0.6619318181818181,0.9655216942148761,0.303589876033058,0.006483145003208346,0.9756839275360107,0.05931514874100685
single_svd_k2,15,single,2,svd,18,0.6838842975206613,0.9664256198347108,0.2825413223140495,0.006513135755085608,1.1071504354476929,0.05931514874100685
single_svd_k2,15,single,2,svd,19,0.6967975206611571,0.9613894628099173,0.26459194214876025,0.005760685848492542,1.2095882892608643,0.05931514874100685
single_svd_k2,15,single,2,svd,20,0.6946022727272727,0.9634555785123967,0.268853305785124,0.006041716560350907,1.3368852138519287,0.05931514874100685
single_svd_k2,15,single,2,svd,21,0.7178460743801653,0.965779958677686,0.2479338842975206,0.0064711312517147235,1.5666038990020752,0.05931514874100685
single_svd_k2,15,single,2,svd,22,0.7243026859504132,0.9647469008264463,0.24044421487603307,0.006206070196823288,1.7367339134216309,0.05931514874100685
single_svd_k2,15,single,2,svd,23,0.7255940082644629,0.9624225206611571,0.23682851239669422,0.005522362739055486,1.8478046655654907,0.05931514874100685
single_svd_k2,15,single,2,svd,24,0.7329545454545455,0.962551652892562,0.22959710743801642,0.00491305182613111,1.9366652965545654,0.05931514874100685
single_svd_k2,15,single,2,svd,25,0.7475464876033057,0.9599690082644627,0.21242252066115708,0.0047796211809780775,2.1110002994537354,0.05931514874100685
single_svd_k2,15,single,2,svd,26,0.756327479338843,0.962551652892562,0.20622417355371891,0.00395427874272436,2.2057952880859375,0.05931514874100685
single_svd_k2,15,single,2,svd,27,0.7567148760330579,0.9634555785123966,0.20674070247933873,0.0036482544013242135,2.3417344093322754,0.05931514874100685
single_svd_k2,15,single,2,svd,28,0.7728564049586777,0.9657799586776858,0.19292355371900816,0.0035272822330704168,2.606950521469116,0.05931514874100685
single_svd_k2,15,single,2,svd,29,0.7754390495867769,0.9644886363636364,0.18904958677685946,0.0033872996697204005,2.8092072010040283,0.05931514874100685
single_svd_k2,15,single,2,svd,30,0.7738894628099173,0.9602272727272727,0.18633780991735538,0.0035921945070839234,3.1328606605529785,0.05931514874100685
single_svd_k2,15,single,2,svd,31,0.7755681818181818,0.9262654958677686,0.15069731404958686,0.005013190922612321,4.316148281097412,0.05931514874100685
single_svd_k4,15,single,4,svd,0,0.9258780991735537,0.9258780991735537,0.0,0.034792758894995446,0.2858494222164154,0.2665413022041321
single_svd_k4,15,single,4,svd,1,0.9564824380165289,0.9564824380165289,0.0,0.10631337567371524,0.3809555172920227,0.2665413022041321
single_svd_k4,15,single,4,svd,2,0.9713326446280991,0.9713326446280991,0.0,0.07040434945313989,0.4872152507305145,0.2665413022041321
single_svd_k4,15,single,4,svd,3,0.9808884297520661,0.9808884297520661,0.0,0.06079744924609243,0.6192805171012878,0.2665413022041321
single_svd_k4,15,single,4,svd,4,0.9763688016528925,0.9763688016528925,0.0,0.05476222854457913,0.7243854999542236,0.2665413022041321
single_svd_k4,15,single,4,svd,5,0.9784349173553719,0.9784349173553719,0.0,0.05607507949458834,0.8416454195976257,0.2665413022041321
single_svd_k4,15,single,4,svd,6,0.9775309917355371,0.9775309917355371,0.0,0.05272541505960904,0.9558601379394531,0.2665413022041321
single_svd_k4,15,single,4,svd,7,0.9785640495867769,0.9785640495867769,0.0,0.052791115235874764,1.120207667350769,0.2665413022041321
single_svd_k4,15,single,4,svd,8,0.9763688016528925,0.9763688016528925,0.0,0.045122544126372066,1.1942468881607056,0.2665413022041321
single_svd_k4,15,single,4,svd,9,0.9761105371900827,0.9761105371900827,0.0,0.034658825968567064,1.1960877180099487,0.2665413022041321
single_svd_k4,15,single,4,svd,10,0.9753357438016529,0.9753357438016529,0.0,0.038829731441544,1.2418791055679321,0.2665413022041321
single_svd_k4,15,single,4,svd,11,0.9733987603305785,0.9733987603305785,0.0,0.03602625518459468,1.286953091621399,0.2665413022041321
single_svd_k4,15,single,4,svd,12,0.96849173553719,0.96849173553719,0.0,0.02845527149014393,1.3933613300323486,0.2665413022041321
single_svd_k4,15,single,4,svd,13,0.9646177685950412,0.9646177685950412,0.0,0.0303857231553869,1.4911729097366333,0.2665413022041321
single_svd_k4,15,single,4,svd,14,0.9678460743801653,0.9678460743801653,0.0,0.033803787628951865,1.7086907625198364,0.2665413022041321
single_svd_k4,15,single,4,svd,15,0.9626807851239669,0.9626807851239669,0.0,0.03440843746719069,1.8865779638290405,0.2665413022041321
single_svd_k4,15,single,4,svd,16,0.56224173553719,0.9629390495867769,0.40069731404958686,0.0018850261391624157,0.47412019968032837,0.2665413022041321
single_svd_k4,15,single,4,svd,17,0.609504132231405,0.9655216942148761,0.3560175619834711,0.002829030008456135,0.6308931708335876,0.2665413022041321
single_svd_k4,15,single,4,svd,18,0.6587035123966941,0.9664256198347108,0.30772210743801665,0.0034707201145414146,0.8005260229110718,0.2665413022041321
single_svd_k4,15,single,4,svd,19,0.6775568181818182,0.9613894628099173,0.2838326446280991,0.0033150118939634377,0.9014753103256226,0.2665413022041321
single_svd_k4,15,single,4,svd,20,0.6858212809917356,0.9634555785123967,0.27763429752066116,0.003606278388703976,1.0304912328720093,0.2665413022041321
single_svd_k4,15,single,4,svd,21,0.7002840909090908,0.965779958677686,0.26549586776859513,0.004201151585556229,1.2808043956756592,0.2665413022041321
single_svd_k4,15,single,4,svd,22,0.7142303719008265,0.9647469008264463,0.2505165289256198,0.0041394635157570026,1.4583624601364136,0.2665413022041321
single_svd_k4,15,single,4,svd,23,0.7263688016528925,0.9624225206611571,0.23605371900826455,0.0038083313706022137,1.568455696105957,0.2665413022041321
single_svd_k4,15,single,4,svd,24,0.7481921487603305,0.962551652892562,0.21435950413223148,0.0034836209294878406,1.6585510969161987,0.2665413022041321
single_svd_k4,15,single,4,svd,25,0.765754132231405,0.9599690082644627,0.19421487603305776,0.0034492404025856516,1.8324311971664429,0.2665413022041321
single_svd_k4,15,single,4,svd,26,0.7683367768595042,0.962551652892562,0.19421487603305776,0.0029235738388363464,1.9214739799499512,0.2665413022041321
single_svd_k4,15,single,4,svd,27,0.7738894628099174,0.9634555785123966,0.18956611570247917,0.002683952960485847,2.036231279373169,0.2665413022041321
single_svd_k4,15,single,4,svd,28,0.7853822314049587,0.9657799586776858,0.18039772727272718,0.002563666813235943,2.2558045387268066,0.2665413022041321
single_svd_k4,15,single,4,svd,29,0.7922262396694214,0.9644886363636364,0.17226239669421495,0.0024788590843940472,2.4663665294647217,0.2665413022041321
single_svd_k4,15,single,4,svd,30,0.7824121900826447,0.9602272727272727,0.17781508264462798,0.0027345821674510384,2.7613232135772705,0.2665413022041321
single_svd_k4,15,single,4,svd,31,0.7603305785123967,0.9262654958677686,0.1659349173553719,0.003051138205345527,3.6270179748535156,0.2665413022041321
single_svd_k8,15,single,8,svd,0,0.9258780991735537,0.9258780991735537,0.0,0.034792758894995446,0.2858494222164154,0.48731884360313416
single_svd_k8,15,single,8,svd,1,0.9564824380165289,0.9564824380165289,0.0,0.10631337567371524,0.3809555172920227,0.48731884360313416
single_svd_k8,15,single,8,svd,2,0.9713326446280991,0.9713326446280991,0.0,0.07040434945313989,0.4872152507305145,0.48731884360313416
single_svd_k8,15,single,8,svd,3,0.9808884297520661,0.9808884297520661,0.0,0.06079744924609243,0.6192805171012878,0.48731884360313416
single_svd_k8,15,single,8,svd,4,0.9763688016528925,0.9763688016528925,0.0,0.05476222854457913,0.7243854999542236,0.48731884360313416
single_svd_k8,15,single,8,svd,5,0.9784349173553719,0.9784349173553719,0.0,0.05607507949458834,0.8416454195976257,0.48731884360313416
single_svd_k8,15,single,8,svd,6,0.9775309917355371,0.9775309917355371,0.0,0.05272541505960904,0.9558601379394531,0.48731884360313416
single_svd_k8,15,single,8,svd,7,0.9785640495867769,0.9785640495867769,0.0,0.052791115235874764,1.120207667350769,0.48731884360313416
single_svd_k8,15,single,8,svd,8,0.9763688016528925,0.9763688016528925,0.0,0.045122544126372066,1.1942468881607056,0.48731884360313416
single_svd_k8,15,single,8,svd,9,0.9761105371900827,0.9761105371900827,0.0,0.034658825968567064,1.1960877180099487,0.48731884360313416
single_svd_k8,15,single,8,svd,10,0.9753357438016529,0.9753357438016529,0.0,0.038829731441544,1.2418791055679321,0.48731884360313416
single_svd_k8,15,single,8,svd,11,0.9733987603305785,0.9733987603305785,0.0,0.03602625518459468,1.286953091621399,0.48731884360313416
single_svd_k8,15,single,8,svd,12,0.96849173553719,0.96849173553719,0.0,0.02845527149014393,1.3933613300323486,0.48731884360313416
single_svd_k8,15,single,8,svd,13,0.9646177685950412,0.9646177685950412,0.0,0.0303857231553869,1.4911729097366333,0.48731884360313416
single_svd_k8,15,single,8,svd,14,0.9678460743801653,0.9678460743801653,0.0,0.033803787628951865,1.7086907625198364,0.48731884360313416
single_svd_k8,15,single,8,svd,15,0.9626807851239669,0.9626807851239669,0.0,0.03440843746719069,1.8865779638290405,0.48731884360313416
single_svd_k8,15,single,8,svd,16,0.5362861570247933,0.9629390495867769,0.4266528925619836,0.0019270905244488379,0.44476619362831116,0.48731884360313416
single_svd_k8,15,single,8,svd,17,0.5885847107438016,0.9655216942148761,0.3769369834710745,0.002992040280827446,0.6058068871498108,0.48731884360313416
single_svd_k8,15,single,8,svd,18,0.6432076446280992,0.9664256198347108,0.32321797520661155,0.003609609418314119,0.7644798755645752,0.48731884360313416
single_svd_k8,15,single,8,svd,19,0.6722623966942148,0.9613894628099173,0.2891270661157025,0.0036347442800032104,0.87859708070755,0.48731884360313416
single_svd_k8,15,single,8,svd,20,0.6827221074380166,0.9634555785123967,0.28073347107438007,0.004086775260976339,1.011911392211914,0.48731884360313416
single_svd_k8,15,single,8,svd,21,0.6979597107438017,0.965779958677686,0.26782024793388426,0.004605392535579567,1.2544538974761963,0.48731884360313416
single_svd_k8,15,single,8,svd,22,0.7040289256198347,0.9647469008264463,0.26071797520661166,0.004693762297368731,1.4279289245605469,0.48731884360313416
single_svd_k8,15,single,8,svd,23,0.7116477272727274,0.9624225206611571,0.2507747933884297,0.004031272085175064,1.5519909858703613,0.48731884360313416
single_svd_k8,15,single,8,svd,24,0.7352789256198348,0.962551652892562,0.22727272727272718,0.003554378968082972,1.6412092447280884,0.48731884360313416
single_svd_k8,15,single,8,svd,25,0.753486570247934,0.9599690082644627,0.20648243801652877,0.0035882717976428724,1.807083249092102,0.48731884360313416
single_svd_k8,15,single,8,svd,26,0.762267561983471,0.962551652892562,0.20028409090909094,0.0029922867430998146,1.8959145545959473,0.48731884360313416
single_svd_k8,15,single,8,svd,27,0.7594266528925621,0.9634555785123966,0.20402892561983454,0.002707904353861923,1.9849777221679688,0.48731884360313416
single_svd_k8,15,single,8,svd,28,0.7700154958677686,0.9657799586776858,0.19576446280991722,0.002590971244868845,2.1965489387512207,0.48731884360313416
single_svd_k8,15,single,8,svd,29,0.7785382231404958,0.9644886363636364,0.18595041322314054,0.0025321744422377446,2.411214590072632,0.48731884360313416
single_svd_k8,15,single,8,svd,30,0.7808626033057852,0.9602272727272727,0.17936466942148754,0.0027916807440078184,2.686994791030884,0.48731884360313416
single_svd_k8,15,single,8,svd,31,0.7502582644628097,0.9262654958677686,0.17600723140495889,0.0034588718559085407,3.4444308280944824,0.48731884360313416
single_random,15,single,1,random,0,0.9258780991735537,0.9258780991735537,0.0,0.034792758894995446,0.2858494222164154,4.7940746298991144e-05
single_random,15,single,1,random,1,0.9564824380165289,0.9564824380165289,0.0,0.10631337567371524,0.3809555172920227,4.7940746298991144e-05
single_random,15,single,1,random,2,0.9713326446280991,0.9713326446280991,0.0,0.07040434945313989,0.4872152507305145,4.7940746298991144e-05
single_random,15,single,1,random,3,0.9808884297520661,0.9808884297520661,0.0,0.06079744924609243,0.6192805171012878,4.7940746298991144e-05
single_random,15,single,1,random,4,0.9763688016528925,0.9763688016528925,0.0,0.05476222854457913,0.7243854999542236,4.7940746298991144e-05
single_random,15,single,1,random,5,0.9784349173553719,0.9784349173553719,0.0,0.05607507949458834,0.8416454195976257,4.7940746298991144e-05
single_random,15,single,1,random,6,0.9775309917355371,0.9775309917355371,0.0,0.05272541505960904,0.9558601379394531,4.7940746298991144e-05
single_random,15,single,1,random,7,0.9785640495867769,0.9785640495867769,0.0,0.052791115235874764,1.120207667350769,4.7940746298991144e-05
single_random,15,single,1,random,8,0.9763688016528925,0.9763688016528925,0.0,0.045122544126372066,1.1942468881607056,4.7940746298991144e-05
single_random,15,single,1,random,9,0.9761105371900827,0.9761105371900827,0.0,0.034658825968567064,1.1960877180099487,4.7940746298991144e-05
single_random,15,single,1,random,10,0.9753357438016529,0.9753357438016529,0.0,0.038829731441544,1.2418791055679321,4.7940746298991144e-05
single_random,15,single,1,random,11,0.9733987603305785,0.9733987603305785,0.0,0.03602625518459468,1.286953091621399,4.7940746298991144e-05
single_random,15,single,1,random,12,0.96849173553719,0.96849173553719,0.0,0.02845527149014393,1.3933613300323486,4.7940746298991144e-05
single_random,15,single,1,random,13,0.9646177685950412,0.9646177685950412,0.0,0.0303857231553869,1.4911729097366333,4.7940746298991144e-05
single_random,15,single,1,random,14,0.9678460743801653,0.9678460743801653,0.0,0.033803787628951865,1.7086907625198364,4.7940746298991144e-05
single_random,15,single,1,random,15,0.9626807851239669,0.9626807851239669,0.0,0.03440843746719069,1.8865779638290405,4.7940746298991144e-05
single_random,15,single,1,random,16,0.9628099173553719,0.9629390495867769,0.00012913223140498253,0.030087161305517585,2.0202364921569824,4.7940746298991144e-05
single_random,15,single,1,random,17,0.9655216942148761,0.9655216942148761,0.0,0.03597422295535402,2.3641161918640137,4.7940746298991144e-05
single_random,15,single,1,random,18,0.9662964876033058,0.9664256198347108,0.00012913223140498253,0.03259945458418345,2.5704686641693115,4.7940746298991144e-05
single_random,15,single,1,random,19,0.9616477272727273,0.9613894628099173,-0.00025826446280996507,0.029079982755985112,2.763000011444092,4.7940746298991144e-05
single_random,15,single,1,random,20,0.9634555785123967,0.9634555785123967,0.0,0.028744773073947516,2.9564528465270996,4.7940746298991144e-05
single_random,15,single,1,random,21,0.965779958677686,0.965779958677686,0.0,0.027029723564242603,3.2279226779937744,4.7940746298991144e-05
single_random,15,single,1,random,22,0.9650051652892562,0.9647469008264463,-0.00025826446280985405,0.024246185197573045,3.422532796859741,4.7940746298991144e-05
single_random,15,single,1,random,23,0.9626807851239669,0.9624225206611571,-0.00025826446280985405,0.02070041761407415,3.530945062637329,4.7940746298991144e-05
single_random,15,single,1,random,24,0.962422520661157,0.962551652892562,0.00012913223140498253,0.01821234542700756,3.698262929916382,4.7940746298991144e-05
single_random,15,single,1,random,25,0.9602272727272727,0.9599690082644627,-0.00025826446280996507,0.01732170790321208,3.974539041519165,4.7940746298991144e-05
single_random,15,single,1,random,26,0.9629390495867769,0.962551652892562,-0.0003873966942149476,0.01398212031022572,4.156792640686035,4.7940746298991144e-05
single_random,15,single,1,random,27,0.9635847107438016,0.9634555785123966,-0.00012913223140498253,0.01207804524987699,4.317800521850586,4.7940746298991144e-05
single_random,15,single,1,random,28,0.9660382231404959,0.9657799586776858,-0.0002582644628100761,0.011018095835150676,4.671353816986084,4.7940746298991144e-05
single_random,15,single,1,random,29,0.9644886363636365,0.9644886363636364,-1.1102230246251565e-16,0.010546416476238885,4.944738864898682,4.7940746298991144e-05
single_random,15,single,1,random,30,0.9598398760330579,0.9602272727272727,0.0003873966942148366,0.010527884156550926,5.407116413116455,4.7940746298991144e-05
single_random,15,single,1,random,31,0.9261363636363636,0.9262654958677686,0.00012913223140498253,0.011979004307225649,6.869956970214844,4.7940746298991144e-05
single_probe,20,single,1,probe,0,0.9258780991735537,0.9258780991735537,0.0,0.034792758894995446,0.2858494222164154,0.004879001062363386
single_probe,20,single,1,probe,1,0.9564824380165289,0.9564824380165289,0.0,0.10631337567371524,0.3809555172920227,0.004879001062363386
single_probe,20,single,1,probe,2,0.9713326446280991,0.9713326446280991,0.0,0.07040434945313989,0.4872152507305145,0.004879001062363386
single_probe,20,single,1,probe,3,0.9808884297520661,0.9808884297520661,0.0,0.06079744924609243,0.6192805171012878,0.004879001062363386
single_probe,20,single,1,probe,4,0.9763688016528925,0.9763688016528925,0.0,0.05476222854457913,0.7243854999542236,0.004879001062363386
single_probe,20,single,1,probe,5,0.9784349173553719,0.9784349173553719,0.0,0.05607507949458834,0.8416454195976257,0.004879001062363386
single_probe,20,single,1,probe,6,0.9775309917355371,0.9775309917355371,0.0,0.05272541505960904,0.9558601379394531,0.004879001062363386
single_probe,20,single,1,probe,7,0.9785640495867769,0.9785640495867769,0.0,0.052791115235874764,1.120207667350769,0.004879001062363386
single_probe,20,single,1,probe,8,0.9763688016528925,0.9763688016528925,0.0,0.045122544126372066,1.1942468881607056,0.004879001062363386
single_probe,20,single,1,probe,9,0.9761105371900827,0.9761105371900827,0.0,0.034658825968567064,1.1960877180099487,0.004879001062363386
single_probe,20,single,1,probe,10,0.9753357438016529,0.9753357438016529,0.0,0.038829731441544,1.2418791055679321,0.004879001062363386
single_probe,20,single,1,probe,11,0.9733987603305785,0.9733987603305785,0.0,0.03602625518459468,1.286953091621399,0.004879001062363386
single_probe,20,single,1,probe,12,0.96849173553719,0.96849173553719,0.0,0.02845527149014393,1.3933613300323486,0.004879001062363386
single_probe,20,single,1,probe,13,0.9646177685950412,0.9646177685950412,0.0,0.0303857231553869,1.4911729097366333,0.004879001062363386
single_probe,20,single,1,probe,14,0.9678460743801653,0.9678460743801653,0.0,0.033803787628951865,1.7086907625198364,0.004879001062363386
single_probe,20,single,1,probe,15,0.9626807851239669,0.9626807851239669,0.0,0.03440843746719069,1.8865779638290405,0.004879001062363386
single_probe,20,single,1,probe,16,0.9629390495867769,0.9629390495867769,0.0,0.03007578117315235,2.019895553588867,0.004879001062363386
single_probe,20,single,1,probe,17,0.9655216942148761,0.9655216942148761,0.0,0.03599069337594896,2.3639683723449707,0.004879001062363386
single_probe,20,single,1,probe,18,0.9664256198347108,0.9664256198347108,0.0,0.03262203781084516,2.5709071159362793,0.004879001062363386
single_probe,20,single,1,probe,19,0.9613894628099173,0.9613894628099173,0.0,0.029070266102231734,2.763599395751953,0.004879001062363386
single_probe,20,single,1,probe,20,0.9634555785123967,0.9634555785123967,0.0,0.028742042667821766,2.957430362701416,0.004879001062363386
single_probe,20,single,1,probe,21,0.5351239669421487,0.965779958677686,0.43065599173553726,0.009736819396882312,2.0360195636749268,0.004879001062363386
single_probe,20,single,1,probe,22,0.6262913223140495,0.9647469008264463,0.3384555785123968,0.00889889699096058,2.193129062652588,0.004879001062363386
single_probe,20,single,1,probe,23,0.6665805785123967,0.9624225206611571,0.29584194214876036,0.007963343848525595,2.273163318634033,0.004879001062363386
single_probe,20,single,1,probe,24,0.7181043388429752,0.962551652892562,0.24444731404958675,0.007089186738102882,2.382645606994629,0.004879001062363386
single_probe,20,single,1,probe,25,0.7412190082644629,0.9599690082644627,0.2187499999999999,0.006895576337208054,2.5899412631988525,0.004879001062363386
single_probe,20,single,1,probe,26,0.7590392561983471,0.962551652892562,0.20351239669421484,0.005659306709402956,2.730316162109375,0.004879001062363386
single_probe,20,single,1,probe,27,0.7732438016528925,0.9634555785123966,0.19021177685950408,0.004956768480834373,2.8511695861816406,0.004879001062363386
single_probe,20,single,1,probe,28,0.7945506198347108,0.9657799586776858,0.1712293388429751,0.004688719647713668,3.11907696723938,0.004879001062363386
single_probe,20,single,1,probe,29,0.8042355371900827,0.9644886363636364,0.16025309917355368,0.00476531509194833,3.3592400550842285,0.004879001062363386
single_probe,20,single,1,probe,30,0.812629132231405,0.9602272727272727,0.14759814049586772,0.004890743330772662,3.7338685989379883,0.004879001062363386
single_probe,20,single,1,probe,31,0.7634297520661156,0.9262654958677686,0.162835743801653,0.006692592443467316,5.0934014320373535,0.004879001062363386
single_svd_k1,20,single,1,svd,0,0.9258780991735537,0.9258780991735537,0.0,0.034792758894995446,0.2858494222164154,0.05555180460214615
single_svd_k1,20,single,1,svd,1,0.9564824380165289,0.9564824380165289,0.0,0.10631337567371524,0.3809555172920227,0.05555180460214615
single_svd_k1,20,single,1,svd,2,0.9713326446280991,0.9713326446280991,0.0,0.07040434945313989,0.4872152507305145,0.05555180460214615
single_svd_k1,20,single,1,svd,3,0.9808884297520661,0.9808884297520661,0.0,0.06079744924609243,0.6192805171012878,0.05555180460214615
single_svd_k1,20,single,1,svd,4,0.9763688016528925,0.9763688016528925,0.0,0.05476222854457913,0.7243854999542236,0.05555180460214615
single_svd_k1,20,single,1,svd,5,0.9784349173553719,0.9784349173553719,0.0,0.05607507949458834,0.8416454195976257,0.05555180460214615
single_svd_k1,20,single,1,svd,6,0.9775309917355371,0.9775309917355371,0.0,0.05272541505960904,0.9558601379394531,0.05555180460214615
single_svd_k1,20,single,1,svd,7,0.9785640495867769,0.9785640495867769,0.0,0.052791115235874764,1.120207667350769,0.05555180460214615
single_svd_k1,20,single,1,svd,8,0.9763688016528925,0.9763688016528925,0.0,0.045122544126372066,1.1942468881607056,0.05555180460214615
single_svd_k1,20,single,1,svd,9,0.9761105371900827,0.9761105371900827,0.0,0.034658825968567064,1.1960877180099487,0.05555180460214615
single_svd_k1,20,single,1,svd,10,0.9753357438016529,0.9753357438016529,0.0,0.038829731441544,1.2418791055679321,0.05555180460214615
single_svd_k1,20,single,1,svd,11,0.9733987603305785,0.9733987603305785,0.0,0.03602625518459468,1.286953091621399,0.05555180460214615
single_svd_k1,20,single,1,svd,12,0.96849173553719,0.96849173553719,0.0,0.02845527149014393,1.3933613300323486,0.05555180460214615
single_svd_k1,20,single,1,svd,13,0.9646177685950412,0.9646177685950412,0.0,0.0303857231553869,1.4911729097366333,0.05555180460214615
single_svd_k1,20,single,1,svd,14,0.9678460743801653,0.9678460743801653,0.0,0.033803787628951865,1.7086907625198364,0.05555180460214615
single_svd_k1,20,single,1,svd,15,0.9626807851239669,0.9626807851239669,0.0,0.03440843746719069,1.8865779638290405,0.05555180460214615
single_svd_k1,20,single,1,svd,16,0.9629390495867769,0.9629390495867769,0.0,0.03007578117315235,2.019895553588867,0.05555180460214615
single_svd_k1,20,single,1,svd,17,0.9655216942148761,0.9655216942148761,0.0,0.03599069337594896,2.3639683723449707,0.05555180460214615
single_svd_k1,20,single,1,svd,18,0.9664256198347108,0.9664256198347108,0.0,0.03262203781084516,2.5709071159362793,0.05555180460214615
single_svd_k1,20,single,1,svd,19,0.9613894628099173,0.9613894628099173,0.0,0.029070266102231734,2.763599395751953,0.05555180460214615
single_svd_k1,20,single,1,svd,20,0.9634555785123967,0.9634555785123967,0.0,0.028742042667821766,2.957430362701416,0.05555180460214615
single_svd_k1,20,single,1,svd,21,0.9589359504132231,0.965779958677686,0.006844008264462853,0.027960090444002383,3.1862988471984863,0.05555180460214615
single_svd_k1,20,single,1,svd,22,0.9579028925619835,0.9647469008264463,0.006844008264462853,0.02512182765520954,3.364631175994873,0.05555180460214615
single_svd_k1,20,single,1,svd,23,0.9569989669421487,0.9624225206611571,0.005423553719008378,0.020712007441401226,3.4818477630615234,0.05555180460214615
single_svd_k1,20,single,1,svd,24,0.955965909090909,0.962551652892562,0.006585743801652999,0.018214687840502397,3.647341012954712,0.05555180460214615
single_svd_k1,20,single,1,svd,25,0.9536415289256197,0.9599690082644627,0.006327479338843034,0.016902980278994284,3.9170567989349365,0.05555180460214615
single_svd_k1,20,single,1,svd,26,0.9571280991735538,0.962551652892562,0.005423553719008156,0.01365293307221671,4.105785369873047,0.05555180460214615
single_svd_k1,20,single,1,svd,27,0.956353305785124,0.9634555785123966,0.007102272727272596,0.012003128603894742,4.277333736419678,0.05555180460214615
single_svd_k1,20,single,1,svd,28,0.9620351239669422,0.9657799586776858,0.0037448347107436053,0.011005052248967417,4.648248672485352,0.05555180460214615
single_svd_k1,20,single,1,svd,29,0.9607438016528926,0.9644886363636364,0.0037448347107437163,0.010241624642038816,4.903015613555908,0.05555180460214615
single_svd_k1,20,single,1,svd,30,0.9541580578512396,0.9602272727272727,0.006069214876033069,0.010351537813865663,5.378367900848389,0.05555180460214615
single_svd_k1,20,single,1,svd,31,0.9209710743801653,0.9262654958677686,0.005294421487603285,0.012352198177159268,7.168174743652344,0.05555180460214615
single_svd_k2,20,single,2,svd,0,0.9258780991735537,0.9258780991735537,0.0,0.034792758894995446,0.2858494222164154,0.21367231011390686
single_svd_k2,20,single,2,svd,1,0.9564824380165289,0.9564824380165289,0.0,0.10631337567371524,0.3809555172920227,0.21367231011390686
single_svd_k2,20,single,2,svd,2,0.9713326446280991,0.9713326446280991,0.0,0.07040434945313989,0.4872152507305145,0.21367231011390686
single_svd_k2,20,single,2,svd,3,0.9808884297520661,0.9808884297520661,0.0,0.06079744924609243,0.6192805171012878,0.21367231011390686
single_svd_k2,20,single,2,svd,4,0.9763688016528925,0.9763688016528925,0.0,0.05476222854457913,0.7243854999542236,0.21367231011390686
single_svd_k2,20,single,2,svd,5,0.9784349173553719,0.9784349173553719,0.0,0.05607507949458834,0.8416454195976257,0.21367231011390686
single_svd_k2,20,single,2,svd,6,0.9775309917355371,0.9775309917355371,0.0,0.05272541505960904,0.9558601379394531,0.21367231011390686
single_svd_k2,20,single,2,svd,7,0.9785640495867769,0.9785640495867769,0.0,0.052791115235874764,1.120207667350769,0.21367231011390686
single_svd_k2,20,single,2,svd,8,0.9763688016528925,0.9763688016528925,0.0,0.045122544126372066,1.1942468881607056,0.21367231011390686
single_svd_k2,20,single,2,svd,9,0.9761105371900827,0.9761105371900827,0.0,0.034658825968567064,1.1960877180099487,0.21367231011390686
single_svd_k2,20,single,2,svd,10,0.9753357438016529,0.9753357438016529,0.0,0.038829731441544,1.2418791055679321,0.21367231011390686
single_svd_k2,20,single,2,svd,11,0.9733987603305785,0.9733987603305785,0.0,0.03602625518459468,1.286953091621399,0.21367231011390686
single_svd_k2,20,single,2,svd,12,0.96849173553719,0.96849173553719,0.0,0.02845527149014393,1.3933613300323486,0.21367231011390686
single_svd_k2,20,single,2,svd,13,0.9646177685950412,0.9646177685950412,0.0,0.0303857231553869,1.4911729097366333,0.21367231011390686
single_svd_k2,20,single,2,svd,14,0.9678460743801653,0.9678460743801653,0.0,0.033803787628951865,1.7086907625198364,0.21367231011390686
single_svd_k2,20,single,2,svd,15,0.9626807851239669,0.9626807851239669,0.0,0.03440843746719069,1.8865779638290405,0.21367231011390686
single_svd_k2,20,single,2,svd,16,0.9629390495867769,0.9629390495867769,0.0,0.03007578117315235,2.019895553588867,0.21367231011390686
single_svd_k2,20,single,2,svd,17,0.9655216942148761,0.9655216942148761,0.0,0.03599069337594896,2.3639683723449707,0.21367231011390686
single_svd_k2,20,single,2,svd,18,0.9664256198347108,0.9664256198347108,0.0,0.03262203781084516,2.5709071159362793,0.21367231011390686
single_svd_k2,20,single,2,svd,19,0.9613894628099173,0.9613894628099173,0.0,0.029070266102231734,2.763599395751953,0.21367231011390686
single_svd_k2,20,single,2,svd,20,0.9634555785123967,0.9634555785123967,0.0,0.028742042667821766,2.957430362701416,0.21367231011390686
single_svd_k2,20,single,2,svd,21,0.8730630165289256,0.965779958677686,0.09271694214876036,0.024564356300982304,2.8606128692626953,0.21367231011390686
single_svd_k2,20,single,2,svd,22,0.8787448347107438,0.9647469008264463,0.08600206611570249,0.01996696233408979,3.040597915649414,0.21367231011390686
single_svd_k2,20,single,2,svd,23,0.8744834710743802,0.9624225206611571,0.0879390495867769,0.015348589578100147,3.1726574897766113,0.21367231011390686
single_svd_k2,20,single,2,svd,24,0.8744834710743802,0.962551652892562,0.08806818181818177,0.013530667937321272,3.320211410522461,0.21367231011390686
single_svd_k2,20,single,2,svd,25,0.8792613636363635,0.9599690082644627,0.0807076446280992,0.012223690828267686,3.5381972789764404,0.21367231011390686
single_svd_k2,20,single,2,svd,26,0.8795196280991735,0.962551652892562,0.08303202479338845,0.010136152104687768,3.684860944747925,0.21367231011390686
single_svd_k2,20,single,2,svd,27,0.8801652892561984,0.9634555785123966,0.08329028925619819,0.009453670570662265,3.899958848953247,0.21367231011390686
single_svd_k2,20,single,2,svd,28,0.8836518595041323,0.9657799586776858,0.08212809917355357,0.008469915116599336,4.237994194030762,0.21367231011390686
single_svd_k2,20,single,2,svd,29,0.8876549586776858,0.9644886363636364,0.07683367768595051,0.00786342676514118,4.468387603759766,0.21367231011390686
single_svd_k2,20,single,2,svd,30,0.881585743801653,0.9602272727272727,0.07864152892561971,0.008497363406171243,4.860410690307617,0.21367231011390686
single_svd_k2,20,single,2,svd,31,0.8629907024793388,0.9262654958677686,0.06327479338842978,0.011081981647055872,7.530533313751221,0.21367231011390686
single_svd_k4,20,single,4,svd,0,0.9258780991735537,0.9258780991735537,0.0,0.034792758894995446,0.2858494222164154,0.31421738862991333
single_svd_k4,20,single,4,svd,1,0.9564824380165289,0.9564824380165289,0.0,0.10631337567371524,0.3809555172920227,0.31421738862991333
single_svd_k4,20,single,4,svd,2,0.9713326446280991,0.9713326446280991,0.0,0.07040434945313989,0.4872152507305145,0.31421738862991333
single_svd_k4,20,single,4,svd,3,0.9808884297520661,0.9808884297520661,0.0,0.06079744924609243,0.6192805171012878,0.31421738862991333
single_svd_k4,20,single,4,svd,4,0.9763688016528925,0.9763688016528925,0.0,0.05476222854457913,0.7243854999542236,0.31421738862991333
single_svd_k4,20,single,4,svd,5,0.9784349173553719,0.9784349173553719,0.0,0.05607507949458834,0.8416454195976257,0.31421738862991333
single_svd_k4,20,single,4,svd,6,0.9775309917355371,0.9775309917355371,0.0,0.05272541505960904,0.9558601379394531,0.31421738862991333
single_svd_k4,20,single,4,svd,7,0.9785640495867769,0.9785640495867769,0.0,0.052791115235874764,1.120207667350769,0.31421738862991333
single_svd_k4,20,single,4,svd,8,0.9763688016528925,0.9763688016528925,0.0,0.045122544126372066,1.1942468881607056,0.31421738862991333
single_svd_k4,20,single,4,svd,9,0.9761105371900827,0.9761105371900827,0.0,0.034658825968567064,1.1960877180099487,0.31421738862991333
single_svd_k4,20,single,4,svd,10,0.9753357438016529,0.9753357438016529,0.0,0.038829731441544,1.2418791055679321,0.31421738862991333
single_svd_k4,20,single,4,svd,11,0.9733987603305785,0.9733987603305785,0.0,0.03602625518459468,1.286953091621399,0.31421738862991333
single_svd_k4,20,single,4,svd,12,0.96849173553719,0.96849173553719,0.0,0.02845527149014393,1.3933613300323486,0.31421738862991333
single_svd_k4,20,single,4,svd,13,0.9646177685950412,0.9646177685950412,0.0,0.0303857231553869,1.4911729097366333,0.31421738862991333
single_svd_k4,20,single,4,svd,14,0.9678460743801653,0.9678460743801653,0.0,0.033803787628951865,1.7086907625198364,0.31421738862991333
single_svd_k4,20,single,4,svd,15,0.9626807851239669,0.9626807851239669,0.0,0.03440843746719069,1.8865779638290405,0.31421738862991333
single_svd_k4,20,single,4,svd,16,0.9629390495867769,0.9629390495867769,0.0,0.03007578117315235,2.019895553588867,0.31421738862991333
single_svd_k4,20,single,4,svd,17,0.9655216942148761,0.9655216942148761,0.0,0.03599069337594896,2.3639683723449707,0.31421738862991333
single_svd_k4,20,single,4,svd,18,0.9664256198347108,0.9664256198347108,0.0,0.03262203781084516,2.5709071159362793,0.31421738862991333
single_svd_k4,20,single,4,svd,19,0.9613894628099173,0.9613894628099173,0.0,0.029070266102231734,2.763599395751953,0.31421738862991333
single_svd_k4,20,single,4,svd,20,0.9634555785123967,0.9634555785123967,0.0,0.028742042667821766,2.957430362701416,0.31421738862991333
single_svd_k4,20,single,4,svd,21,0.5488119834710744,0.965779958677686,0.41696797520661155,0.0025155937079185398,0.9014800190925598,0.31421738862991333
single_svd_k4,20,single,4,svd,22,0.5716683884297521,0.9647469008264463,0.3930785123966942,0.002542675884338763,1.0515941381454468,0.31421738862991333
single_svd_k4,20,single,4,svd,23,0.5807076446280992,0.9624225206611571,0.38171487603305787,0.002551728293689437,1.1949125528335571,0.31421738862991333
single_svd_k4,20,single,4,svd,24,0.5933626033057852,0.962551652892562,0.3691890495867768,0.002500477842272253,1.3227688074111938,0.31421738862991333
single_svd_k4,20,single,4,svd,25,0.6100206611570248,0.9599690082644627,0.34994834710743794,0.002511827186629456,1.4700957536697388,0.31421738862991333
single_svd_k4,20,single,4,svd,26,0.6151859504132231,0.962551652892562,0.34736570247933884,0.0022981262289045734,1.588931918144226,0.31421738862991333
single_svd_k4,20,single,4,svd,27,0.6237086776859504,0.9634555785123966,0.3397469008264462,0.002094011549234387,1.729817271232605,0.31421738862991333
single_svd_k4,20,single,4,svd,28,0.640625,0.9657799586776858,0.32515495867768585,0.0020816694916102607,1.9120086431503296,0.31421738862991333
single_svd_k4,20,single,4,svd,29,0.6519886363636364,0.9644886363636364,0.3125,0.0020263097216016712,2.1283273696899414,0.31421738862991333
single_svd_k4,20,single,4,svd,30,0.6540547520661157,0.9602272727272727,0.30617252066115697,0.0023338410614913707,2.4030230045318604,0.31421738862991333
single_svd_k4,20,single,4,svd,31,0.6881456611570248,0.9262654958677686,0.23811983471074383,0.0029471782685596137,3.1912848949432373,0.31421738862991333
single_svd_k8,20,single,8,svd,0,0.9258780991735537,0.9258780991735537,0.0,0.034792758894995446,0.2858494222164154,0.5510876774787903
single_svd_k8,20,single,8,svd,1,0.9564824380165289,0.9564824380165289,0.0,0.10631337567371524,0.3809555172920227,0.5510876774787903
single_svd_k8,20,single,8,svd,2,0.9713326446280991,0.9713326446280991,0.0,0.07040434945313989,0.4872152507305145,0.5510876774787903
single_svd_k8,20,single,8,svd,3,0.9808884297520661,0.9808884297520661,0.0,0.06079744924609243,0.6192805171012878,0.5510876774787903
single_svd_k8,20,single,8,svd,4,0.9763688016528925,0.9763688016528925,0.0,0.05476222854457913,0.7243854999542236,0.5510876774787903
single_svd_k8,20,single,8,svd,5,0.9784349173553719,0.9784349173553719,0.0,0.05607507949458834,0.8416454195976257,0.5510876774787903
single_svd_k8,20,single,8,svd,6,0.9775309917355371,0.9775309917355371,0.0,0.05272541505960904,0.9558601379394531,0.5510876774787903
single_svd_k8,20,single,8,svd,7,0.9785640495867769,0.9785640495867769,0.0,0.052791115235874764,1.120207667350769,0.5510876774787903
single_svd_k8,20,single,8,svd,8,0.9763688016528925,0.9763688016528925,0.0,0.045122544126372066,1.1942468881607056,0.5510876774787903
single_svd_k8,20,single,8,svd,9,0.9761105371900827,0.9761105371900827,0.0,0.034658825968567064,1.1960877180099487,0.5510876774787903
single_svd_k8,20,single,8,svd,10,0.9753357438016529,0.9753357438016529,0.0,0.038829731441544,1.2418791055679321,0.5510876774787903
single_svd_k8,20,single,8,svd,11,0.9733987603305785,0.9733987603305785,0.0,0.03602625518459468,1.286953091621399,0.5510876774787903
single_svd_k8,20,single,8,svd,12,0.96849173553719,0.96849173553719,0.0,0.02845527149014393,1.3933613300323486,0.5510876774787903
single_svd_k8,20,single,8,svd,13,0.9646177685950412,0.9646177685950412,0.0,0.0303857231553869,1.4911729097366333,0.5510876774787903
single_svd_k8,20,single,8,svd,14,0.9678460743801653,0.9678460743801653,0.0,0.033803787628951865,1.7086907625198364,0.5510876774787903
single_svd_k8,20,single,8,svd,15,0.9626807851239669,0.9626807851239669,0.0,0.03440843746719069,1.8865779638290405,0.5510876774787903
single_svd_k8,20,single,8,svd,16,0.9629390495867769,0.9629390495867769,0.0,0.03007578117315235,2.019895553588867,0.5510876774787903
single_svd_k8,20,single,8,svd,17,0.9655216942148761,0.9655216942148761,0.0,0.03599069337594896,2.3639683723449707,0.5510876774787903
single_svd_k8,20,single,8,svd,18,0.9664256198347108,0.9664256198347108,0.0,0.03262203781084516,2.5709071159362793,0.5510876774787903
single_svd_k8,20,single,8,svd,19,0.9613894628099173,0.9613894628099173,0.0,0.029070266102231734,2.763599395751953,0.5510876774787903
single_svd_k8,20,single,8,svd,20,0.9634555785123967,0.9634555785123967,0.0,0.028742042667821766,2.957430362701416,0.5510876774787903
single_svd_k8,20,single,8,svd,21,0.5068440082644627,0.965779958677686,0.4589359504132232,0.0018479999874601027,0.698829710483551,0.5510876774787903
single_svd_k8,20,single,8,svd,22,0.5287964876033058,0.9647469008264463,0.43595041322314054,0.0019009168155362799,0.8538759350776672,0.5510876774787903
single_svd_k8,20,single,8,svd,23,0.5395144628099173,0.9624225206611571,0.42290805785123975,0.0017299399060416443,0.9866742491722107,0.5510876774787903
single_svd_k8,20,single,8,svd,24,0.562629132231405,0.962551652892562,0.39992252066115697,0.0017507393196177778,1.1098664999008179,0.5510876774787903
single_svd_k8,20,single,8,svd,25,0.5816115702479339,0.9599690082644627,0.3783574380165289,0.0018429966987092428,1.2341660261154175,0.5510876774787903
single_svd_k8,20,single,8,svd,26,0.5958161157024794,0.962551652892562,0.36673553719008256,0.0017281693275414955,1.352197527885437,0.5510876774787903
single_svd_k8,20,single,8,svd,27,0.5998192148760331,0.9634555785123966,0.36363636363636354,0.0016105735126802356,1.4869482517242432,0.5510876774787903
single_svd_k8,20,single,8,svd,28,0.6215134297520661,0.9657799586776858,0.3442665289256197,0.0016083543849195747,1.6675158739089966,0.5510876774787903
single_svd_k8,20,single,8,svd,29,0.633651859504132,0.9644886363636364,0.3308367768595043,0.0015619682092328224,1.839171290397644,0.5510876774787903
single_svd_k8,20,single,8,svd,30,0.6394628099173555,0.9602272727272727,0.3207644628099172,0.0019143924002713586,2.0850114822387695,0.5510876774787903
single_svd_k8,20,single,8,svd,31,0.662448347107438,0.9262654958677686,0.2638171487603306,0.0025637499233757133,2.660794496536255,0.5510876774787903
single_random,20,single,1,random,0,0.9258780991735537,0.9258780991735537,0.0,0.034792758894995446,0.2858494222164154,8.088481263257563e-05
single_random,20,single,1,random,1,0.9564824380165289,0.9564824380165289,0.0,0.10631337567371524,0.3809555172920227,8.088481263257563e-05
single_random,20,single,1,random,2,0.9713326446280991,0.9713326446280991,0.0,0.07040434945313989,0.4872152507305145,8.088481263257563e-05
single_random,20,single,1,random,3,0.9808884297520661,0.9808884297520661,0.0,0.06079744924609243,0.6192805171012878,8.088481263257563e-05
single_random,20,single,1,random,4,0.9763688016528925,0.9763688016528925,0.0,0.05476222854457913,0.7243854999542236,8.088481263257563e-05
single_random,20,single,1,random,5,0.9784349173553719,0.9784349173553719,0.0,0.05607507949458834,0.8416454195976257,8.088481263257563e-05
single_random,20,single,1,random,6,0.9775309917355371,0.9775309917355371,0.0,0.05272541505960904,0.9558601379394531,8.088481263257563e-05
single_random,20,single,1,random,7,0.9785640495867769,0.9785640495867769,0.0,0.052791115235874764,1.120207667350769,8.088481263257563e-05
single_random,20,single,1,random,8,0.9763688016528925,0.9763688016528925,0.0,0.045122544126372066,1.1942468881607056,8.088481263257563e-05
single_random,20,single,1,random,9,0.9761105371900827,0.9761105371900827,0.0,0.034658825968567064,1.1960877180099487,8.088481263257563e-05
single_random,20,single,1,random,10,0.9753357438016529,0.9753357438016529,0.0,0.038829731441544,1.2418791055679321,8.088481263257563e-05
single_random,20,single,1,random,11,0.9733987603305785,0.9733987603305785,0.0,0.03602625518459468,1.286953091621399,8.088481263257563e-05
single_random,20,single,1,random,12,0.96849173553719,0.96849173553719,0.0,0.02845527149014393,1.3933613300323486,8.088481263257563e-05
single_random,20,single,1,random,13,0.9646177685950412,0.9646177685950412,0.0,0.0303857231553869,1.4911729097366333,8.088481263257563e-05
single_random,20,single,1,random,14,0.9678460743801653,0.9678460743801653,0.0,0.033803787628951865,1.7086907625198364,8.088481263257563e-05
single_random,20,single,1,random,15,0.9626807851239669,0.9626807851239669,0.0,0.03440843746719069,1.8865779638290405,8.088481263257563e-05
single_random,20,single,1,random,16,0.9629390495867769,0.9629390495867769,0.0,0.03007578117315235,2.019895553588867,8.088481263257563e-05
single_random,20,single,1,random,17,0.9655216942148761,0.9655216942148761,0.0,0.03599069337594896,2.3639683723449707,8.088481263257563e-05
single_random,20,single,1,random,18,0.9664256198347108,0.9664256198347108,0.0,0.03262203781084516,2.5709071159362793,8.088481263257563e-05
single_random,20,single,1,random,19,0.9613894628099173,0.9613894628099173,0.0,0.029070266102231734,2.763599395751953,8.088481263257563e-05
single_random,20,single,1,random,20,0.9634555785123967,0.9634555785123967,0.0,0.028742042667821766,2.957430362701416,8.088481263257563e-05
single_random,20,single,1,random,21,0.965650826446281,0.965779958677686,0.00012913223140498253,0.0270199378001037,3.2287518978118896,8.088481263257563e-05
single_random,20,single,1,random,22,0.9646177685950413,0.9647469008264463,0.00012913223140498253,0.024223409538774554,3.4230005741119385,8.088481263257563e-05
single_random,20,single,1,random,23,0.9624225206611571,0.9624225206611571,0.0,0.02068102106513381,3.531097650527954,8.088481263257563e-05
single_random,20,single,1,random,24,0.9626807851239669,0.962551652892562,-0.00012913223140498253,0.018197983820915642,3.698044776916504,8.088481263257563e-05
single_random,20,single,1,random,25,0.9600981404958678,0.9599690082644627,-0.00012913223140509356,0.017303706158971033,3.973705530166626,8.088481263257563e-05
single_random,20,single,1,random,26,0.9625516528925621,0.962551652892562,-1.1102230246251565e-16,0.013967791675617902,4.155614852905273,8.088481263257563e-05
single_random,20,single,1,random,27,0.9634555785123967,0.9634555785123966,-1.1102230246251565e-16,0.012068484197431673,4.316640853881836,8.088481263257563e-05
single_random,20,single,1,random,28,0.9657799586776858,0.9657799586776858,0.0,0.011009816917014859,4.669602394104004,8.088481263257563e-05
single_random,20,single,1,random,29,0.9647469008264462,0.9644886363636364,-0.00025826446280985405,0.01054079909559158,4.942812442779541,8.088481263257563e-05
single_random,20,single,1,random,30,0.9600981404958677,0.9602272727272727,0.00012913223140498253,0.01051722588980275,5.404606819152832,8.088481263257563e-05
single_random,20,single,1,random,31,0.9254907024793388,0.9262654958677686,0.0007747933884297842,0.011971109490878873,6.867728233337402,8.088481263257563e-05
single_probe,25,single,1,probe,0,0.9258780991735537,0.9258780991735537,0.0,0.034792758894995446,0.2858494222164154,0.002945494372397661
single_probe,25,single,1,probe,1,0.9564824380165289,0.9564824380165289,0.0,0.10631337567371524,0.3809555172920227,0.002945494372397661
single_probe,25,single,1,probe,2,0.9713326446280991,0.9713326446280991,0.0,0.07040434945313989,0.4872152507305145,0.002945494372397661
single_probe,25,single,1,probe,3,0.9808884297520661,0.9808884297520661,0.0,0.06079744924609243,0.6192805171012878,0.002945494372397661
single_probe,25,single,1,probe,4,0.9763688016528925,0.9763688016528925,0.0,0.05476222854457913,0.7243854999542236,0.002945494372397661
single_probe,25,single,1,probe,5,0.9784349173553719,0.9784349173553719,0.0,0.05607507949458834,0.8416454195976257,0.002945494372397661
single_probe,25,single,1,probe,6,0.9775309917355371,0.9775309917355371,0.0,0.05272541505960904,0.9558601379394531,0.002945494372397661
single_probe,25,single,1,probe,7,0.9785640495867769,0.9785640495867769,0.0,0.052791115235874764,1.120207667350769,0.002945494372397661
single_probe,25,single,1,probe,8,0.9763688016528925,0.9763688016528925,0.0,0.045122544126372066,1.1942468881607056,0.002945494372397661
single_probe,25,single,1,probe,9,0.9761105371900827,0.9761105371900827,0.0,0.034658825968567064,1.1960877180099487,0.002945494372397661
single_probe,25,single,1,probe,10,0.9753357438016529,0.9753357438016529,0.0,0.038829731441544,1.2418791055679321,0.002945494372397661
single_probe,25,single,1,probe,11,0.9733987603305785,0.9733987603305785,0.0,0.03602625518459468,1.286953091621399,0.002945494372397661
single_probe,25,single,1,probe,12,0.96849173553719,0.96849173553719,0.0,0.02845527149014393,1.3933613300323486,0.002945494372397661
single_probe,25,single,1,probe,13,0.9646177685950412,0.9646177685950412,0.0,0.0303857231553869,1.4911729097366333,0.002945494372397661
single_probe,25,single,1,probe,14,0.9678460743801653,0.9678460743801653,0.0,0.033803787628951865,1.7086907625198364,0.002945494372397661
single_probe,25,single,1,probe,15,0.9626807851239669,0.9626807851239669,0.0,0.03440843746719069,1.8865779638290405,0.002945494372397661
single_probe,25,single,1,probe,16,0.9629390495867769,0.9629390495867769,0.0,0.03007578117315235,2.019895553588867,0.002945494372397661
single_probe,25,single,1,probe,17,0.9655216942148761,0.9655216942148761,0.0,0.03599069337594896,2.3639683723449707,0.002945494372397661
single_probe,25,single,1,probe,18,0.9664256198347108,0.9664256198347108,0.0,0.03262203781084516,2.5709071159362793,0.002945494372397661
single_probe,25,single,1,probe,19,0.9613894628099173,0.9613894628099173,0.0,0.029070266102231734,2.763599395751953,0.002945494372397661
single_probe,25,single,1,probe,20,0.9634555785123967,0.9634555785123967,0.0,0.028742042667821766,2.957430362701416,0.002945494372397661
single_probe,25,single,1,probe,21,0.965779958677686,0.965779958677686,0.0,0.027036937806317773,3.2291362285614014,0.002945494372397661
single_probe,25,single,1,probe,22,0.9647469008264463,0.9647469008264463,0.0,0.02425637308397388,3.423748254776001,0.002945494372397661
single_probe,25,single,1,probe,23,0.9624225206611571,0.9624225206611571,0.0,0.020705731462802413,3.5320022106170654,0.002945494372397661
single_probe,25,single,1,probe,24,0.962551652892562,0.962551652892562,0.0,0.018210087833760435,3.6989402770996094,0.002945494372397661
single_probe,25,single,1,probe,25,0.9599690082644627,0.9599690082644627,0.0,0.017317756692359354,3.975242853164673,0.002945494372397661
single_probe,25,single,1,probe,26,0.42665289256198347,0.962551652892562,0.5358987603305785,0.005081704501796791,2.6053781509399414,0.002945494372397661
single_probe,25,single,1,probe,27,0.47817665289256195,0.9634555785123966,0.48527892561983466,0.0044311284948614915,2.7285375595092773,0.002945494372397661
single_probe,25,single,1,probe,28,0.5543646694214877,0.9657799586776858,0.4114152892561982,0.004236818999755365,2.9853572845458984,0.002945494372397661
single_probe,25,single,1,probe,29,0.6003357438016528,0.9644886363636364,0.3641528925619836,0.004341333513913637,3.250908613204956,0.002945494372397661
single_probe,25,single,1,probe,30,0.6361053719008265,0.9602272727272727,0.3241219008264462,0.00456368285086628,3.6358819007873535,0.002945494372397661
single_probe,25,single,1,probe,31,0.6308109504132231,0.9262654958677686,0.2954545454545455,0.006520211564504774,5.045323371887207,0.002945494372397661
single_svd_k1,25,single,1,svd,0,0.9258780991735537,0.9258780991735537,0.0,0.034792758894995446,0.2858494222164154,0.056717488914728165
single_svd_k1,25,single,1,svd,1,0.9564824380165289,0.9564824380165289,0.0,0.10631337567371524,0.3809555172920227,0.056717488914728165
single_svd_k1,25,single,1,svd,2,0.9713326446280991,0.9713326446280991,0.0,0.07040434945313989,0.4872152507305145,0.056717488914728165
single_svd_k1,25,single,1,svd,3,0.9808884297520661,0.9808884297520661,0.0,0.06079744924609243,0.6192805171012878,0.056717488914728165
single_svd_k1,25,single,1,svd,4,0.9763688016528925,0.9763688016528925,0.0,0.05476222854457913,0.7243854999542236,0.056717488914728165
single_svd_k1,25,single,1,svd,5,0.9784349173553719,0.9784349173553719,0.0,0.05607507949458834,0.8416454195976257,0.056717488914728165
single_svd_k1,25,single,1,svd,6,0.9775309917355371,0.9775309917355371,0.0,0.05272541505960904,0.9558601379394531,0.056717488914728165
single_svd_k1,25,single,1,svd,7,0.9785640495867769,0.9785640495867769,0.0,0.052791115235874764,1.120207667350769,0.056717488914728165
single_svd_k1,25,single,1,svd,8,0.9763688016528925,0.9763688016528925,0.0,0.045122544126372066,1.1942468881607056,0.056717488914728165
single_svd_k1,25,single,1,svd,9,0.9761105371900827,0.9761105371900827,0.0,0.034658825968567064,1.1960877180099487,0.056717488914728165
single_svd_k1,25,single,1,svd,10,0.9753357438016529,0.9753357438016529,0.0,0.038829731441544,1.2418791055679321,0.056717488914728165
single_svd_k1,25,single,1,svd,11,0.9733987603305785,0.9733987603305785,0.0,0.03602625518459468,1.286953091621399,0.056717488914728165
single_svd_k1,25,single,1,svd,12,0.96849173553719,0.96849173553719,0.0,0.02845527149014393,1.3933613300323486,0.056717488914728165
single_svd_k1,25,single,1,svd,13,0.9646177685950412,0.9646177685950412,0.0,0.0303857231553869,1.4911729097366333,0.056717488914728165
single_svd_k1,25,single,1,svd,14,0.9678460743801653,0.9678460743801653,0.0,0.033803787628951865,1.7086907625198364,0.056717488914728165
single_svd_k1,25,single,1,svd,15,0.9626807851239669,0.9626807851239669,0.0,0.03440843746719069,1.8865779638290405,0.056717488914728165
single_svd_k1,25,single,1,svd,16,0.9629390495867769,0.9629390495867769,0.0,0.03007578117315235,2.019895553588867,0.056717488914728165
single_svd_k1,25,single,1,svd,17,0.9655216942148761,0.9655216942148761,0.0,0.03599069337594896,2.3639683723449707,0.056717488914728165
single_svd_k1,25,single,1,svd,18,0.9664256198347108,0.9664256198347108,0.0,0.03262203781084516,2.5709071159362793,0.056717488914728165
single_svd_k1,25,single,1,svd,19,0.9613894628099173,0.9613894628099173,0.0,0.029070266102231734,2.763599395751953,0.056717488914728165
single_svd_k1,25,single,1,svd,20,0.9634555785123967,0.9634555785123967,0.0,0.028742042667821766,2.957430362701416,0.056717488914728165
single_svd_k1,25,single,1,svd,21,0.965779958677686,0.965779958677686,0.0,0.027036937806317773,3.2291362285614014,0.056717488914728165
single_svd_k1,25,single,1,svd,22,0.9647469008264463,0.9647469008264463,0.0,0.02425637308397388,3.423748254776001,0.056717488914728165
single_svd_k1,25,single,1,svd,23,0.9624225206611571,0.9624225206611571,0.0,0.020705731462802413,3.5320022106170654,0.056717488914728165
single_svd_k1,25,single,1,svd,24,0.962551652892562,0.962551652892562,0.0,0.018210087833760435,3.6989402770996094,0.056717488914728165
single_svd_k1,25,single,1,svd,25,0.9599690082644627,0.9599690082644627,0.0,0.017317756692359354,3.975242853164673,0.056717488914728165
single_svd_k1,25,single,1,svd,26,0.9611311983471074,0.962551652892562,0.0014204545454545858,0.014611071775870288,4.1567912101745605,0.056717488914728165
single_svd_k1,25,single,1,svd,27,0.9617768595041323,0.9634555785123966,0.0016787190082643288,0.012661619911516042,4.32390832901001,0.056717488914728165
single_svd_k1,25,single,1,svd,28,0.9652634297520661,0.9657799586776858,0.0005165289256197081,0.011468732451976993,4.695926189422607,0.056717488914728165
single_svd_k1,25,single,1,svd,29,0.9652634297520661,0.9644886363636364,-0.0007747933884297842,0.010731610331610852,4.9568305015563965,0.056717488914728165
single_svd_k1,25,single,1,svd,30,0.9602272727272727,0.9602272727272727,0.0,0.0106611585466313,5.43983793258667,0.056717488914728165
single_svd_k1,25,single,1,svd,31,0.92161673553719,0.9262654958677686,0.004648760330578594,0.011843373637590027,7.184271812438965,0.056717488914728165
single_svd_k2,25,single,2,svd,0,0.9258780991735537,0.9258780991735537,0.0,0.034792758894995446,0.2858494222164154,0.24379995465278625
single_svd_k2,25,single,2,svd,1,0.9564824380165289,0.9564824380165289,0.0,0.10631337567371524,0.3809555172920227,0.24379995465278625
single_svd_k2,25,single,2,svd,2,0.9713326446280991,0.9713326446280991,0.0,0.07040434945313989,0.4872152507305145,0.24379995465278625
single_svd_k2,25,single,2,svd,3,0.9808884297520661,0.9808884297520661,0.0,0.06079744924609243,0.6192805171012878,0.24379995465278625
single_svd_k2,25,single,2,svd,4,0.9763688016528925,0.9763688016528925,0.0,0.05476222854457913,0.7243854999542236,0.24379995465278625
single_svd_k2,25,single,2,svd,5,0.9784349173553719,0.9784349173553719,0.0,0.05607507949458834,0.8416454195976257,0.24379995465278625
single_svd_k2,25,single,2,svd,6,0.9775309917355371,0.9775309917355371,0.0,0.05272541505960904,0.9558601379394531,0.24379995465278625
single_svd_k2,25,single,2,svd,7,0.9785640495867769,0.9785640495867769,0.0,0.052791115235874764,1.120207667350769,0.24379995465278625
single_svd_k2,25,single,2,svd,8,0.9763688016528925,0.9763688016528925,0.0,0.045122544126372066,1.1942468881607056,0.24379995465278625
single_svd_k2,25,single,2,svd,9,0.9761105371900827,0.9761105371900827,0.0,0.034658825968567064,1.1960877180099487,0.24379995465278625
single_svd_k2,25,single,2,svd,10,0.9753357438016529,0.9753357438016529,0.0,0.038829731441544,1.2418791055679321,0.24379995465278625
single_svd_k2,25,single,2,svd,11,0.9733987603305785,0.9733987603305785,0.0,0.03602625518459468,1.286953091621399,0.24379995465278625
single_svd_k2,25,single,2,svd,12,0.96849173553719,0.96849173553719,0.0,0.02845527149014393,1.3933613300323486,0.24379995465278625
single_svd_k2,25,single,2,svd,13,0.9646177685950412,0.9646177685950412,0.0,0.0303857231553869,1.4911729097366333,0.24379995465278625
single_svd_k2,25,single,2,svd,14,0.9678460743801653,0.9678460743801653,0.0,0.033803787628951865,1.7086907625198364,0.24379995465278625
single_svd_k2,25,single,2,svd,15,0.9626807851239669,0.9626807851239669,0.0,0.03440843746719069,1.8865779638290405,0.24379995465278625
single_svd_k2,25,single,2,svd,16,0.9629390495867769,0.9629390495867769,0.0,0.03007578117315235,2.019895553588867,0.24379995465278625
single_svd_k2,25,single,2,svd,17,0.9655216942148761,0.9655216942148761,0.0,0.03599069337594896,2.3639683723449707,0.24379995465278625
single_svd_k2,25,single,2,svd,18,0.9664256198347108,0.9664256198347108,0.0,0.03262203781084516,2.5709071159362793,0.24379995465278625
single_svd_k2,25,single,2,svd,19,0.9613894628099173,0.9613894628099173,0.0,0.029070266102231734,2.763599395751953,0.24379995465278625
single_svd_k2,25,single,2,svd,20,0.9634555785123967,0.9634555785123967,0.0,0.028742042667821766,2.957430362701416,0.24379995465278625
single_svd_k2,25,single,2,svd,21,0.965779958677686,0.965779958677686,0.0,0.027036937806317773,3.2291362285614014,0.24379995465278625
single_svd_k2,25,single,2,svd,22,0.9647469008264463,0.9647469008264463,0.0,0.02425637308397388,3.423748254776001,0.24379995465278625
single_svd_k2,25,single,2,svd,23,0.9624225206611571,0.9624225206611571,0.0,0.020705731462802413,3.5320022106170654,0.24379995465278625
single_svd_k2,25,single,2,svd,24,0.962551652892562,0.962551652892562,0.0,0.018210087833760435,3.6989402770996094,0.24379995465278625
single_svd_k2,25,single,2,svd,25,0.9599690082644627,0.9599690082644627,0.0,0.017317756692359354,3.975242853164673,0.24379995465278625
single_svd_k2,25,single,2,svd,26,0.9590650826446281,0.962551652892562,0.0034865702479338623,0.014420896255157412,4.112486362457275,0.24379995465278625
single_svd_k2,25,single,2,svd,27,0.9581611570247933,0.9634555785123966,0.005294421487603285,0.012611285332660094,4.307703971862793,0.24379995465278625
single_svd_k2,25,single,2,svd,28,0.9599690082644627,0.9657799586776858,0.005810950413223104,0.010821105270736653,4.679491996765137,0.24379995465278625
single_svd_k2,25,single,2,svd,29,0.9612603305785123,0.9644886363636364,0.0032283057851240082,0.009544051988947921,4.867770671844482,0.24379995465278625
single_svd_k2,25,single,2,svd,30,0.9551911157024794,0.9602272727272727,0.00503615702479332,0.009449479767778657,5.232127666473389,0.24379995465278625
single_svd_k2,25,single,2,svd,31,0.9169679752066116,0.9262654958677686,0.009297520661157077,0.008901927477729443,6.9184489250183105,0.24379995465278625
single_svd_k4,25,single,4,svd,0,0.9258780991735537,0.9258780991735537,0.0,0.034792758894995446,0.2858494222164154,0.4579671621322632
single_svd_k4,25,single,4,svd,1,0.9564824380165289,0.9564824380165289,0.0,0.10631337567371524,0.3809555172920227,0.4579671621322632
single_svd_k4,25,single,4,svd,2,0.9713326446280991,0.9713326446280991,0.0,0.07040434945313989,0.4872152507305145,0.4579671621322632
single_svd_k4,25,single,4,svd,3,0.9808884297520661,0.9808884297520661,0.0,0.06079744924609243,0.6192805171012878,0.4579671621322632
single_svd_k4,25,single,4,svd,4,0.9763688016528925,0.9763688016528925,0.0,0.05476222854457913,0.7243854999542236,0.4579671621322632
single_svd_k4,25,single,4,svd,5,0.9784349173553719,0.9784349173553719,0.0,0.05607507949458834,0.8416454195976257,0.4579671621322632
single_svd_k4,25,single,4,svd,6,0.9775309917355371,0.9775309917355371,0.0,0.05272541505960904,0.9558601379394531,0.4579671621322632
single_svd_k4,25,single,4,svd,7,0.9785640495867769,0.9785640495867769,0.0,0.052791115235874764,1.120207667350769,0.4579671621322632
single_svd_k4,25,single,4,svd,8,0.9763688016528925,0.9763688016528925,0.0,0.045122544126372066,1.1942468881607056,0.4579671621322632
single_svd_k4,25,single,4,svd,9,0.9761105371900827,0.9761105371900827,0.0,0.034658825968567064,1.1960877180099487,0.4579671621322632
single_svd_k4,25,single,4,svd,10,0.9753357438016529,0.9753357438016529,0.0,0.038829731441544,1.2418791055679321,0.4579671621322632
single_svd_k4,25,single,4,svd,11,0.9733987603305785,0.9733987603305785,0.0,0.03602625518459468,1.286953091621399,0.4579671621322632
single_svd_k4,25,single,4,svd,12,0.96849173553719,0.96849173553719,0.0,0.02845527149014393,1.3933613300323486,0.4579671621322632
single_svd_k4,25,single,4,svd,13,0.9646177685950412,0.9646177685950412,0.0,0.0303857231553869,1.4911729097366333,0.4579671621322632
single_svd_k4,25,single,4,svd,14,0.9678460743801653,0.9678460743801653,0.0,0.033803787628951865,1.7086907625198364,0.4579671621322632
single_svd_k4,25,single,4,svd,15,0.9626807851239669,0.9626807851239669,0.0,0.03440843746719069,1.8865779638290405,0.4579671621322632
single_svd_k4,25,single,4,svd,16,0.9629390495867769,0.9629390495867769,0.0,0.03007578117315235,2.019895553588867,0.4579671621322632
single_svd_k4,25,single,4,svd,17,0.9655216942148761,0.9655216942148761,0.0,0.03599069337594896,2.3639683723449707,0.4579671621322632
single_svd_k4,25,single,4,svd,18,0.9664256198347108,0.9664256198347108,0.0,0.03262203781084516,2.5709071159362793,0.4579671621322632
single_svd_k4,25,single,4,svd,19,0.9613894628099173,0.9613894628099173,0.0,0.029070266102231734,2.763599395751953,0.4579671621322632
single_svd_k4,25,single,4,svd,20,0.9634555785123967,0.9634555785123967,0.0,0.028742042667821766,2.957430362701416,0.4579671621322632
single_svd_k4,25,single,4,svd,21,0.965779958677686,0.965779958677686,0.0,0.027036937806317773,3.2291362285614014,0.4579671621322632
single_svd_k4,25,single,4,svd,22,0.9647469008264463,0.9647469008264463,0.0,0.02425637308397388,3.423748254776001,0.4579671621322632
single_svd_k4,25,single,4,svd,23,0.9624225206611571,0.9624225206611571,0.0,0.020705731462802413,3.5320022106170654,0.4579671621322632
single_svd_k4,25,single,4,svd,24,0.962551652892562,0.962551652892562,0.0,0.018210087833760435,3.6989402770996094,0.4579671621322632
single_svd_k4,25,single,4,svd,25,0.9599690082644627,0.9599690082644627,0.0,0.017317756692359354,3.975242853164673,0.4579671621322632
single_svd_k4,25,single,4,svd,26,0.6250000000000001,0.962551652892562,0.33755165289256184,0.004373300058953644,2.0556936264038086,0.4579671621322632
single_svd_k4,25,single,4,svd,27,0.6292613636363636,0.9634555785123966,0.33419421487603296,0.0037799132009671554,2.184410572052002,0.4579671621322632
single_svd_k4,25,single,4,svd,28,0.64088326446281,0.9657799586776858,0.3248966942148759,0.003584035101382166,2.391979932785034,0.4579671621322632
single_svd_k4,25,single,4,svd,29,0.6446280991735537,0.9644886363636364,0.31986053719008267,0.0033719716355439244,2.629591464996338,0.4579671621322632
single_svd_k4,25,single,4,svd,30,0.6398502066115702,0.9602272727272727,0.3203770661157025,0.003599922023022839,2.9395923614501953,0.4579671621322632
single_svd_k4,25,single,4,svd,31,0.6503099173553719,0.9262654958677686,0.2759555785123967,0.005050367712223225,3.914632797241211,0.4579671621322632
single_svd_k8,25,single,8,svd,0,0.9258780991735537,0.9258780991735537,0.0,0.034792758894995446,0.2858494222164154,0.7081958055496216
single_svd_k8,25,single,8,svd,1,0.9564824380165289,0.9564824380165289,0.0,0.10631337567371524,0.3809555172920227,0.7081958055496216
single_svd_k8,25,single,8,svd,2,0.9713326446280991,0.9713326446280991,0.0,0.07040434945313989,0.4872152507305145,0.7081958055496216
single_svd_k8,25,single,8,svd,3,0.9808884297520661,0.9808884297520661,0.0,0.06079744924609243,0.6192805171012878,0.7081958055496216
single_svd_k8,25,single,8,svd,4,0.9763688016528925,0.9763688016528925,0.0,0.05476222854457913,0.7243854999542236,0.7081958055496216
single_svd_k8,25,single,8,svd,5,0.9784349173553719,0.9784349173553719,0.0,0.05607507949458834,0.8416454195976257,0.7081958055496216
single_svd_k8,25,single,8,svd,6,0.9775309917355371,0.9775309917355371,0.0,0.05272541505960904,0.9558601379394531,0.7081958055496216
single_svd_k8,25,single,8,svd,7,0.9785640495867769,0.9785640495867769,0.0,0.052791115235874764,1.120207667350769,0.7081958055496216
single_svd_k8,25,single,8,svd,8,0.9763688016528925,0.9763688016528925,0.0,0.045122544126372066,1.1942468881607056,0.7081958055496216
single_svd_k8,25,single,8,svd,9,0.9761105371900827,0.9761105371900827,0.0,0.034658825968567064,1.1960877180099487,0.7081958055496216
single_svd_k8,25,single,8,svd,10,0.9753357438016529,0.9753357438016529,0.0,0.038829731441544,1.2418791055679321,0.7081958055496216
single_svd_k8,25,single,8,svd,11,0.9733987603305785,0.9733987603305785,0.0,0.03602625518459468,1.286953091621399,0.7081958055496216
single_svd_k8,25,single,8,svd,12,0.96849173553719,0.96849173553719,0.0,0.02845527149014393,1.3933613300323486,0.7081958055496216
single_svd_k8,25,single,8,svd,13,0.9646177685950412,0.9646177685950412,0.0,0.0303857231553869,1.4911729097366333,0.7081958055496216
single_svd_k8,25,single,8,svd,14,0.9678460743801653,0.9678460743801653,0.0,0.033803787628951865,1.7086907625198364,0.7081958055496216
single_svd_k8,25,single,8,svd,15,0.9626807851239669,0.9626807851239669,0.0,0.03440843746719069,1.8865779638290405,0.7081958055496216
single_svd_k8,25,single,8,svd,16,0.9629390495867769,0.9629390495867769,0.0,0.03007578117315235,2.019895553588867,0.7081958055496216
single_svd_k8,25,single,8,svd,17,0.9655216942148761,0.9655216942148761,0.0,0.03599069337594896,2.3639683723449707,0.7081958055496216
single_svd_k8,25,single,8,svd,18,0.9664256198347108,0.9664256198347108,0.0,0.03262203781084516,2.5709071159362793,0.7081958055496216
single_svd_k8,25,single,8,svd,19,0.9613894628099173,0.9613894628099173,0.0,0.029070266102231734,2.763599395751953,0.7081958055496216
single_svd_k8,25,single,8,svd,20,0.9634555785123967,0.9634555785123967,0.0,0.028742042667821766,2.957430362701416,0.7081958055496216
single_svd_k8,25,single,8,svd,21,0.965779958677686,0.965779958677686,0.0,0.027036937806317773,3.2291362285614014,0.7081958055496216
single_svd_k8,25,single,8,svd,22,0.9647469008264463,0.9647469008264463,0.0,0.02425637308397388,3.423748254776001,0.7081958055496216
single_svd_k8,25,single,8,svd,23,0.9624225206611571,0.9624225206611571,0.0,0.020705731462802413,3.5320022106170654,0.7081958055496216
single_svd_k8,25,single,8,svd,24,0.962551652892562,0.962551652892562,0.0,0.018210087833760435,3.6989402770996094,0.7081958055496216
single_svd_k8,25,single,8,svd,25,0.9599690082644627,0.9599690082644627,0.0,0.017317756692359354,3.975242853164673,0.7081958055496216
single_svd_k8,25,single,8,svd,26,0.5356404958677686,0.962551652892562,0.4269111570247933,0.0009370671308636114,0.9170643091201782,0.7081958055496216
single_svd_k8,25,single,8,svd,27,0.5450671487603306,0.9634555785123966,0.418388429752066,0.0009913513341368585,1.073514461517334,0.7081958055496216
single_svd_k8,25,single,8,svd,28,0.562370867768595,0.9657799586776858,0.40340909090909083,0.001128141557420581,1.2979620695114136,0.7081958055496216
single_svd_k8,25,single,8,svd,29,0.5675361570247933,0.9644886363636364,0.39695247933884303,0.0011860931812290865,1.5232547521591187,0.7081958055496216
single_svd_k8,25,single,8,svd,30,0.5601756198347108,0.9602272727272727,0.40005165289256195,0.0013134011649712507,1.745568037033081,0.7081958055496216
single_svd_k8,25,single,8,svd,31,0.5773502066115701,0.9262654958677686,0.3489152892561985,0.0017918539562740143,2.3425850868225098,0.7081958055496216
single_random,25,single,1,random,0,0.9258780991735537,0.9258780991735537,0.0,0.034792758894995446,0.2858494222164154,9.294523624703288e-05
single_random,25,single,1,random,1,0.9564824380165289,0.9564824380165289,0.0,0.10631337567371524,0.3809555172920227,9.294523624703288e-05
single_random,25,single,1,random,2,0.9713326446280991,0.9713326446280991,0.0,0.07040434945313989,0.4872152507305145,9.294523624703288e-05
single_random,25,single,1,random,3,0.9808884297520661,0.9808884297520661,0.0,0.06079744924609243,0.6192805171012878,9.294523624703288e-05
single_random,25,single,1,random,4,0.9763688016528925,0.9763688016528925,0.0,0.05476222854457913,0.7243854999542236,9.294523624703288e-05
single_random,25,single,1,random,5,0.9784349173553719,0.9784349173553719,0.0,0.05607507949458834,0.8416454195976257,9.294523624703288e-05
single_random,25,single,1,random,6,0.9775309917355371,0.9775309917355371,0.0,0.05272541505960904,0.9558601379394531,9.294523624703288e-05
single_random,25,single,1,random,7,0.9785640495867769,0.9785640495867769,0.0,0.052791115235874764,1.120207667350769,9.294523624703288e-05
single_random,25,single,1,random,8,0.9763688016528925,0.9763688016528925,0.0,0.045122544126372066,1.1942468881607056,9.294523624703288e-05
single_random,25,single,1,random,9,0.9761105371900827,0.9761105371900827,0.0,0.034658825968567064,1.1960877180099487,9.294523624703288e-05
single_random,25,single,1,random,10,0.9753357438016529,0.9753357438016529,0.0,0.038829731441544,1.2418791055679321,9.294523624703288e-05
single_random,25,single,1,random,11,0.9733987603305785,0.9733987603305785,0.0,0.03602625518459468,1.286953091621399,9.294523624703288e-05
single_random,25,single,1,random,12,0.96849173553719,0.96849173553719,0.0,0.02845527149014393,1.3933613300323486,9.294523624703288e-05
single_random,25,single,1,random,13,0.9646177685950412,0.9646177685950412,0.0,0.0303857231553869,1.4911729097366333,9.294523624703288e-05
single_random,25,single,1,random,14,0.9678460743801653,0.9678460743801653,0.0,0.033803787628951865,1.7086907625198364,9.294523624703288e-05
single_random,25,single,1,random,15,0.9626807851239669,0.9626807851239669,0.0,0.03440843746719069,1.8865779638290405,9.294523624703288e-05
single_random,25,single,1,random,16,0.9629390495867769,0.9629390495867769,0.0,0.03007578117315235,2.019895553588867,9.294523624703288e-05
single_random,25,single,1,random,17,0.9655216942148761,0.9655216942148761,0.0,0.03599069337594896,2.3639683723449707,9.294523624703288e-05
single_random,25,single,1,random,18,0.9664256198347108,0.9664256198347108,0.0,0.03262203781084516,2.5709071159362793,9.294523624703288e-05
single_random,25,single,1,random,19,0.9613894628099173,0.9613894628099173,0.0,0.029070266102231734,2.763599395751953,9.294523624703288e-05
single_random,25,single,1,random,20,0.9634555785123967,0.9634555785123967,0.0,0.028742042667821766,2.957430362701416,9.294523624703288e-05
single_random,25,single,1,random,21,0.965779958677686,0.965779958677686,0.0,0.027036937806317773,3.2291362285614014,9.294523624703288e-05
single_random,25,single,1,random,22,0.9647469008264463,0.9647469008264463,0.0,0.02425637308397388,3.423748254776001,9.294523624703288e-05
single_random,25,single,1,random,23,0.9624225206611571,0.9624225206611571,0.0,0.020705731462802413,3.5320022106170654,9.294523624703288e-05
single_random,25,single,1,random,24,0.962551652892562,0.962551652892562,0.0,0.018210087833760435,3.6989402770996094,9.294523624703288e-05
single_random,25,single,1,random,25,0.9599690082644627,0.9599690082644627,0.0,0.017317756692359354,3.975242853164673,9.294523624703288e-05
single_random,25,single,1,random,26,0.9625516528925621,0.962551652892562,-1.1102230246251565e-16,0.013980699767638938,4.157154083251953,9.294523624703288e-05
single_random,25,single,1,random,27,0.9633264462809918,0.9634555785123966,0.0001291322314047605,0.012076004398441698,4.318210124969482,9.294523624703288e-05
single_random,25,single,1,random,28,0.9659090909090909,0.9657799586776858,-0.00012913223140509356,0.011020028216423117,4.671292781829834,9.294523624703288e-05
single_random,25,single,1,random,29,0.9647469008264463,0.9644886363636364,-0.00025826446280996507,0.010552472435680693,4.944227695465088,9.294523624703288e-05
single_random,25,single,1,random,30,0.9600981404958677,0.9602272727272727,0.00012913223140498253,0.010530734450113655,5.406933307647705,9.294523624703288e-05
single_random,25,single,1,random,31,0.9265237603305785,0.9262654958677686,-0.00025826446280985405,0.011977366063614103,6.873587131500244,9.294523624703288e-05
single_probe,30,single,1,probe,0,0.9258780991735537,0.9258780991735537,0.0,0.034792758894995446,0.2858494222164154,0.0012854946544393897
single_probe,30,single,1,probe,1,0.9564824380165289,0.9564824380165289,0.0,0.10631337567371524,0.3809555172920227,0.0012854946544393897
single_probe,30,single,1,probe,2,0.9713326446280991,0.9713326446280991,0.0,0.07040434945313989,0.4872152507305145,0.0012854946544393897
single_probe,30,single,1,probe,3,0.9808884297520661,0.9808884297520661,0.0,0.06079744924609243,0.6192805171012878,0.0012854946544393897
single_probe,30,single,1,probe,4,0.9763688016528925,0.9763688016528925,0.0,0.05476222854457913,0.7243854999542236,0.0012854946544393897
single_probe,30,single,1,probe,5,0.9784349173553719,0.9784349173553719,0.0,0.05607507949458834,0.8416454195976257,0.0012854946544393897
single_probe,30,single,1,probe,6,0.9775309917355371,0.9775309917355371,0.0,0.05272541505960904,0.9558601379394531,0.0012854946544393897
single_probe,30,single,1,probe,7,0.9785640495867769,0.9785640495867769,0.0,0.052791115235874764,1.120207667350769,0.0012854946544393897
single_probe,30,single,1,probe,8,0.9763688016528925,0.9763688016528925,0.0,0.045122544126372066,1.1942468881607056,0.0012854946544393897
single_probe,30,single,1,probe,9,0.9761105371900827,0.9761105371900827,0.0,0.034658825968567064,1.1960877180099487,0.0012854946544393897
single_probe,30,single,1,probe,10,0.9753357438016529,0.9753357438016529,0.0,0.038829731441544,1.2418791055679321,0.0012854946544393897
single_probe,30,single,1,probe,11,0.9733987603305785,0.9733987603305785,0.0,0.03602625518459468,1.286953091621399,0.0012854946544393897
single_probe,30,single,1,probe,12,0.96849173553719,0.96849173553719,0.0,0.02845527149014393,1.3933613300323486,0.0012854946544393897
single_probe,30,single,1,probe,13,0.9646177685950412,0.9646177685950412,0.0,0.0303857231553869,1.4911729097366333,0.0012854946544393897
single_probe,30,single,1,probe,14,0.9678460743801653,0.9678460743801653,0.0,0.033803787628951865,1.7086907625198364,0.0012854946544393897
single_probe,30,single,1,probe,15,0.9626807851239669,0.9626807851239669,0.0,0.03440843746719069,1.8865779638290405,0.0012854946544393897
single_probe,30,single,1,probe,16,0.9629390495867769,0.9629390495867769,0.0,0.03007578117315235,2.019895553588867,0.0012854946544393897
single_probe,30,single,1,probe,17,0.9655216942148761,0.9655216942148761,0.0,0.03599069337594896,2.3639683723449707,0.0012854946544393897
single_probe,30,single,1,probe,18,0.9664256198347108,0.9664256198347108,0.0,0.03262203781084516,2.5709071159362793,0.0012854946544393897
single_probe,30,single,1,probe,19,0.9613894628099173,0.9613894628099173,0.0,0.029070266102231734,2.763599395751953,0.0012854946544393897
single_probe,30,single,1,probe,20,0.9634555785123967,0.9634555785123967,0.0,0.028742042667821766,2.957430362701416,0.0012854946544393897
single_probe,30,single,1,probe,21,0.965779958677686,0.965779958677686,0.0,0.027036937806317773,3.2291362285614014,0.0012854946544393897
single_probe,30,single,1,probe,22,0.9647469008264463,0.9647469008264463,0.0,0.02425637308397388,3.423748254776001,0.0012854946544393897
single_probe,30,single,1,probe,23,0.9624225206611571,0.9624225206611571,0.0,0.020705731462802413,3.5320022106170654,0.0012854946544393897
single_probe,30,single,1,probe,24,0.962551652892562,0.962551652892562,0.0,0.018210087833760435,3.6989402770996094,0.0012854946544393897
single_probe,30,single,1,probe,25,0.9599690082644627,0.9599690082644627,0.0,0.017317756692359354,3.975242853164673,0.0012854946544393897
single_probe,30,single,1,probe,26,0.962551652892562,0.962551652892562,0.0,0.01397728004751031,4.157415390014648,0.0012854946544393897
single_probe,30,single,1,probe,27,0.9634555785123966,0.9634555785123966,0.0,0.012076718415262477,4.3182597160339355,0.0012854946544393897
single_probe,30,single,1,probe,28,0.9657799586776858,0.9657799586776858,0.0,0.011015303445736202,4.67133092880249,0.0012854946544393897
single_probe,30,single,1,probe,29,0.9644886363636364,0.9644886363636364,0.0,0.010540278904598743,4.9443840980529785,0.0012854946544393897
single_probe,30,single,1,probe,30,0.9602272727272727,0.9602272727272727,0.0,0.010520994783879134,5.406311511993408,0.0012854946544393897
single_probe,30,single,1,probe,31,0.42910640495867775,0.9262654958677686,0.4971590909090909,0.006444718847418596,4.954029083251953,0.0012854946544393897
single_svd_k1,30,single,1,svd,0,0.9258780991735537,0.9258780991735537,0.0,0.034792758894995446,0.2858494222164154,0.12103511393070221
single_svd_k1,30,single,1,svd,1,0.9564824380165289,0.9564824380165289,0.0,0.10631337567371524,0.3809555172920227,0.12103511393070221
single_svd_k1,30,single,1,svd,2,0.9713326446280991,0.9713326446280991,0.0,0.07040434945313989,0.4872152507305145,0.12103511393070221
single_svd_k1,30,single,1,svd,3,0.9808884297520661,0.9808884297520661,0.0,0.06079744924609243,0.6192805171012878,0.12103511393070221
single_svd_k1,30,single,1,svd,4,0.9763688016528925,0.9763688016528925,0.0,0.05476222854457913,0.7243854999542236,0.12103511393070221
single_svd_k1,30,single,1,svd,5,0.9784349173553719,0.9784349173553719,0.0,0.05607507949458834,0.8416454195976257,0.12103511393070221
single_svd_k1,30,single,1,svd,6,0.9775309917355371,0.9775309917355371,0.0,0.05272541505960904,0.9558601379394531,0.12103511393070221
single_svd_k1,30,single,1,svd,7,0.9785640495867769,0.9785640495867769,0.0,0.052791115235874764,1.120207667350769,0.12103511393070221
single_svd_k1,30,single,1,svd,8,0.9763688016528925,0.9763688016528925,0.0,0.045122544126372066,1.1942468881607056,0.12103511393070221
single_svd_k1,30,single,1,svd,9,0.9761105371900827,0.9761105371900827,0.0,0.034658825968567064,1.1960877180099487,0.12103511393070221
single_svd_k1,30,single,1,svd,10,0.9753357438016529,0.9753357438016529,0.0,0.038829731441544,1.2418791055679321,0.12103511393070221
single_svd_k1,30,single,1,svd,11,0.9733987603305785,0.9733987603305785,0.0,0.03602625518459468,1.286953091621399,0.12103511393070221
single_svd_k1,30,single,1,svd,12,0.96849173553719,0.96849173553719,0.0,0.02845527149014393,1.3933613300323486,0.12103511393070221
single_svd_k1,30,single,1,svd,13,0.9646177685950412,0.9646177685950412,0.0,0.0303857231553869,1.4911729097366333,0.12103511393070221
single_svd_k1,30,single,1,svd,14,0.9678460743801653,0.9678460743801653,0.0,0.033803787628951865,1.7086907625198364,0.12103511393070221
single_svd_k1,30,single,1,svd,15,0.9626807851239669,0.9626807851239669,0.0,0.03440843746719069,1.8865779638290405,0.12103511393070221
single_svd_k1,30,single,1,svd,16,0.9629390495867769,0.9629390495867769,0.0,0.03007578117315235,2.019895553588867,0.12103511393070221
single_svd_k1,30,single,1,svd,17,0.9655216942148761,0.9655216942148761,0.0,0.03599069337594896,2.3639683723449707,0.12103511393070221
single_svd_k1,30,single,1,svd,18,0.9664256198347108,0.9664256198347108,0.0,0.03262203781084516,2.5709071159362793,0.12103511393070221
single_svd_k1,30,single,1,svd,19,0.9613894628099173,0.9613894628099173,0.0,0.029070266102231734,2.763599395751953,0.12103511393070221
single_svd_k1,30,single,1,svd,20,0.9634555785123967,0.9634555785123967,0.0,0.028742042667821766,2.957430362701416,0.12103511393070221
single_svd_k1,30,single,1,svd,21,0.965779958677686,0.965779958677686,0.0,0.027036937806317773,3.2291362285614014,0.12103511393070221
single_svd_k1,30,single,1,svd,22,0.9647469008264463,0.9647469008264463,0.0,0.02425637308397388,3.423748254776001,0.12103511393070221
single_svd_k1,30,single,1,svd,23,0.9624225206611571,0.9624225206611571,0.0,0.020705731462802413,3.5320022106170654,0.12103511393070221
single_svd_k1,30,single,1,svd,24,0.962551652892562,0.962551652892562,0.0,0.018210087833760435,3.6989402770996094,0.12103511393070221
single_svd_k1,30,single,1,svd,25,0.9599690082644627,0.9599690082644627,0.0,0.017317756692359354,3.975242853164673,0.12103511393070221
single_svd_k1,30,single,1,svd,26,0.962551652892562,0.962551652892562,0.0,0.01397728004751031,4.157415390014648,0.12103511393070221
single_svd_k1,30,single,1,svd,27,0.9634555785123966,0.9634555785123966,0.0,0.012076718415262477,4.3182597160339355,0.12103511393070221
single_svd_k1,30,single,1,svd,28,0.9657799586776858,0.9657799586776858,0.0,0.011015303445736202,4.67133092880249,0.12103511393070221
single_svd_k1,30,single,1,svd,29,0.9644886363636364,0.9644886363636364,0.0,0.010540278904598743,4.9443840980529785,0.12103511393070221
single_svd_k1,30,single,1,svd,30,0.9602272727272727,0.9602272727272727,0.0,0.010520994783879134,5.406311511993408,0.12103511393070221
single_svd_k1,30,single,1,svd,31,0.922262396694215,0.9262654958677686,0.004003099173553681,0.011606352294568634,7.1080403327941895,0.12103511393070221
single_svd_k2,30,single,2,svd,0,0.9258780991735537,0.9258780991735537,0.0,0.034792758894995446,0.2858494222164154,0.3350282311439514
single_svd_k2,30,single,2,svd,1,0.9564824380165289,0.9564824380165289,0.0,0.10631337567371524,0.3809555172920227,0.3350282311439514
single_svd_k2,30,single,2,svd,2,0.9713326446280991,0.9713326446280991,0.0,0.07040434945313989,0.4872152507305145,0.3350282311439514
single_svd_k2,30,single,2,svd,3,0.9808884297520661,0.9808884297520661,0.0,0.06079744924609243,0.6192805171012878,0.3350282311439514
single_svd_k2,30,single,2,svd,4,0.9763688016528925,0.9763688016528925,0.0,0.05476222854457913,0.7243854999542236,0.3350282311439514
single_svd_k2,30,single,2,svd,5,0.9784349173553719,0.9784349173553719,0.0,0.05607507949458834,0.8416454195976257,0.3350282311439514
single_svd_k2,30,single,2,svd,6,0.9775309917355371,0.9775309917355371,0.0,0.05272541505960904,0.9558601379394531,0.3350282311439514
single_svd_k2,30,single,2,svd,7,0.9785640495867769,0.9785640495867769,0.0,0.052791115235874764,1.120207667350769,0.3350282311439514
single_svd_k2,30,single,2,svd,8,0.9763688016528925,0.9763688016528925,0.0,0.045122544126372066,1.1942468881607056,0.3350282311439514
single_svd_k2,30,single,2,svd,9,0.9761105371900827,0.9761105371900827,0.0,0.034658825968567064,1.1960877180099487,0.3350282311439514
single_svd_k2,30,single,2,svd,10,0.9753357438016529,0.9753357438016529,0.0,0.038829731441544,1.2418791055679321,0.3350282311439514
single_svd_k2,30,single,2,svd,11,0.9733987603305785,0.9733987603305785,0.0,0.03602625518459468,1.286953091621399,0.3350282311439514
single_svd_k2,30,single,2,svd,12,0.96849173553719,0.96849173553719,0.0,0.02845527149014393,1.3933613300323486,0.3350282311439514
single_svd_k2,30,single,2,svd,13,0.9646177685950412,0.9646177685950412,0.0,0.0303857231553869,1.4911729097366333,0.3350282311439514
single_svd_k2,30,single,2,svd,14,0.9678460743801653,0.9678460743801653,0.0,0.033803787628951865,1.7086907625198364,0.3350282311439514
single_svd_k2,30,single,2,svd,15,0.9626807851239669,0.9626807851239669,0.0,0.03440843746719069,1.8865779638290405,0.3350282311439514
single_svd_k2,30,single,2,svd,16,0.9629390495867769,0.9629390495867769,0.0,0.03007578117315235,2.019895553588867,0.3350282311439514
single_svd_k2,30,single,2,svd,17,0.9655216942148761,0.9655216942148761,0.0,0.03599069337594896,2.3639683723449707,0.3350282311439514
single_svd_k2,30,single,2,svd,18,0.9664256198347108,0.9664256198347108,0.0,0.03262203781084516,2.5709071159362793,0.3350282311439514
single_svd_k2,30,single,2,svd,19,0.9613894628099173,0.9613894628099173,0.0,0.029070266102231734,2.763599395751953,0.3350282311439514
single_svd_k2,30,single,2,svd,20,0.9634555785123967,0.9634555785123967,0.0,0.028742042667821766,2.957430362701416,0.3350282311439514
single_svd_k2,30,single,2,svd,21,0.965779958677686,0.965779958677686,0.0,0.027036937806317773,3.2291362285614014,0.3350282311439514
single_svd_k2,30,single,2,svd,22,0.9647469008264463,0.9647469008264463,0.0,0.02425637308397388,3.423748254776001,0.3350282311439514
single_svd_k2,30,single,2,svd,23,0.9624225206611571,0.9624225206611571,0.0,0.020705731462802413,3.5320022106170654,0.3350282311439514
single_svd_k2,30,single,2,svd,24,0.962551652892562,0.962551652892562,0.0,0.018210087833760435,3.6989402770996094,0.3350282311439514
single_svd_k2,30,single,2,svd,25,0.9599690082644627,0.9599690082644627,0.0,0.017317756692359354,3.975242853164673,0.3350282311439514
single_svd_k2,30,single,2,svd,26,0.962551652892562,0.962551652892562,0.0,0.01397728004751031,4.157415390014648,0.3350282311439514
single_svd_k2,30,single,2,svd,27,0.9634555785123966,0.9634555785123966,0.0,0.012076718415262477,4.3182597160339355,0.3350282311439514
single_svd_k2,30,single,2,svd,28,0.9657799586776858,0.9657799586776858,0.0,0.011015303445736202,4.67133092880249,0.3350282311439514
single_svd_k2,30,single,2,svd,29,0.9644886363636364,0.9644886363636364,0.0,0.010540278904598743,4.9443840980529785,0.3350282311439514
single_svd_k2,30,single,2,svd,30,0.9602272727272727,0.9602272727272727,0.0,0.010520994783879134,5.406311511993408,0.3350282311439514
single_svd_k2,30,single,2,svd,31,0.9194214876033058,0.9262654958677686,0.006844008264462853,0.010194161146972358,7.264011859893799,0.3350282311439514
single_svd_k4,30,single,4,svd,0,0.9258780991735537,0.9258780991735537,0.0,0.034792758894995446,0.2858494222164154,0.5082964897155762
single_svd_k4,30,single,4,svd,1,0.9564824380165289,0.9564824380165289,0.0,0.10631337567371524,0.3809555172920227,0.5082964897155762
single_svd_k4,30,single,4,svd,2,0.9713326446280991,0.9713326446280991,0.0,0.07040434945313989,0.4872152507305145,0.5082964897155762
single_svd_k4,30,single,4,svd,3,0.9808884297520661,0.9808884297520661,0.0,0.06079744924609243,0.6192805171012878,0.5082964897155762
single_svd_k4,30,single,4,svd,4,0.9763688016528925,0.9763688016528925,0.0,0.05476222854457913,0.7243854999542236,0.5082964897155762
single_svd_k4,30,single,4,svd,5,0.9784349173553719,0.9784349173553719,0.0,0.05607507949458834,0.8416454195976257,0.5082964897155762
single_svd_k4,30,single,4,svd,6,0.9775309917355371,0.9775309917355371,0.0,0.05272541505960904,0.9558601379394531,0.5082964897155762
single_svd_k4,30,single,4,svd,7,0.9785640495867769,0.9785640495867769,0.0,0.052791115235874764,1.120207667350769,0.5082964897155762
single_svd_k4,30,single,4,svd,8,0.9763688016528925,0.9763688016528925,0.0,0.045122544126372066,1.1942468881607056,0.5082964897155762
single_svd_k4,30,single,4,svd,9,0.9761105371900827,0.9761105371900827,0.0,0.034658825968567064,1.1960877180099487,0.5082964897155762
single_svd_k4,30,single,4,svd,10,0.9753357438016529,0.9753357438016529,0.0,0.038829731441544,1.2418791055679321,0.5082964897155762
single_svd_k4,30,single,4,svd,11,0.9733987603305785,0.9733987603305785,0.0,0.03602625518459468,1.286953091621399,0.5082964897155762
single_svd_k4,30,single,4,svd,12,0.96849173553719,0.96849173553719,0.0,0.02845527149014393,1.3933613300323486,0.5082964897155762
single_svd_k4,30,single,4,svd,13,0.9646177685950412,0.9646177685950412,0.0,0.0303857231553869,1.4911729097366333,0.5082964897155762
single_svd_k4,30,single,4,svd,14,0.9678460743801653,0.9678460743801653,0.0,0.033803787628951865,1.7086907625198364,0.5082964897155762
single_svd_k4,30,single,4,svd,15,0.9626807851239669,0.9626807851239669,0.0,0.03440843746719069,1.8865779638290405,0.5082964897155762
single_svd_k4,30,single,4,svd,16,0.9629390495867769,0.9629390495867769,0.0,0.03007578117315235,2.019895553588867,0.5082964897155762
single_svd_k4,30,single,4,svd,17,0.9655216942148761,0.9655216942148761,0.0,0.03599069337594896,2.3639683723449707,0.5082964897155762
single_svd_k4,30,single,4,svd,18,0.9664256198347108,0.9664256198347108,0.0,0.03262203781084516,2.5709071159362793,0.5082964897155762
single_svd_k4,30,single,4,svd,19,0.9613894628099173,0.9613894628099173,0.0,0.029070266102231734,2.763599395751953,0.5082964897155762
single_svd_k4,30,single,4,svd,20,0.9634555785123967,0.9634555785123967,0.0,0.028742042667821766,2.957430362701416,0.5082964897155762
single_svd_k4,30,single,4,svd,21,0.965779958677686,0.965779958677686,0.0,0.027036937806317773,3.2291362285614014,0.5082964897155762
single_svd_k4,30,single,4,svd,22,0.9647469008264463,0.9647469008264463,0.0,0.02425637308397388,3.423748254776001,0.5082964897155762
single_svd_k4,30,single,4,svd,23,0.9624225206611571,0.9624225206611571,0.0,0.020705731462802413,3.5320022106170654,0.5082964897155762
single_svd_k4,30,single,4,svd,24,0.962551652892562,0.962551652892562,0.0,0.018210087833760435,3.6989402770996094,0.5082964897155762
single_svd_k4,30,single,4,svd,25,0.9599690082644627,0.9599690082644627,0.0,0.017317756692359354,3.975242853164673,0.5082964897155762
single_svd_k4,30,single,4,svd,26,0.962551652892562,0.962551652892562,0.0,0.01397728004751031,4.157415390014648,0.5082964897155762
single_svd_k4,30,single,4,svd,27,0.9634555785123966,0.9634555785123966,0.0,0.012076718415262477,4.3182597160339355,0.5082964897155762
single_svd_k4,30,single,4,svd,28,0.9657799586776858,0.9657799586776858,0.0,0.011015303445736202,4.67133092880249,0.5082964897155762
single_svd_k4,30,single,4,svd,29,0.9644886363636364,0.9644886363636364,0.0,0.010540278904598743,4.9443840980529785,0.5082964897155762
single_svd_k4,30,single,4,svd,30,0.9602272727272727,0.9602272727272727,0.0,0.010520994783879134,5.406311511993408,0.5082964897155762
single_svd_k4,30,single,4,svd,31,0.9160640495867769,0.9262654958677686,0.010201446280991733,0.010140818455649403,7.328650951385498,0.5082964897155762
single_svd_k8,30,single,8,svd,0,0.9258780991735537,0.9258780991735537,0.0,0.034792758894995446,0.2858494222164154,0.7875645756721497
single_svd_k8,30,single,8,svd,1,0.9564824380165289,0.9564824380165289,0.0,0.10631337567371524,0.3809555172920227,0.7875645756721497
single_svd_k8,30,single,8,svd,2,0.9713326446280991,0.9713326446280991,0.0,0.07040434945313989,0.4872152507305145,0.7875645756721497
single_svd_k8,30,single,8,svd,3,0.9808884297520661,0.9808884297520661,0.0,0.06079744924609243,0.6192805171012878,0.7875645756721497
single_svd_k8,30,single,8,svd,4,0.9763688016528925,0.9763688016528925,0.0,0.05476222854457913,0.7243854999542236,0.7875645756721497
single_svd_k8,30,single,8,svd,5,0.9784349173553719,0.9784349173553719,0.0,0.05607507949458834,0.8416454195976257,0.7875645756721497
single_svd_k8,30,single,8,svd,6,0.9775309917355371,0.9775309917355371,0.0,0.05272541505960904,0.9558601379394531,0.7875645756721497
single_svd_k8,30,single,8,svd,7,0.9785640495867769,0.9785640495867769,0.0,0.052791115235874764,1.120207667350769,0.7875645756721497
single_svd_k8,30,single,8,svd,8,0.9763688016528925,0.9763688016528925,0.0,0.045122544126372066,1.1942468881607056,0.7875645756721497
single_svd_k8,30,single,8,svd,9,0.9761105371900827,0.9761105371900827,0.0,0.034658825968567064,1.1960877180099487,0.7875645756721497
single_svd_k8,30,single,8,svd,10,0.9753357438016529,0.9753357438016529,0.0,0.038829731441544,1.2418791055679321,0.7875645756721497
single_svd_k8,30,single,8,svd,11,0.9733987603305785,0.9733987603305785,0.0,0.03602625518459468,1.286953091621399,0.7875645756721497
single_svd_k8,30,single,8,svd,12,0.96849173553719,0.96849173553719,0.0,0.02845527149014393,1.3933613300323486,0.7875645756721497
single_svd_k8,30,single,8,svd,13,0.9646177685950412,0.9646177685950412,0.0,0.0303857231553869,1.4911729097366333,0.7875645756721497
single_svd_k8,30,single,8,svd,14,0.9678460743801653,0.9678460743801653,0.0,0.033803787628951865,1.7086907625198364,0.7875645756721497
single_svd_k8,30,single,8,svd,15,0.9626807851239669,0.9626807851239669,0.0,0.03440843746719069,1.8865779638290405,0.7875645756721497
single_svd_k8,30,single,8,svd,16,0.9629390495867769,0.9629390495867769,0.0,0.03007578117315235,2.019895553588867,0.7875645756721497
single_svd_k8,30,single,8,svd,17,0.9655216942148761,0.9655216942148761,0.0,0.03599069337594896,2.3639683723449707,0.7875645756721497
single_svd_k8,30,single,8,svd,18,0.9664256198347108,0.9664256198347108,0.0,0.03262203781084516,2.5709071159362793,0.7875645756721497
single_svd_k8,30,single,8,svd,19,0.9613894628099173,0.9613894628099173,0.0,0.029070266102231734,2.763599395751953,0.7875645756721497
single_svd_k8,30,single,8,svd,20,0.9634555785123967,0.9634555785123967,0.0,0.028742042667821766,2.957430362701416,0.7875645756721497
single_svd_k8,30,single,8,svd,21,0.965779958677686,0.965779958677686,0.0,0.027036937806317773,3.2291362285614014,0.7875645756721497
single_svd_k8,30,single,8,svd,22,0.9647469008264463,0.9647469008264463,0.0,0.02425637308397388,3.423748254776001,0.7875645756721497
single_svd_k8,30,single,8,svd,23,0.9624225206611571,0.9624225206611571,0.0,0.020705731462802413,3.5320022106170654,0.7875645756721497
single_svd_k8,30,single,8,svd,24,0.962551652892562,0.962551652892562,0.0,0.018210087833760435,3.6989402770996094,0.7875645756721497
single_svd_k8,30,single,8,svd,25,0.9599690082644627,0.9599690082644627,0.0,0.017317756692359354,3.975242853164673,0.7875645756721497
single_svd_k8,30,single,8,svd,26,0.962551652892562,0.962551652892562,0.0,0.01397728004751031,4.157415390014648,0.7875645756721497
single_svd_k8,30,single,8,svd,27,0.9634555785123966,0.9634555785123966,0.0,0.012076718415262477,4.3182597160339355,0.7875645756721497
single_svd_k8,30,single,8,svd,28,0.9657799586776858,0.9657799586776858,0.0,0.011015303445736202,4.67133092880249,0.7875645756721497
single_svd_k8,30,single,8,svd,29,0.9644886363636364,0.9644886363636364,0.0,0.010540278904598743,4.9443840980529785,0.7875645756721497
single_svd_k8,30,single,8,svd,30,0.9602272727272727,0.9602272727272727,0.0,0.010520994783879134,5.406311511993408,0.7875645756721497
single_svd_k8,30,single,8,svd,31,0.6607696280991736,0.9262654958677686,0.265495867768595,0.0038733818128903197,3.7575302124023438,0.7875645756721497
single_random,30,single,1,random,0,0.9258780991735537,0.9258780991735537,0.0,0.034792758894995446,0.2858494222164154,0.00012123827036703005
single_random,30,single,1,random,1,0.9564824380165289,0.9564824380165289,0.0,0.10631337567371524,0.3809555172920227,0.00012123827036703005
single_random,30,single,1,random,2,0.9713326446280991,0.9713326446280991,0.0,0.07040434945313989,0.4872152507305145,0.00012123827036703005
single_random,30,single,1,random,3,0.9808884297520661,0.9808884297520661,0.0,0.06079744924609243,0.6192805171012878,0.00012123827036703005
single_random,30,single,1,random,4,0.9763688016528925,0.9763688016528925,0.0,0.05476222854457913,0.7243854999542236,0.00012123827036703005
single_random,30,single,1,random,5,0.9784349173553719,0.9784349173553719,0.0,0.05607507949458834,0.8416454195976257,0.00012123827036703005
single_random,30,single,1,random,6,0.9775309917355371,0.9775309917355371,0.0,0.05272541505960904,0.9558601379394531,0.00012123827036703005
single_random,30,single,1,random,7,0.9785640495867769,0.9785640495867769,0.0,0.052791115235874764,1.120207667350769,0.00012123827036703005
single_random,30,single,1,random,8,0.9763688016528925,0.9763688016528925,0.0,0.045122544126372066,1.1942468881607056,0.00012123827036703005
single_random,30,single,1,random,9,0.9761105371900827,0.9761105371900827,0.0,0.034658825968567064,1.1960877180099487,0.00012123827036703005
single_random,30,single,1,random,10,0.9753357438016529,0.9753357438016529,0.0,0.038829731441544,1.2418791055679321,0.00012123827036703005
single_random,30,single,1,random,11,0.9733987603305785,0.9733987603305785,0.0,0.03602625518459468,1.286953091621399,0.00012123827036703005
single_random,30,single,1,random,12,0.96849173553719,0.96849173553719,0.0,0.02845527149014393,1.3933613300323486,0.00012123827036703005
single_random,30,single,1,random,13,0.9646177685950412,0.9646177685950412,0.0,0.0303857231553869,1.4911729097366333,0.00012123827036703005
single_random,30,single,1,random,14,0.9678460743801653,0.9678460743801653,0.0,0.033803787628951865,1.7086907625198364,0.00012123827036703005
single_random,30,single,1,random,15,0.9626807851239669,0.9626807851239669,0.0,0.03440843746719069,1.8865779638290405,0.00012123827036703005
single_random,30,single,1,random,16,0.9629390495867769,0.9629390495867769,0.0,0.03007578117315235,2.019895553588867,0.00012123827036703005
single_random,30,single,1,random,17,0.9655216942148761,0.9655216942148761,0.0,0.03599069337594896,2.3639683723449707,0.00012123827036703005
single_random,30,single,1,random,18,0.9664256198347108,0.9664256198347108,0.0,0.03262203781084516,2.5709071159362793,0.00012123827036703005
single_random,30,single,1,random,19,0.9613894628099173,0.9613894628099173,0.0,0.029070266102231734,2.763599395751953,0.00012123827036703005
single_random,30,single,1,random,20,0.9634555785123967,0.9634555785123967,0.0,0.028742042667821766,2.957430362701416,0.00012123827036703005
single_random,30,single,1,random,21,0.965779958677686,0.965779958677686,0.0,0.027036937806317773,3.2291362285614014,0.00012123827036703005
single_random,30,single,1,random,22,0.9647469008264463,0.9647469008264463,0.0,0.02425637308397388,3.423748254776001,0.00012123827036703005
single_random,30,single,1,random,23,0.9624225206611571,0.9624225206611571,0.0,0.020705731462802413,3.5320022106170654,0.00012123827036703005
single_random,30,single,1,random,24,0.962551652892562,0.962551652892562,0.0,0.018210087833760435,3.6989402770996094,0.00012123827036703005
single_random,30,single,1,random,25,0.9599690082644627,0.9599690082644627,0.0,0.017317756692359354,3.975242853164673,0.00012123827036703005
single_random,30,single,1,random,26,0.962551652892562,0.962551652892562,0.0,0.01397728004751031,4.157415390014648,0.00012123827036703005
single_random,30,single,1,random,27,0.9634555785123966,0.9634555785123966,0.0,0.012076718415262477,4.3182597160339355,0.00012123827036703005
single_random,30,single,1,random,28,0.9657799586776858,0.9657799586776858,0.0,0.011015303445736202,4.67133092880249,0.00012123827036703005
single_random,30,single,1,random,29,0.9644886363636364,0.9644886363636364,0.0,0.010540278904598743,4.9443840980529785,0.00012123827036703005
single_random,30,single,1,random,30,0.9602272727272727,0.9602272727272727,0.0,0.010520994783879134,5.406311511993408,0.00012123827036703005
single_random,30,single,1,random,31,0.9261363636363636,0.9262654958677686,0.00012913223140498253,0.011944927662520977,6.867920398712158,0.00012123827036703005
single_probe,31,single,1,probe,0,0.9258780991735537,0.9258780991735537,0.0,0.034792758894995446,0.2858494222164154,0.0019651390612125397
single_probe,31,single,1,probe,1,0.9564824380165289,0.9564824380165289,0.0,0.10631337567371524,0.3809555172920227,0.0019651390612125397
single_probe,31,single,1,probe,2,0.9713326446280991,0.9713326446280991,0.0,0.07040434945313989,0.4872152507305145,0.0019651390612125397
single_probe,31,single,1,probe,3,0.9808884297520661,0.9808884297520661,0.0,0.06079744924609243,0.6192805171012878,0.0019651390612125397
single_probe,31,single,1,probe,4,0.9763688016528925,0.9763688016528925,0.0,0.05476222854457913,0.7243854999542236,0.0019651390612125397
single_probe,31,single,1,probe,5,0.9784349173553719,0.9784349173553719,0.0,0.05607507949458834,0.8416454195976257,0.0019651390612125397
single_probe,31,single,1,probe,6,0.9775309917355371,0.9775309917355371,0.0,0.05272541505960904,0.9558601379394531,0.0019651390612125397
single_probe,31,single,1,probe,7,0.9785640495867769,0.9785640495867769,0.0,0.052791115235874764,1.120207667350769,0.0019651390612125397
single_probe,31,single,1,probe,8,0.9763688016528925,0.9763688016528925,0.0,0.045122544126372066,1.1942468881607056,0.0019651390612125397
single_probe,31,single,1,probe,9,0.9761105371900827,0.9761105371900827,0.0,0.034658825968567064,1.1960877180099487,0.0019651390612125397
single_probe,31,single,1,probe,10,0.9753357438016529,0.9753357438016529,0.0,0.038829731441544,1.2418791055679321,0.0019651390612125397
single_probe,31,single,1,probe,11,0.9733987603305785,0.9733987603305785,0.0,0.03602625518459468,1.286953091621399,0.0019651390612125397
single_probe,31,single,1,probe,12,0.96849173553719,0.96849173553719,0.0,0.02845527149014393,1.3933613300323486,0.0019651390612125397
single_probe,31,single,1,probe,13,0.9646177685950412,0.9646177685950412,0.0,0.0303857231553869,1.4911729097366333,0.0019651390612125397
single_probe,31,single,1,probe,14,0.9678460743801653,0.9678460743801653,0.0,0.033803787628951865,1.7086907625198364,0.0019651390612125397
single_probe,31,single,1,probe,15,0.9626807851239669,0.9626807851239669,0.0,0.03440843746719069,1.8865779638290405,0.0019651390612125397
single_probe,31,single,1,probe,16,0.9629390495867769,0.9629390495867769,0.0,0.03007578117315235,2.019895553588867,0.0019651390612125397
single_probe,31,single,1,probe,17,0.9655216942148761,0.9655216942148761,0.0,0.03599069337594896,2.3639683723449707,0.0019651390612125397
single_probe,31,single,1,probe,18,0.9664256198347108,0.9664256198347108,0.0,0.03262203781084516,2.5709071159362793,0.0019651390612125397
single_probe,31,single,1,probe,19,0.9613894628099173,0.9613894628099173,0.0,0.029070266102231734,2.763599395751953,0.0019651390612125397
single_probe,31,single,1,probe,20,0.9634555785123967,0.9634555785123967,0.0,0.028742042667821766,2.957430362701416,0.0019651390612125397
single_probe,31,single,1,probe,21,0.965779958677686,0.965779958677686,0.0,0.027036937806317773,3.2291362285614014,0.0019651390612125397
single_probe,31,single,1,probe,22,0.9647469008264463,0.9647469008264463,0.0,0.02425637308397388,3.423748254776001,0.0019651390612125397
single_probe,31,single,1,probe,23,0.9624225206611571,0.9624225206611571,0.0,0.020705731462802413,3.5320022106170654,0.0019651390612125397
single_probe,31,single,1,probe,24,0.962551652892562,0.962551652892562,0.0,0.018210087833760435,3.6989402770996094,0.0019651390612125397
single_probe,31,single,1,probe,25,0.9599690082644627,0.9599690082644627,0.0,0.017317756692359354,3.975242853164673,0.0019651390612125397
single_probe,31,single,1,probe,26,0.962551652892562,0.962551652892562,0.0,0.01397728004751031,4.157415390014648,0.0019651390612125397
single_probe,31,single,1,probe,27,0.9634555785123966,0.9634555785123966,0.0,0.012076718415262477,4.3182597160339355,0.0019651390612125397
single_probe,31,single,1,probe,28,0.9657799586776858,0.9657799586776858,0.0,0.011015303445736202,4.67133092880249,0.0019651390612125397
single_probe,31,single,1,probe,29,0.9644886363636364,0.9644886363636364,0.0,0.010540278904598743,4.9443840980529785,0.0019651390612125397
single_probe,31,single,1,probe,30,0.9602272727272727,0.9602272727272727,0.0,0.010520994783879134,5.406311511993408,0.0019651390612125397
single_probe,31,single,1,probe,31,0.9262654958677686,0.9262654958677686,0.0,0.011973778889885156,6.8704681396484375,0.0019651390612125397
single_svd_k1,31,single,1,svd,0,0.9258780991735537,0.9258780991735537,0.0,0.034792758894995446,0.2858494222164154,0.2879508137702942
single_svd_k1,31,single,1,svd,1,0.9564824380165289,0.9564824380165289,0.0,0.10631337567371524,0.3809555172920227,0.2879508137702942
single_svd_k1,31,single,1,svd,2,0.9713326446280991,0.9713326446280991,0.0,0.07040434945313989,0.4872152507305145,0.2879508137702942
single_svd_k1,31,single,1,svd,3,0.9808884297520661,0.9808884297520661,0.0,0.06079744924609243,0.6192805171012878,0.2879508137702942
single_svd_k1,31,single,1,svd,4,0.9763688016528925,0.9763688016528925,0.0,0.05476222854457913,0.7243854999542236,0.2879508137702942
single_svd_k1,31,single,1,svd,5,0.9784349173553719,0.9784349173553719,0.0,0.05607507949458834,0.8416454195976257,0.2879508137702942
single_svd_k1,31,single,1,svd,6,0.9775309917355371,0.9775309917355371,0.0,0.05272541505960904,0.9558601379394531,0.2879508137702942
single_svd_k1,31,single,1,svd,7,0.9785640495867769,0.9785640495867769,0.0,0.052791115235874764,1.120207667350769,0.2879508137702942
single_svd_k1,31,single,1,svd,8,0.9763688016528925,0.9763688016528925,0.0,0.045122544126372066,1.1942468881607056,0.2879508137702942
single_svd_k1,31,single,1,svd,9,0.9761105371900827,0.9761105371900827,0.0,0.034658825968567064,1.1960877180099487,0.2879508137702942
single_svd_k1,31,single,1,svd,10,0.9753357438016529,0.9753357438016529,0.0,0.038829731441544,1.2418791055679321,0.2879508137702942
single_svd_k1,31,single,1,svd,11,0.9733987603305785,0.9733987603305785,0.0,0.03602625518459468,1.286953091621399,0.2879508137702942
single_svd_k1,31,single,1,svd,12,0.96849173553719,0.96849173553719,0.0,0.02845527149014393,1.3933613300323486,0.2879508137702942
single_svd_k1,31,single,1,svd,13,0.9646177685950412,0.9646177685950412,0.0,0.0303857231553869,1.4911729097366333,0.2879508137702942
single_svd_k1,31,single,1,svd,14,0.9678460743801653,0.9678460743801653,0.0,0.033803787628951865,1.7086907625198364,0.2879508137702942
single_svd_k1,31,single,1,svd,15,0.9626807851239669,0.9626807851239669,0.0,0.03440843746719069,1.8865779638290405,0.2879508137702942
single_svd_k1,31,single,1,svd,16,0.9629390495867769,0.9629390495867769,0.0,0.03007578117315235,2.019895553588867,0.2879508137702942
single_svd_k1,31,single,1,svd,17,0.9655216942148761,0.9655216942148761,0.0,0.03599069337594896,2.3639683723449707,0.2879508137702942
single_svd_k1,31,single,1,svd,18,0.9664256198347108,0.9664256198347108,0.0,0.03262203781084516,2.5709071159362793,0.2879508137702942
single_svd_k1,31,single,1,svd,19,0.9613894628099173,0.9613894628099173,0.0,0.029070266102231734,2.763599395751953,0.2879508137702942
single_svd_k1,31,single,1,svd,20,0.9634555785123967,0.9634555785123967,0.0,0.028742042667821766,2.957430362701416,0.2879508137702942
single_svd_k1,31,single,1,svd,21,0.965779958677686,0.965779958677686,0.0,0.027036937806317773,3.2291362285614014,0.2879508137702942
single_svd_k1,31,single,1,svd,22,0.9647469008264463,0.9647469008264463,0.0,0.02425637308397388,3.423748254776001,0.2879508137702942
single_svd_k1,31,single,1,svd,23,0.9624225206611571,0.9624225206611571,0.0,0.020705731462802413,3.5320022106170654,0.2879508137702942
single_svd_k1,31,single,1,svd,24,0.962551652892562,0.962551652892562,0.0,0.018210087833760435,3.6989402770996094,0.2879508137702942
single_svd_k1,31,single,1,svd,25,0.9599690082644627,0.9599690082644627,0.0,0.017317756692359354,3.975242853164673,0.2879508137702942
single_svd_k1,31,single,1,svd,26,0.962551652892562,0.962551652892562,0.0,0.01397728004751031,4.157415390014648,0.2879508137702942
single_svd_k1,31,single,1,svd,27,0.9634555785123966,0.9634555785123966,0.0,0.012076718415262477,4.3182597160339355,0.2879508137702942
single_svd_k1,31,single,1,svd,28,0.9657799586776858,0.9657799586776858,0.0,0.011015303445736202,4.67133092880249,0.2879508137702942
single_svd_k1,31,single,1,svd,29,0.9644886363636364,0.9644886363636364,0.0,0.010540278904598743,4.9443840980529785,0.2879508137702942
single_svd_k1,31,single,1,svd,30,0.9602272727272727,0.9602272727272727,0.0,0.010520994783879134,5.406311511993408,0.2879508137702942
single_svd_k1,31,single,1,svd,31,0.9262654958677686,0.9262654958677686,0.0,0.011973778889885156,6.8704681396484375,0.2879508137702942
single_svd_k2,31,single,2,svd,0,0.9258780991735537,0.9258780991735537,0.0,0.034792758894995446,0.2858494222164154,0.6211451292037964
single_svd_k2,31,single,2,svd,1,0.9564824380165289,0.9564824380165289,0.0,0.10631337567371524,0.3809555172920227,0.6211451292037964
single_svd_k2,31,single,2,svd,2,0.9713326446280991,0.9713326446280991,0.0,0.07040434945313989,0.4872152507305145,0.6211451292037964
single_svd_k2,31,single,2,svd,3,0.9808884297520661,0.9808884297520661,0.0,0.06079744924609243,0.6192805171012878,0.6211451292037964
single_svd_k2,31,single,2,svd,4,0.9763688016528925,0.9763688016528925,0.0,0.05476222854457913,0.7243854999542236,0.6211451292037964
single_svd_k2,31,single,2,svd,5,0.9784349173553719,0.9784349173553719,0.0,0.05607507949458834,0.8416454195976257,0.6211451292037964
single_svd_k2,31,single,2,svd,6,0.9775309917355371,0.9775309917355371,0.0,0.05272541505960904,0.9558601379394531,0.6211451292037964
single_svd_k2,31,single,2,svd,7,0.9785640495867769,0.9785640495867769,0.0,0.052791115235874764,1.120207667350769,0.6211451292037964
single_svd_k2,31,single,2,svd,8,0.9763688016528925,0.9763688016528925,0.0,0.045122544126372066,1.1942468881607056,0.6211451292037964
single_svd_k2,31,single,2,svd,9,0.9761105371900827,0.9761105371900827,0.0,0.034658825968567064,1.1960877180099487,0.6211451292037964
single_svd_k2,31,single,2,svd,10,0.9753357438016529,0.9753357438016529,0.0,0.038829731441544,1.2418791055679321,0.6211451292037964
single_svd_k2,31,single,2,svd,11,0.9733987603305785,0.9733987603305785,0.0,0.03602625518459468,1.286953091621399,0.6211451292037964
single_svd_k2,31,single,2,svd,12,0.96849173553719,0.96849173553719,0.0,0.02845527149014393,1.3933613300323486,0.6211451292037964
single_svd_k2,31,single,2,svd,13,0.9646177685950412,0.9646177685950412,0.0,0.0303857231553869,1.4911729097366333,0.6211451292037964
single_svd_k2,31,single,2,svd,14,0.9678460743801653,0.9678460743801653,0.0,0.033803787628951865,1.7086907625198364,0.6211451292037964
single_svd_k2,31,single,2,svd,15,0.9626807851239669,0.9626807851239669,0.0,0.03440843746719069,1.8865779638290405,0.6211451292037964
single_svd_k2,31,single,2,svd,16,0.9629390495867769,0.9629390495867769,0.0,0.03007578117315235,2.019895553588867,0.6211451292037964
single_svd_k2,31,single,2,svd,17,0.9655216942148761,0.9655216942148761,0.0,0.03599069337594896,2.3639683723449707,0.6211451292037964
single_svd_k2,31,single,2,svd,18,0.9664256198347108,0.9664256198347108,0.0,0.03262203781084516,2.5709071159362793,0.6211451292037964
single_svd_k2,31,single,2,svd,19,0.9613894628099173,0.9613894628099173,0.0,0.029070266102231734,2.763599395751953,0.6211451292037964
single_svd_k2,31,single,2,svd,20,0.9634555785123967,0.9634555785123967,0.0,0.028742042667821766,2.957430362701416,0.6211451292037964
single_svd_k2,31,single,2,svd,21,0.965779958677686,0.965779958677686,0.0,0.027036937806317773,3.2291362285614014,0.6211451292037964
single_svd_k2,31,single,2,svd,22,0.9647469008264463,0.9647469008264463,0.0,0.02425637308397388,3.423748254776001,0.6211451292037964
single_svd_k2,31,single,2,svd,23,0.9624225206611571,0.9624225206611571,0.0,0.020705731462802413,3.5320022106170654,0.6211451292037964
single_svd_k2,31,single,2,svd,24,0.962551652892562,0.962551652892562,0.0,0.018210087833760435,3.6989402770996094,0.6211451292037964
single_svd_k2,31,single,2,svd,25,0.9599690082644627,0.9599690082644627,0.0,0.017317756692359354,3.975242853164673,0.6211451292037964
single_svd_k2,31,single,2,svd,26,0.962551652892562,0.962551652892562,0.0,0.01397728004751031,4.157415390014648,0.6211451292037964
single_svd_k2,31,single,2,svd,27,0.9634555785123966,0.9634555785123966,0.0,0.012076718415262477,4.3182597160339355,0.6211451292037964
single_svd_k2,31,single,2,svd,28,0.9657799586776858,0.9657799586776858,0.0,0.011015303445736202,4.67133092880249,0.6211451292037964
single_svd_k2,31,single,2,svd,29,0.9644886363636364,0.9644886363636364,0.0,0.010540278904598743,4.9443840980529785,0.6211451292037964
single_svd_k2,31,single,2,svd,30,0.9602272727272727,0.9602272727272727,0.0,0.010520994783879134,5.406311511993408,0.6211451292037964
single_svd_k2,31,single,2,svd,31,0.9262654958677686,0.9262654958677686,0.0,0.011973778889885156,6.8704681396484375,0.6211451292037964
single_svd_k4,31,single,4,svd,0,0.9258780991735537,0.9258780991735537,0.0,0.034792758894995446,0.2858494222164154,0.9179288148880005
single_svd_k4,31,single,4,svd,1,0.9564824380165289,0.9564824380165289,0.0,0.10631337567371524,0.3809555172920227,0.9179288148880005
single_svd_k4,31,single,4,svd,2,0.9713326446280991,0.9713326446280991,0.0,0.07040434945313989,0.4872152507305145,0.9179288148880005
single_svd_k4,31,single,4,svd,3,0.9808884297520661,0.9808884297520661,0.0,0.06079744924609243,0.6192805171012878,0.9179288148880005
single_svd_k4,31,single,4,svd,4,0.9763688016528925,0.9763688016528925,0.0,0.05476222854457913,0.7243854999542236,0.9179288148880005
single_svd_k4,31,single,4,svd,5,0.9784349173553719,0.9784349173553719,0.0,0.05607507949458834,0.8416454195976257,0.9179288148880005
single_svd_k4,31,single,4,svd,6,0.9775309917355371,0.9775309917355371,0.0,0.05272541505960904,0.9558601379394531,0.9179288148880005
single_svd_k4,31,single,4,svd,7,0.9785640495867769,0.9785640495867769,0.0,0.052791115235874764,1.120207667350769,0.9179288148880005
single_svd_k4,31,single,4,svd,8,0.9763688016528925,0.9763688016528925,0.0,0.045122544126372066,1.1942468881607056,0.9179288148880005
single_svd_k4,31,single,4,svd,9,0.9761105371900827,0.9761105371900827,0.0,0.034658825968567064,1.1960877180099487,0.9179288148880005
single_svd_k4,31,single,4,svd,10,0.9753357438016529,0.9753357438016529,0.0,0.038829731441544,1.2418791055679321,0.9179288148880005
single_svd_k4,31,single,4,svd,11,0.9733987603305785,0.9733987603305785,0.0,0.03602625518459468,1.286953091621399,0.9179288148880005
single_svd_k4,31,single,4,svd,12,0.96849173553719,0.96849173553719,0.0,0.02845527149014393,1.3933613300323486,0.9179288148880005
single_svd_k4,31,single,4,svd,13,0.9646177685950412,0.9646177685950412,0.0,0.0303857231553869,1.4911729097366333,0.9179288148880005
single_svd_k4,31,single,4,svd,14,0.9678460743801653,0.9678460743801653,0.0,0.033803787628951865,1.7086907625198364,0.9179288148880005
single_svd_k4,31,single,4,svd,15,0.9626807851239669,0.9626807851239669,0.0,0.03440843746719069,1.8865779638290405,0.9179288148880005
single_svd_k4,31,single,4,svd,16,0.9629390495867769,0.9629390495867769,0.0,0.03007578117315235,2.019895553588867,0.9179288148880005
single_svd_k4,31,single,4,svd,17,0.9655216942148761,0.9655216942148761,0.0,0.03599069337594896,2.3639683723449707,0.9179288148880005
single_svd_k4,31,single,4,svd,18,0.9664256198347108,0.9664256198347108,0.0,0.03262203781084516,2.5709071159362793,0.9179288148880005
single_svd_k4,31,single,4,svd,19,0.9613894628099173,0.9613894628099173,0.0,0.029070266102231734,2.763599395751953,0.9179288148880005
single_svd_k4,31,single,4,svd,20,0.9634555785123967,0.9634555785123967,0.0,0.028742042667821766,2.957430362701416,0.9179288148880005
single_svd_k4,31,single,4,svd,21,0.965779958677686,0.965779958677686,0.0,0.027036937806317773,3.2291362285614014,0.9179288148880005
single_svd_k4,31,single,4,svd,22,0.9647469008264463,0.9647469008264463,0.0,0.02425637308397388,3.423748254776001,0.9179288148880005
single_svd_k4,31,single,4,svd,23,0.9624225206611571,0.9624225206611571,0.0,0.020705731462802413,3.5320022106170654,0.9179288148880005
single_svd_k4,31,single,4,svd,24,0.962551652892562,0.962551652892562,0.0,0.018210087833760435,3.6989402770996094,0.9179288148880005
single_svd_k4,31,single,4,svd,25,0.9599690082644627,0.9599690082644627,0.0,0.017317756692359354,3.975242853164673,0.9179288148880005
single_svd_k4,31,single,4,svd,26,0.962551652892562,0.962551652892562,0.0,0.01397728004751031,4.157415390014648,0.9179288148880005
single_svd_k4,31,single,4,svd,27,0.9634555785123966,0.9634555785123966,0.0,0.012076718415262477,4.3182597160339355,0.9179288148880005
single_svd_k4,31,single,4,svd,28,0.9657799586776858,0.9657799586776858,0.0,0.011015303445736202,4.67133092880249,0.9179288148880005
single_svd_k4,31,single,4,svd,29,0.9644886363636364,0.9644886363636364,0.0,0.010540278904598743,4.9443840980529785,0.9179288148880005
single_svd_k4,31,single,4,svd,30,0.9602272727272727,0.9602272727272727,0.0,0.010520994783879134,5.406311511993408,0.9179288148880005
single_svd_k4,31,single,4,svd,31,0.9262654958677686,0.9262654958677686,0.0,0.011973778889885156,6.8704681396484375,0.9179288148880005
single_svd_k8,31,single,8,svd,0,0.9258780991735537,0.9258780991735537,0.0,0.034792758894995446,0.2858494222164154,1.3586626052856445
single_svd_k8,31,single,8,svd,1,0.9564824380165289,0.9564824380165289,0.0,0.10631337567371524,0.3809555172920227,1.3586626052856445
single_svd_k8,31,single,8,svd,2,0.9713326446280991,0.9713326446280991,0.0,0.07040434945313989,0.4872152507305145,1.3586626052856445
single_svd_k8,31,single,8,svd,3,0.9808884297520661,0.9808884297520661,0.0,0.06079744924609243,0.6192805171012878,1.3586626052856445
single_svd_k8,31,single,8,svd,4,0.9763688016528925,0.9763688016528925,0.0,0.05476222854457913,0.7243854999542236,1.3586626052856445
single_svd_k8,31,single,8,svd,5,0.9784349173553719,0.9784349173553719,0.0,0.05607507949458834,0.8416454195976257,1.3586626052856445
single_svd_k8,31,single,8,svd,6,0.9775309917355371,0.9775309917355371,0.0,0.05272541505960904,0.9558601379394531,1.3586626052856445
single_svd_k8,31,single,8,svd,7,0.9785640495867769,0.9785640495867769,0.0,0.052791115235874764,1.120207667350769,1.3586626052856445
single_svd_k8,31,single,8,svd,8,0.9763688016528925,0.9763688016528925,0.0,0.045122544126372066,1.1942468881607056,1.3586626052856445
single_svd_k8,31,single,8,svd,9,0.9761105371900827,0.9761105371900827,0.0,0.034658825968567064,1.1960877180099487,1.3586626052856445
single_svd_k8,31,single,8,svd,10,0.9753357438016529,0.9753357438016529,0.0,0.038829731441544,1.2418791055679321,1.3586626052856445
single_svd_k8,31,single,8,svd,11,0.9733987603305785,0.9733987603305785,0.0,0.03602625518459468,1.286953091621399,1.3586626052856445
single_svd_k8,31,single,8,svd,12,0.96849173553719,0.96849173553719,0.0,0.02845527149014393,1.3933613300323486,1.3586626052856445
single_svd_k8,31,single,8,svd,13,0.9646177685950412,0.9646177685950412,0.0,0.0303857231553869,1.4911729097366333,1.3586626052856445
single_svd_k8,31,single,8,svd,14,0.9678460743801653,0.9678460743801653,0.0,0.033803787628951865,1.7086907625198364,1.3586626052856445
single_svd_k8,31,single,8,svd,15,0.9626807851239669,0.9626807851239669,0.0,0.03440843746719069,1.8865779638290405,1.3586626052856445
single_svd_k8,31,single,8,svd,16,0.9629390495867769,0.9629390495867769,0.0,0.03007578117315235,2.019895553588867,1.3586626052856445
single_svd_k8,31,single,8,svd,17,0.9655216942148761,0.9655216942148761,0.0,0.03599069337594896,2.3639683723449707,1.3586626052856445
single_svd_k8,31,single,8,svd,18,0.9664256198347108,0.9664256198347108,0.0,0.03262203781084516,2.5709071159362793,1.3586626052856445
single_svd_k8,31,single,8,svd,19,0.9613894628099173,0.9613894628099173,0.0,0.029070266102231734,2.763599395751953,1.3586626052856445
single_svd_k8,31,single,8,svd,20,0.9634555785123967,0.9634555785123967,0.0,0.028742042667821766,2.957430362701416,1.3586626052856445
single_svd_k8,31,single,8,svd,21,0.965779958677686,0.965779958677686,0.0,0.027036937806317773,3.2291362285614014,1.3586626052856445
single_svd_k8,31,single,8,svd,22,0.9647469008264463,0.9647469008264463,0.0,0.02425637308397388,3.423748254776001,1.3586626052856445
single_svd_k8,31,single,8,svd,23,0.9624225206611571,0.9624225206611571,0.0,0.020705731462802413,3.5320022106170654,1.3586626052856445
single_svd_k8,31,single,8,svd,24,0.962551652892562,0.962551652892562,0.0,0.018210087833760435,3.6989402770996094,1.3586626052856445
single_svd_k8,31,single,8,svd,25,0.9599690082644627,0.9599690082644627,0.0,0.017317756692359354,3.975242853164673,1.3586626052856445
single_svd_k8,31,single,8,svd,26,0.962551652892562,0.962551652892562,0.0,0.01397728004751031,4.157415390014648,1.3586626052856445
single_svd_k8,31,single,8,svd,27,0.9634555785123966,0.9634555785123966,0.0,0.012076718415262477,4.3182597160339355,1.3586626052856445
single_svd_k8,31,single,8,svd,28,0.9657799586776858,0.9657799586776858,0.0,0.011015303445736202,4.67133092880249,1.3586626052856445
single_svd_k8,31,single,8,svd,29,0.9644886363636364,0.9644886363636364,0.0,0.010540278904598743,4.9443840980529785,1.3586626052856445
single_svd_k8,31,single,8,svd,30,0.9602272727272727,0.9602272727272727,0.0,0.010520994783879134,5.406311511993408,1.3586626052856445
single_svd_k8,31,single,8,svd,31,0.9262654958677686,0.9262654958677686,0.0,0.011973778889885156,6.8704681396484375,1.3586626052856445
single_random,31,single,1,random,0,0.9258780991735537,0.9258780991735537,0.0,0.034792758894995446,0.2858494222164154,0.000355128402588889
single_random,31,single,1,random,1,0.9564824380165289,0.9564824380165289,0.0,0.10631337567371524,0.3809555172920227,0.000355128402588889
single_random,31,single,1,random,2,0.9713326446280991,0.9713326446280991,0.0,0.07040434945313989,0.4872152507305145,0.000355128402588889
single_random,31,single,1,random,3,0.9808884297520661,0.9808884297520661,0.0,0.06079744924609243,0.6192805171012878,0.000355128402588889
single_random,31,single,1,random,4,0.9763688016528925,0.9763688016528925,0.0,0.05476222854457913,0.7243854999542236,0.000355128402588889
single_random,31,single,1,random,5,0.9784349173553719,0.9784349173553719,0.0,0.05607507949458834,0.8416454195976257,0.000355128402588889
single_random,31,single,1,random,6,0.9775309917355371,0.9775309917355371,0.0,0.05272541505960904,0.9558601379394531,0.000355128402588889
single_random,31,single,1,random,7,0.9785640495867769,0.9785640495867769,0.0,0.052791115235874764,1.120207667350769,0.000355128402588889
single_random,31,single,1,random,8,0.9763688016528925,0.9763688016528925,0.0,0.045122544126372066,1.1942468881607056,0.000355128402588889
single_random,31,single,1,random,9,0.9761105371900827,0.9761105371900827,0.0,0.034658825968567064,1.1960877180099487,0.000355128402588889
single_random,31,single,1,random,10,0.9753357438016529,0.9753357438016529,0.0,0.038829731441544,1.2418791055679321,0.000355128402588889
single_random,31,single,1,random,11,0.9733987603305785,0.9733987603305785,0.0,0.03602625518459468,1.286953091621399,0.000355128402588889
single_random,31,single,1,random,12,0.96849173553719,0.96849173553719,0.0,0.02845527149014393,1.3933613300323486,0.000355128402588889
single_random,31,single,1,random,13,0.9646177685950412,0.9646177685950412,0.0,0.0303857231553869,1.4911729097366333,0.000355128402588889
single_random,31,single,1,random,14,0.9678460743801653,0.9678460743801653,0.0,0.033803787628951865,1.7086907625198364,0.000355128402588889
single_random,31,single,1,random,15,0.9626807851239669,0.9626807851239669,0.0,0.03440843746719069,1.8865779638290405,0.000355128402588889
single_random,31,single,1,random,16,0.9629390495867769,0.9629390495867769,0.0,0.03007578117315235,2.019895553588867,0.000355128402588889
single_random,31,single,1,random,17,0.9655216942148761,0.9655216942148761,0.0,0.03599069337594896,2.3639683723449707,0.000355128402588889
single_random,31,single,1,random,18,0.9664256198347108,0.9664256198347108,0.0,0.03262203781084516,2.5709071159362793,0.000355128402588889
single_random,31,single,1,random,19,0.9613894628099173,0.9613894628099173,0.0,0.029070266102231734,2.763599395751953,0.000355128402588889
single_random,31,single,1,random,20,0.9634555785123967,0.9634555785123967,0.0,0.028742042667821766,2.957430362701416,0.000355128402588889
single_random,31,single,1,random,21,0.965779958677686,0.965779958677686,0.0,0.027036937806317773,3.2291362285614014,0.000355128402588889
single_random,31,single,1,random,22,0.9647469008264463,0.9647469008264463,0.0,0.02425637308397388,3.423748254776001,0.000355128402588889
single_random,31,single,1,random,23,0.9624225206611571,0.9624225206611571,0.0,0.020705731462802413,3.5320022106170654,0.000355128402588889
single_random,31,single,1,random,24,0.962551652892562,0.962551652892562,0.0,0.018210087833760435,3.6989402770996094,0.000355128402588889
single_random,31,single,1,random,25,0.9599690082644627,0.9599690082644627,0.0,0.017317756692359354,3.975242853164673,0.000355128402588889
single_random,31,single,1,random,26,0.962551652892562,0.962551652892562,0.0,0.01397728004751031,4.157415390014648,0.000355128402588889
single_random,31,single,1,random,27,0.9634555785123966,0.9634555785123966,0.0,0.012076718415262477,4.3182597160339355,0.000355128402588889
single_random,31,single,1,random,28,0.9657799586776858,0.9657799586776858,0.0,0.011015303445736202,4.67133092880249,0.000355128402588889
single_random,31,single,1,random,29,0.9644886363636364,0.9644886363636364,0.0,0.010540278904598743,4.9443840980529785,0.000355128402588889
single_random,31,single,1,random,30,0.9602272727272727,0.9602272727272727,0.0,0.010520994783879134,5.406311511993408,0.000355128402588889
single_random,31,single,1,random,31,0.9262654958677686,0.9262654958677686,0.0,0.011973778889885156,6.8704681396484375,0.000355128402588889
cumulative_probe,0,cumulative,1,probe,0,0.9258780991735537,0.9258780991735537,0.0,0.034792758894995446,0.2858494222164154,0.07831432670354843
cumulative_probe,0,cumulative,1,probe,1,0.8611828512396694,0.9564824380165289,0.09529958677685946,0.05382440039689662,0.26135870814323425,0.07831432670354843
cumulative_probe,0,cumulative,1,probe,2,0.768982438016529,0.9713326446280991,0.2023502066115701,0.027182003529830134,0.3115116357803345,0.07831432670354843
cumulative_probe,0,cumulative,1,probe,3,0.6992510330578512,0.9808884297520661,0.28163739669421495,0.022531740696098423,0.37384581565856934,0.07831432670354843
cumulative_probe,0,cumulative,1,probe,4,0.6753615702479339,0.9763688016528925,0.30100723140495866,0.022070318298079594,0.4556736648082733,0.07831432670354843
cumulative_probe,0,cumulative,1,probe,5,0.596849173553719,0.9784349173553719,0.3815857438016529,0.02068541120368672,0.5138750672340393,0.07831432670354843
cumulative_probe,0,cumulative,1,probe,6,0.6299070247933884,0.9775309917355371,0.3476239669421487,0.019936639019916602,0.59061199426651,0.07831432670354843
cumulative_probe,0,cumulative,1,probe,7,0.5831611570247934,0.9785640495867769,0.39540289256198347,0.020648254076835126,0.7083617448806763,0.07831432670354843
cumulative_probe,0,cumulative,1,probe,8,0.549974173553719,0.9763688016528925,0.4263946280991735,0.01758020237595781,0.751359224319458,0.07831432670354843
cumulative_probe,0,cumulative,1,probe,9,0.5223398760330579,0.9761105371900827,0.4537706611570248,0.016275792480477946,0.8120985627174377,0.07831432670354843
cumulative_probe,0,cumulative,1,probe,10,0.43194731404958675,0.9753357438016529,0.5433884297520661,0.017593849193798028,0.8297286629676819,0.07831432670354843
cumulative_probe,0,cumulative,1,probe,11,0.42716942148760334,0.9733987603305785,0.5462293388429751,0.01674585530669148,0.8721907734870911,0.07831432670354843
cumulative_probe,0,cumulative,1,probe,12,0.4014721074380166,0.96849173553719,0.5670196280991735,0.013230881846418852,0.9487127661705017,0.07831432670354843
cumulative_probe,0,cumulative,1,probe,13,0.44770144628099173,0.9646177685950412,0.5169163223140495,0.013877792603028238,1.0075145959854126,0.07831432670354843
cumulative_probe,0,cumulative,1,probe,14,0.5993026859504132,0.9678460743801653,0.3685433884297521,0.01930627836765264,1.2703371047973633,0.07831432670354843
cumulative_probe,0,cumulative,1,probe,15,0.4876033057851239,0.9626807851239669,0.47507747933884303,0.018296476607292944,1.3493881225585938,0.07831432670354843
cumulative_probe,0,cumulative,1,probe,16,0.48179235537190085,0.9629390495867769,0.48114669421487605,0.015867584414658742,1.4110066890716553,0.07831432670354843
cumulative_probe,0,cumulative,1,probe,17,0.4706869834710744,0.9655216942148761,0.4948347107438017,0.01645594654020932,1.5404267311096191,0.07831432670354843
cumulative_probe,0,cumulative,1,probe,18,0.43065599173553715,0.9664256198347108,0.5357696280991736,0.015465995002742039,1.6832104921340942,0.07831432670354843
cumulative_probe,0,cumulative,1,probe,19,0.4243285123966942,0.9613894628099173,0.5370609504132231,0.01391215470248297,1.8152600526809692,0.07831432670354843
cumulative_probe,0,cumulative,1,probe,20,0.40069731404958675,0.9634555785123967,0.56275826446281,0.014150350135456957,1.9661608934402466,0.07831432670354843
cumulative_probe,0,cumulative,1,probe,21,0.3924328512396694,0.965779958677686,0.5733471074380165,0.013779163314517784,2.219261884689331,0.07831432670354843
cumulative_probe,0,cumulative,1,probe,22,0.3573088842975206,0.9647469008264463,0.6074380165289257,0.0117462564238211,2.315889596939087,0.07831432670354843
cumulative_probe,0,cumulative,1,probe,23,0.34026342975206614,0.9624225206611571,0.6221590909090909,0.010198095666167362,2.3755075931549072,0.07831432670354843
cumulative_probe,0,cumulative,1,probe,24,0.36221590909090906,0.962551652892562,0.6003357438016529,0.008588549748186014,2.4717671871185303,0.07831432670354843
cumulative_probe,0,cumulative,1,probe,25,0.390625,0.9599690082644627,0.5693440082644627,0.008202648018370784,2.716214895248413,0.07831432670354843
cumulative_probe,0,cumulative,1,probe,26,0.353176652892562,0.962551652892562,0.609375,0.006426209567763852,2.8052637577056885,0.07831432670354843
cumulative_probe,0,cumulative,1,probe,27,0.3465909090909091,0.9634555785123966,0.6168646694214874,0.005283688255786623,2.8721425533294678,0.07831432670354843
cumulative_probe,0,cumulative,1,probe,28,0.32076446280991733,0.9657799586776858,0.6450154958677685,0.0053518510556535,3.207723379135132,0.07831432670354843
cumulative_probe,0,cumulative,1,probe,29,0.30358987603305787,0.9644886363636364,0.6608987603305785,0.0049384865675937695,3.3916215896606445,0.07831432670354843
cumulative_probe,0,cumulative,1,probe,30,0.3170196280991735,0.9602272727272727,0.6432076446280992,0.004645885224897062,3.6742382049560547,0.07831432670354843
cumulative_probe,0,cumulative,1,probe,31,0.5417097107438016,0.9262654958677686,0.38455578512396704,0.003721374415481815,3.9003138542175293,0.07831432670354843
cumulative_probe,5,cumulative,1,probe,0,0.9258780991735537,0.9258780991735537,0.0,0.034792758894995446,0.2858494222164154,0.052153151482343674
cumulative_probe,5,cumulative,1,probe,1,0.9564824380165289,0.9564824380165289,0.0,0.10631337567371524,0.3809555172920227,0.052153151482343674
cumulative_probe,5,cumulative,1,probe,2,0.9713326446280991,0.9713326446280991,0.0,0.07040434945313989,0.4872152507305145,0.052153151482343674
cumulative_probe,5,cumulative,1,probe,3,0.9808884297520661,0.9808884297520661,0.0,0.06079744924609243,0.6192805171012878,0.052153151482343674
cumulative_probe,5,cumulative,1,probe,4,0.9763688016528925,0.9763688016528925,0.0,0.05476222854457913,0.7243854999542236,0.052153151482343674
cumulative_probe,5,cumulative,1,probe,5,0.9784349173553719,0.9784349173553719,0.0,0.05607507949458834,0.8416454195976257,0.052153151482343674
cumulative_probe,5,cumulative,1,probe,6,0.7462551652892563,0.9775309917355371,0.23127582644628086,0.014985859927928225,0.5186045169830322,0.052153151482343674
cumulative_probe,5,cumulative,1,probe,7,0.6793646694214875,0.9785640495867769,0.29919938016528935,0.014250208083771088,0.6074473857879639,0.052153151482343674
cumulative_probe,5,cumulative,1,probe,8,0.5950413223140497,0.9763688016528925,0.3813274793388428,0.011845801657120236,0.6418180465698242,0.052153151482343674
cumulative_probe,5,cumulative,1,probe,9,0.5548811983471074,0.9761105371900827,0.4212293388429753,0.010709146930597435,0.686505138874054,0.052153151482343674
cumulative_probe,5,cumulative,1,probe,10,0.47029958677685957,0.9753357438016529,0.5050361570247933,0.011802814576398535,0.7022527456283569,0.052153151482343674
cumulative_probe,5,cumulative,1,probe,11,0.45028409090909083,0.9733987603305785,0.5231146694214877,0.011353374439022845,0.7421742677688599,0.052153151482343674
cumulative_probe,5,cumulative,1,probe,12,0.46448863636363635,0.96849173553719,0.5040030991735537,0.008489901563662472,0.795305609703064,0.052153151482343674
cumulative_probe,5,cumulative,1,probe,13,0.49108987603305787,0.9646177685950412,0.47352789256198335,0.008964035252617575,0.828561007976532,0.052153151482343674
cumulative_probe,5,cumulative,1,probe,14,0.6184142561983471,0.9678460743801653,0.34943181818181823,0.012666152231516015,1.0524789094924927,0.052153151482343674
cumulative_probe,5,cumulative,1,probe,15,0.5290547520661157,0.9626807851239669,0.4336260330578512,0.011704254735376951,1.1040093898773193,0.052153151482343674
cumulative_probe,5,cumulative,1,probe,16,0.4981921487603306,0.9629390495867769,0.4647469008264463,0.009993892657009673,1.1433714628219604,0.052153151482343674
cumulative_probe,5,cumulative,1,probe,17,0.4887654958677686,0.9655216942148761,0.47675619834710753,0.010348423829682596,1.2516809701919556,0.052153151482343674
cumulative_probe,5,cumulative,1,probe,18,0.46577995867768596,0.9664256198347108,0.5006456611570248,0.009500771426287025,1.360921025276184,0.052153151482343674
cumulative_probe,5,cumulative,1,probe,19,0.44486053719008267,0.9613894628099173,0.5165289256198347,0.008601247424062097,1.4710198640823364,0.052153151482343674
cumulative_probe,5,cumulative,1,probe,20,0.4142561983471075,0.9634555785123967,0.5491993801652892,0.00866937011624025,1.5884424448013306,0.052153151482343674
cumulative_probe,5,cumulative,1,probe,21,0.4047004132231405,0.965779958677686,0.5610795454545454,0.00875249098189057,1.8199571371078491,0.052153151482343674
cumulative_probe,5,cumulative,1,probe,22,0.36505681818181823,0.9647469008264463,0.5996900826446281,0.007579793315347638,1.9073635339736938,0.052153151482343674
cumulative_probe,5,cumulative,1,probe,23,0.3496900826446281,0.9624225206611571,0.612732438016529,0.006655080129729485,1.9655390977859497,0.052153151482343674
cumulative_probe,5,cumulative,1,probe,24,0.3764204545454546,0.962551652892562,0.5861311983471074,0.005599014193216512,2.0404305458068848,0.052153151482343674
cumulative_probe,5,cumulative,1,probe,25,0.39359504132231404,0.9599690082644627,0.5663739669421487,0.005335267505871655,2.2328083515167236,0.052153151482343674
cumulative_probe,5,cumulative,1,probe,26,0.3540805785123967,0.962551652892562,0.6084710743801652,0.004269750461157296,2.321242332458496,0.052153151482343674
cumulative_probe,5,cumulative,1,probe,27,0.3476239669421488,0.9634555785123966,0.6158316115702478,0.003581453476366736,2.3894577026367188,0.052153151482343674
cumulative_probe,5,cumulative,1,probe,28,0.33884297520661155,0.9657799586776858,0.6269369834710743,0.003586305333175943,2.6585817337036133,0.052153151482343674
cumulative_probe,5,cumulative,1,probe,29,0.30733471074380164,0.9644886363636364,0.6571539256198347,0.0034285772278568327,2.843198537826538,0.052153151482343674
cumulative_probe,5,cumulative,1,probe,30,0.3181818181818182,0.9602272727272727,0.6420454545454546,0.0033423638922787102,3.1076138019561768,0.052153151482343674
cumulative_probe,5,cumulative,1,probe,31,0.515625,0.9262654958677686,0.41064049586776863,0.003618189625191559,3.7282943725585938,0.052153151482343674
cumulative_probe,10,cumulative,1,probe,0,0.9258780991735537,0.9258780991735537,0.0,0.034792758894995446,0.2858494222164154,0.04524692893028259
cumulative_probe,10,cumulative,1,probe,1,0.9564824380165289,0.9564824380165289,0.0,0.10631337567371524,0.3809555172920227,0.04524692893028259
cumulative_probe,10,cumulative,1,probe,2,0.9713326446280991,0.9713326446280991,0.0,0.07040434945313989,0.4872152507305145,0.04524692893028259
cumulative_probe,10,cumulative,1,probe,3,0.9808884297520661,0.9808884297520661,0.0,0.06079744924609243,0.6192805171012878,0.04524692893028259
cumulative_probe,10,cumulative,1,probe,4,0.9763688016528925,0.9763688016528925,0.0,0.05476222854457913,0.7243854999542236,0.04524692893028259
cumulative_probe,10,cumulative,1,probe,5,0.9784349173553719,0.9784349173553719,0.0,0.05607507949458834,0.8416454195976257,0.04524692893028259
cumulative_probe,10,cumulative,1,probe,6,0.9775309917355371,0.9775309917355371,0.0,0.05272541505960904,0.9558601379394531,0.04524692893028259
cumulative_probe,10,cumulative,1,probe,7,0.9785640495867769,0.9785640495867769,0.0,0.052791115235874764,1.120207667350769,0.04524692893028259
cumulative_probe,10,cumulative,1,probe,8,0.9763688016528925,0.9763688016528925,0.0,0.045122544126372066,1.1942468881607056,0.04524692893028259
cumulative_probe,10,cumulative,1,probe,9,0.9761105371900827,0.9761105371900827,0.0,0.034658825968567064,1.1960877180099487,0.04524692893028259
cumulative_probe,10,cumulative,1,probe,10,0.9753357438016529,0.9753357438016529,0.0,0.038829731441544,1.2418791055679321,0.04524692893028259
cumulative_probe,10,cumulative,1,probe,11,0.5962035123966941,0.9733987603305785,0.37719524793388437,0.011396961439062214,0.7444668412208557,0.04524692893028259
cumulative_probe,10,cumulative,1,probe,12,0.5903925619834711,0.96849173553719,0.3780991735537189,0.008175622623792567,0.7801955342292786,0.04524692893028259
cumulative_probe,10,cumulative,1,probe,13,0.5838068181818181,0.9646177685950412,0.3808109504132231,0.008420904354786929,0.8073884844779968,0.04524692893028259
cumulative_probe,10,cumulative,1,probe,14,0.6855630165289256,0.9678460743801653,0.28228305785123975,0.011538437739485596,1.0107086896896362,0.04524692893028259
cumulative_probe,10,cumulative,1,probe,15,0.5906508264462811,0.9626807851239669,0.37202995867768585,0.010365298947408896,1.0431371927261353,0.04524692893028259
cumulative_probe,10,cumulative,1,probe,16,0.5369318181818181,0.9629390495867769,0.4260072314049588,0.008759006905795341,1.0754942893981934,0.04524692893028259
cumulative_probe,10,cumulative,1,probe,17,0.5213068181818182,0.9655216942148761,0.44421487603305787,0.009267871690324503,1.1918892860412598,0.04524692893028259
cumulative_probe,10,cumulative,1,probe,18,0.4954803719008264,0.9664256198347108,0.47094524793388437,0.008503366053805195,1.29462730884552,0.04524692893028259
cumulative_probe,10,cumulative,1,probe,19,0.4682334710743801,0.9613894628099173,0.4931559917355372,0.0076729795910751575,1.398993730545044,0.04524692893028259
cumulative_probe,10,cumulative,1,probe,20,0.4369834710743801,0.9634555785123967,0.5264721074380165,0.007742026801901836,1.5106297731399536,0.04524692893028259
cumulative_probe,10,cumulative,1,probe,21,0.41748450413223137,0.965779958677686,0.5482954545454546,0.008008288038473865,1.7467918395996094,0.04524692893028259
cumulative_probe,10,cumulative,1,probe,22,0.37512913223140487,0.9647469008264463,0.5896177685950414,0.006978268118828401,1.8361841440200806,0.04524692893028259
cumulative_probe,10,cumulative,1,probe,23,0.35420971074380164,0.9624225206611571,0.6082128099173554,0.00612061608812009,1.8938263654708862,0.04524692893028259
cumulative_probe,10,cumulative,1,probe,24,0.38016528925619836,0.962551652892562,0.5823863636363635,0.005156829642251393,1.9641077518463135,0.04524692893028259
cumulative_probe,10,cumulative,1,probe,25,0.39733987603305787,0.9599690082644627,0.5626291322314049,0.004918020477415075,2.1456034183502197,0.04524692893028259
cumulative_probe,10,cumulative,1,probe,26,0.3538223140495868,0.962551652892562,0.6087293388429751,0.003973848460878782,2.2406415939331055,0.04524692893028259
cumulative_probe,10,cumulative,1,probe,27,0.34697830578512395,0.9634555785123966,0.6164772727272727,0.003374470070228508,2.318464517593384,0.04524692893028259
cumulative_probe,10,cumulative,1,probe,28,0.3434917355371901,0.9657799586776858,0.6222882231404958,0.00335970059508206,2.5718135833740234,0.04524692893028259
cumulative_probe,10,cumulative,1,probe,29,0.3126291322314049,0.9644886363636364,0.6518595041322315,0.0032522958096024013,2.767503023147583,0.04524692893028259
cumulative_probe,10,cumulative,1,probe,30,0.3201188016528926,0.9602272727272727,0.6401084710743801,0.003186213103367419,3.0225582122802734,0.04524692893028259
cumulative_probe,10,cumulative,1,probe,31,0.5105888429752066,0.9262654958677686,0.41567665289256206,0.003845075202050352,3.8082475662231445,0.04524692893028259
cumulative_probe,15,cumulative,1,probe,0,0.9258780991735537,0.9258780991735537,0.0,0.034792758894995446,0.2858494222164154,0.03053162433207035
cumulative_probe,15,cumulative,1,probe,1,0.9564824380165289,0.9564824380165289,0.0,0.10631337567371524,0.3809555172920227,0.03053162433207035
cumulative_probe,15,cumulative,1,probe,2,0.9713326446280991,0.9713326446280991,0.0,0.07040434945313989,0.4872152507305145,0.03053162433207035
cumulative_probe,15,cumulative,1,probe,3,0.9808884297520661,0.9808884297520661,0.0,0.06079744924609243,0.6192805171012878,0.03053162433207035
cumulative_probe,15,cumulative,1,probe,4,0.9763688016528925,0.9763688016528925,0.0,0.05476222854457913,0.7243854999542236,0.03053162433207035
cumulative_probe,15,cumulative,1,probe,5,0.9784349173553719,0.9784349173553719,0.0,0.05607507949458834,0.8416454195976257,0.03053162433207035
cumulative_probe,15,cumulative,1,probe,6,0.9775309917355371,0.9775309917355371,0.0,0.05272541505960904,0.9558601379394531,0.03053162433207035
cumulative_probe,15,cumulative,1,probe,7,0.9785640495867769,0.9785640495867769,0.0,0.052791115235874764,1.120207667350769,0.03053162433207035
cumulative_probe,15,cumulative,1,probe,8,0.9763688016528925,0.9763688016528925,0.0,0.045122544126372066,1.1942468881607056,0.03053162433207035
cumulative_probe,15,cumulative,1,probe,9,0.9761105371900827,0.9761105371900827,0.0,0.034658825968567064,1.1960877180099487,0.03053162433207035
cumulative_probe,15,cumulative,1,probe,10,0.9753357438016529,0.9753357438016529,0.0,0.038829731441544,1.2418791055679321,0.03053162433207035
cumulative_probe,15,cumulative,1,probe,11,0.9733987603305785,0.9733987603305785,0.0,0.03602625518459468,1.286953091621399,0.03053162433207035
cumulative_probe,15,cumulative,1,probe,12,0.96849173553719,0.96849173553719,0.0,0.02845527149014393,1.3933613300323486,0.03053162433207035
cumulative_probe,15,cumulative,1,probe,13,0.9646177685950412,0.9646177685950412,0.0,0.0303857231553869,1.4911729097366333,0.03053162433207035
cumulative_probe,15,cumulative,1,probe,14,0.9678460743801653,0.9678460743801653,0.0,0.033803787628951865,1.7086907625198364,0.03053162433207035
cumulative_probe,15,cumulative,1,probe,15,0.9626807851239669,0.9626807851239669,0.0,0.03440843746719069,1.8865779638290405,0.03053162433207035
cumulative_probe,15,cumulative,1,probe,16,0.6792355371900828,0.9629390495867769,0.2837035123966941,0.009992447492821466,1.1581493616104126,0.03053162433207035
cumulative_probe,15,cumulative,1,probe,17,0.6273243801652892,0.9655216942148761,0.33819731404958686,0.009705284481225096,1.2284756898880005,0.03053162433207035
cumulative_probe,15,cumulative,1,probe,18,0.5663739669421488,0.9664256198347108,0.40005165289256195,0.008324930861996482,1.2961759567260742,0.03053162433207035
cumulative_probe,15,cumulative,1,probe,19,0.5299586776859504,0.9613894628099173,0.43143078512396693,0.007411500124306247,1.3857215642929077,0.03053162433207035
cumulative_probe,15,cumulative,1,probe,20,0.48786157024793386,0.9634555785123967,0.47559400826446285,0.007467830592139402,1.491753101348877,0.03053162433207035
cumulative_probe,15,cumulative,1,probe,21,0.45803202479338845,0.965779958677686,0.5077479338842975,0.007499676513570197,1.6963080167770386,0.03053162433207035
cumulative_probe,15,cumulative,1,probe,22,0.4205836776859504,0.9647469008264463,0.5441632231404959,0.006577157626874941,1.791888952255249,0.03053162433207035
cumulative_probe,15,cumulative,1,probe,23,0.3884297520661157,0.9624225206611571,0.5739927685950414,0.0059192982013079876,1.8688099384307861,0.03053162433207035
cumulative_probe,15,cumulative,1,probe,24,0.4067665289256199,0.962551652892562,0.555785123966942,0.005041252129246332,1.9422410726547241,0.03053162433207035
cumulative_probe,15,cumulative,1,probe,25,0.4200671487603306,0.9599690082644627,0.5399018595041322,0.004729279340894621,2.099367380142212,0.03053162433207035
cumulative_probe,15,cumulative,1,probe,26,0.37228822314049587,0.962551652892562,0.5902634297520661,0.0038768821023961175,2.2052626609802246,0.03053162433207035
cumulative_probe,15,cumulative,1,probe,27,0.36234504132231404,0.9634555785123966,0.6011105371900826,0.0033705634975237375,2.3144662380218506,0.03053162433207035
cumulative_probe,15,cumulative,1,probe,28,0.3604080578512397,0.9657799586776858,0.6053719008264462,0.0032596864014091675,2.5403661727905273,0.03053162433207035
cumulative_probe,15,cumulative,1,probe,29,0.3286415289256198,0.9644886363636364,0.6358471074380165,0.0032804920465224763,2.7786929607391357,0.03053162433207035
cumulative_probe,15,cumulative,1,probe,30,0.32980371900826444,0.9602272727272727,0.6304235537190083,0.0032612870846123743,3.0548644065856934,0.03053162433207035
cumulative_probe,15,cumulative,1,probe,31,0.5016787190082644,0.9262654958677686,0.4245867768595042,0.004491676386164545,4.163529872894287,0.03053162433207035
cumulative_probe,20,cumulative,1,probe,0,0.9258780991735537,0.9258780991735537,0.0,0.034792758894995446,0.2858494222164154,0.008311442099511623
cumulative_probe,20,cumulative,1,probe,1,0.9564824380165289,0.9564824380165289,0.0,0.10631337567371524,0.3809555172920227,0.008311442099511623
cumulative_probe,20,cumulative,1,probe,2,0.9713326446280991,0.9713326446280991,0.0,0.07040434945313989,0.4872152507305145,0.008311442099511623
cumulative_probe,20,cumulative,1,probe,3,0.9808884297520661,0.9808884297520661,0.0,0.06079744924609243,0.6192805171012878,0.008311442099511623
cumulative_probe,20,cumulative,1,probe,4,0.9763688016528925,0.9763688016528925,0.0,0.05476222854457913,0.7243854999542236,0.008311442099511623
cumulative_probe,20,cumulative,1,probe,5,0.9784349173553719,0.9784349173553719,0.0,0.05607507949458834,0.8416454195976257,0.008311442099511623
cumulative_probe,20,cumulative,1,probe,6,0.9775309917355371,0.9775309917355371,0.0,0.05272541505960904,0.9558601379394531,0.008311442099511623
cumulative_probe,20,cumulative,1,probe,7,0.9785640495867769,0.9785640495867769,0.0,0.052791115235874764,1.120207667350769,0.008311442099511623
cumulative_probe,20,cumulative,1,probe,8,0.9763688016528925,0.9763688016528925,0.0,0.045122544126372066,1.1942468881607056,0.008311442099511623
cumulative_probe,20,cumulative,1,probe,9,0.9761105371900827,0.9761105371900827,0.0,0.034658825968567064,1.1960877180099487,0.008311442099511623
cumulative_probe,20,cumulative,1,probe,10,0.9753357438016529,0.9753357438016529,0.0,0.038829731441544,1.2418791055679321,0.008311442099511623
cumulative_probe,20,cumulative,1,probe,11,0.9733987603305785,0.9733987603305785,0.0,0.03602625518459468,1.286953091621399,0.008311442099511623
cumulative_probe,20,cumulative,1,probe,12,0.96849173553719,0.96849173553719,0.0,0.02845527149014393,1.3933613300323486,0.008311442099511623
cumulative_probe,20,cumulative,1,probe,13,0.9646177685950412,0.9646177685950412,0.0,0.0303857231553869,1.4911729097366333,0.008311442099511623
cumulative_probe,20,cumulative,1,probe,14,0.9678460743801653,0.9678460743801653,0.0,0.033803787628951865,1.7086907625198364,0.008311442099511623
cumulative_probe,20,cumulative,1,probe,15,0.9626807851239669,0.9626807851239669,0.0,0.03440843746719069,1.8865779638290405,0.008311442099511623
cumulative_probe,20,cumulative,1,probe,16,0.9629390495867769,0.9629390495867769,0.0,0.03007578117315235,2.019895553588867,0.008311442099511623
cumulative_probe,20,cumulative,1,probe,17,0.9655216942148761,0.9655216942148761,0.0,0.03599069337594896,2.3639683723449707,0.008311442099511623
cumulative_probe,20,cumulative,1,probe,18,0.9664256198347108,0.9664256198347108,0.0,0.03262203781084516,2.5709071159362793,0.008311442099511623
cumulative_probe,20,cumulative,1,probe,19,0.9613894628099173,0.9613894628099173,0.0,0.029070266102231734,2.763599395751953,0.008311442099511623
cumulative_probe,20,cumulative,1,probe,20,0.9634555785123967,0.9634555785123967,0.0,0.028742042667821766,2.957430362701416,0.008311442099511623
cumulative_probe,20,cumulative,1,probe,21,0.5351239669421487,0.965779958677686,0.43065599173553726,0.009736819396882312,2.0360195636749268,0.008311442099511623
cumulative_probe,20,cumulative,1,probe,22,0.4819214876033058,0.9647469008264463,0.48282541322314054,0.008635957135045502,2.166044235229492,0.008311442099511623
cumulative_probe,20,cumulative,1,probe,23,0.4333677685950413,0.9624225206611571,0.5290547520661157,0.007626399222511737,2.231989622116089,0.008311442099511623
cumulative_probe,20,cumulative,1,probe,24,0.4497675619834712,0.962551652892562,0.5127840909090908,0.006641113523689235,2.3213703632354736,0.008311442099511623
cumulative_probe,20,cumulative,1,probe,25,0.4486053719008264,0.9599690082644627,0.5113636363636364,0.006291621453917817,2.4950356483459473,0.008311442099511623
cumulative_probe,20,cumulative,1,probe,26,0.3964359504132231,0.962551652892562,0.5661157024793388,0.005112941882502331,2.6168835163116455,0.008311442099511623
cumulative_probe,20,cumulative,1,probe,27,0.37835743801652894,0.9634555785123966,0.5850981404958677,0.0044302339169821625,2.7228450775146484,0.008311442099511623
cumulative_probe,20,cumulative,1,probe,28,0.3930785123966942,0.9657799586776858,0.5727014462809916,0.004166639963464003,2.9531543254852295,0.008311442099511623
cumulative_probe,20,cumulative,1,probe,29,0.35111053719008267,0.9644886363636364,0.6133780991735537,0.00425391478288395,3.18892240524292,0.008311442099511623
cumulative_probe,20,cumulative,1,probe,30,0.3452995867768595,0.9602272727272727,0.6149276859504131,0.004330669047921232,3.5318682193756104,0.008311442099511623
cumulative_probe,20,cumulative,1,probe,31,0.46810433884297525,0.9262654958677686,0.4581611570247934,0.006087661508579201,4.839335918426514,0.008311442099511623
cumulative_probe,25,cumulative,1,probe,0,0.9258780991735537,0.9258780991735537,0.0,0.034792758894995446,0.2858494222164154,0.0036375620402395725
cumulative_probe,25,cumulative,1,probe,1,0.9564824380165289,0.9564824380165289,0.0,0.10631337567371524,0.3809555172920227,0.0036375620402395725
cumulative_probe,25,cumulative,1,probe,2,0.9713326446280991,0.9713326446280991,0.0,0.07040434945313989,0.4872152507305145,0.0036375620402395725
cumulative_probe,25,cumulative,1,probe,3,0.9808884297520661,0.9808884297520661,0.0,0.06079744924609243,0.6192805171012878,0.0036375620402395725
cumulative_probe,25,cumulative,1,probe,4,0.9763688016528925,0.9763688016528925,0.0,0.05476222854457913,0.7243854999542236,0.0036375620402395725
cumulative_probe,25,cumulative,1,probe,5,0.9784349173553719,0.9784349173553719,0.0,0.05607507949458834,0.8416454195976257,0.0036375620402395725
cumulative_probe,25,cumulative,1,probe,6,0.9775309917355371,0.9775309917355371,0.0,0.05272541505960904,0.9558601379394531,0.0036375620402395725
cumulative_probe,25,cumulative,1,probe,7,0.9785640495867769,0.9785640495867769,0.0,0.052791115235874764,1.120207667350769,0.0036375620402395725
cumulative_probe,25,cumulative,1,probe,8,0.9763688016528925,0.9763688016528925,0.0,0.045122544126372066,1.1942468881607056,0.0036375620402395725
cumulative_probe,25,cumulative,1,probe,9,0.9761105371900827,0.9761105371900827,0.0,0.034658825968567064,1.1960877180099487,0.0036375620402395725
cumulative_probe,25,cumulative,1,probe,10,0.9753357438016529,0.9753357438016529,0.0,0.038829731441544,1.2418791055679321,0.0036375620402395725
cumulative_probe,25,cumulative,1,probe,11,0.9733987603305785,0.9733987603305785,0.0,0.03602625518459468,1.286953091621399,0.0036375620402395725
cumulative_probe,25,cumulative,1,probe,12,0.96849173553719,0.96849173553719,0.0,0.02845527149014393,1.3933613300323486,0.0036375620402395725
cumulative_probe,25,cumulative,1,probe,13,0.9646177685950412,0.9646177685950412,0.0,0.0303857231553869,1.4911729097366333,0.0036375620402395725
cumulative_probe,25,cumulative,1,probe,14,0.9678460743801653,0.9678460743801653,0.0,0.033803787628951865,1.7086907625198364,0.0036375620402395725
cumulative_probe,25,cumulative,1,probe,15,0.9626807851239669,0.9626807851239669,0.0,0.03440843746719069,1.8865779638290405,0.0036375620402395725
cumulative_probe,25,cumulative,1,probe,16,0.9629390495867769,0.9629390495867769,0.0,0.03007578117315235,2.019895553588867,0.0036375620402395725
cumulative_probe,25,cumulative,1,probe,17,0.9655216942148761,0.9655216942148761,0.0,0.03599069337594896,2.3639683723449707,0.0036375620402395725
cumulative_probe,25,cumulative,1,probe,18,0.9664256198347108,0.9664256198347108,0.0,0.03262203781084516,2.5709071159362793,0.0036375620402395725
cumulative_probe,25,cumulative,1,probe,19,0.9613894628099173,0.9613894628099173,0.0,0.029070266102231734,2.763599395751953,0.0036375620402395725
cumulative_probe,25,cumulative,1,probe,20,0.9634555785123967,0.9634555785123967,0.0,0.028742042667821766,2.957430362701416,0.0036375620402395725
cumulative_probe,25,cumulative,1,probe,21,0.965779958677686,0.965779958677686,0.0,0.027036937806317773,3.2291362285614014,0.0036375620402395725
cumulative_probe,25,cumulative,1,probe,22,0.9647469008264463,0.9647469008264463,0.0,0.02425637308397388,3.423748254776001,0.0036375620402395725
cumulative_probe,25,cumulative,1,probe,23,0.9624225206611571,0.9624225206611571,0.0,0.020705731462802413,3.5320022106170654,0.0036375620402395725
cumulative_probe,25,cumulative,1,probe,24,0.962551652892562,0.962551652892562,0.0,0.018210087833760435,3.6989402770996094,0.0036375620402395725
cumulative_probe,25,cumulative,1,probe,25,0.9599690082644627,0.9599690082644627,0.0,0.017317756692359354,3.975242853164673,0.0036375620402395725
cumulative_probe,25,cumulative,1,probe,26,0.42665289256198347,0.962551652892562,0.5358987603305785,0.005081704501796791,2.6053781509399414,0.0036375620402395725
cumulative_probe,25,cumulative,1,probe,27,0.39940599173553715,0.9634555785123966,0.5640495867768595,0.004404209624446209,2.723646879196167,0.0036375620402395725
cumulative_probe,25,cumulative,1,probe,28,0.425103305785124,0.9657799586776858,0.5406766528925618,0.004186165188492796,2.9677317142486572,0.0036375620402395725
cumulative_probe,25,cumulative,1,probe,29,0.37784090909090906,0.9644886363636364,0.5866477272727273,0.004256352047987577,3.2256813049316406,0.0036375620402395725
cumulative_probe,25,cumulative,1,probe,30,0.36027892561983466,0.9602272727272727,0.599948347107438,0.004462848175249889,3.601902484893799,0.0036375620402395725
cumulative_probe,25,cumulative,1,probe,31,0.45945247933884303,0.9262654958677686,0.4668130165289256,0.006449862500552572,5.000301837921143,0.0036375620402395725
cumulative_probe,30,cumulative,1,probe,0,0.9258780991735537,0.9258780991735537,0.0,0.034792758894995446,0.2858494222164154,0.0014369366690516472
cumulative_probe,30,cumulative,1,probe,1,0.9564824380165289,0.9564824380165289,0.0,0.10631337567371524,0.3809555172920227,0.0014369366690516472
cumulative_probe,30,cumulative,1,probe,2,0.9713326446280991,0.9713326446280991,0.0,0.07040434945313989,0.4872152507305145,0.0014369366690516472
cumulative_probe,30,cumulative,1,probe,3,0.9808884297520661,0.9808884297520661,0.0,0.06079744924609243,0.6192805171012878,0.0014369366690516472
cumulative_probe,30,cumulative,1,probe,4,0.9763688016528925,0.9763688016528925,0.0,0.05476222854457913,0.7243854999542236,0.0014369366690516472
cumulative_probe,30,cumulative,1,probe,5,0.9784349173553719,0.9784349173553719,0.0,0.05607507949458834,0.8416454195976257,0.0014369366690516472
cumulative_probe,30,cumulative,1,probe,6,0.9775309917355371,0.9775309917355371,0.0,0.05272541505960904,0.9558601379394531,0.0014369366690516472
cumulative_probe,30,cumulative,1,probe,7,0.9785640495867769,0.9785640495867769,0.0,0.052791115235874764,1.120207667350769,0.0014369366690516472
cumulative_probe,30,cumulative,1,probe,8,0.9763688016528925,0.9763688016528925,0.0,0.045122544126372066,1.1942468881607056,0.0014369366690516472
cumulative_probe,30,cumulative,1,probe,9,0.9761105371900827,0.9761105371900827,0.0,0.034658825968567064,1.1960877180099487,0.0014369366690516472
cumulative_probe,30,cumulative,1,probe,10,0.9753357438016529,0.9753357438016529,0.0,0.038829731441544,1.2418791055679321,0.0014369366690516472
cumulative_probe,30,cumulative,1,probe,11,0.9733987603305785,0.9733987603305785,0.0,0.03602625518459468,1.286953091621399,0.0014369366690516472
cumulative_probe,30,cumulative,1,probe,12,0.96849173553719,0.96849173553719,0.0,0.02845527149014393,1.3933613300323486,0.0014369366690516472
cumulative_probe,30,cumulative,1,probe,13,0.9646177685950412,0.9646177685950412,0.0,0.0303857231553869,1.4911729097366333,0.0014369366690516472
cumulative_probe,30,cumulative,1,probe,14,0.9678460743801653,0.9678460743801653,0.0,0.033803787628951865,1.7086907625198364,0.0014369366690516472
cumulative_probe,30,cumulative,1,probe,15,0.9626807851239669,0.9626807851239669,0.0,0.03440843746719069,1.8865779638290405,0.0014369366690516472
cumulative_probe,30,cumulative,1,probe,16,0.9629390495867769,0.9629390495867769,0.0,0.03007578117315235,2.019895553588867,0.0014369366690516472
cumulative_probe,30,cumulative,1,probe,17,0.9655216942148761,0.9655216942148761,0.0,0.03599069337594896,2.3639683723449707,0.0014369366690516472
cumulative_probe,30,cumulative,1,probe,18,0.9664256198347108,0.9664256198347108,0.0,0.03262203781084516,2.5709071159362793,0.0014369366690516472
cumulative_probe,30,cumulative,1,probe,19,0.9613894628099173,0.9613894628099173,0.0,0.029070266102231734,2.763599395751953,0.0014369366690516472
cumulative_probe,30,cumulative,1,probe,20,0.9634555785123967,0.9634555785123967,0.0,0.028742042667821766,2.957430362701416,0.0014369366690516472
cumulative_probe,30,cumulative,1,probe,21,0.965779958677686,0.965779958677686,0.0,0.027036937806317773,3.2291362285614014,0.0014369366690516472
cumulative_probe,30,cumulative,1,probe,22,0.9647469008264463,0.9647469008264463,0.0,0.02425637308397388,3.423748254776001,0.0014369366690516472
cumulative_probe,30,cumulative,1,probe,23,0.9624225206611571,0.9624225206611571,0.0,0.020705731462802413,3.5320022106170654,0.0014369366690516472
cumulative_probe,30,cumulative,1,probe,24,0.962551652892562,0.962551652892562,0.0,0.018210087833760435,3.6989402770996094,0.0014369366690516472
cumulative_probe,30,cumulative,1,probe,25,0.9599690082644627,0.9599690082644627,0.0,0.017317756692359354,3.975242853164673,0.0014369366690516472
cumulative_probe,30,cumulative,1,probe,26,0.962551652892562,0.962551652892562,0.0,0.01397728004751031,4.157415390014648,0.0014369366690516472
cumulative_probe,30,cumulative,1,probe,27,0.9634555785123966,0.9634555785123966,0.0,0.012076718415262477,4.3182597160339355,0.0014369366690516472
cumulative_probe,30,cumulative,1,probe,28,0.9657799586776858,0.9657799586776858,0.0,0.011015303445736202,4.67133092880249,0.0014369366690516472
cumulative_probe,30,cumulative,1,probe,29,0.9644886363636364,0.9644886363636364,0.0,0.010540278904598743,4.9443840980529785,0.0014369366690516472
cumulative_probe,30,cumulative,1,probe,30,0.9602272727272727,0.9602272727272727,0.0,0.010520994783879134,5.406311511993408,0.0014369366690516472
cumulative_probe,30,cumulative,1,probe,31,0.42910640495867775,0.9262654958677686,0.4971590909090909,0.006444718847418596,4.954029083251953,0.0014369366690516472
cumulative_probe,31,cumulative,1,probe,0,0.9258780991735537,0.9258780991735537,0.0,0.034792758894995446,0.2858494222164154,0.0019651390612125397
cumulative_probe,31,cumulative,1,probe,1,0.9564824380165289,0.9564824380165289,0.0,0.10631337567371524,0.3809555172920227,0.0019651390612125397
cumulative_probe,31,cumulative,1,probe,2,0.9713326446280991,0.9713326446280991,0.0,0.07040434945313989,0.4872152507305145,0.0019651390612125397
cumulative_probe,31,cumulative,1,probe,3,0.9808884297520661,0.9808884297520661,0.0,0.06079744924609243,0.6192805171012878,0.0019651390612125397
cumulative_probe,31,cumulative,1,probe,4,0.9763688016528925,0.9763688016528925,0.0,0.05476222854457913,0.7243854999542236,0.0019651390612125397
cumulative_probe,31,cumulative,1,probe,5,0.9784349173553719,0.9784349173553719,0.0,0.05607507949458834,0.8416454195976257,0.0019651390612125397
cumulative_probe,31,cumulative,1,probe,6,0.9775309917355371,0.9775309917355371,0.0,0.05272541505960904,0.9558601379394531,0.0019651390612125397
cumulative_probe,31,cumulative,1,probe,7,0.9785640495867769,0.9785640495867769,0.0,0.052791115235874764,1.120207667350769,0.0019651390612125397
cumulative_probe,31,cumulative,1,probe,8,0.9763688016528925,0.9763688016528925,0.0,0.045122544126372066,1.1942468881607056,0.0019651390612125397
cumulative_probe,31,cumulative,1,probe,9,0.9761105371900827,0.9761105371900827,0.0,0.034658825968567064,1.1960877180099487,0.0019651390612125397
cumulative_probe,31,cumulative,1,probe,10,0.9753357438016529,0.9753357438016529,0.0,0.038829731441544,1.2418791055679321,0.0019651390612125397
cumulative_probe,31,cumulative,1,probe,11,0.9733987603305785,0.9733987603305785,0.0,0.03602625518459468,1.286953091621399,0.0019651390612125397
cumulative_probe,31,cumulative,1,probe,12,0.96849173553719,0.96849173553719,0.0,0.02845527149014393,1.3933613300323486,0.0019651390612125397
cumulative_probe,31,cumulative,1,probe,13,0.9646177685950412,0.9646177685950412,0.0,0.0303857231553869,1.4911729097366333,0.0019651390612125397
cumulative_probe,31,cumulative,1,probe,14,0.9678460743801653,0.9678460743801653,0.0,0.033803787628951865,1.7086907625198364,0.0019651390612125397
cumulative_probe,31,cumulative,1,probe,15,0.9626807851239669,0.9626807851239669,0.0,0.03440843746719069,1.8865779638290405,0.0019651390612125397
cumulative_probe,31,cumulative,1,probe,16,0.9629390495867769,0.9629390495867769,0.0,0.03007578117315235,2.019895553588867,0.0019651390612125397
cumulative_probe,31,cumulative,1,probe,17,0.9655216942148761,0.9655216942148761,0.0,0.03599069337594896,2.3639683723449707,0.0019651390612125397
cumulative_probe,31,cumulative,1,probe,18,0.9664256198347108,0.9664256198347108,0.0,0.03262203781084516,2.5709071159362793,0.0019651390612125397
cumulative_probe,31,cumulative,1,probe,19,0.9613894628099173,0.9613894628099173,0.0,0.029070266102231734,2.763599395751953,0.0019651390612125397
cumulative_probe,31,cumulative,1,probe,20,0.9634555785123967,0.9634555785123967,0.0,0.028742042667821766,2.957430362701416,0.0019651390612125397
cumulative_probe,31,cumulative,1,probe,21,0.965779958677686,0.965779958677686,0.0,0.027036937806317773,3.2291362285614014,0.0019651390612125397
cumulative_probe,31,cumulative,1,probe,22,0.9647469008264463,0.9647469008264463,0.0,0.02425637308397388,3.423748254776001,0.0019651390612125397
cumulative_probe,31,cumulative,1,probe,23,0.9624225206611571,0.9624225206611571,0.0,0.020705731462802413,3.5320022106170654,0.0019651390612125397
cumulative_probe,31,cumulative,1,probe,24,0.962551652892562,0.962551652892562,0.0,0.018210087833760435,3.6989402770996094,0.0019651390612125397
cumulative_probe,31,cumulative,1,probe,25,0.9599690082644627,0.9599690082644627,0.0,0.017317756692359354,3.975242853164673,0.0019651390612125397
cumulative_probe,31,cumulative,1,probe,26,0.962551652892562,0.962551652892562,0.0,0.01397728004751031,4.157415390014648,0.0019651390612125397
cumulative_probe,31,cumulative,1,probe,27,0.9634555785123966,0.9634555785123966,0.0,0.012076718415262477,4.3182597160339355,0.0019651390612125397
cumulative_probe,31,cumulative,1,probe,28,0.9657799586776858,0.9657799586776858,0.0,0.011015303445736202,4.67133092880249,0.0019651390612125397
cumulative_probe,31,cumulative,1,probe,29,0.9644886363636364,0.9644886363636364,0.0,0.010540278904598743,4.9443840980529785,0.0019651390612125397
cumulative_probe,31,cumulative,1,probe,30,0.9602272727272727,0.9602272727272727,0.0,0.010520994783879134,5.406311511993408,0.0019651390612125397
cumulative_probe,31,cumulative,1,probe,31,0.9262654958677686,0.9262654958677686,0.0,0.011973778889885156,6.8704681396484375,0.0019651390612125397
