condition,layer,n_ablated,ablate_layers,dataset,frequency_auroc,frequency_auroc_std,frequency_accuracy,semantic_auroc,semantic_auroc_std,semantic_accuracy,cosine_dist,euclidean_dist
clean,0,0,"11,12,13,14,15",emotion,0.9716446124763705,0.011151516978262879,0.9304347826086955,0.9320498511904761,0.026491605929006002,0.6358695652173914,0.1585475337723775,0.9354777932167053
clean,1,0,"11,12,13,14,15",emotion,0.9742911153119092,0.010799891763391887,0.9130434782608695,0.9435682304720133,0.027752338342758295,0.6467391304347826,0.140446353827282,0.8604445457458496
clean,2,0,"11,12,13,14,15",emotion,0.975803402646503,0.006909514889412871,0.917391304347826,0.9666722143901421,0.01504281277712539,0.7336956521739131,0.10406266056491786,0.8520116806030273
clean,3,0,"11,12,13,14,15",emotion,0.9758034026465028,0.008055680813861042,0.9217391304347826,0.9679850668337511,0.015116488401560393,0.7663043478260869,0.09625433377413528,0.7937939763069153
clean,4,0,"11,12,13,14,15",emotion,0.9814744801512287,0.006909514889412917,0.9217391304347826,0.9609162881161237,0.018710199558709974,0.7663043478260869,0.07220342293493698,0.7928792834281921
clean,5,0,"11,12,13,14,15",emotion,0.9810964083175804,0.008621364272961321,0.9304347826086957,0.9647324691938179,0.016508087682972197,0.7717391304347825,0.07167250901528399,0.7910804748535156
clean,6,0,"11,12,13,14,15",emotion,0.9780718336483932,0.007232940064162188,0.9347826086956521,0.963904226712615,0.01700352601760568,0.7554347826086957,0.06518419706613832,0.8277750611305237
clean,7,0,"11,12,13,14,15",emotion,0.9765595463137997,0.007984390201112584,0.9391304347826088,0.9702420112781954,0.01297583165189563,0.7445652173913044,0.059238200023692955,0.8209770321846008
clean,8,0,"11,12,13,14,15",emotion,0.9792060491493384,0.00560771152143338,0.9521739130434783,0.9681009163533835,0.013933776418277147,0.7554347826086956,0.04401525932208539,0.8461008667945862
clean,9,0,"11,12,13,14,15",emotion,0.9795841209829866,0.004691748070317906,0.9260869565217392,0.9639704730576442,0.017054338213593628,0.7336956521739131,0.041334214702691496,0.8692182898521423
clean,10,0,"11,12,13,14,15",emotion,0.9810964083175804,0.007272356923127168,0.9217391304347826,0.9555673036758563,0.024564740012216278,0.7228260869565217,0.05401096058541399,1.0288944244384766
clean,11,0,"11,12,13,14,15",emotion,0.9814744801512287,0.0025078448320267916,0.9304347826086957,0.9480736346073517,0.03480144893791831,0.7010869565217391,0.05020930549965319,1.0901943445205688
clean,12,0,"11,12,13,14,15",emotion,0.9795841209829869,0.001852166157113952,0.9260869565217391,0.9348543885756057,0.04518303395494153,0.7010869565217391,0.048421193898681714,1.1930052042007446
clean,13,0,"11,12,13,14,15",emotion,0.9739130434782609,0.006699449960933603,0.9086956521739131,0.9170909043441939,0.04881348138891845,0.673913043478261,0.042130159922124655,1.2935129404067993
clean,14,0,"11,12,13,14,15",emotion,0.9633270321361058,0.01543163072359817,0.8695652173913043,0.9083003733291561,0.051315572167589606,0.6847826086956522,0.03003584237457757,1.3442418575286865
clean,15,0,"11,12,13,14,15",emotion,0.9258979206049149,0.03535325437447553,0.8304347826086957,0.8927207341269842,0.045825378609462744,0.6684782608695652,0.004949640101441499,1.7324224710464478
affinity_5pct,0,2045,"11,12,13,14,15",emotion,0.9716446124763705,0.011151516978262879,0.9304347826086955,0.9320498511904761,0.026491605929006002,0.6358695652173914,0.1585475337723775,0.9354777932167053
affinity_5pct,1,2045,"11,12,13,14,15",emotion,0.9742911153119092,0.010799891763391887,0.9130434782608695,0.9435682304720133,0.027752338342758295,0.6467391304347826,0.140446353827282,0.8604445457458496
affinity_5pct,2,2045,"11,12,13,14,15",emotion,0.975803402646503,0.006909514889412871,0.917391304347826,0.9666722143901421,0.01504281277712539,0.7336956521739131,0.10406266056491786,0.8520116806030273
affinity_5pct,3,2045,"11,12,13,14,15",emotion,0.9758034026465028,0.008055680813861042,0.9217391304347826,0.9679850668337511,0.015116488401560393,0.7663043478260869,0.09625433377413528,0.7937939763069153
affinity_5pct,4,2045,"11,12,13,14,15",emotion,0.9814744801512287,0.006909514889412917,0.9217391304347826,0.9609162881161237,0.018710199558709974,0.7663043478260869,0.07220342293493698,0.7928792834281921
affinity_5pct,5,2045,"11,12,13,14,15",emotion,0.9810964083175804,0.008621364272961321,0.9304347826086957,0.9647324691938179,0.016508087682972197,0.7717391304347825,0.07167250901528399,0.7910804748535156
affinity_5pct,6,2045,"11,12,13,14,15",emotion,0.9780718336483932,0.007232940064162188,0.9347826086956521,0.963904226712615,0.01700352601760568,0.7554347826086957,0.06518419706613832,0.8277750611305237
affinity_5pct,7,2045,"11,12,13,14,15",emotion,0.9765595463137997,0.007984390201112584,0.9391304347826088,0.9702420112781954,0.01297583165189563,0.7445652173913044,0.059238200023692955,0.8209770321846008
affinity_5pct,8,2045,"11,12,13,14,15",emotion,0.9792060491493384,0.00560771152143338,0.9521739130434783,0.9681009163533835,0.013933776418277147,0.7554347826086956,0.04401525932208539,0.8461008667945862
affinity_5pct,9,2045,"11,12,13,14,15",emotion,0.9795841209829866,0.004691748070317906,0.9260869565217392,0.9639704730576442,0.017054338213593628,0.7336956521739131,0.041334214702691496,0.8692182898521423
affinity_5pct,10,2045,"11,12,13,14,15",emotion,0.9810964083175804,0.007272356923127168,0.9217391304347826,0.9555673036758563,0.024564740012216278,0.7228260869565217,0.05401096058541399,1.0288944244384766
affinity_5pct,11,2045,"11,12,13,14,15",emotion,0.9810964083175804,0.00396525084374348,0.9260869565217391,0.948327850877193,0.03368134664899668,0.6956521739130435,0.047690200247170744,1.0517921447753906
affinity_5pct,12,2045,"11,12,13,14,15",emotion,0.9769376181474481,0.002778249235670928,0.9086956521739131,0.9336159408939014,0.04411664773189684,0.701086956521739,0.03983982564008859,1.097847580909729
affinity_5pct,13,2045,"11,12,13,14,15",emotion,0.9686200378071833,0.006720751922355834,0.8869565217391304,0.9171750992063492,0.0484126992442023,0.6793478260869565,0.03783609445627678,1.1629630327224731
affinity_5pct,14,2045,"11,12,13,14,15",emotion,0.9610586011342155,0.014276905548959745,0.8739130434782609,0.9076202876984127,0.05302148006137285,0.6847826086956522,0.030216004151538578,1.2338255643844604
affinity_5pct,15,2045,"11,12,13,14,15",emotion,0.9338374291115313,0.031901736271801824,0.8304347826086957,0.8942763810568087,0.046751160159835284,0.6739130434782609,0.00729327817229064,1.464004397392273
coverage_5pct,0,2045,"11,12,13,14,15",emotion,0.9716446124763705,0.011151516978262879,0.9304347826086955,0.9320498511904761,0.026491605929006002,0.6358695652173914,0.1585475337723775,0.9354777932167053
coverage_5pct,1,2045,"11,12,13,14,15",emotion,0.9742911153119092,0.010799891763391887,0.9130434782608695,0.9435682304720133,0.027752338342758295,0.6467391304347826,0.140446353827282,0.8604445457458496
coverage_5pct,2,2045,"11,12,13,14,15",emotion,0.975803402646503,0.006909514889412871,0.917391304347826,0.9666722143901421,0.01504281277712539,0.7336956521739131,0.10406266056491786,0.8520116806030273
coverage_5pct,3,2045,"11,12,13,14,15",emotion,0.9758034026465028,0.008055680813861042,0.9217391304347826,0.9679850668337511,0.015116488401560393,0.7663043478260869,0.09625433377413528,0.7937939763069153
coverage_5pct,4,2045,"11,12,13,14,15",emotion,0.9814744801512287,0.006909514889412917,0.9217391304347826,0.9609162881161237,0.018710199558709974,0.7663043478260869,0.07220342293493698,0.7928792834281921
coverage_5pct,5,2045,"11,12,13,14,15",emotion,0.9810964083175804,0.008621364272961321,0.9304347826086957,0.9647324691938179,0.016508087682972197,0.7717391304347825,0.07167250901528399,0.7910804748535156
coverage_5pct,6,2045,"11,12,13,14,15",emotion,0.9780718336483932,0.007232940064162188,0.9347826086956521,0.963904226712615,0.01700352601760568,0.7554347826086957,0.06518419706613832,0.8277750611305237
coverage_5pct,7,2045,"11,12,13,14,15",emotion,0.9765595463137997,0.007984390201112584,0.9391304347826088,0.9702420112781954,0.01297583165189563,0.7445652173913044,0.059238200023692955,0.8209770321846008
coverage_5pct,8,2045,"11,12,13,14,15",emotion,0.9792060491493384,0.00560771152143338,0.9521739130434783,0.9681009163533835,0.013933776418277147,0.7554347826086956,0.04401525932208539,0.8461008667945862
coverage_5pct,9,2045,"11,12,13,14,15",emotion,0.9795841209829866,0.004691748070317906,0.9260869565217392,0.9639704730576442,0.017054338213593628,0.7336956521739131,0.041334214702691496,0.8692182898521423
coverage_5pct,10,2045,"11,12,13,14,15",emotion,0.9810964083175804,0.007272356923127168,0.9217391304347826,0.9555673036758563,0.024564740012216278,0.7228260869565217,0.05401096058541399,1.0288944244384766
coverage_5pct,11,2045,"11,12,13,14,15",emotion,0.9818525519848771,0.0035060939491476876,0.9304347826086957,0.950250952903091,0.032950338261998946,0.701086956521739,0.04997881662882431,1.0833998918533325
coverage_5pct,12,2045,"11,12,13,14,15",emotion,0.9788279773156899,0.0027782492356708947,0.9260869565217391,0.939264828738513,0.04363637346283327,0.7065217391304347,0.054895611742256434,1.1746522188186646
coverage_5pct,13,2045,"11,12,13,14,15",emotion,0.9761814744801512,0.004871114830519942,0.9260869565217391,0.9255156119465331,0.04512870100491996,0.6847826086956522,0.05025863829638699,1.2570624351501465
coverage_5pct,14,2045,"11,12,13,14,15",emotion,0.9655954631379962,0.013704778041884188,0.8869565217391304,0.9143699091478696,0.04807444458285164,0.6956521739130435,0.043513101500147755,1.382871389389038
coverage_5pct,15,2045,"11,12,13,14,15",emotion,0.9308128544423442,0.015292059293880285,0.8391304347826086,0.9004567526771474,0.043020660530697176,0.6902173913043479,0.013836442229830048,1.6756480932235718
mass_5pct,0,2045,"11,12,13,14,15",emotion,0.9716446124763705,0.011151516978262879,0.9304347826086955,0.9320498511904761,0.026491605929006002,0.6358695652173914,0.1585475337723775,0.9354777932167053
mass_5pct,1,2045,"11,12,13,14,15",emotion,0.9742911153119092,0.010799891763391887,0.9130434782608695,0.9435682304720133,0.027752338342758295,0.6467391304347826,0.140446353827282,0.8604445457458496
mass_5pct,2,2045,"11,12,13,14,15",emotion,0.975803402646503,0.006909514889412871,0.917391304347826,0.9666722143901421,0.01504281277712539,0.7336956521739131,0.10406266056491786,0.8520116806030273
mass_5pct,3,2045,"11,12,13,14,15",emotion,0.9758034026465028,0.008055680813861042,0.9217391304347826,0.9679850668337511,0.015116488401560393,0.7663043478260869,0.09625433377413528,0.7937939763069153
mass_5pct,4,2045,"11,12,13,14,15",emotion,0.9814744801512287,0.006909514889412917,0.9217391304347826,0.9609162881161237,0.018710199558709974,0.7663043478260869,0.07220342293493698,0.7928792834281921
mass_5pct,5,2045,"11,12,13,14,15",emotion,0.9810964083175804,0.008621364272961321,0.9304347826086957,0.9647324691938179,0.016508087682972197,0.7717391304347825,0.07167250901528399,0.7910804748535156
mass_5pct,6,2045,"11,12,13,14,15",emotion,0.9780718336483932,0.007232940064162188,0.9347826086956521,0.963904226712615,0.01700352601760568,0.7554347826086957,0.06518419706613832,0.8277750611305237
mass_5pct,7,2045,"11,12,13,14,15",emotion,0.9765595463137997,0.007984390201112584,0.9391304347826088,0.9702420112781954,0.01297583165189563,0.7445652173913044,0.059238200023692955,0.8209770321846008
mass_5pct,8,2045,"11,12,13,14,15",emotion,0.9792060491493384,0.00560771152143338,0.9521739130434783,0.9681009163533835,0.013933776418277147,0.7554347826086956,0.04401525932208539,0.8461008667945862
mass_5pct,9,2045,"11,12,13,14,15",emotion,0.9795841209829866,0.004691748070317906,0.9260869565217392,0.9639704730576442,0.017054338213593628,0.7336956521739131,0.041334214702691496,0.8692182898521423
mass_5pct,10,2045,"11,12,13,14,15",emotion,0.9810964083175804,0.007272356923127168,0.9217391304347826,0.9555673036758563,0.024564740012216278,0.7228260869565217,0.05401096058541399,1.0288944244384766
mass_5pct,11,2045,"11,12,13,14,15",emotion,0.9810964083175804,0.003381577281663193,0.9304347826086957,0.9488036497493735,0.03532202148137051,0.7010869565217391,0.04838887777990475,1.0480223894119263
mass_5pct,12,2045,"11,12,13,14,15",emotion,0.9780718336483932,0.002268431001890355,0.9260869565217391,0.9394746632205514,0.041098411096820706,0.7119565217391304,0.052144728255217876,1.1047990322113037
mass_5pct,13,2045,"11,12,13,14,15",emotion,0.9735349716446124,0.007272356923127198,0.9173913043478261,0.9292254072681705,0.04253814555998625,0.7010869565217391,0.04617044290730099,1.1554685831069946
mass_5pct,14,2045,"11,12,13,14,15",emotion,0.9625708884688091,0.014115806958483534,0.8956521739130435,0.9175373329156225,0.049304068520613614,0.7065217391304347,0.041465530949145846,1.279043436050415
mass_5pct,15,2045,"11,12,13,14,15",emotion,0.9349716446124765,0.020659472351325953,0.8304347826086955,0.9045685947824105,0.048182887565738075,0.6847826086956521,0.012154770232523204,1.53818678855896
random_5pct_seed0,0,2045,"11,12,13,14,15",emotion,0.9716446124763705,0.011151516978262879,0.9304347826086955,0.9320498511904761,0.026491605929006002,0.6358695652173914,0.1585475337723775,0.9354777932167053
random_5pct_seed0,1,2045,"11,12,13,14,15",emotion,0.9742911153119092,0.010799891763391887,0.9130434782608695,0.9435682304720133,0.027752338342758295,0.6467391304347826,0.140446353827282,0.8604445457458496
random_5pct_seed0,2,2045,"11,12,13,14,15",emotion,0.975803402646503,0.006909514889412871,0.917391304347826,0.9666722143901421,0.01504281277712539,0.7336956521739131,0.10406266056491786,0.8520116806030273
random_5pct_seed0,3,2045,"11,12,13,14,15",emotion,0.9758034026465028,0.008055680813861042,0.9217391304347826,0.9679850668337511,0.015116488401560393,0.7663043478260869,0.09625433377413528,0.7937939763069153
random_5pct_seed0,4,2045,"11,12,13,14,15",emotion,0.9814744801512287,0.006909514889412917,0.9217391304347826,0.9609162881161237,0.018710199558709974,0.7663043478260869,0.07220342293493698,0.7928792834281921
random_5pct_seed0,5,2045,"11,12,13,14,15",emotion,0.9810964083175804,0.008621364272961321,0.9304347826086957,0.9647324691938179,0.016508087682972197,0.7717391304347825,0.07167250901528399,0.7910804748535156
random_5pct_seed0,6,2045,"11,12,13,14,15",emotion,0.9780718336483932,0.007232940064162188,0.9347826086956521,0.963904226712615,0.01700352601760568,0.7554347826086957,0.06518419706613832,0.8277750611305237
random_5pct_seed0,7,2045,"11,12,13,14,15",emotion,0.9765595463137997,0.007984390201112584,0.9391304347826088,0.9702420112781954,0.01297583165189563,0.7445652173913044,0.059238200023692955,0.8209770321846008
random_5pct_seed0,8,2045,"11,12,13,14,15",emotion,0.9792060491493384,0.00560771152143338,0.9521739130434783,0.9681009163533835,0.013933776418277147,0.7554347826086956,0.04401525932208539,0.8461008667945862
random_5pct_seed0,9,2045,"11,12,13,14,15",emotion,0.9795841209829866,0.004691748070317906,0.9260869565217392,0.9639704730576442,0.017054338213593628,0.7336956521739131,0.041334214702691496,0.8692182898521423
random_5pct_seed0,10,2045,"11,12,13,14,15",emotion,0.9810964083175804,0.007272356923127168,0.9217391304347826,0.9555673036758563,0.024564740012216278,0.7228260869565217,0.05401096058541399,1.0288944244384766
random_5pct_seed0,11,2045,"11,12,13,14,15",emotion,0.9822306238185256,0.0028292305382033645,0.9304347826086957,0.9481134476817041,0.03407806026210088,0.7119565217391304,0.049860157855764364,1.0914523601531982
random_5pct_seed0,12,2045,"11,12,13,14,15",emotion,0.980718336483932,0.0025078448320267543,0.9260869565217391,0.9346647869674185,0.045122708985581766,0.7065217391304348,0.0495364459650931,1.1923154592514038
random_5pct_seed0,13,2045,"11,12,13,14,15",emotion,0.9761814744801512,0.006393774867783686,0.9043478260869564,0.9165981359649122,0.04872460986922012,0.673913043478261,0.043017533402228914,1.2777485847473145
random_5pct_seed0,14,2045,"11,12,13,14,15",emotion,0.9633270321361058,0.016505769340599667,0.8739130434782609,0.9073393118212196,0.05294887836191946,0.6902173913043479,0.03102156326177774,1.3338383436203003
random_5pct_seed0,15,2045,"11,12,13,14,15",emotion,0.9315689981096409,0.039677733828186554,0.8521739130434781,0.8900209508145364,0.048736497853011165,0.6684782608695652,0.005103880078006107,1.7336246967315674
random_5pct_seed1,0,2045,"11,12,13,14,15",emotion,0.9716446124763705,0.011151516978262879,0.9304347826086955,0.9320498511904761,0.026491605929006002,0.6358695652173914,0.1585475337723775,0.9354777932167053
random_5pct_seed1,1,2045,"11,12,13,14,15",emotion,0.9742911153119092,0.010799891763391887,0.9130434782608695,0.9435682304720133,0.027752338342758295,0.6467391304347826,0.140446353827282,0.8604445457458496
random_5pct_seed1,2,2045,"11,12,13,14,15",emotion,0.975803402646503,0.006909514889412871,0.917391304347826,0.9666722143901421,0.01504281277712539,0.7336956521739131,0.10406266056491786,0.8520116806030273
random_5pct_seed1,3,2045,"11,12,13,14,15",emotion,0.9758034026465028,0.008055680813861042,0.9217391304347826,0.9679850668337511,0.015116488401560393,0.7663043478260869,0.09625433377413528,0.7937939763069153
random_5pct_seed1,4,2045,"11,12,13,14,15",emotion,0.9814744801512287,0.006909514889412917,0.9217391304347826,0.9609162881161237,0.018710199558709974,0.7663043478260869,0.07220342293493698,0.7928792834281921
random_5pct_seed1,5,2045,"11,12,13,14,15",emotion,0.9810964083175804,0.008621364272961321,0.9304347826086957,0.9647324691938179,0.016508087682972197,0.7717391304347825,0.07167250901528399,0.7910804748535156
random_5pct_seed1,6,2045,"11,12,13,14,15",emotion,0.9780718336483932,0.007232940064162188,0.9347826086956521,0.963904226712615,0.01700352601760568,0.7554347826086957,0.06518419706613832,0.8277750611305237
random_5pct_seed1,7,2045,"11,12,13,14,15",emotion,0.9765595463137997,0.007984390201112584,0.9391304347826088,0.9702420112781954,0.01297583165189563,0.7445652173913044,0.059238200023692955,0.8209770321846008
random_5pct_seed1,8,2045,"11,12,13,14,15",emotion,0.9792060491493384,0.00560771152143338,0.9521739130434783,0.9681009163533835,0.013933776418277147,0.7554347826086956,0.04401525932208539,0.8461008667945862
random_5pct_seed1,9,2045,"11,12,13,14,15",emotion,0.9795841209829866,0.004691748070317906,0.9260869565217392,0.9639704730576442,0.017054338213593628,0.7336956521739131,0.041334214702691496,0.8692182898521423
random_5pct_seed1,10,2045,"11,12,13,14,15",emotion,0.9810964083175804,0.007272356923127168,0.9217391304347826,0.9555673036758563,0.024564740012216278,0.7228260869565217,0.05401096058541399,1.0288944244384766
random_5pct_seed1,11,2045,"11,12,13,14,15",emotion,0.9818525519848771,0.0028292305382033615,0.9304347826086957,0.948389854845447,0.03413408893038997,0.7065217391304347,0.049762725083766224,1.0890007019042969
random_5pct_seed1,12,2045,"11,12,13,14,15",emotion,0.9788279773156902,0.0025078448320267612,0.9260869565217391,0.9367207080200501,0.04402116379980261,0.7010869565217391,0.04967281572426363,1.190882682800293
random_5pct_seed1,13,2045,"11,12,13,14,15",emotion,0.9746691871455576,0.006049149338374299,0.9260869565217392,0.921812996031746,0.047306979121571155,0.6847826086956521,0.04452404348126371,1.2816635370254517
random_5pct_seed1,14,2045,"11,12,13,14,15",emotion,0.9689981096408318,0.01059950530727877,0.8869565217391304,0.9093315972222222,0.05056183988656897,0.6793478260869565,0.03250308675021463,1.3356691598892212
random_5pct_seed1,15,2045,"11,12,13,14,15",emotion,0.9395085066162571,0.027705211282512267,0.8565217391304347,0.8930617559523809,0.04590662373021207,0.6739130434782609,0.0052580084078439615,1.6926465034484863
random_5pct_seed2,0,2045,"11,12,13,14,15",emotion,0.9716446124763705,0.011151516978262879,0.9304347826086955,0.9320498511904761,0.026491605929006002,0.6358695652173914,0.1585475337723775,0.9354777932167053
random_5pct_seed2,1,2045,"11,12,13,14,15",emotion,0.9742911153119092,0.010799891763391887,0.9130434782608695,0.9435682304720133,0.027752338342758295,0.6467391304347826,0.140446353827282,0.8604445457458496
random_5pct_seed2,2,2045,"11,12,13,14,15",emotion,0.975803402646503,0.006909514889412871,0.917391304347826,0.9666722143901421,0.01504281277712539,0.7336956521739131,0.10406266056491786,0.8520116806030273
random_5pct_seed2,3,2045,"11,12,13,14,15",emotion,0.9758034026465028,0.008055680813861042,0.9217391304347826,0.9679850668337511,0.015116488401560393,0.7663043478260869,0.09625433377413528,0.7937939763069153
random_5pct_seed2,4,2045,"11,12,13,14,15",emotion,0.9814744801512287,0.006909514889412917,0.9217391304347826,0.9609162881161237,0.018710199558709974,0.7663043478260869,0.07220342293493698,0.7928792834281921
random_5pct_seed2,5,2045,"11,12,13,14,15",emotion,0.9810964083175804,0.008621364272961321,0.9304347826086957,0.9647324691938179,0.016508087682972197,0.7717391304347825,0.07167250901528399,0.7910804748535156
random_5pct_seed2,6,2045,"11,12,13,14,15",emotion,0.9780718336483932,0.007232940064162188,0.9347826086956521,0.963904226712615,0.01700352601760568,0.7554347826086957,0.06518419706613832,0.8277750611305237
random_5pct_seed2,7,2045,"11,12,13,14,15",emotion,0.9765595463137997,0.007984390201112584,0.9391304347826088,0.9702420112781954,0.01297583165189563,0.7445652173913044,0.059238200023692955,0.8209770321846008
random_5pct_seed2,8,2045,"11,12,13,14,15",emotion,0.9792060491493384,0.00560771152143338,0.9521739130434783,0.9681009163533835,0.013933776418277147,0.7554347826086956,0.04401525932208539,0.8461008667945862
random_5pct_seed2,9,2045,"11,12,13,14,15",emotion,0.9795841209829866,0.004691748070317906,0.9260869565217392,0.9639704730576442,0.017054338213593628,0.7336956521739131,0.041334214702691496,0.8692182898521423
random_5pct_seed2,10,2045,"11,12,13,14,15",emotion,0.9810964083175804,0.007272356923127168,0.9217391304347826,0.9555673036758563,0.024564740012216278,0.7228260869565217,0.05401096058541399,1.0288944244384766
random_5pct_seed2,11,2045,"11,12,13,14,15",emotion,0.982608695652174,0.0027782492356709094,0.9304347826086957,0.9487778691520468,0.034150267021604876,0.7065217391304348,0.050520585783169314,1.0880019664764404
random_5pct_seed2,12,2045,"11,12,13,14,15",emotion,0.9799621928166353,0.0019277956573129807,0.9173913043478261,0.9375189275271513,0.04389802840969914,0.7119565217391304,0.046316670840891416,1.1616636514663696
random_5pct_seed2,13,2045,"11,12,13,14,15",emotion,0.9750472589792061,0.004841681843049393,0.9130434782608695,0.9198386591478697,0.04834462079828898,0.6847826086956522,0.041394956172656205,1.2480260133743286
random_5pct_seed2,14,2045,"11,12,13,14,15",emotion,0.9659735349716445,0.012539224160133873,0.8782608695652174,0.9141209142648288,0.0509367464241252,0.6902173913043479,0.03240560264265735,1.2986204624176025
random_5pct_seed2,15,2045,"11,12,13,14,15",emotion,0.9338374291115311,0.03108477095061547,0.8347826086956521,0.8993959508145363,0.04592173028774756,0.6630434782608696,0.004786688119534199,1.6727741956710815
random_5pct_seed3,0,2045,"11,12,13,14,15",emotion,0.9716446124763705,0.011151516978262879,0.9304347826086955,0.9320498511904761,0.026491605929006002,0.6358695652173914,0.1585475337723775,0.9354777932167053
random_5pct_seed3,1,2045,"11,12,13,14,15",emotion,0.9742911153119092,0.010799891763391887,0.9130434782608695,0.9435682304720133,0.027752338342758295,0.6467391304347826,0.140446353827282,0.8604445457458496
random_5pct_seed3,2,2045,"11,12,13,14,15",emotion,0.975803402646503,0.006909514889412871,0.917391304347826,0.9666722143901421,0.01504281277712539,0.7336956521739131,0.10406266056491786,0.8520116806030273
random_5pct_seed3,3,2045,"11,12,13,14,15",emotion,0.9758034026465028,0.008055680813861042,0.9217391304347826,0.9679850668337511,0.015116488401560393,0.7663043478260869,0.09625433377413528,0.7937939763069153
random_5pct_seed3,4,2045,"11,12,13,14,15",emotion,0.9814744801512287,0.006909514889412917,0.9217391304347826,0.9609162881161237,0.018710199558709974,0.7663043478260869,0.07220342293493698,0.7928792834281921
random_5pct_seed3,5,2045,"11,12,13,14,15",emotion,0.9810964083175804,0.008621364272961321,0.9304347826086957,0.9647324691938179,0.016508087682972197,0.7717391304347825,0.07167250901528399,0.7910804748535156
random_5pct_seed3,6,2045,"11,12,13,14,15",emotion,0.9780718336483932,0.007232940064162188,0.9347826086956521,0.963904226712615,0.01700352601760568,0.7554347826086957,0.06518419706613832,0.8277750611305237
random_5pct_seed3,7,2045,"11,12,13,14,15",emotion,0.9765595463137997,0.007984390201112584,0.9391304347826088,0.9702420112781954,0.01297583165189563,0.7445652173913044,0.059238200023692955,0.8209770321846008
random_5pct_seed3,8,2045,"11,12,13,14,15",emotion,0.9792060491493384,0.00560771152143338,0.9521739130434783,0.9681009163533835,0.013933776418277147,0.7554347826086956,0.04401525932208539,0.8461008667945862
random_5pct_seed3,9,2045,"11,12,13,14,15",emotion,0.9795841209829866,0.004691748070317906,0.9260869565217392,0.9639704730576442,0.017054338213593628,0.7336956521739131,0.041334214702691496,0.8692182898521423
random_5pct_seed3,10,2045,"11,12,13,14,15",emotion,0.9810964083175804,0.007272356923127168,0.9217391304347826,0.9555673036758563,0.024564740012216278,0.7228260869565217,0.05401096058541399,1.0288944244384766
random_5pct_seed3,11,2045,"11,12,13,14,15",emotion,0.9818525519848771,0.0028292305382033615,0.9304347826086957,0.9470577485380116,0.0355221370049868,0.6956521739130435,0.04987474623157029,1.0902777910232544
random_5pct_seed3,12,2045,"11,12,13,14,15",emotion,0.9799621928166351,0.0009260830785569489,0.9260869565217391,0.9355710239139515,0.044874514384380934,0.717391304347826,0.048831793530984546,1.1907892227172852
random_5pct_seed3,13,2045,"11,12,13,14,15",emotion,0.975803402646503,0.006025473516260586,0.9130434782608695,0.918328373015873,0.05021919985762273,0.6739130434782609,0.04292740765333458,1.2847681045532227
random_5pct_seed3,14,2045,"11,12,13,14,15",emotion,0.964461247637051,0.014115806958483502,0.8652173913043478,0.9099248772974102,0.05347382258454849,0.6630434782608696,0.030094718868107218,1.3315892219543457
random_5pct_seed3,15,2045,"11,12,13,14,15",emotion,0.9304347826086957,0.03285964096429602,0.8347826086956521,0.8942992246240602,0.047499266842539155,0.657608695652174,0.004940747919855992,1.7051575183868408
random_5pct_seed4,0,2045,"11,12,13,14,15",emotion,0.9716446124763705,0.011151516978262879,0.9304347826086955,0.9320498511904761,0.026491605929006002,0.6358695652173914,0.1585475337723775,0.9354777932167053
random_5pct_seed4,1,2045,"11,12,13,14,15",emotion,0.9742911153119092,0.010799891763391887,0.9130434782608695,0.9435682304720133,0.027752338342758295,0.6467391304347826,0.140446353827282,0.8604445457458496
random_5pct_seed4,2,2045,"11,12,13,14,15",emotion,0.975803402646503,0.006909514889412871,0.917391304347826,0.9666722143901421,0.01504281277712539,0.7336956521739131,0.10406266056491786,0.8520116806030273
random_5pct_seed4,3,2045,"11,12,13,14,15",emotion,0.9758034026465028,0.008055680813861042,0.9217391304347826,0.9679850668337511,0.015116488401560393,0.7663043478260869,0.09625433377413528,0.7937939763069153
random_5pct_seed4,4,2045,"11,12,13,14,15",emotion,0.9814744801512287,0.006909514889412917,0.9217391304347826,0.9609162881161237,0.018710199558709974,0.7663043478260869,0.07220342293493698,0.7928792834281921
random_5pct_seed4,5,2045,"11,12,13,14,15",emotion,0.9810964083175804,0.008621364272961321,0.9304347826086957,0.9647324691938179,0.016508087682972197,0.7717391304347825,0.07167250901528399,0.7910804748535156
random_5pct_seed4,6,2045,"11,12,13,14,15",emotion,0.9780718336483932,0.007232940064162188,0.9347826086956521,0.963904226712615,0.01700352601760568,0.7554347826086957,0.06518419706613832,0.8277750611305237
random_5pct_seed4,7,2045,"11,12,13,14,15",emotion,0.9765595463137997,0.007984390201112584,0.9391304347826088,0.9702420112781954,0.01297583165189563,0.7445652173913044,0.059238200023692955,0.8209770321846008
random_5pct_seed4,8,2045,"11,12,13,14,15",emotion,0.9792060491493384,0.00560771152143338,0.9521739130434783,0.9681009163533835,0.013933776418277147,0.7554347826086956,0.04401525932208539,0.8461008667945862
random_5pct_seed4,9,2045,"11,12,13,14,15",emotion,0.9795841209829866,0.004691748070317906,0.9260869565217392,0.9639704730576442,0.017054338213593628,0.7336956521739131,0.041334214702691496,0.8692182898521423
random_5pct_seed4,10,2045,"11,12,13,14,15",emotion,0.9810964083175804,0.007272356923127168,0.9217391304347826,0.9555673036758563,0.024564740012216278,0.7228260869565217,0.05401096058541399,1.0288944244384766
random_5pct_seed4,11,2045,"11,12,13,14,15",emotion,0.9818525519848771,0.0025642079331286705,0.9304347826086957,0.9476706088137009,0.034222639737782064,0.6956521739130435,0.05033638842980992,1.0902670621871948
random_5pct_seed4,12,2045,"11,12,13,14,15",emotion,0.9784499054820415,0.002829230538203326,0.9260869565217391,0.9322616436925648,0.046072588745538615,0.7119565217391304,0.048235629942992686,1.1922792196273804
random_5pct_seed4,13,2045,"11,12,13,14,15",emotion,0.9754253308128545,0.005211360586801622,0.9260869565217391,0.9186162019632413,0.048552178071923614,0.6847826086956522,0.0426028775396573,1.2878590822219849
random_5pct_seed4,14,2045,"11,12,13,14,15",emotion,0.9678638941398866,0.010693486293936414,0.8782608695652174,0.9099284670008354,0.05121078719325148,0.6902173913043479,0.03065745183978774,1.3392378091812134
random_5pct_seed4,15,2045,"11,12,13,14,15",emotion,0.930812854442344,0.034331753753486516,0.8434782608695652,0.8925807356934001,0.046156242998830935,0.6793478260869565,0.005033360335500281,1.7526320219039917
affinity_10pct,0,4095,"11,12,13,14,15",emotion,0.9716446124763705,0.011151516978262879,0.9304347826086955,0.9320498511904761,0.026491605929006002,0.6358695652173914,0.1585475337723775,0.9354777932167053
affinity_10pct,1,4095,"11,12,13,14,15",emotion,0.9742911153119092,0.010799891763391887,0.9130434782608695,0.9435682304720133,0.027752338342758295,0.6467391304347826,0.140446353827282,0.8604445457458496
affinity_10pct,2,4095,"11,12,13,14,15",emotion,0.975803402646503,0.006909514889412871,0.917391304347826,0.9666722143901421,0.01504281277712539,0.7336956521739131,0.10406266056491786,0.8520116806030273
affinity_10pct,3,4095,"11,12,13,14,15",emotion,0.9758034026465028,0.008055680813861042,0.9217391304347826,0.9679850668337511,0.015116488401560393,0.7663043478260869,0.09625433377413528,0.7937939763069153
affinity_10pct,4,4095,"11,12,13,14,15",emotion,0.9814744801512287,0.006909514889412917,0.9217391304347826,0.9609162881161237,0.018710199558709974,0.7663043478260869,0.07220342293493698,0.7928792834281921
affinity_10pct,5,4095,"11,12,13,14,15",emotion,0.9810964083175804,0.008621364272961321,0.9304347826086957,0.9647324691938179,0.016508087682972197,0.7717391304347825,0.07167250901528399,0.7910804748535156
affinity_10pct,6,4095,"11,12,13,14,15",emotion,0.9780718336483932,0.007232940064162188,0.9347826086956521,0.963904226712615,0.01700352601760568,0.7554347826086957,0.06518419706613832,0.8277750611305237
affinity_10pct,7,4095,"11,12,13,14,15",emotion,0.9765595463137997,0.007984390201112584,0.9391304347826088,0.9702420112781954,0.01297583165189563,0.7445652173913044,0.059238200023692955,0.8209770321846008
affinity_10pct,8,4095,"11,12,13,14,15",emotion,0.9792060491493384,0.00560771152143338,0.9521739130434783,0.9681009163533835,0.013933776418277147,0.7554347826086956,0.04401525932208539,0.8461008667945862
affinity_10pct,9,4095,"11,12,13,14,15",emotion,0.9795841209829866,0.004691748070317906,0.9260869565217392,0.9639704730576442,0.017054338213593628,0.7336956521739131,0.041334214702691496,0.8692182898521423
affinity_10pct,10,4095,"11,12,13,14,15",emotion,0.9810964083175804,0.007272356923127168,0.9217391304347826,0.9555673036758563,0.024564740012216278,0.7228260869565217,0.05401096058541399,1.0288944244384766
affinity_10pct,11,4095,"11,12,13,14,15",emotion,0.9818525519848773,0.0025642079331286705,0.9260869565217391,0.9479274357769423,0.03418438466924534,0.6956521739130435,0.047933332645360816,1.0559149980545044
affinity_10pct,12,4095,"11,12,13,14,15",emotion,0.9784499054820417,0.0028292305382033854,0.9173913043478261,0.9334335186925649,0.04470128125408084,0.717391304347826,0.04038128248438799,1.098147988319397
affinity_10pct,13,4095,"11,12,13,14,15",emotion,0.9701323251417768,0.005658461076406707,0.8956521739130434,0.9192310202589807,0.04662844970004802,0.6793478260869565,0.03839316959806882,1.1489310264587402
affinity_10pct,14,4095,"11,12,13,14,15",emotion,0.9637051039697543,0.010172872625386539,0.8782608695652174,0.9078621031746033,0.05101343389075703,0.6902173913043479,0.03025673736412371,1.198677897453308
affinity_10pct,15,4095,"11,12,13,14,15",emotion,0.9383742911153119,0.02096850604742846,0.8391304347826086,0.8940717679615706,0.04681329728422987,0.6739130434782609,0.0073432441021168415,1.3578588962554932
coverage_10pct,0,4095,"11,12,13,14,15",emotion,0.9716446124763705,0.011151516978262879,0.9304347826086955,0.9320498511904761,0.026491605929006002,0.6358695652173914,0.1585475337723775,0.9354777932167053
coverage_10pct,1,4095,"11,12,13,14,15",emotion,0.9742911153119092,0.010799891763391887,0.9130434782608695,0.9435682304720133,0.027752338342758295,0.6467391304347826,0.140446353827282,0.8604445457458496
coverage_10pct,2,4095,"11,12,13,14,15",emotion,0.975803402646503,0.006909514889412871,0.917391304347826,0.9666722143901421,0.01504281277712539,0.7336956521739131,0.10406266056491786,0.8520116806030273
coverage_10pct,3,4095,"11,12,13,14,15",emotion,0.9758034026465028,0.008055680813861042,0.9217391304347826,0.9679850668337511,0.015116488401560393,0.7663043478260869,0.09625433377413528,0.7937939763069153
coverage_10pct,4,4095,"11,12,13,14,15",emotion,0.9814744801512287,0.006909514889412917,0.9217391304347826,0.9609162881161237,0.018710199558709974,0.7663043478260869,0.07220342293493698,0.7928792834281921
coverage_10pct,5,4095,"11,12,13,14,15",emotion,0.9810964083175804,0.008621364272961321,0.9304347826086957,0.9647324691938179,0.016508087682972197,0.7717391304347825,0.07167250901528399,0.7910804748535156
coverage_10pct,6,4095,"11,12,13,14,15",emotion,0.9780718336483932,0.007232940064162188,0.9347826086956521,0.963904226712615,0.01700352601760568,0.7554347826086957,0.06518419706613832,0.8277750611305237
coverage_10pct,7,4095,"11,12,13,14,15",emotion,0.9765595463137997,0.007984390201112584,0.9391304347826088,0.9702420112781954,0.01297583165189563,0.7445652173913044,0.059238200023692955,0.8209770321846008
coverage_10pct,8,4095,"11,12,13,14,15",emotion,0.9792060491493384,0.00560771152143338,0.9521739130434783,0.9681009163533835,0.013933776418277147,0.7554347826086956,0.04401525932208539,0.8461008667945862
coverage_10pct,9,4095,"11,12,13,14,15",emotion,0.9795841209829866,0.004691748070317906,0.9260869565217392,0.9639704730576442,0.017054338213593628,0.7336956521739131,0.041334214702691496,0.8692182898521423
coverage_10pct,10,4095,"11,12,13,14,15",emotion,0.9810964083175804,0.007272356923127168,0.9217391304347826,0.9555673036758563,0.024564740012216278,0.7228260869565217,0.05401096058541399,1.0288944244384766
coverage_10pct,11,4095,"11,12,13,14,15",emotion,0.9818525519848773,0.003295953832544921,0.9304347826086957,0.950563583437761,0.03212563623413919,0.7065217391304348,0.048904253918146345,1.0808025598526
coverage_10pct,12,4095,"11,12,13,14,15",emotion,0.9792060491493386,0.002928531830780626,0.9347826086956521,0.9379617663951546,0.042187873453104374,0.7119565217391304,0.05434942246232721,1.1728638410568237
coverage_10pct,13,4095,"11,12,13,14,15",emotion,0.9788279773156899,0.004987110003127806,0.9304347826086957,0.9289108187134503,0.04019848451335668,0.6739130434782609,0.050180077883488106,1.2506898641586304
coverage_10pct,14,4095,"11,12,13,14,15",emotion,0.9686200378071834,0.010256831732514628,0.8913043478260869,0.9170351007727653,0.0459162597437764,0.6902173913043479,0.04405862787080772,1.3674123287200928
coverage_10pct,15,4095,"11,12,13,14,15",emotion,0.9357277882797732,0.016084723921499157,0.8391304347826087,0.9048502233329536,0.04120694687421572,0.6739130434782609,0.014431264583952719,1.6703180074691772
mass_10pct,0,4095,"11,12,13,14,15",emotion,0.9716446124763705,0.011151516978262879,0.9304347826086955,0.9320498511904761,0.026491605929006002,0.6358695652173914,0.1585475337723775,0.9354777932167053
mass_10pct,1,4095,"11,12,13,14,15",emotion,0.9742911153119092,0.010799891763391887,0.9130434782608695,0.9435682304720133,0.027752338342758295,0.6467391304347826,0.140446353827282,0.8604445457458496
mass_10pct,2,4095,"11,12,13,14,15",emotion,0.975803402646503,0.006909514889412871,0.917391304347826,0.9666722143901421,0.01504281277712539,0.7336956521739131,0.10406266056491786,0.8520116806030273
mass_10pct,3,4095,"11,12,13,14,15",emotion,0.9758034026465028,0.008055680813861042,0.9217391304347826,0.9679850668337511,0.015116488401560393,0.7663043478260869,0.09625433377413528,0.7937939763069153
mass_10pct,4,4095,"11,12,13,14,15",emotion,0.9814744801512287,0.006909514889412917,0.9217391304347826,0.9609162881161237,0.018710199558709974,0.7663043478260869,0.07220342293493698,0.7928792834281921
mass_10pct,5,4095,"11,12,13,14,15",emotion,0.9810964083175804,0.008621364272961321,0.9304347826086957,0.9647324691938179,0.016508087682972197,0.7717391304347825,0.07167250901528399,0.7910804748535156
mass_10pct,6,4095,"11,12,13,14,15",emotion,0.9780718336483932,0.007232940064162188,0.9347826086956521,0.963904226712615,0.01700352601760568,0.7554347826086957,0.06518419706613832,0.8277750611305237
mass_10pct,7,4095,"11,12,13,14,15",emotion,0.9765595463137997,0.007984390201112584,0.9391304347826088,0.9702420112781954,0.01297583165189563,0.7445652173913044,0.059238200023692955,0.8209770321846008
mass_10pct,8,4095,"11,12,13,14,15",emotion,0.9792060491493384,0.00560771152143338,0.9521739130434783,0.9681009163533835,0.013933776418277147,0.7554347826086956,0.04401525932208539,0.8461008667945862
mass_10pct,9,4095,"11,12,13,14,15",emotion,0.9795841209829866,0.004691748070317906,0.9260869565217392,0.9639704730576442,0.017054338213593628,0.7336956521739131,0.041334214702691496,0.8692182898521423
mass_10pct,10,4095,"11,12,13,14,15",emotion,0.9810964083175804,0.007272356923127168,0.9217391304347826,0.9555673036758563,0.024564740012216278,0.7228260869565217,0.05401096058541399,1.0288944244384766
mass_10pct,11,4095,"11,12,13,14,15",emotion,0.9814744801512288,0.004691748070317886,0.9260869565217391,0.9484404370300752,0.03439071241071728,0.6956521739130435,0.047663972673837374,1.048009991645813
mass_10pct,12,4095,"11,12,13,14,15",emotion,0.9780718336483932,0.0038924877659686206,0.9173913043478261,0.9408723631996658,0.03975704275676868,0.7119565217391304,0.05174887263954864,1.1107299327850342
mass_10pct,13,4095,"11,12,13,14,15",emotion,0.9735349716446124,0.004310682136480685,0.917391304347826,0.9330412620091897,0.04087000367591823,0.6956521739130435,0.046974537997467536,1.1550172567367554
mass_10pct,14,4095,"11,12,13,14,15",emotion,0.9621928166351607,0.010284665791104285,0.8913043478260869,0.920874125417711,0.044520488824183975,0.7010869565217391,0.0417188544256496,1.264939546585083
mass_10pct,15,4095,"11,12,13,14,15",emotion,0.9293005671077503,0.020027104178675325,0.8130434782608695,0.9082434720798208,0.04506827510581705,0.6956521739130435,0.012003754638324593,1.4869025945663452
random_10pct_seed0,0,4095,"11,12,13,14,15",emotion,0.9716446124763705,0.011151516978262879,0.9304347826086955,0.9320498511904761,0.026491605929006002,0.6358695652173914,0.1585475337723775,0.9354777932167053
random_10pct_seed0,1,4095,"11,12,13,14,15",emotion,0.9742911153119092,0.010799891763391887,0.9130434782608695,0.9435682304720133,0.027752338342758295,0.6467391304347826,0.140446353827282,0.8604445457458496
random_10pct_seed0,2,4095,"11,12,13,14,15",emotion,0.975803402646503,0.006909514889412871,0.917391304347826,0.9666722143901421,0.01504281277712539,0.7336956521739131,0.10406266056491786,0.8520116806030273
random_10pct_seed0,3,4095,"11,12,13,14,15",emotion,0.9758034026465028,0.008055680813861042,0.9217391304347826,0.9679850668337511,0.015116488401560393,0.7663043478260869,0.09625433377413528,0.7937939763069153
random_10pct_seed0,4,4095,"11,12,13,14,15",emotion,0.9814744801512287,0.006909514889412917,0.9217391304347826,0.9609162881161237,0.018710199558709974,0.7663043478260869,0.07220342293493698,0.7928792834281921
random_10pct_seed0,5,4095,"11,12,13,14,15",emotion,0.9810964083175804,0.008621364272961321,0.9304347826086957,0.9647324691938179,0.016508087682972197,0.7717391304347825,0.07167250901528399,0.7910804748535156
random_10pct_seed0,6,4095,"11,12,13,14,15",emotion,0.9780718336483932,0.007232940064162188,0.9347826086956521,0.963904226712615,0.01700352601760568,0.7554347826086957,0.06518419706613832,0.8277750611305237
random_10pct_seed0,7,4095,"11,12,13,14,15",emotion,0.9765595463137997,0.007984390201112584,0.9391304347826088,0.9702420112781954,0.01297583165189563,0.7445652173913044,0.059238200023692955,0.8209770321846008
random_10pct_seed0,8,4095,"11,12,13,14,15",emotion,0.9792060491493384,0.00560771152143338,0.9521739130434783,0.9681009163533835,0.013933776418277147,0.7554347826086956,0.04401525932208539,0.8461008667945862
random_10pct_seed0,9,4095,"11,12,13,14,15",emotion,0.9795841209829866,0.004691748070317906,0.9260869565217392,0.9639704730576442,0.017054338213593628,0.7336956521739131,0.041334214702691496,0.8692182898521423
random_10pct_seed0,10,4095,"11,12,13,14,15",emotion,0.9810964083175804,0.007272356923127168,0.9217391304347826,0.9555673036758563,0.024564740012216278,0.7228260869565217,0.05401096058541399,1.0288944244384766
random_10pct_seed0,11,4095,"11,12,13,14,15",emotion,0.9822306238185256,0.003704332314227865,0.9260869565217391,0.9487866802422722,0.03286298738278488,0.7010869565217391,0.04980892853856411,1.0899558067321777
random_10pct_seed0,12,4095,"11,12,13,14,15",emotion,0.9810964083175804,0.0016907886408315904,0.9260869565217391,0.9342891734544695,0.04404534626037124,0.7065217391304348,0.04968331470239773,1.1911247968673706
random_10pct_seed0,13,4095,"11,12,13,14,15",emotion,0.9765595463137997,0.004409037349599514,0.9086956521739131,0.9155388471177945,0.04947793235737616,0.6684782608695653,0.042822633752718664,1.2687723636627197
random_10pct_seed0,14,4095,"11,12,13,14,15",emotion,0.9640831758034027,0.013631573820279746,0.8782608695652174,0.9074430868838763,0.05255335864820903,0.6847826086956522,0.033443024166323054,1.3265148401260376
random_10pct_seed0,15,4095,"11,12,13,14,15",emotion,0.9308128544423442,0.038399890890267276,0.8565217391304347,0.890171392021721,0.0481811987707813,0.6684782608695652,0.00516784235683776,1.705774188041687
random_10pct_seed1,0,4095,"11,12,13,14,15",emotion,0.9716446124763705,0.011151516978262879,0.9304347826086955,0.9320498511904761,0.026491605929006002,0.6358695652173914,0.1585475337723775,0.9354777932167053
random_10pct_seed1,1,4095,"11,12,13,14,15",emotion,0.9742911153119092,0.010799891763391887,0.9130434782608695,0.9435682304720133,0.027752338342758295,0.6467391304347826,0.140446353827282,0.8604445457458496
random_10pct_seed1,2,4095,"11,12,13,14,15",emotion,0.975803402646503,0.006909514889412871,0.917391304347826,0.9666722143901421,0.01504281277712539,0.7336956521739131,0.10406266056491786,0.8520116806030273
random_10pct_seed1,3,4095,"11,12,13,14,15",emotion,0.9758034026465028,0.008055680813861042,0.9217391304347826,0.9679850668337511,0.015116488401560393,0.7663043478260869,0.09625433377413528,0.7937939763069153
random_10pct_seed1,4,4095,"11,12,13,14,15",emotion,0.9814744801512287,0.006909514889412917,0.9217391304347826,0.9609162881161237,0.018710199558709974,0.7663043478260869,0.07220342293493698,0.7928792834281921
random_10pct_seed1,5,4095,"11,12,13,14,15",emotion,0.9810964083175804,0.008621364272961321,0.9304347826086957,0.9647324691938179,0.016508087682972197,0.7717391304347825,0.07167250901528399,0.7910804748535156
random_10pct_seed1,6,4095,"11,12,13,14,15",emotion,0.9780718336483932,0.007232940064162188,0.9347826086956521,0.963904226712615,0.01700352601760568,0.7554347826086957,0.06518419706613832,0.8277750611305237
random_10pct_seed1,7,4095,"11,12,13,14,15",emotion,0.9765595463137997,0.007984390201112584,0.9391304347826088,0.9702420112781954,0.01297583165189563,0.7445652173913044,0.059238200023692955,0.8209770321846008
random_10pct_seed1,8,4095,"11,12,13,14,15",emotion,0.9792060491493384,0.00560771152143338,0.9521739130434783,0.9681009163533835,0.013933776418277147,0.7554347826086956,0.04401525932208539,0.8461008667945862
random_10pct_seed1,9,4095,"11,12,13,14,15",emotion,0.9795841209829866,0.004691748070317906,0.9260869565217392,0.9639704730576442,0.017054338213593628,0.7336956521739131,0.041334214702691496,0.8692182898521423
random_10pct_seed1,10,4095,"11,12,13,14,15",emotion,0.9810964083175804,0.007272356923127168,0.9217391304347826,0.9555673036758563,0.024564740012216278,0.7228260869565217,0.05401096058541399,1.0288944244384766
random_10pct_seed1,11,4095,"11,12,13,14,15",emotion,0.9814744801512287,0.0034650855916490008,0.9391304347826086,0.9470877715121137,0.03580050179099827,0.717391304347826,0.04967757128928185,1.0896670818328857
random_10pct_seed1,12,4095,"11,12,13,14,15",emotion,0.9792060491493384,0.0020707847164656355,0.9304347826086955,0.9367366985171262,0.04386581328048792,0.7065217391304348,0.04963860968245637,1.1886425018310547
random_10pct_seed1,13,4095,"11,12,13,14,15",emotion,0.9724007561436674,0.008670960257980882,0.9217391304347826,0.9233196924603175,0.04664199035227088,0.6847826086956522,0.044485831732006376,1.2635308504104614
random_10pct_seed1,14,4095,"11,12,13,14,15",emotion,0.9686200378071834,0.007984390201112582,0.8913043478260869,0.909452015455305,0.0496349028186778,0.6739130434782609,0.032658932370488336,1.3202013969421387
random_10pct_seed1,15,4095,"11,12,13,14,15",emotion,0.9406427221172023,0.028383099250092185,0.8608695652173912,0.894358558564973,0.04901048993815682,0.6684782608695653,0.0053525779397695095,1.6992156505584717
random_10pct_seed2,0,4095,"11,12,13,14,15",emotion,0.9716446124763705,0.011151516978262879,0.9304347826086955,0.9320498511904761,0.026491605929006002,0.6358695652173914,0.1585475337723775,0.9354777932167053
random_10pct_seed2,1,4095,"11,12,13,14,15",emotion,0.9742911153119092,0.010799891763391887,0.9130434782608695,0.9435682304720133,0.027752338342758295,0.6467391304347826,0.140446353827282,0.8604445457458496
random_10pct_seed2,2,4095,"11,12,13,14,15",emotion,0.975803402646503,0.006909514889412871,0.917391304347826,0.9666722143901421,0.01504281277712539,0.7336956521739131,0.10406266056491786,0.8520116806030273
random_10pct_seed2,3,4095,"11,12,13,14,15",emotion,0.9758034026465028,0.008055680813861042,0.9217391304347826,0.9679850668337511,0.015116488401560393,0.7663043478260869,0.09625433377413528,0.7937939763069153
random_10pct_seed2,4,4095,"11,12,13,14,15",emotion,0.9814744801512287,0.006909514889412917,0.9217391304347826,0.9609162881161237,0.018710199558709974,0.7663043478260869,0.07220342293493698,0.7928792834281921
random_10pct_seed2,5,4095,"11,12,13,14,15",emotion,0.9810964083175804,0.008621364272961321,0.9304347826086957,0.9647324691938179,0.016508087682972197,0.7717391304347825,0.07167250901528399,0.7910804748535156
random_10pct_seed2,6,4095,"11,12,13,14,15",emotion,0.9780718336483932,0.007232940064162188,0.9347826086956521,0.963904226712615,0.01700352601760568,0.7554347826086957,0.06518419706613832,0.8277750611305237
random_10pct_seed2,7,4095,"11,12,13,14,15",emotion,0.9765595463137997,0.007984390201112584,0.9391304347826088,0.9702420112781954,0.01297583165189563,0.7445652173913044,0.059238200023692955,0.8209770321846008
random_10pct_seed2,8,4095,"11,12,13,14,15",emotion,0.9792060491493384,0.00560771152143338,0.9521739130434783,0.9681009163533835,0.013933776418277147,0.7554347826086956,0.04401525932208539,0.8461008667945862
random_10pct_seed2,9,4095,"11,12,13,14,15",emotion,0.9795841209829866,0.004691748070317906,0.9260869565217392,0.9639704730576442,0.017054338213593628,0.7336956521739131,0.041334214702691496,0.8692182898521423
random_10pct_seed2,10,4095,"11,12,13,14,15",emotion,0.9810964083175804,0.007272356923127168,0.9217391304347826,0.9555673036758563,0.024564740012216278,0.7228260869565217,0.05401096058541399,1.0288944244384766
random_10pct_seed2,11,4095,"11,12,13,14,15",emotion,0.9818525519848773,0.004409037349599471,0.9304347826086957,0.9501817695279866,0.03199961185287743,0.7065217391304348,0.05050254638742768,1.0871965885162354
random_10pct_seed2,12,4095,"11,12,13,14,15",emotion,0.977693761814745,0.0022045186747997564,0.9217391304347826,0.9395340564954052,0.04410235080952881,0.7119565217391304,0.04677934918183524,1.1618397235870361
random_10pct_seed2,13,4095,"11,12,13,14,15",emotion,0.9758034026465028,0.0043764978838526794,0.9130434782608695,0.9211299733709273,0.04775828638268978,0.6684782608695653,0.04201146875988393,1.2465828657150269
random_10pct_seed2,14,4095,"11,12,13,14,15",emotion,0.9686200378071834,0.010733511959605617,0.8913043478260869,0.9158674681495405,0.050946100174887335,0.6793478260869565,0.03282010569239735,1.296974539756775
random_10pct_seed2,15,4095,"11,12,13,14,15",emotion,0.9444234404536862,0.0309141642295042,0.8304347826086955,0.9008406432748537,0.04637614573701344,0.6684782608695653,0.005199228304884063,1.641731858253479
random_10pct_seed3,0,4095,"11,12,13,14,15",emotion,0.9716446124763705,0.011151516978262879,0.9304347826086955,0.9320498511904761,0.026491605929006002,0.6358695652173914,0.1585475337723775,0.9354777932167053
random_10pct_seed3,1,4095,"11,12,13,14,15",emotion,0.9742911153119092,0.010799891763391887,0.9130434782608695,0.9435682304720133,0.027752338342758295,0.6467391304347826,0.140446353827282,0.8604445457458496
random_10pct_seed3,2,4095,"11,12,13,14,15",emotion,0.975803402646503,0.006909514889412871,0.917391304347826,0.9666722143901421,0.01504281277712539,0.7336956521739131,0.10406266056491786,0.8520116806030273
random_10pct_seed3,3,4095,"11,12,13,14,15",emotion,0.9758034026465028,0.008055680813861042,0.9217391304347826,0.9679850668337511,0.015116488401560393,0.7663043478260869,0.09625433377413528,0.7937939763069153
random_10pct_seed3,4,4095,"11,12,13,14,15",emotion,0.9814744801512287,0.006909514889412917,0.9217391304347826,0.9609162881161237,0.018710199558709974,0.7663043478260869,0.07220342293493698,0.7928792834281921
random_10pct_seed3,5,4095,"11,12,13,14,15",emotion,0.9810964083175804,0.008621364272961321,0.9304347826086957,0.9647324691938179,0.016508087682972197,0.7717391304347825,0.07167250901528399,0.7910804748535156
random_10pct_seed3,6,4095,"11,12,13,14,15",emotion,0.9780718336483932,0.007232940064162188,0.9347826086956521,0.963904226712615,0.01700352601760568,0.7554347826086957,0.06518419706613832,0.8277750611305237
random_10pct_seed3,7,4095,"11,12,13,14,15",emotion,0.9765595463137997,0.007984390201112584,0.9391304347826088,0.9702420112781954,0.01297583165189563,0.7445652173913044,0.059238200023692955,0.8209770321846008
random_10pct_seed3,8,4095,"11,12,13,14,15",emotion,0.9792060491493384,0.00560771152143338,0.9521739130434783,0.9681009163533835,0.013933776418277147,0.7554347826086956,0.04401525932208539,0.8461008667945862
random_10pct_seed3,9,4095,"11,12,13,14,15",emotion,0.9795841209829866,0.004691748070317906,0.9260869565217392,0.9639704730576442,0.017054338213593628,0.7336956521739131,0.041334214702691496,0.8692182898521423
random_10pct_seed3,10,4095,"11,12,13,14,15",emotion,0.9810964083175804,0.007272356923127168,0.9217391304347826,0.9555673036758563,0.024564740012216278,0.7228260869565217,0.05401096058541399,1.0288944244384766
random_10pct_seed3,11,4095,"11,12,13,14,15",emotion,0.982608695652174,0.002778249235670928,0.9260869565217391,0.9467777516708438,0.03524585159479188,0.7119565217391304,0.04649683527948423,1.0587239265441895
random_10pct_seed3,12,4095,"11,12,13,14,15",emotion,0.9818525519848771,0.0022684310018903694,0.9260869565217391,0.9369138993316625,0.045193346100892436,0.7119565217391304,0.047299504237332535,1.1543138027191162
random_10pct_seed3,13,4095,"11,12,13,14,15",emotion,0.9776937618147448,0.005658461076406705,0.917391304347826,0.9186002114661653,0.04998058084428753,0.6793478260869565,0.04259119896273522,1.2414549589157104
random_10pct_seed3,14,4095,"11,12,13,14,15",emotion,0.96937618147448,0.014515201376523594,0.8739130434782607,0.9100798872180451,0.053385744175305914,0.6847826086956521,0.02976034185764187,1.2873783111572266
random_10pct_seed3,15,4095,"11,12,13,14,15",emotion,0.93648393194707,0.03295086362117337,0.8304347826086957,0.8945410401002506,0.04837915209803483,0.6739130434782609,0.005110415818164515,1.6434143781661987
random_10pct_seed4,0,4095,"11,12,13,14,15",emotion,0.9716446124763705,0.011151516978262879,0.9304347826086955,0.9320498511904761,0.026491605929006002,0.6358695652173914,0.1585475337723775,0.9354777932167053
random_10pct_seed4,1,4095,"11,12,13,14,15",emotion,0.9742911153119092,0.010799891763391887,0.9130434782608695,0.9435682304720133,0.027752338342758295,0.6467391304347826,0.140446353827282,0.8604445457458496
random_10pct_seed4,2,4095,"11,12,13,14,15",emotion,0.975803402646503,0.006909514889412871,0.917391304347826,0.9666722143901421,0.01504281277712539,0.7336956521739131,0.10406266056491786,0.8520116806030273
random_10pct_seed4,3,4095,"11,12,13,14,15",emotion,0.9758034026465028,0.008055680813861042,0.9217391304347826,0.9679850668337511,0.015116488401560393,0.7663043478260869,0.09625433377413528,0.7937939763069153
random_10pct_seed4,4,4095,"11,12,13,14,15",emotion,0.9814744801512287,0.006909514889412917,0.9217391304347826,0.9609162881161237,0.018710199558709974,0.7663043478260869,0.07220342293493698,0.7928792834281921
random_10pct_seed4,5,4095,"11,12,13,14,15",emotion,0.9810964083175804,0.008621364272961321,0.9304347826086957,0.9647324691938179,0.016508087682972197,0.7717391304347825,0.07167250901528399,0.7910804748535156
random_10pct_seed4,6,4095,"11,12,13,14,15",emotion,0.9780718336483932,0.007232940064162188,0.9347826086956521,0.963904226712615,0.01700352601760568,0.7554347826086957,0.06518419706613832,0.8277750611305237
random_10pct_seed4,7,4095,"11,12,13,14,15",emotion,0.9765595463137997,0.007984390201112584,0.9391304347826088,0.9702420112781954,0.01297583165189563,0.7445652173913044,0.059238200023692955,0.8209770321846008
random_10pct_seed4,8,4095,"11,12,13,14,15",emotion,0.9792060491493384,0.00560771152143338,0.9521739130434783,0.9681009163533835,0.013933776418277147,0.7554347826086956,0.04401525932208539,0.8461008667945862
random_10pct_seed4,9,4095,"11,12,13,14,15",emotion,0.9795841209829866,0.004691748070317906,0.9260869565217392,0.9639704730576442,0.017054338213593628,0.7336956521739131,0.041334214702691496,0.8692182898521423
random_10pct_seed4,10,4095,"11,12,13,14,15",emotion,0.9810964083175804,0.007272356923127168,0.9217391304347826,0.9555673036758563,0.024564740012216278,0.7228260869565217,0.05401096058541399,1.0288944244384766
random_10pct_seed4,11,4095,"11,12,13,14,15",emotion,0.9818525519848771,0.005293005671077492,0.9347826086956521,0.9479868290517962,0.03395035484617306,0.6956521739130435,0.04770323678107802,1.0639508962631226
random_10pct_seed4,12,4095,"11,12,13,14,15",emotion,0.9792060491493384,0.0020707847164656763,0.9347826086956521,0.9339739322263994,0.045729601790363505,0.7065217391304348,0.04643446681422225,1.1617182493209839
random_10pct_seed4,13,4095,"11,12,13,14,15",emotion,0.9773156899810964,0.005977840567426063,0.9173913043478261,0.9225740131578948,0.04667652372347909,0.7010869565217391,0.04205784949786695,1.2461591958999634
random_10pct_seed4,14,4095,"11,12,13,14,15",emotion,0.9686200378071833,0.01156677394387776,0.8652173913043477,0.9114299420426064,0.05141466933915265,0.7010869565217391,0.03006708687863857,1.2872802019119263
random_10pct_seed4,15,4095,"11,12,13,14,15",emotion,0.9372400756143667,0.029898765852200457,0.8521739130434781,0.8939324222013366,0.045280454345964664,0.6956521739130435,0.00484633306711213,1.6557285785675049
clean,0,0,"11,12,13,14,15",medical,0.947107438016529,0.03289214668121058,0.8272727272727274,0.7699404761904761,0.0,0.36363636363636365,0.17995465462887605,0.8756478428840637
clean,1,0,"11,12,13,14,15",medical,0.9867768595041323,0.01342816265229085,0.9363636363636363,0.9009920634920635,0.0,0.5,0.22547125870303997,0.8933255076408386
clean,2,0,"11,12,13,14,15",medical,0.9917355371900827,0.01280325073126419,0.9272727272727274,0.9446428571428571,0.0,0.5454545454545454,0.153874190949151,0.9511783719062805
clean,3,0,"11,12,13,14,15",medical,0.9966942148760329,0.006611570247933907,0.9454545454545455,0.9691468253968253,0.0,0.6818181818181818,0.12773042291833114,0.9450054168701172
clean,4,0,"11,12,13,14,15",medical,0.9983471074380166,0.0033057851239669312,0.9727272727272727,0.9580357142857142,0.0,0.6363636363636364,0.10597495518197653,0.9623542428016663
clean,5,0,"11,12,13,14,15",medical,0.9950413223140495,0.0066115702479339015,0.9727272727272727,0.9565476190476191,0.0,0.6818181818181818,0.11468979349909847,0.9820873141288757
clean,6,0,"11,12,13,14,15",medical,0.9966942148760329,0.006611570247933907,0.9636363636363636,0.9581349206349207,0.0,0.6363636363636364,0.10806184339513603,0.9966824650764465
clean,7,0,"11,12,13,14,15",medical,0.9966942148760332,0.004048743376501108,0.9545454545454547,0.9591269841269842,0.0,0.6818181818181818,0.09711255537015351,0.9870999455451965
clean,8,0,"11,12,13,14,15",medical,0.9966942148760332,0.004048743376501108,0.9727272727272727,0.9556547619047621,0.0,0.5909090909090909,0.0776465632411284,1.0104519128799438
clean,9,0,"11,12,13,14,15",medical,0.9983471074380166,0.0033057851239669312,0.9818181818181818,0.9621031746031746,0.0,0.6363636363636364,0.06611044757284945,1.0666006803512573
clean,10,0,"11,12,13,14,15",medical,1.0,0.0,0.9636363636363636,0.9551587301587302,0.0,0.5909090909090909,0.06918627513530262,1.148691177368164
clean,11,0,"11,12,13,14,15",medical,0.9983471074380166,0.0033057851239669312,0.990909090909091,0.9496031746031746,0.0,0.6818181818181818,0.06250853591255945,1.2364122867584229
clean,12,0,"11,12,13,14,15",medical,0.9983471074380166,0.0033057851239669312,0.9727272727272727,0.9334325396825397,0.0,0.6363636363636364,0.07027342525156133,1.3834635019302368
clean,13,0,"11,12,13,14,15",medical,0.9933884297520661,0.0061845576640891745,0.9636363636363636,0.9142857142857143,0.0,0.6818181818181818,0.06550418412604775,1.5294969081878662
clean,14,0,"11,12,13,14,15",medical,0.9966942148760332,0.006611570247933907,0.9636363636363636,0.9217261904761905,0.0,0.6818181818181818,0.05516945180243815,1.7250289916992188
clean,15,0,"11,12,13,14,15",medical,0.9851239669421487,0.017648063226498062,0.9272727272727274,0.9120039682539682,0.0,0.6363636363636364,0.012778157748900565,2.3056743144989014
affinity_5pct,0,2045,"11,12,13,14,15",medical,0.947107438016529,0.03289214668121058,0.8272727272727274,0.7699404761904761,0.0,0.36363636363636365,0.17995465462887605,0.8756478428840637
affinity_5pct,1,2045,"11,12,13,14,15",medical,0.9867768595041323,0.01342816265229085,0.9363636363636363,0.9009920634920635,0.0,0.5,0.22547125870303997,0.8933255076408386
affinity_5pct,2,2045,"11,12,13,14,15",medical,0.9917355371900827,0.01280325073126419,0.9272727272727274,0.9446428571428571,0.0,0.5454545454545454,0.153874190949151,0.9511783719062805
affinity_5pct,3,2045,"11,12,13,14,15",medical,0.9966942148760329,0.006611570247933907,0.9454545454545455,0.9691468253968253,0.0,0.6818181818181818,0.12773042291833114,0.9450054168701172
affinity_5pct,4,2045,"11,12,13,14,15",medical,0.9983471074380166,0.0033057851239669312,0.9727272727272727,0.9580357142857142,0.0,0.6363636363636364,0.10597495518197653,0.9623542428016663
affinity_5pct,5,2045,"11,12,13,14,15",medical,0.9950413223140495,0.0066115702479339015,0.9727272727272727,0.9565476190476191,0.0,0.6818181818181818,0.11468979349909847,0.9820873141288757
affinity_5pct,6,2045,"11,12,13,14,15",medical,0.9966942148760329,0.006611570247933907,0.9636363636363636,0.9581349206349207,0.0,0.6363636363636364,0.10806184339513603,0.9966824650764465
affinity_5pct,7,2045,"11,12,13,14,15",medical,0.9966942148760332,0.004048743376501108,0.9545454545454547,0.9591269841269842,0.0,0.6818181818181818,0.09711255537015351,0.9870999455451965
affinity_5pct,8,2045,"11,12,13,14,15",medical,0.9966942148760332,0.004048743376501108,0.9727272727272727,0.9556547619047621,0.0,0.5909090909090909,0.0776465632411284,1.0104519128799438
affinity_5pct,9,2045,"11,12,13,14,15",medical,0.9983471074380166,0.0033057851239669312,0.9818181818181818,0.9621031746031746,0.0,0.6363636363636364,0.06611044757284945,1.0666006803512573
affinity_5pct,10,2045,"11,12,13,14,15",medical,1.0,0.0,0.9636363636363636,0.9551587301587302,0.0,0.5909090909090909,0.06918627513530262,1.148691177368164
affinity_5pct,11,2045,"11,12,13,14,15",medical,0.9983471074380166,0.0033057851239669312,0.990909090909091,0.9460317460317461,0.0,0.6818181818181818,0.06432064384745173,1.235379934310913
affinity_5pct,12,2045,"11,12,13,14,15",medical,0.9966942148760329,0.006611570247933907,0.9727272727272727,0.9298611111111111,0.0,0.6363636363636364,0.06369653141048826,1.3274667263031006
affinity_5pct,13,2045,"11,12,13,14,15",medical,0.9983471074380166,0.0033057851239669312,0.9636363636363636,0.9087301587301588,0.0,0.6818181818181818,0.06431601874705095,1.4301468133926392
affinity_5pct,14,2045,"11,12,13,14,15",medical,0.9966942148760329,0.006611570247933907,0.9545454545454545,0.9356150793650794,0.0,0.6818181818181818,0.05966966151706976,1.6262273788452148
affinity_5pct,15,2045,"11,12,13,14,15",medical,0.9884297520661157,0.01927587403254647,0.9363636363636363,0.9373015873015873,0.0,0.6363636363636364,0.021407840893316932,2.1531214714050293
coverage_5pct,0,2045,"11,12,13,14,15",medical,0.947107438016529,0.03289214668121058,0.8272727272727274,0.7699404761904761,0.0,0.36363636363636365,0.17995465462887605,0.8756478428840637
coverage_5pct,1,2045,"11,12,13,14,15",medical,0.9867768595041323,0.01342816265229085,0.9363636363636363,0.9009920634920635,0.0,0.5,0.22547125870303997,0.8933255076408386
coverage_5pct,2,2045,"11,12,13,14,15",medical,0.9917355371900827,0.01280325073126419,0.9272727272727274,0.9446428571428571,0.0,0.5454545454545454,0.153874190949151,0.9511783719062805
coverage_5pct,3,2045,"11,12,13,14,15",medical,0.9966942148760329,0.006611570247933907,0.9454545454545455,0.9691468253968253,0.0,0.6818181818181818,0.12773042291833114,0.9450054168701172
coverage_5pct,4,2045,"11,12,13,14,15",medical,0.9983471074380166,0.0033057851239669312,0.9727272727272727,0.9580357142857142,0.0,0.6363636363636364,0.10597495518197653,0.9623542428016663
coverage_5pct,5,2045,"11,12,13,14,15",medical,0.9950413223140495,0.0066115702479339015,0.9727272727272727,0.9565476190476191,0.0,0.6818181818181818,0.11468979349909847,0.9820873141288757
coverage_5pct,6,2045,"11,12,13,14,15",medical,0.9966942148760329,0.006611570247933907,0.9636363636363636,0.9581349206349207,0.0,0.6363636363636364,0.10806184339513603,0.9966824650764465
coverage_5pct,7,2045,"11,12,13,14,15",medical,0.9966942148760332,0.004048743376501108,0.9545454545454547,0.9591269841269842,0.0,0.6818181818181818,0.09711255537015351,0.9870999455451965
coverage_5pct,8,2045,"11,12,13,14,15",medical,0.9966942148760332,0.004048743376501108,0.9727272727272727,0.9556547619047621,0.0,0.5909090909090909,0.0776465632411284,1.0104519128799438
coverage_5pct,9,2045,"11,12,13,14,15",medical,0.9983471074380166,0.0033057851239669312,0.9818181818181818,0.9621031746031746,0.0,0.6363636363636364,0.06611044757284945,1.0666006803512573
coverage_5pct,10,2045,"11,12,13,14,15",medical,1.0,0.0,0.9636363636363636,0.9551587301587302,0.0,0.5909090909090909,0.06918627513530262,1.148691177368164
coverage_5pct,11,2045,"11,12,13,14,15",medical,0.9983471074380166,0.0033057851239669312,0.990909090909091,0.9496031746031746,0.0,0.6818181818181818,0.061570646860130585,1.2314722537994385
coverage_5pct,12,2045,"11,12,13,14,15",medical,0.9966942148760332,0.004048743376501108,0.9727272727272727,0.9346230158730159,0.0,0.6363636363636364,0.0702287365797859,1.3474498987197876
coverage_5pct,13,2045,"11,12,13,14,15",medical,0.9933884297520661,0.00809748675300227,0.9636363636363636,0.9091269841269841,0.0,0.6818181818181818,0.06425061198617743,1.502726674079895
coverage_5pct,14,2045,"11,12,13,14,15",medical,0.9933884297520661,0.009637937016273234,0.9636363636363636,0.9348214285714286,0.0,0.6818181818181818,0.05921338566626366,1.7161705493927002
coverage_5pct,15,2045,"11,12,13,14,15",medical,0.9834710743801652,0.01733568344082898,0.9181818181818182,0.93640873015873,0.0,0.6818181818181818,0.027823603961024346,2.1855628490448
mass_5pct,0,2045,"11,12,13,14,15",medical,0.947107438016529,0.03289214668121058,0.8272727272727274,0.7699404761904761,0.0,0.36363636363636365,0.17995465462887605,0.8756478428840637
mass_5pct,1,2045,"11,12,13,14,15",medical,0.9867768595041323,0.01342816265229085,0.9363636363636363,0.9009920634920635,0.0,0.5,0.22547125870303997,0.8933255076408386
mass_5pct,2,2045,"11,12,13,14,15",medical,0.9917355371900827,0.01280325073126419,0.9272727272727274,0.9446428571428571,0.0,0.5454545454545454,0.153874190949151,0.9511783719062805
mass_5pct,3,2045,"11,12,13,14,15",medical,0.9966942148760329,0.006611570247933907,0.9454545454545455,0.9691468253968253,0.0,0.6818181818181818,0.12773042291833114,0.9450054168701172
mass_5pct,4,2045,"11,12,13,14,15",medical,0.9983471074380166,0.0033057851239669312,0.9727272727272727,0.9580357142857142,0.0,0.6363636363636364,0.10597495518197653,0.9623542428016663
mass_5pct,5,2045,"11,12,13,14,15",medical,0.9950413223140495,0.0066115702479339015,0.9727272727272727,0.9565476190476191,0.0,0.6818181818181818,0.11468979349909847,0.9820873141288757
mass_5pct,6,2045,"11,12,13,14,15",medical,0.9966942148760329,0.006611570247933907,0.9636363636363636,0.9581349206349207,0.0,0.6363636363636364,0.10806184339513603,0.9966824650764465
mass_5pct,7,2045,"11,12,13,14,15",medical,0.9966942148760332,0.004048743376501108,0.9545454545454547,0.9591269841269842,0.0,0.6818181818181818,0.09711255537015351,0.9870999455451965
mass_5pct,8,2045,"11,12,13,14,15",medical,0.9966942148760332,0.004048743376501108,0.9727272727272727,0.9556547619047621,0.0,0.5909090909090909,0.0776465632411284,1.0104519128799438
mass_5pct,9,2045,"11,12,13,14,15",medical,0.9983471074380166,0.0033057851239669312,0.9818181818181818,0.9621031746031746,0.0,0.6363636363636364,0.06611044757284945,1.0666006803512573
mass_5pct,10,2045,"11,12,13,14,15",medical,1.0,0.0,0.9636363636363636,0.9551587301587302,0.0,0.5909090909090909,0.06918627513530262,1.148691177368164
mass_5pct,11,2045,"11,12,13,14,15",medical,0.9966942148760329,0.006611570247933907,0.990909090909091,0.9460317460317461,0.0,0.6818181818181818,0.06128019739936785,1.2140460014343262
mass_5pct,12,2045,"11,12,13,14,15",medical,0.9966942148760332,0.004048743376501108,0.9727272727272727,0.93859126984127,0.0,0.6363636363636364,0.06332406747949038,1.2708743810653687
mass_5pct,13,2045,"11,12,13,14,15",medical,0.9966942148760332,0.004048743376501108,0.9727272727272727,0.9381944444444443,0.0,0.6363636363636364,0.0562368446281154,1.3434021472930908
mass_5pct,14,2045,"11,12,13,14,15",medical,0.9983471074380166,0.0033057851239669312,0.9636363636363636,0.9527777777777777,0.0,0.6818181818181818,0.05145427173661954,1.5252398252487183
mass_5pct,15,2045,"11,12,13,14,15",medical,0.9834710743801652,0.012803250731264232,0.9,0.955952380952381,0.0,0.7272727272727273,0.018853221763676875,1.9086649417877197
random_5pct_seed0,0,2045,"11,12,13,14,15",medical,0.947107438016529,0.03289214668121058,0.8272727272727274,0.7699404761904761,0.0,0.36363636363636365,0.17995465462887605,0.8756478428840637
random_5pct_seed0,1,2045,"11,12,13,14,15",medical,0.9867768595041323,0.01342816265229085,0.9363636363636363,0.9009920634920635,0.0,0.5,0.22547125870303997,0.8933255076408386
random_5pct_seed0,2,2045,"11,12,13,14,15",medical,0.9917355371900827,0.01280325073126419,0.9272727272727274,0.9446428571428571,0.0,0.5454545454545454,0.153874190949151,0.9511783719062805
random_5pct_seed0,3,2045,"11,12,13,14,15",medical,0.9966942148760329,0.006611570247933907,0.9454545454545455,0.9691468253968253,0.0,0.6818181818181818,0.12773042291833114,0.9450054168701172
random_5pct_seed0,4,2045,"11,12,13,14,15",medical,0.9983471074380166,0.0033057851239669312,0.9727272727272727,0.9580357142857142,0.0,0.6363636363636364,0.10597495518197653,0.9623542428016663
random_5pct_seed0,5,2045,"11,12,13,14,15",medical,0.9950413223140495,0.0066115702479339015,0.9727272727272727,0.9565476190476191,0.0,0.6818181818181818,0.11468979349909847,0.9820873141288757
random_5pct_seed0,6,2045,"11,12,13,14,15",medical,0.9966942148760329,0.006611570247933907,0.9636363636363636,0.9581349206349207,0.0,0.6363636363636364,0.10806184339513603,0.9966824650764465
random_5pct_seed0,7,2045,"11,12,13,14,15",medical,0.9966942148760332,0.004048743376501108,0.9545454545454547,0.9591269841269842,0.0,0.6818181818181818,0.09711255537015351,0.9870999455451965
random_5pct_seed0,8,2045,"11,12,13,14,15",medical,0.9966942148760332,0.004048743376501108,0.9727272727272727,0.9556547619047621,0.0,0.5909090909090909,0.0776465632411284,1.0104519128799438
random_5pct_seed0,9,2045,"11,12,13,14,15",medical,0.9983471074380166,0.0033057851239669312,0.9818181818181818,0.9621031746031746,0.0,0.6363636363636364,0.06611044757284945,1.0666006803512573
random_5pct_seed0,10,2045,"11,12,13,14,15",medical,1.0,0.0,0.9636363636363636,0.9551587301587302,0.0,0.5909090909090909,0.06918627513530262,1.148691177368164
random_5pct_seed0,11,2045,"11,12,13,14,15",medical,0.9983471074380166,0.0033057851239669312,0.990909090909091,0.9496031746031746,0.0,0.6818181818181818,0.06230048896647933,1.2340065240859985
random_5pct_seed0,12,2045,"11,12,13,14,15",medical,0.9966942148760332,0.004048743376501108,0.9727272727272727,0.93859126984127,0.0,0.6363636363636364,0.07114068626382186,1.379449486732483
random_5pct_seed0,13,2045,"11,12,13,14,15",medical,0.9966942148760332,0.004048743376501108,0.9727272727272727,0.9214285714285715,0.0,0.6818181818181818,0.06708547931559583,1.5162503719329834
random_5pct_seed0,14,2045,"11,12,13,14,15",medical,0.9933884297520661,0.009637937016273234,0.9545454545454545,0.9461309523809524,0.0,0.6818181818181818,0.05648616785469407,1.7089741230010986
random_5pct_seed0,15,2045,"11,12,13,14,15",medical,0.9884297520661157,0.01927587403254647,0.9181818181818182,0.9418650793650792,0.0,0.6363636363636364,0.013321396713820932,2.2686798572540283
random_5pct_seed1,0,2045,"11,12,13,14,15",medical,0.947107438016529,0.03289214668121058,0.8272727272727274,0.7699404761904761,0.0,0.36363636363636365,0.17995465462887605,0.8756478428840637
random_5pct_seed1,1,2045,"11,12,13,14,15",medical,0.9867768595041323,0.01342816265229085,0.9363636363636363,0.9009920634920635,0.0,0.5,0.22547125870303997,0.8933255076408386
random_5pct_seed1,2,2045,"11,12,13,14,15",medical,0.9917355371900827,0.01280325073126419,0.9272727272727274,0.9446428571428571,0.0,0.5454545454545454,0.153874190949151,0.9511783719062805
random_5pct_seed1,3,2045,"11,12,13,14,15",medical,0.9966942148760329,0.006611570247933907,0.9454545454545455,0.9691468253968253,0.0,0.6818181818181818,0.12773042291833114,0.9450054168701172
random_5pct_seed1,4,2045,"11,12,13,14,15",medical,0.9983471074380166,0.0033057851239669312,0.9727272727272727,0.9580357142857142,0.0,0.6363636363636364,0.10597495518197653,0.9623542428016663
random_5pct_seed1,5,2045,"11,12,13,14,15",medical,0.9950413223140495,0.0066115702479339015,0.9727272727272727,0.9565476190476191,0.0,0.6818181818181818,0.11468979349909847,0.9820873141288757
random_5pct_seed1,6,2045,"11,12,13,14,15",medical,0.9966942148760329,0.006611570247933907,0.9636363636363636,0.9581349206349207,0.0,0.6363636363636364,0.10806184339513603,0.9966824650764465
random_5pct_seed1,7,2045,"11,12,13,14,15",medical,0.9966942148760332,0.004048743376501108,0.9545454545454547,0.9591269841269842,0.0,0.6818181818181818,0.09711255537015351,0.9870999455451965
random_5pct_seed1,8,2045,"11,12,13,14,15",medical,0.9966942148760332,0.004048743376501108,0.9727272727272727,0.9556547619047621,0.0,0.5909090909090909,0.0776465632411284,1.0104519128799438
random_5pct_seed1,9,2045,"11,12,13,14,15",medical,0.9983471074380166,0.0033057851239669312,0.9818181818181818,0.9621031746031746,0.0,0.6363636363636364,0.06611044757284945,1.0666006803512573
random_5pct_seed1,10,2045,"11,12,13,14,15",medical,1.0,0.0,0.9636363636363636,0.9551587301587302,0.0,0.5909090909090909,0.06918627513530262,1.148691177368164
random_5pct_seed1,11,2045,"11,12,13,14,15",medical,0.9983471074380166,0.0033057851239669312,0.990909090909091,0.9496031746031746,0.0,0.6818181818181818,0.06208410616602966,1.2375255823135376
random_5pct_seed1,12,2045,"11,12,13,14,15",medical,0.9983471074380166,0.0033057851239669312,0.9727272727272727,0.9374007936507935,0.0,0.6363636363636364,0.07046305111089879,1.384090542793274
random_5pct_seed1,13,2045,"11,12,13,14,15",medical,0.9950413223140495,0.0066115702479339015,0.9727272727272727,0.9091269841269841,0.0,0.6818181818181818,0.06627716433543085,1.520554780960083
random_5pct_seed1,14,2045,"11,12,13,14,15",medical,0.9933884297520661,0.009637937016273234,0.9454545454545455,0.924702380952381,0.0,0.6818181818181818,0.055317794708519163,1.7018626928329468
random_5pct_seed1,15,2045,"11,12,13,14,15",medical,0.9917355371900826,0.016528925619834746,0.9272727272727274,0.9124007936507936,0.0,0.6363636363636364,0.013089909375302078,2.2674400806427
random_5pct_seed2,0,2045,"11,12,13,14,15",medical,0.947107438016529,0.03289214668121058,0.8272727272727274,0.7699404761904761,0.0,0.36363636363636365,0.17995465462887605,0.8756478428840637
random_5pct_seed2,1,2045,"11,12,13,14,15",medical,0.9867768595041323,0.01342816265229085,0.9363636363636363,0.9009920634920635,0.0,0.5,0.22547125870303997,0.8933255076408386
random_5pct_seed2,2,2045,"11,12,13,14,15",medical,0.9917355371900827,0.01280325073126419,0.9272727272727274,0.9446428571428571,0.0,0.5454545454545454,0.153874190949151,0.9511783719062805
random_5pct_seed2,3,2045,"11,12,13,14,15",medical,0.9966942148760329,0.006611570247933907,0.9454545454545455,0.9691468253968253,0.0,0.6818181818181818,0.12773042291833114,0.9450054168701172
random_5pct_seed2,4,2045,"11,12,13,14,15",medical,0.9983471074380166,0.0033057851239669312,0.9727272727272727,0.9580357142857142,0.0,0.6363636363636364,0.10597495518197653,0.9623542428016663
random_5pct_seed2,5,2045,"11,12,13,14,15",medical,0.9950413223140495,0.0066115702479339015,0.9727272727272727,0.9565476190476191,0.0,0.6818181818181818,0.11468979349909847,0.9820873141288757
random_5pct_seed2,6,2045,"11,12,13,14,15",medical,0.9966942148760329,0.006611570247933907,0.9636363636363636,0.9581349206349207,0.0,0.6363636363636364,0.10806184339513603,0.9966824650764465
random_5pct_seed2,7,2045,"11,12,13,14,15",medical,0.9966942148760332,0.004048743376501108,0.9545454545454547,0.9591269841269842,0.0,0.6818181818181818,0.09711255537015351,0.9870999455451965
random_5pct_seed2,8,2045,"11,12,13,14,15",medical,0.9966942148760332,0.004048743376501108,0.9727272727272727,0.9556547619047621,0.0,0.5909090909090909,0.0776465632411284,1.0104519128799438
random_5pct_seed2,9,2045,"11,12,13,14,15",medical,0.9983471074380166,0.0033057851239669312,0.9818181818181818,0.9621031746031746,0.0,0.6363636363636364,0.06611044757284945,1.0666006803512573
random_5pct_seed2,10,2045,"11,12,13,14,15",medical,1.0,0.0,0.9636363636363636,0.9551587301587302,0.0,0.5909090909090909,0.06918627513530262,1.148691177368164
random_5pct_seed2,11,2045,"11,12,13,14,15",medical,0.9983471074380166,0.0033057851239669312,0.990909090909091,0.9460317460317461,0.0,0.6818181818181818,0.06195813312123477,1.2326533794403076
random_5pct_seed2,12,2045,"11,12,13,14,15",medical,0.9983471074380166,0.0033057851239669312,0.9727272727272727,0.9314484126984127,0.0,0.6363636363636364,0.06817981464381773,1.3690928220748901
random_5pct_seed2,13,2045,"11,12,13,14,15",medical,0.9950413223140497,0.004048743376501108,0.9727272727272727,0.9127976190476191,0.0,0.6363636363636364,0.06329911769275709,1.4823274612426758
random_5pct_seed2,14,2045,"11,12,13,14,15",medical,0.9966942148760332,0.006611570247933907,0.9454545454545455,0.9248015873015873,0.0,0.6818181818181818,0.054031914554613536,1.6401110887527466
random_5pct_seed2,15,2045,"11,12,13,14,15",medical,0.9867768595041323,0.011210462782025246,0.9272727272727274,0.9155753968253969,0.0,0.6363636363636364,0.01165802958329265,2.1776463985443115
random_5pct_seed3,0,2045,"11,12,13,14,15",medical,0.947107438016529,0.03289214668121058,0.8272727272727274,0.7699404761904761,0.0,0.36363636363636365,0.17995465462887605,0.8756478428840637
random_5pct_seed3,1,2045,"11,12,13,14,15",medical,0.9867768595041323,0.01342816265229085,0.9363636363636363,0.9009920634920635,0.0,0.5,0.22547125870303997,0.8933255076408386
random_5pct_seed3,2,2045,"11,12,13,14,15",medical,0.9917355371900827,0.01280325073126419,0.9272727272727274,0.9446428571428571,0.0,0.5454545454545454,0.153874190949151,0.9511783719062805
random_5pct_seed3,3,2045,"11,12,13,14,15",medical,0.9966942148760329,0.006611570247933907,0.9454545454545455,0.9691468253968253,0.0,0.6818181818181818,0.12773042291833114,0.9450054168701172
random_5pct_seed3,4,2045,"11,12,13,14,15",medical,0.9983471074380166,0.0033057851239669312,0.9727272727272727,0.9580357142857142,0.0,0.6363636363636364,0.10597495518197653,0.9623542428016663
random_5pct_seed3,5,2045,"11,12,13,14,15",medical,0.9950413223140495,0.0066115702479339015,0.9727272727272727,0.9565476190476191,0.0,0.6818181818181818,0.11468979349909847,0.9820873141288757
random_5pct_seed3,6,2045,"11,12,13,14,15",medical,0.9966942148760329,0.006611570247933907,0.9636363636363636,0.9581349206349207,0.0,0.6363636363636364,0.10806184339513603,0.9966824650764465
random_5pct_seed3,7,2045,"11,12,13,14,15",medical,0.9966942148760332,0.004048743376501108,0.9545454545454547,0.9591269841269842,0.0,0.6818181818181818,0.09711255537015351,0.9870999455451965
random_5pct_seed3,8,2045,"11,12,13,14,15",medical,0.9966942148760332,0.004048743376501108,0.9727272727272727,0.9556547619047621,0.0,0.5909090909090909,0.0776465632411284,1.0104519128799438
random_5pct_seed3,9,2045,"11,12,13,14,15",medical,0.9983471074380166,0.0033057851239669312,0.9818181818181818,0.9621031746031746,0.0,0.6363636363636364,0.06611044757284945,1.0666006803512573
random_5pct_seed3,10,2045,"11,12,13,14,15",medical,1.0,0.0,0.9636363636363636,0.9551587301587302,0.0,0.5909090909090909,0.06918627513530262,1.148691177368164
random_5pct_seed3,11,2045,"11,12,13,14,15",medical,0.9983471074380166,0.0033057851239669312,0.990909090909091,0.9496031746031746,0.0,0.6818181818181818,0.06238395953493203,1.2334142923355103
random_5pct_seed3,12,2045,"11,12,13,14,15",medical,0.9983471074380166,0.0033057851239669312,0.9818181818181818,0.9389880952380952,0.0,0.5909090909090909,0.06963554106198033,1.3672161102294922
random_5pct_seed3,13,2045,"11,12,13,14,15",medical,0.9966942148760332,0.004048743376501108,0.9727272727272727,0.9253968253968254,0.0,0.6818181818181818,0.06275654795149133,1.4793269634246826
random_5pct_seed3,14,2045,"11,12,13,14,15",medical,0.9983471074380166,0.0033057851239669312,0.9636363636363636,0.9282738095238094,0.0,0.6818181818181818,0.05302437167635232,1.659915566444397
random_5pct_seed3,15,2045,"11,12,13,14,15",medical,0.9900826446280991,0.008097486753002255,0.9272727272727274,0.9154761904761904,0.0,0.6363636363636364,0.012522724065842539,2.2306222915649414
random_5pct_seed4,0,2045,"11,12,13,14,15",medical,0.947107438016529,0.03289214668121058,0.8272727272727274,0.7699404761904761,0.0,0.36363636363636365,0.17995465462887605,0.8756478428840637
random_5pct_seed4,1,2045,"11,12,13,14,15",medical,0.9867768595041323,0.01342816265229085,0.9363636363636363,0.9009920634920635,0.0,0.5,0.22547125870303997,0.8933255076408386
random_5pct_seed4,2,2045,"11,12,13,14,15",medical,0.9917355371900827,0.01280325073126419,0.9272727272727274,0.9446428571428571,0.0,0.5454545454545454,0.153874190949151,0.9511783719062805
random_5pct_seed4,3,2045,"11,12,13,14,15",medical,0.9966942148760329,0.006611570247933907,0.9454545454545455,0.9691468253968253,0.0,0.6818181818181818,0.12773042291833114,0.9450054168701172
random_5pct_seed4,4,2045,"11,12,13,14,15",medical,0.9983471074380166,0.0033057851239669312,0.9727272727272727,0.9580357142857142,0.0,0.6363636363636364,0.10597495518197653,0.9623542428016663
random_5pct_seed4,5,2045,"11,12,13,14,15",medical,0.9950413223140495,0.0066115702479339015,0.9727272727272727,0.9565476190476191,0.0,0.6818181818181818,0.11468979349909847,0.9820873141288757
random_5pct_seed4,6,2045,"11,12,13,14,15",medical,0.9966942148760329,0.006611570247933907,0.9636363636363636,0.9581349206349207,0.0,0.6363636363636364,0.10806184339513603,0.9966824650764465
random_5pct_seed4,7,2045,"11,12,13,14,15",medical,0.9966942148760332,0.004048743376501108,0.9545454545454547,0.9591269841269842,0.0,0.6818181818181818,0.09711255537015351,0.9870999455451965
random_5pct_seed4,8,2045,"11,12,13,14,15",medical,0.9966942148760332,0.004048743376501108,0.9727272727272727,0.9556547619047621,0.0,0.5909090909090909,0.0776465632411284,1.0104519128799438
random_5pct_seed4,9,2045,"11,12,13,14,15",medical,0.9983471074380166,0.0033057851239669312,0.9818181818181818,0.9621031746031746,0.0,0.6363636363636364,0.06611044757284945,1.0666006803512573
random_5pct_seed4,10,2045,"11,12,13,14,15",medical,1.0,0.0,0.9636363636363636,0.9551587301587302,0.0,0.5909090909090909,0.06918627513530262,1.148691177368164
random_5pct_seed4,11,2045,"11,12,13,14,15",medical,0.9983471074380166,0.0033057851239669312,0.990909090909091,0.9476190476190477,0.0,0.6818181818181818,0.062305117091498,1.2346665859222412
random_5pct_seed4,12,2045,"11,12,13,14,15",medical,0.9983471074380166,0.0033057851239669312,0.9636363636363636,0.9294642857142856,0.0,0.5909090909090909,0.06938978907087667,1.3801993131637573
random_5pct_seed4,13,2045,"11,12,13,14,15",medical,0.9966942148760332,0.004048743376501108,0.9636363636363636,0.915873015873016,0.0,0.6818181818181818,0.06473682161623229,1.5237903594970703
random_5pct_seed4,14,2045,"11,12,13,14,15",medical,0.9983471074380166,0.0033057851239669312,0.9545454545454547,0.9228174603174603,0.0,0.6818181818181818,0.05539630131801321,1.7177585363388062
random_5pct_seed4,15,2045,"11,12,13,14,15",medical,0.9917355371900827,0.01280325073126419,0.9272727272727274,0.9191468253968254,0.0,0.6363636363636364,0.012744459446850986,2.2891831398010254
affinity_10pct,0,4095,"11,12,13,14,15",medical,0.947107438016529,0.03289214668121058,0.8272727272727274,0.7699404761904761,0.0,0.36363636363636365,0.17995465462887605,0.8756478428840637
affinity_10pct,1,4095,"11,12,13,14,15",medical,0.9867768595041323,0.01342816265229085,0.9363636363636363,0.9009920634920635,0.0,0.5,0.22547125870303997,0.8933255076408386
affinity_10pct,2,4095,"11,12,13,14,15",medical,0.9917355371900827,0.01280325073126419,0.9272727272727274,0.9446428571428571,0.0,0.5454545454545454,0.153874190949151,0.9511783719062805
affinity_10pct,3,4095,"11,12,13,14,15",medical,0.9966942148760329,0.006611570247933907,0.9454545454545455,0.9691468253968253,0.0,0.6818181818181818,0.12773042291833114,0.9450054168701172
affinity_10pct,4,4095,"11,12,13,14,15",medical,0.9983471074380166,0.0033057851239669312,0.9727272727272727,0.9580357142857142,0.0,0.6363636363636364,0.10597495518197653,0.9623542428016663
affinity_10pct,5,4095,"11,12,13,14,15",medical,0.9950413223140495,0.0066115702479339015,0.9727272727272727,0.9565476190476191,0.0,0.6818181818181818,0.11468979349909847,0.9820873141288757
affinity_10pct,6,4095,"11,12,13,14,15",medical,0.9966942148760329,0.006611570247933907,0.9636363636363636,0.9581349206349207,0.0,0.6363636363636364,0.10806184339513603,0.9966824650764465
affinity_10pct,7,4095,"11,12,13,14,15",medical,0.9966942148760332,0.004048743376501108,0.9545454545454547,0.9591269841269842,0.0,0.6818181818181818,0.09711255537015351,0.9870999455451965
affinity_10pct,8,4095,"11,12,13,14,15",medical,0.9966942148760332,0.004048743376501108,0.9727272727272727,0.9556547619047621,0.0,0.5909090909090909,0.0776465632411284,1.0104519128799438
affinity_10pct,9,4095,"11,12,13,14,15",medical,0.9983471074380166,0.0033057851239669312,0.9818181818181818,0.9621031746031746,0.0,0.6363636363636364,0.06611044757284945,1.0666006803512573
affinity_10pct,10,4095,"11,12,13,14,15",medical,1.0,0.0,0.9636363636363636,0.9551587301587302,0.0,0.5909090909090909,0.06918627513530262,1.148691177368164
affinity_10pct,11,4095,"11,12,13,14,15",medical,0.9983471074380166,0.0033057851239669312,0.990909090909091,0.9496031746031746,0.0,0.6818181818181818,0.06389135970813953,1.234791874885559
affinity_10pct,12,4095,"11,12,13,14,15",medical,0.9966942148760329,0.006611570247933907,0.9818181818181818,0.9354166666666668,0.0,0.6363636363636364,0.06246085014066749,1.305806040763855
affinity_10pct,13,4095,"11,12,13,14,15",medical,0.9950413223140497,0.004048743376501108,0.9636363636363636,0.9015873015873017,0.0,0.6818181818181818,0.0608855789792625,1.368506669998169
affinity_10pct,14,4095,"11,12,13,14,15",medical,0.9933884297520661,0.0061845576640891745,0.9545454545454545,0.9263888888888889,0.0,0.6818181818181818,0.05525022255917644,1.5294723510742188
affinity_10pct,15,4095,"11,12,13,14,15",medical,0.9884297520661157,0.015328295033877231,0.9454545454545455,0.9261904761904762,0.0,0.6363636363636364,0.02011019996623964,1.9977267980575562
coverage_10pct,0,4095,"11,12,13,14,15",medical,0.947107438016529,0.03289214668121058,0.8272727272727274,0.7699404761904761,0.0,0.36363636363636365,0.17995465462887605,0.8756478428840637
coverage_10pct,1,4095,"11,12,13,14,15",medical,0.9867768595041323,0.01342816265229085,0.9363636363636363,0.9009920634920635,0.0,0.5,0.22547125870303997,0.8933255076408386
coverage_10pct,2,4095,"11,12,13,14,15",medical,0.9917355371900827,0.01280325073126419,0.9272727272727274,0.9446428571428571,0.0,0.5454545454545454,0.153874190949151,0.9511783719062805
coverage_10pct,3,4095,"11,12,13,14,15",medical,0.9966942148760329,0.006611570247933907,0.9454545454545455,0.9691468253968253,0.0,0.6818181818181818,0.12773042291833114,0.9450054168701172
coverage_10pct,4,4095,"11,12,13,14,15",medical,0.9983471074380166,0.0033057851239669312,0.9727272727272727,0.9580357142857142,0.0,0.6363636363636364,0.10597495518197653,0.9623542428016663
coverage_10pct,5,4095,"11,12,13,14,15",medical,0.9950413223140495,0.0066115702479339015,0.9727272727272727,0.9565476190476191,0.0,0.6818181818181818,0.11468979349909847,0.9820873141288757
coverage_10pct,6,4095,"11,12,13,14,15",medical,0.9966942148760329,0.006611570247933907,0.9636363636363636,0.9581349206349207,0.0,0.6363636363636364,0.10806184339513603,0.9966824650764465
coverage_10pct,7,4095,"11,12,13,14,15",medical,0.9966942148760332,0.004048743376501108,0.9545454545454547,0.9591269841269842,0.0,0.6818181818181818,0.09711255537015351,0.9870999455451965
coverage_10pct,8,4095,"11,12,13,14,15",medical,0.9966942148760332,0.004048743376501108,0.9727272727272727,0.9556547619047621,0.0,0.5909090909090909,0.0776465632411284,1.0104519128799438
coverage_10pct,9,4095,"11,12,13,14,15",medical,0.9983471074380166,0.0033057851239669312,0.9818181818181818,0.9621031746031746,0.0,0.6363636363636364,0.06611044757284945,1.0666006803512573
coverage_10pct,10,4095,"11,12,13,14,15",medical,1.0,0.0,0.9636363636363636,0.9551587301587302,0.0,0.5909090909090909,0.06918627513530262,1.148691177368164
coverage_10pct,11,4095,"11,12,13,14,15",medical,0.9983471074380166,0.0033057851239669312,0.990909090909091,0.9496031746031746,0.0,0.6818181818181818,0.06016535366901021,1.2175811529159546
coverage_10pct,12,4095,"11,12,13,14,15",medical,0.9966942148760332,0.004048743376501108,0.9727272727272727,0.9346230158730159,0.0,0.6818181818181818,0.06405469869769187,1.3010210990905762
coverage_10pct,13,4095,"11,12,13,14,15",medical,0.9933884297520661,0.00809748675300227,0.9545454545454545,0.9106150793650792,0.0,0.6818181818181818,0.058674367909796854,1.4361748695373535
coverage_10pct,14,4095,"11,12,13,14,15",medical,0.9950413223140495,0.0066115702479339015,0.9545454545454545,0.9403769841269841,0.0,0.6818181818181818,0.054008607739801984,1.6261146068572998
coverage_10pct,15,4095,"11,12,13,14,15",medical,0.9834710743801652,0.01733568344082898,0.9,0.9399801587301587,0.0,0.6818181818181818,0.02658500086029969,2.1064329147338867
mass_10pct,0,4095,"11,12,13,14,15",medical,0.947107438016529,0.03289214668121058,0.8272727272727274,0.7699404761904761,0.0,0.36363636363636365,0.17995465462887605,0.8756478428840637
mass_10pct,1,4095,"11,12,13,14,15",medical,0.9867768595041323,0.01342816265229085,0.9363636363636363,0.9009920634920635,0.0,0.5,0.22547125870303997,0.8933255076408386
mass_10pct,2,4095,"11,12,13,14,15",medical,0.9917355371900827,0.01280325073126419,0.9272727272727274,0.9446428571428571,0.0,0.5454545454545454,0.153874190949151,0.9511783719062805
mass_10pct,3,4095,"11,12,13,14,15",medical,0.9966942148760329,0.006611570247933907,0.9454545454545455,0.9691468253968253,0.0,0.6818181818181818,0.12773042291833114,0.9450054168701172
mass_10pct,4,4095,"11,12,13,14,15",medical,0.9983471074380166,0.0033057851239669312,0.9727272727272727,0.9580357142857142,0.0,0.6363636363636364,0.10597495518197653,0.9623542428016663
mass_10pct,5,4095,"11,12,13,14,15",medical,0.9950413223140495,0.0066115702479339015,0.9727272727272727,0.9565476190476191,0.0,0.6818181818181818,0.11468979349909847,0.9820873141288757
mass_10pct,6,4095,"11,12,13,14,15",medical,0.9966942148760329,0.006611570247933907,0.9636363636363636,0.9581349206349207,0.0,0.6363636363636364,0.10806184339513603,0.9966824650764465
mass_10pct,7,4095,"11,12,13,14,15",medical,0.9966942148760332,0.004048743376501108,0.9545454545454547,0.9591269841269842,0.0,0.6818181818181818,0.09711255537015351,0.9870999455451965
mass_10pct,8,4095,"11,12,13,14,15",medical,0.9966942148760332,0.004048743376501108,0.9727272727272727,0.9556547619047621,0.0,0.5909090909090909,0.0776465632411284,1.0104519128799438
mass_10pct,9,4095,"11,12,13,14,15",medical,0.9983471074380166,0.0033057851239669312,0.9818181818181818,0.9621031746031746,0.0,0.6363636363636364,0.06611044757284945,1.0666006803512573
mass_10pct,10,4095,"11,12,13,14,15",medical,1.0,0.0,0.9636363636363636,0.9551587301587302,0.0,0.5909090909090909,0.06918627513530262,1.148691177368164
mass_10pct,11,4095,"11,12,13,14,15",medical,0.9966942148760329,0.006611570247933907,0.990909090909091,0.9480158730158731,0.0,0.6818181818181818,0.06096578766163463,1.2176016569137573
mass_10pct,12,4095,"11,12,13,14,15",medical,0.9950413223140495,0.0066115702479339015,0.9818181818181818,0.9425595238095239,0.0,0.7272727272727273,0.06186903585233727,1.2715907096862793
mass_10pct,13,4095,"11,12,13,14,15",medical,0.9933884297520661,0.0061845576640891745,0.9636363636363636,0.9523809523809524,0.0,0.6363636363636364,0.054909658609244016,1.3427250385284424
mass_10pct,14,4095,"11,12,13,14,15",medical,0.9950413223140495,0.0066115702479339015,0.9545454545454545,0.9523809523809524,0.0,0.6363636363636364,0.04986459176503821,1.5090506076812744
mass_10pct,15,4095,"11,12,13,14,15",medical,0.9851239669421489,0.01840583260439679,0.9090909090909092,0.9633928571428572,0.0,0.7272727272727273,0.019674619891144385,1.9007853269577026
random_10pct_seed0,0,4095,"11,12,13,14,15",medical,0.947107438016529,0.03289214668121058,0.8272727272727274,0.7699404761904761,0.0,0.36363636363636365,0.17995465462887605,0.8756478428840637
random_10pct_seed0,1,4095,"11,12,13,14,15",medical,0.9867768595041323,0.01342816265229085,0.9363636363636363,0.9009920634920635,0.0,0.5,0.22547125870303997,0.8933255076408386
random_10pct_seed0,2,4095,"11,12,13,14,15",medical,0.9917355371900827,0.01280325073126419,0.9272727272727274,0.9446428571428571,0.0,0.5454545454545454,0.153874190949151,0.9511783719062805
random_10pct_seed0,3,4095,"11,12,13,14,15",medical,0.9966942148760329,0.006611570247933907,0.9454545454545455,0.9691468253968253,0.0,0.6818181818181818,0.12773042291833114,0.9450054168701172
random_10pct_seed0,4,4095,"11,12,13,14,15",medical,0.9983471074380166,0.0033057851239669312,0.9727272727272727,0.9580357142857142,0.0,0.6363636363636364,0.10597495518197653,0.9623542428016663
random_10pct_seed0,5,4095,"11,12,13,14,15",medical,0.9950413223140495,0.0066115702479339015,0.9727272727272727,0.9565476190476191,0.0,0.6818181818181818,0.11468979349909847,0.9820873141288757
random_10pct_seed0,6,4095,"11,12,13,14,15",medical,0.9966942148760329,0.006611570247933907,0.9636363636363636,0.9581349206349207,0.0,0.6363636363636364,0.10806184339513603,0.9966824650764465
random_10pct_seed0,7,4095,"11,12,13,14,15",medical,0.9966942148760332,0.004048743376501108,0.9545454545454547,0.9591269841269842,0.0,0.6818181818181818,0.09711255537015351,0.9870999455451965
random_10pct_seed0,8,4095,"11,12,13,14,15",medical,0.9966942148760332,0.004048743376501108,0.9727272727272727,0.9556547619047621,0.0,0.5909090909090909,0.0776465632411284,1.0104519128799438
random_10pct_seed0,9,4095,"11,12,13,14,15",medical,0.9983471074380166,0.0033057851239669312,0.9818181818181818,0.9621031746031746,0.0,0.6363636363636364,0.06611044757284945,1.0666006803512573
random_10pct_seed0,10,4095,"11,12,13,14,15",medical,1.0,0.0,0.9636363636363636,0.9551587301587302,0.0,0.5909090909090909,0.06918627513530262,1.148691177368164
random_10pct_seed0,11,4095,"11,12,13,14,15",medical,0.9966942148760329,0.006611570247933907,0.990909090909091,0.9496031746031746,0.0,0.6818181818181818,0.0626477938666975,1.2299546003341675
random_10pct_seed0,12,4095,"11,12,13,14,15",medical,0.9966942148760332,0.004048743376501108,0.9727272727272727,0.93859126984127,0.0,0.6363636363636364,0.07059771700078299,1.367756962776184
random_10pct_seed0,13,4095,"11,12,13,14,15",medical,0.9966942148760332,0.004048743376501108,0.9727272727272727,0.9322420634920635,0.0,0.6363636363636364,0.06592466846924017,1.4794763326644897
random_10pct_seed0,14,4095,"11,12,13,14,15",medical,0.9917355371900826,0.010453810446837635,0.9636363636363636,0.9446428571428571,0.0,0.6818181818181818,0.05696685379359023,1.644066333770752
random_10pct_seed0,15,4095,"11,12,13,14,15",medical,0.9851239669421487,0.017648063226498062,0.9090909090909092,0.9454365079365079,0.0,0.6363636363636364,0.012593147148698192,2.1794116497039795
random_10pct_seed1,0,4095,"11,12,13,14,15",medical,0.947107438016529,0.03289214668121058,0.8272727272727274,0.7699404761904761,0.0,0.36363636363636365,0.17995465462887605,0.8756478428840637
random_10pct_seed1,1,4095,"11,12,13,14,15",medical,0.9867768595041323,0.01342816265229085,0.9363636363636363,0.9009920634920635,0.0,0.5,0.22547125870303997,0.8933255076408386
random_10pct_seed1,2,4095,"11,12,13,14,15",medical,0.9917355371900827,0.01280325073126419,0.9272727272727274,0.9446428571428571,0.0,0.5454545454545454,0.153874190949151,0.9511783719062805
random_10pct_seed1,3,4095,"11,12,13,14,15",medical,0.9966942148760329,0.006611570247933907,0.9454545454545455,0.9691468253968253,0.0,0.6818181818181818,0.12773042291833114,0.9450054168701172
random_10pct_seed1,4,4095,"11,12,13,14,15",medical,0.9983471074380166,0.0033057851239669312,0.9727272727272727,0.9580357142857142,0.0,0.6363636363636364,0.10597495518197653,0.9623542428016663
random_10pct_seed1,5,4095,"11,12,13,14,15",medical,0.9950413223140495,0.0066115702479339015,0.9727272727272727,0.9565476190476191,0.0,0.6818181818181818,0.11468979349909847,0.9820873141288757
random_10pct_seed1,6,4095,"11,12,13,14,15",medical,0.9966942148760329,0.006611570247933907,0.9636363636363636,0.9581349206349207,0.0,0.6363636363636364,0.10806184339513603,0.9966824650764465
random_10pct_seed1,7,4095,"11,12,13,14,15",medical,0.9966942148760332,0.004048743376501108,0.9545454545454547,0.9591269841269842,0.0,0.6818181818181818,0.09711255537015351,0.9870999455451965
random_10pct_seed1,8,4095,"11,12,13,14,15",medical,0.9966942148760332,0.004048743376501108,0.9727272727272727,0.9556547619047621,0.0,0.5909090909090909,0.0776465632411284,1.0104519128799438
random_10pct_seed1,9,4095,"11,12,13,14,15",medical,0.9983471074380166,0.0033057851239669312,0.9818181818181818,0.9621031746031746,0.0,0.6363636363636364,0.06611044757284945,1.0666006803512573
random_10pct_seed1,10,4095,"11,12,13,14,15",medical,1.0,0.0,0.9636363636363636,0.9551587301587302,0.0,0.5909090909090909,0.06918627513530262,1.148691177368164
random_10pct_seed1,11,4095,"11,12,13,14,15",medical,0.9983471074380166,0.0033057851239669312,0.990909090909091,0.9496031746031746,0.0,0.6818181818181818,0.062101344537733416,1.2410281896591187
random_10pct_seed1,12,4095,"11,12,13,14,15",medical,0.9966942148760332,0.004048743376501108,0.9727272727272727,0.9374007936507935,0.0,0.5909090909090909,0.07035578150340349,1.3881382942199707
random_10pct_seed1,13,4095,"11,12,13,14,15",medical,0.9966942148760332,0.004048743376501108,0.9636363636363636,0.9253968253968254,0.0,0.6818181818181818,0.065222090038629,1.50773024559021
random_10pct_seed1,14,4095,"11,12,13,14,15",medical,0.9933884297520661,0.009637937016273234,0.9636363636363636,0.9317460317460318,0.0,0.6818181818181818,0.05524943246241032,1.675770878791809
random_10pct_seed1,15,4095,"11,12,13,14,15",medical,0.9867768595041323,0.018553672992267504,0.9363636363636363,0.9143849206349206,0.0,0.6363636363636364,0.012866341575122342,2.214566946029663
random_10pct_seed2,0,4095,"11,12,13,14,15",medical,0.947107438016529,0.03289214668121058,0.8272727272727274,0.7699404761904761,0.0,0.36363636363636365,0.17995465462887605,0.8756478428840637
random_10pct_seed2,1,4095,"11,12,13,14,15",medical,0.9867768595041323,0.01342816265229085,0.9363636363636363,0.9009920634920635,0.0,0.5,0.22547125870303997,0.8933255076408386
random_10pct_seed2,2,4095,"11,12,13,14,15",medical,0.9917355371900827,0.01280325073126419,0.9272727272727274,0.9446428571428571,0.0,0.5454545454545454,0.153874190949151,0.9511783719062805
random_10pct_seed2,3,4095,"11,12,13,14,15",medical,0.9966942148760329,0.006611570247933907,0.9454545454545455,0.9691468253968253,0.0,0.6818181818181818,0.12773042291833114,0.9450054168701172
random_10pct_seed2,4,4095,"11,12,13,14,15",medical,0.9983471074380166,0.0033057851239669312,0.9727272727272727,0.9580357142857142,0.0,0.6363636363636364,0.10597495518197653,0.9623542428016663
random_10pct_seed2,5,4095,"11,12,13,14,15",medical,0.9950413223140495,0.0066115702479339015,0.9727272727272727,0.9565476190476191,0.0,0.6818181818181818,0.11468979349909847,0.9820873141288757
random_10pct_seed2,6,4095,"11,12,13,14,15",medical,0.9966942148760329,0.006611570247933907,0.9636363636363636,0.9581349206349207,0.0,0.6363636363636364,0.10806184339513603,0.9966824650764465
random_10pct_seed2,7,4095,"11,12,13,14,15",medical,0.9966942148760332,0.004048743376501108,0.9545454545454547,0.9591269841269842,0.0,0.6818181818181818,0.09711255537015351,0.9870999455451965
random_10pct_seed2,8,4095,"11,12,13,14,15",medical,0.9966942148760332,0.004048743376501108,0.9727272727272727,0.9556547619047621,0.0,0.5909090909090909,0.0776465632411284,1.0104519128799438
random_10pct_seed2,9,4095,"11,12,13,14,15",medical,0.9983471074380166,0.0033057851239669312,0.9818181818181818,0.9621031746031746,0.0,0.6363636363636364,0.06611044757284945,1.0666006803512573
random_10pct_seed2,10,4095,"11,12,13,14,15",medical,1.0,0.0,0.9636363636363636,0.9551587301587302,0.0,0.5909090909090909,0.06918627513530262,1.148691177368164
random_10pct_seed2,11,4095,"11,12,13,14,15",medical,0.9983471074380166,0.0033057851239669312,0.990909090909091,0.9496031746031746,0.0,0.6818181818181818,0.062285126886500564,1.229856014251709
random_10pct_seed2,12,4095,"11,12,13,14,15",medical,0.9966942148760332,0.004048743376501108,0.9727272727272727,0.9274801587301587,0.0,0.6363636363636364,0.0663873475936878,1.3406171798706055
random_10pct_seed2,13,4095,"11,12,13,14,15",medical,0.9933884297520661,0.0061845576640891745,0.9636363636363636,0.9276785714285715,0.0,0.6363636363636364,0.061079947080698305,1.4343535900115967
random_10pct_seed2,14,4095,"11,12,13,14,15",medical,0.9917355371900827,0.007391960256197676,0.9363636363636363,0.9411706349206349,0.0,0.6363636363636364,0.052626159888044644,1.592284917831421
random_10pct_seed2,15,4095,"11,12,13,14,15",medical,0.9851239669421487,0.017648063226498062,0.9181818181818182,0.9228174603174603,0.0,0.6363636363636364,0.01221662324917705,2.1183271408081055
random_10pct_seed3,0,4095,"11,12,13,14,15",medical,0.947107438016529,0.03289214668121058,0.8272727272727274,0.7699404761904761,0.0,0.36363636363636365,0.17995465462887605,0.8756478428840637
random_10pct_seed3,1,4095,"11,12,13,14,15",medical,0.9867768595041323,0.01342816265229085,0.9363636363636363,0.9009920634920635,0.0,0.5,0.22547125870303997,0.8933255076408386
random_10pct_seed3,2,4095,"11,12,13,14,15",medical,0.9917355371900827,0.01280325073126419,0.9272727272727274,0.9446428571428571,0.0,0.5454545454545454,0.153874190949151,0.9511783719062805
random_10pct_seed3,3,4095,"11,12,13,14,15",medical,0.9966942148760329,0.006611570247933907,0.9454545454545455,0.9691468253968253,0.0,0.6818181818181818,0.12773042291833114,0.9450054168701172
random_10pct_seed3,4,4095,"11,12,13,14,15",medical,0.9983471074380166,0.0033057851239669312,0.9727272727272727,0.9580357142857142,0.0,0.6363636363636364,0.10597495518197653,0.9623542428016663
random_10pct_seed3,5,4095,"11,12,13,14,15",medical,0.9950413223140495,0.0066115702479339015,0.9727272727272727,0.9565476190476191,0.0,0.6818181818181818,0.11468979349909847,0.9820873141288757
random_10pct_seed3,6,4095,"11,12,13,14,15",medical,0.9966942148760329,0.006611570247933907,0.9636363636363636,0.9581349206349207,0.0,0.6363636363636364,0.10806184339513603,0.9966824650764465
random_10pct_seed3,7,4095,"11,12,13,14,15",medical,0.9966942148760332,0.004048743376501108,0.9545454545454547,0.9591269841269842,0.0,0.6818181818181818,0.09711255537015351,0.9870999455451965
random_10pct_seed3,8,4095,"11,12,13,14,15",medical,0.9966942148760332,0.004048743376501108,0.9727272727272727,0.9556547619047621,0.0,0.5909090909090909,0.0776465632411284,1.0104519128799438
random_10pct_seed3,9,4095,"11,12,13,14,15",medical,0.9983471074380166,0.0033057851239669312,0.9818181818181818,0.9621031746031746,0.0,0.6363636363636364,0.06611044757284945,1.0666006803512573
random_10pct_seed3,10,4095,"11,12,13,14,15",medical,1.0,0.0,0.9636363636363636,0.9551587301587302,0.0,0.5909090909090909,0.06918627513530262,1.148691177368164
random_10pct_seed3,11,4095,"11,12,13,14,15",medical,0.9983471074380166,0.0033057851239669312,0.990909090909091,0.9496031746031746,0.0,0.6818181818181818,0.06199181515258234,1.231703519821167
random_10pct_seed3,12,4095,"11,12,13,14,15",medical,0.9983471074380166,0.0033057851239669312,0.9727272727272727,0.9314484126984127,0.0,0.5909090909090909,0.07010681652923767,1.3640720844268799
random_10pct_seed3,13,4095,"11,12,13,14,15",medical,0.9966942148760332,0.004048743376501108,0.9727272727272727,0.9214285714285715,0.0,0.6818181818181818,0.06282960164152296,1.4585318565368652
random_10pct_seed3,14,4095,"11,12,13,14,15",medical,1.0,0.0,0.9727272727272727,0.9425595238095238,0.0,0.6818181818181818,0.054510860401375094,1.6352417469024658
random_10pct_seed3,15,4095,"11,12,13,14,15",medical,0.9900826446280991,0.012146230129503364,0.9272727272727274,0.9358134920634921,0.0,0.6818181818181818,0.012872852521405687,2.1967217922210693
random_10pct_seed4,0,4095,"11,12,13,14,15",medical,0.947107438016529,0.03289214668121058,0.8272727272727274,0.7699404761904761,0.0,0.36363636363636365,0.17995465462887605,0.8756478428840637
random_10pct_seed4,1,4095,"11,12,13,14,15",medical,0.9867768595041323,0.01342816265229085,0.9363636363636363,0.9009920634920635,0.0,0.5,0.22547125870303997,0.8933255076408386
random_10pct_seed4,2,4095,"11,12,13,14,15",medical,0.9917355371900827,0.01280325073126419,0.9272727272727274,0.9446428571428571,0.0,0.5454545454545454,0.153874190949151,0.9511783719062805
random_10pct_seed4,3,4095,"11,12,13,14,15",medical,0.9966942148760329,0.006611570247933907,0.9454545454545455,0.9691468253968253,0.0,0.6818181818181818,0.12773042291833114,0.9450054168701172
random_10pct_seed4,4,4095,"11,12,13,14,15",medical,0.9983471074380166,0.0033057851239669312,0.9727272727272727,0.9580357142857142,0.0,0.6363636363636364,0.10597495518197653,0.9623542428016663
random_10pct_seed4,5,4095,"11,12,13,14,15",medical,0.9950413223140495,0.0066115702479339015,0.9727272727272727,0.9565476190476191,0.0,0.6818181818181818,0.11468979349909847,0.9820873141288757
random_10pct_seed4,6,4095,"11,12,13,14,15",medical,0.9966942148760329,0.006611570247933907,0.9636363636363636,0.9581349206349207,0.0,0.6363636363636364,0.10806184339513603,0.9966824650764465
random_10pct_seed4,7,4095,"11,12,13,14,15",medical,0.9966942148760332,0.004048743376501108,0.9545454545454547,0.9591269841269842,0.0,0.6818181818181818,0.09711255537015351,0.9870999455451965
random_10pct_seed4,8,4095,"11,12,13,14,15",medical,0.9966942148760332,0.004048743376501108,0.9727272727272727,0.9556547619047621,0.0,0.5909090909090909,0.0776465632411284,1.0104519128799438
random_10pct_seed4,9,4095,"11,12,13,14,15",medical,0.9983471074380166,0.0033057851239669312,0.9818181818181818,0.9621031746031746,0.0,0.6363636363636364,0.06611044757284945,1.0666006803512573
random_10pct_seed4,10,4095,"11,12,13,14,15",medical,1.0,0.0,0.9636363636363636,0.9551587301587302,0.0,0.5909090909090909,0.06918627513530262,1.148691177368164
random_10pct_seed4,11,4095,"11,12,13,14,15",medical,0.9966942148760329,0.006611570247933907,0.9727272727272727,0.9496031746031746,0.0,0.6818181818181818,0.0610402762432688,1.222265362739563
random_10pct_seed4,12,4095,"11,12,13,14,15",medical,0.9966942148760332,0.004048743376501108,0.9818181818181818,0.931547619047619,0.0,0.5909090909090909,0.06893854381114628,1.3693400621414185
random_10pct_seed4,13,4095,"11,12,13,14,15",medical,0.9966942148760332,0.004048743376501108,0.9454545454545455,0.9164682539682538,0.0,0.6818181818181818,0.06437917328166898,1.5011066198349
random_10pct_seed4,14,4095,"11,12,13,14,15",medical,0.9950413223140495,0.0066115702479339015,0.9454545454545455,0.9197420634920636,0.0,0.6818181818181818,0.054410894742624616,1.6806777715682983
random_10pct_seed4,15,4095,"11,12,13,14,15",medical,0.9933884297520661,0.0061845576640891745,0.9363636363636363,0.9181547619047619,0.0,0.5909090909090909,0.012000473738789874,2.2515552043914795
clean,0,0,"11,12,13,14,15",legal,0.7857988165680474,0.035581766576030585,0.7384615384615384,,,,0.1299135515733736,0.7751449942588806
clean,1,0,"11,12,13,14,15",legal,0.8142011834319527,0.026356281007479408,0.7461538461538462,,,,0.14666937540308667,0.7626893520355225
clean,2,0,"11,12,13,14,15",legal,0.8319526627218934,0.03232307759466899,0.7307692307692308,,,,0.10530328410764012,0.7610625624656677
clean,3,0,"11,12,13,14,15",legal,0.854437869822485,0.03542397525939826,0.7769230769230769,,,,0.09382136215519987,0.7334709167480469
clean,4,0,"11,12,13,14,15",legal,0.8331360946745562,0.025765137345653537,0.7307692307692306,,,,0.07759555979259192,0.7331693768501282
clean,5,0,"11,12,13,14,15",legal,0.8284023668639054,0.035895268374208554,0.7307692307692308,,,,0.0793012819512322,0.7444342970848083
clean,6,0,"11,12,13,14,15",legal,0.8508875739644969,0.03985197216682307,0.7153846153846153,,,,0.07169680720906624,0.7503010630607605
clean,7,0,"11,12,13,14,15",legal,0.8508875739644971,0.03842055167040927,0.7307692307692306,,,,0.06964703540406292,0.757740318775177
clean,8,0,"11,12,13,14,15",legal,0.8745562130177514,0.039142805700689336,0.7538461538461538,,,,0.05617965115801371,0.7785903811454773
clean,9,0,"11,12,13,14,15",legal,0.8958579881656805,0.03338872421222698,0.7846153846153846,,,,0.047443957867169595,0.8322381377220154
clean,10,0,"11,12,13,14,15",legal,0.9100591715976332,0.03538441748574215,0.8153846153846154,,,,0.056705259799778696,0.91412752866745
clean,11,0,"11,12,13,14,15",legal,0.8923076923076924,0.04695108739615947,0.7846153846153845,,,,0.051808697593821895,0.9803771376609802
clean,12,0,"11,12,13,14,15",legal,0.8887573964497042,0.04072106635286449,0.7923076923076924,,,,0.05414986426337842,1.0809749364852905
clean,13,0,"11,12,13,14,15",legal,0.8650887573964496,0.05630947812246297,0.7615384615384615,,,,0.04518400238540132,1.1344692707061768
clean,14,0,"11,12,13,14,15",legal,0.8213017751479288,0.039142805700689315,0.7384615384615385,,,,0.03656069545037455,1.2336992025375366
clean,15,0,"11,12,13,14,15",legal,0.7633136094674556,0.05225894003744289,0.6615384615384615,,,,0.0065144066817053314,1.694185733795166
affinity_5pct,0,2045,"11,12,13,14,15",legal,0.7857988165680474,0.035581766576030585,0.7384615384615384,,,,0.1299135515733736,0.7751449942588806
affinity_5pct,1,2045,"11,12,13,14,15",legal,0.8142011834319527,0.026356281007479408,0.7461538461538462,,,,0.14666937540308667,0.7626893520355225
affinity_5pct,2,2045,"11,12,13,14,15",legal,0.8319526627218934,0.03232307759466899,0.7307692307692308,,,,0.10530328410764012,0.7610625624656677
affinity_5pct,3,2045,"11,12,13,14,15",legal,0.854437869822485,0.03542397525939826,0.7769230769230769,,,,0.09382136215519987,0.7334709167480469
affinity_5pct,4,2045,"11,12,13,14,15",legal,0.8331360946745562,0.025765137345653537,0.7307692307692306,,,,0.07759555979259192,0.7331693768501282
affinity_5pct,5,2045,"11,12,13,14,15",legal,0.8284023668639054,0.035895268374208554,0.7307692307692308,,,,0.0793012819512322,0.7444342970848083
affinity_5pct,6,2045,"11,12,13,14,15",legal,0.8508875739644969,0.03985197216682307,0.7153846153846153,,,,0.07169680720906624,0.7503010630607605
affinity_5pct,7,2045,"11,12,13,14,15",legal,0.8508875739644971,0.03842055167040927,0.7307692307692306,,,,0.06964703540406292,0.757740318775177
affinity_5pct,8,2045,"11,12,13,14,15",legal,0.8745562130177514,0.039142805700689336,0.7538461538461538,,,,0.05617965115801371,0.7785903811454773
affinity_5pct,9,2045,"11,12,13,14,15",legal,0.8958579881656805,0.03338872421222698,0.7846153846153846,,,,0.047443957867169595,0.8322381377220154
affinity_5pct,10,2045,"11,12,13,14,15",legal,0.9100591715976332,0.03538441748574215,0.8153846153846154,,,,0.056705259799778696,0.91412752866745
affinity_5pct,11,2045,"11,12,13,14,15",legal,0.8982248520710059,0.039142805700689266,0.8,,,,0.05326562891971931,0.9721645712852478
affinity_5pct,12,2045,"11,12,13,14,15",legal,0.8863905325443786,0.033970887797413786,0.776923076923077,,,,0.04658571192263328,1.0192723274230957
affinity_5pct,13,2045,"11,12,13,14,15",legal,0.855621301775148,0.03421735454390757,0.7769230769230768,,,,0.0428264126937814,1.0749551057815552
affinity_5pct,14,2045,"11,12,13,14,15",legal,0.8177514792899409,0.020291631005304425,0.7461538461538462,,,,0.03712717640271579,1.1748114824295044
affinity_5pct,15,2045,"11,12,13,14,15",legal,0.7715976331360946,0.04916586527299642,0.6615384615384616,,,,0.011951027873691733,1.4728983640670776
coverage_5pct,0,2045,"11,12,13,14,15",legal,0.7857988165680474,0.035581766576030585,0.7384615384615384,,,,0.1299135515733736,0.7751449942588806
coverage_5pct,1,2045,"11,12,13,14,15",legal,0.8142011834319527,0.026356281007479408,0.7461538461538462,,,,0.14666937540308667,0.7626893520355225
coverage_5pct,2,2045,"11,12,13,14,15",legal,0.8319526627218934,0.03232307759466899,0.7307692307692308,,,,0.10530328410764012,0.7610625624656677
coverage_5pct,3,2045,"11,12,13,14,15",legal,0.854437869822485,0.03542397525939826,0.7769230769230769,,,,0.09382136215519987,0.7334709167480469
coverage_5pct,4,2045,"11,12,13,14,15",legal,0.8331360946745562,0.025765137345653537,0.7307692307692306,,,,0.07759555979259192,0.7331693768501282
coverage_5pct,5,2045,"11,12,13,14,15",legal,0.8284023668639054,0.035895268374208554,0.7307692307692308,,,,0.0793012819512322,0.7444342970848083
coverage_5pct,6,2045,"11,12,13,14,15",legal,0.8508875739644969,0.03985197216682307,0.7153846153846153,,,,0.07169680720906624,0.7503010630607605
coverage_5pct,7,2045,"11,12,13,14,15",legal,0.8508875739644971,0.03842055167040927,0.7307692307692306,,,,0.06964703540406292,0.757740318775177
coverage_5pct,8,2045,"11,12,13,14,15",legal,0.8745562130177514,0.039142805700689336,0.7538461538461538,,,,0.05617965115801371,0.7785903811454773
coverage_5pct,9,2045,"11,12,13,14,15",legal,0.8958579881656805,0.03338872421222698,0.7846153846153846,,,,0.047443957867169595,0.8322381377220154
coverage_5pct,10,2045,"11,12,13,14,15",legal,0.9100591715976332,0.03538441748574215,0.8153846153846154,,,,0.056705259799778696,0.91412752866745
coverage_5pct,11,2045,"11,12,13,14,15",legal,0.8934911242603552,0.038711070375848824,0.8076923076923077,,,,0.05024441979211425,0.9696212410926819
coverage_5pct,12,2045,"11,12,13,14,15",legal,0.8946745562130175,0.037310965137122926,0.7846153846153847,,,,0.057076317608993676,1.0554147958755493
coverage_5pct,13,2045,"11,12,13,14,15",legal,0.8650887573964496,0.04841957998929888,0.7538461538461538,,,,0.04700747953572326,1.1120948791503906
coverage_5pct,14,2045,"11,12,13,14,15",legal,0.8248520710059172,0.036398950294034796,0.7538461538461538,,,,0.04011061187413634,1.2235639095306396
coverage_5pct,15,2045,"11,12,13,14,15",legal,0.8035502958579883,0.0542832896623892,0.7230769230769232,,,,0.013889961115073346,1.472601056098938
mass_5pct,0,2045,"11,12,13,14,15",legal,0.7857988165680474,0.035581766576030585,0.7384615384615384,,,,0.1299135515733736,0.7751449942588806
mass_5pct,1,2045,"11,12,13,14,15",legal,0.8142011834319527,0.026356281007479408,0.7461538461538462,,,,0.14666937540308667,0.7626893520355225
mass_5pct,2,2045,"11,12,13,14,15",legal,0.8319526627218934,0.03232307759466899,0.7307692307692308,,,,0.10530328410764012,0.7610625624656677
mass_5pct,3,2045,"11,12,13,14,15",legal,0.854437869822485,0.03542397525939826,0.7769230769230769,,,,0.09382136215519987,0.7334709167480469
mass_5pct,4,2045,"11,12,13,14,15",legal,0.8331360946745562,0.025765137345653537,0.7307692307692306,,,,0.07759555979259192,0.7331693768501282
mass_5pct,5,2045,"11,12,13,14,15",legal,0.8284023668639054,0.035895268374208554,0.7307692307692308,,,,0.0793012819512322,0.7444342970848083
mass_5pct,6,2045,"11,12,13,14,15",legal,0.8508875739644969,0.03985197216682307,0.7153846153846153,,,,0.07169680720906624,0.7503010630607605
mass_5pct,7,2045,"11,12,13,14,15",legal,0.8508875739644971,0.03842055167040927,0.7307692307692306,,,,0.06964703540406292,0.757740318775177
mass_5pct,8,2045,"11,12,13,14,15",legal,0.8745562130177514,0.039142805700689336,0.7538461538461538,,,,0.05617965115801371,0.7785903811454773
mass_5pct,9,2045,"11,12,13,14,15",legal,0.8958579881656805,0.03338872421222698,0.7846153846153846,,,,0.047443957867169595,0.8322381377220154
mass_5pct,10,2045,"11,12,13,14,15",legal,0.9100591715976332,0.03538441748574215,0.8153846153846154,,,,0.056705259799778696,0.91412752866745
mass_5pct,11,2045,"11,12,13,14,15",legal,0.8946745562130178,0.03860238208355051,0.8,,,,0.04973338984963338,0.9474089741706848
mass_5pct,12,2045,"11,12,13,14,15",legal,0.8875739644970414,0.029228613101132436,0.8076923076923077,,,,0.05542618940602395,1.0295255184173584
mass_5pct,13,2045,"11,12,13,14,15",legal,0.8544378698224853,0.0244257602846749,0.7538461538461538,,,,0.04562206861434781,1.0782667398452759
mass_5pct,14,2045,"11,12,13,14,15",legal,0.8284023668639053,0.03283890396570797,0.7692307692307692,,,,0.03833799799121351,1.1670771837234497
mass_5pct,15,2045,"11,12,13,14,15",legal,0.8165680473372781,0.05436063468807505,0.7384615384615384,,,,0.012812374917028801,1.3843742609024048
random_5pct_seed0,0,2045,"11,12,13,14,15",legal,0.7857988165680474,0.035581766576030585,0.7384615384615384,,,,0.1299135515733736,0.7751449942588806
random_5pct_seed0,1,2045,"11,12,13,14,15",legal,0.8142011834319527,0.026356281007479408,0.7461538461538462,,,,0.14666937540308667,0.7626893520355225
random_5pct_seed0,2,2045,"11,12,13,14,15",legal,0.8319526627218934,0.03232307759466899,0.7307692307692308,,,,0.10530328410764012,0.7610625624656677
random_5pct_seed0,3,2045,"11,12,13,14,15",legal,0.854437869822485,0.03542397525939826,0.7769230769230769,,,,0.09382136215519987,0.7334709167480469
random_5pct_seed0,4,2045,"11,12,13,14,15",legal,0.8331360946745562,0.025765137345653537,0.7307692307692306,,,,0.07759555979259192,0.7331693768501282
random_5pct_seed0,5,2045,"11,12,13,14,15",legal,0.8284023668639054,0.035895268374208554,0.7307692307692308,,,,0.0793012819512322,0.7444342970848083
random_5pct_seed0,6,2045,"11,12,13,14,15",legal,0.8508875739644969,0.03985197216682307,0.7153846153846153,,,,0.07169680720906624,0.7503010630607605
random_5pct_seed0,7,2045,"11,12,13,14,15",legal,0.8508875739644971,0.03842055167040927,0.7307692307692306,,,,0.06964703540406292,0.757740318775177
random_5pct_seed0,8,2045,"11,12,13,14,15",legal,0.8745562130177514,0.039142805700689336,0.7538461538461538,,,,0.05617965115801371,0.7785903811454773
random_5pct_seed0,9,2045,"11,12,13,14,15",legal,0.8958579881656805,0.03338872421222698,0.7846153846153846,,,,0.047443957867169595,0.8322381377220154
random_5pct_seed0,10,2045,"11,12,13,14,15",legal,0.9100591715976332,0.03538441748574215,0.8153846153846154,,,,0.056705259799778696,0.91412752866745
random_5pct_seed0,11,2045,"11,12,13,14,15",legal,0.8934911242603552,0.04475188260636458,0.8,,,,0.05194319217771726,0.9783259034156799
random_5pct_seed0,12,2045,"11,12,13,14,15",legal,0.8934911242603552,0.03942800295611287,0.7923076923076924,,,,0.05480959272844377,1.0766997337341309
random_5pct_seed0,13,2045,"11,12,13,14,15",legal,0.8686390532544378,0.05231251149183513,0.7615384615384615,,,,0.04613516164511233,1.1220641136169434
random_5pct_seed0,14,2045,"11,12,13,14,15",legal,0.8390532544378699,0.04927967529859647,0.7384615384615384,,,,0.03656524995301902,1.2115483283996582
random_5pct_seed0,15,2045,"11,12,13,14,15",legal,0.7940828402366865,0.05957260567409807,0.7076923076923077,,,,0.006432526965324703,1.6086238622665405
random_5pct_seed1,0,2045,"11,12,13,14,15",legal,0.7857988165680474,0.035581766576030585,0.7384615384615384,,,,0.1299135515733736,0.7751449942588806
random_5pct_seed1,1,2045,"11,12,13,14,15",legal,0.8142011834319527,0.026356281007479408,0.7461538461538462,,,,0.14666937540308667,0.7626893520355225
random_5pct_seed1,2,2045,"11,12,13,14,15",legal,0.8319526627218934,0.03232307759466899,0.7307692307692308,,,,0.10530328410764012,0.7610625624656677
random_5pct_seed1,3,2045,"11,12,13,14,15",legal,0.854437869822485,0.03542397525939826,0.7769230769230769,,,,0.09382136215519987,0.7334709167480469
random_5pct_seed1,4,2045,"11,12,13,14,15",legal,0.8331360946745562,0.025765137345653537,0.7307692307692306,,,,0.07759555979259192,0.7331693768501282
random_5pct_seed1,5,2045,"11,12,13,14,15",legal,0.8284023668639054,0.035895268374208554,0.7307692307692308,,,,0.0793012819512322,0.7444342970848083
random_5pct_seed1,6,2045,"11,12,13,14,15",legal,0.8508875739644969,0.03985197216682307,0.7153846153846153,,,,0.07169680720906624,0.7503010630607605
random_5pct_seed1,7,2045,"11,12,13,14,15",legal,0.8508875739644971,0.03842055167040927,0.7307692307692306,,,,0.06964703540406292,0.757740318775177
random_5pct_seed1,8,2045,"11,12,13,14,15",legal,0.8745562130177514,0.039142805700689336,0.7538461538461538,,,,0.05617965115801371,0.7785903811454773
random_5pct_seed1,9,2045,"11,12,13,14,15",legal,0.8958579881656805,0.03338872421222698,0.7846153846153846,,,,0.047443957867169595,0.8322381377220154
random_5pct_seed1,10,2045,"11,12,13,14,15",legal,0.9100591715976332,0.03538441748574215,0.8153846153846154,,,,0.056705259799778696,0.91412752866745
random_5pct_seed1,11,2045,"11,12,13,14,15",legal,0.8970414201183431,0.04309382593143938,0.8,,,,0.051315552054251645,0.979227602481842
random_5pct_seed1,12,2045,"11,12,13,14,15",legal,0.8887573964497042,0.03655253304492428,0.7846153846153846,,,,0.05340199785361732,1.068528175354004
random_5pct_seed1,13,2045,"11,12,13,14,15",legal,0.8650887573964496,0.04604751824460055,0.7538461538461538,,,,0.045443209573485466,1.1149271726608276
random_5pct_seed1,14,2045,"11,12,13,14,15",legal,0.8355029585798818,0.032710709967065654,0.7307692307692308,,,,0.037095082558131764,1.208951711654663
random_5pct_seed1,15,2045,"11,12,13,14,15",legal,0.7798816568047338,0.050680741077784267,0.6692307692307692,,,,0.006578290542139542,1.6810866594314575
random_5pct_seed2,0,2045,"11,12,13,14,15",legal,0.7857988165680474,0.035581766576030585,0.7384615384615384,,,,0.1299135515733736,0.7751449942588806
random_5pct_seed2,1,2045,"11,12,13,14,15",legal,0.8142011834319527,0.026356281007479408,0.7461538461538462,,,,0.14666937540308667,0.7626893520355225
random_5pct_seed2,2,2045,"11,12,13,14,15",legal,0.8319526627218934,0.03232307759466899,0.7307692307692308,,,,0.10530328410764012,0.7610625624656677
random_5pct_seed2,3,2045,"11,12,13,14,15",legal,0.854437869822485,0.03542397525939826,0.7769230769230769,,,,0.09382136215519987,0.7334709167480469
random_5pct_seed2,4,2045,"11,12,13,14,15",legal,0.8331360946745562,0.025765137345653537,0.7307692307692306,,,,0.07759555979259192,0.7331693768501282
random_5pct_seed2,5,2045,"11,12,13,14,15",legal,0.8284023668639054,0.035895268374208554,0.7307692307692308,,,,0.0793012819512322,0.7444342970848083
random_5pct_seed2,6,2045,"11,12,13,14,15",legal,0.8508875739644969,0.03985197216682307,0.7153846153846153,,,,0.07169680720906624,0.7503010630607605
random_5pct_seed2,7,2045,"11,12,13,14,15",legal,0.8508875739644971,0.03842055167040927,0.7307692307692306,,,,0.06964703540406292,0.757740318775177
random_5pct_seed2,8,2045,"11,12,13,14,15",legal,0.8745562130177514,0.039142805700689336,0.7538461538461538,,,,0.05617965115801371,0.7785903811454773
random_5pct_seed2,9,2045,"11,12,13,14,15",legal,0.8958579881656805,0.03338872421222698,0.7846153846153846,,,,0.047443957867169595,0.8322381377220154
random_5pct_seed2,10,2045,"11,12,13,14,15",legal,0.9100591715976332,0.03538441748574215,0.8153846153846154,,,,0.056705259799778696,0.91412752866745
random_5pct_seed2,11,2045,"11,12,13,14,15",legal,0.8946745562130178,0.045589018424279815,0.7923076923076924,,,,0.05211622143584849,0.9814919829368591
random_5pct_seed2,12,2045,"11,12,13,14,15",legal,0.885207100591716,0.035621105191224633,0.8153846153846154,,,,0.05264882677741223,1.0670562982559204
random_5pct_seed2,13,2045,"11,12,13,14,15",legal,0.8591715976331361,0.047837592737059724,0.776923076923077,,,,0.044230463423984845,1.113625407218933
random_5pct_seed2,14,2045,"11,12,13,14,15",legal,0.8189349112426034,0.03772160343315797,0.7461538461538462,,,,0.03726898657119859,1.2032650709152222
random_5pct_seed2,15,2045,"11,12,13,14,15",legal,0.7727810650887574,0.05430908357672791,0.6846153846153845,,,,0.006436216463955091,1.6231412887573242
random_5pct_seed3,0,2045,"11,12,13,14,15",legal,0.7857988165680474,0.035581766576030585,0.7384615384615384,,,,0.1299135515733736,0.7751449942588806
random_5pct_seed3,1,2045,"11,12,13,14,15",legal,0.8142011834319527,0.026356281007479408,0.7461538461538462,,,,0.14666937540308667,0.7626893520355225
random_5pct_seed3,2,2045,"11,12,13,14,15",legal,0.8319526627218934,0.03232307759466899,0.7307692307692308,,,,0.10530328410764012,0.7610625624656677
random_5pct_seed3,3,2045,"11,12,13,14,15",legal,0.854437869822485,0.03542397525939826,0.7769230769230769,,,,0.09382136215519987,0.7334709167480469
random_5pct_seed3,4,2045,"11,12,13,14,15",legal,0.8331360946745562,0.025765137345653537,0.7307692307692306,,,,0.07759555979259192,0.7331693768501282
random_5pct_seed3,5,2045,"11,12,13,14,15",legal,0.8284023668639054,0.035895268374208554,0.7307692307692308,,,,0.0793012819512322,0.7444342970848083
random_5pct_seed3,6,2045,"11,12,13,14,15",legal,0.8508875739644969,0.03985197216682307,0.7153846153846153,,,,0.07169680720906624,0.7503010630607605
random_5pct_seed3,7,2045,"11,12,13,14,15",legal,0.8508875739644971,0.03842055167040927,0.7307692307692306,,,,0.06964703540406292,0.757740318775177
random_5pct_seed3,8,2045,"11,12,13,14,15",legal,0.8745562130177514,0.039142805700689336,0.7538461538461538,,,,0.05617965115801371,0.7785903811454773
random_5pct_seed3,9,2045,"11,12,13,14,15",legal,0.8958579881656805,0.03338872421222698,0.7846153846153846,,,,0.047443957867169595,0.8322381377220154
random_5pct_seed3,10,2045,"11,12,13,14,15",legal,0.9100591715976332,0.03538441748574215,0.8153846153846154,,,,0.056705259799778696,0.91412752866745
random_5pct_seed3,11,2045,"11,12,13,14,15",legal,0.8911242603550296,0.049308086759762504,0.7846153846153845,,,,0.05136480431926049,0.9780232310295105
random_5pct_seed3,12,2045,"11,12,13,14,15",legal,0.8899408284023668,0.03359779779071807,0.7923076923076923,,,,0.05368583145084349,1.075162410736084
random_5pct_seed3,13,2045,"11,12,13,14,15",legal,0.8591715976331361,0.050125014401295555,0.7461538461538462,,,,0.04497594010686323,1.1306300163269043
random_5pct_seed3,14,2045,"11,12,13,14,15",legal,0.8189349112426034,0.037160517084278304,0.7615384615384615,,,,0.03638991043668205,1.2276862859725952
random_5pct_seed3,15,2045,"11,12,13,14,15",legal,0.7775147928994082,0.055330980958868445,0.7,,,,0.0067610274770938394,1.6666699647903442
random_5pct_seed4,0,2045,"11,12,13,14,15",legal,0.7857988165680474,0.035581766576030585,0.7384615384615384,,,,0.1299135515733736,0.7751449942588806
random_5pct_seed4,1,2045,"11,12,13,14,15",legal,0.8142011834319527,0.026356281007479408,0.7461538461538462,,,,0.14666937540308667,0.7626893520355225
random_5pct_seed4,2,2045,"11,12,13,14,15",legal,0.8319526627218934,0.03232307759466899,0.7307692307692308,,,,0.10530328410764012,0.7610625624656677
random_5pct_seed4,3,2045,"11,12,13,14,15",legal,0.854437869822485,0.03542397525939826,0.7769230769230769,,,,0.09382136215519987,0.7334709167480469
random_5pct_seed4,4,2045,"11,12,13,14,15",legal,0.8331360946745562,0.025765137345653537,0.7307692307692306,,,,0.07759555979259192,0.7331693768501282
random_5pct_seed4,5,2045,"11,12,13,14,15",legal,0.8284023668639054,0.035895268374208554,0.7307692307692308,,,,0.0793012819512322,0.7444342970848083
random_5pct_seed4,6,2045,"11,12,13,14,15",legal,0.8508875739644969,0.03985197216682307,0.7153846153846153,,,,0.07169680720906624,0.7503010630607605
random_5pct_seed4,7,2045,"11,12,13,14,15",legal,0.8508875739644971,0.03842055167040927,0.7307692307692306,,,,0.06964703540406292,0.757740318775177
random_5pct_seed4,8,2045,"11,12,13,14,15",legal,0.8745562130177514,0.039142805700689336,0.7538461538461538,,,,0.05617965115801371,0.7785903811454773
random_5pct_seed4,9,2045,"11,12,13,14,15",legal,0.8958579881656805,0.03338872421222698,0.7846153846153846,,,,0.047443957867169595,0.8322381377220154
random_5pct_seed4,10,2045,"11,12,13,14,15",legal,0.9100591715976332,0.03538441748574215,0.8153846153846154,,,,0.056705259799778696,0.91412752866745
random_5pct_seed4,11,2045,"11,12,13,14,15",legal,0.8970414201183432,0.046229644934022734,0.7923076923076924,,,,0.05114916221195209,0.9762741923332214
random_5pct_seed4,12,2045,"11,12,13,14,15",legal,0.8899408284023668,0.0379067866936023,0.7923076923076924,,,,0.052996235481185594,1.0722723007202148
random_5pct_seed4,13,2045,"11,12,13,14,15",legal,0.8591715976331361,0.050264522086616116,0.7615384615384615,,,,0.044441052441544504,1.1226640939712524
random_5pct_seed4,14,2045,"11,12,13,14,15",legal,0.821301775147929,0.036933695939236066,0.7384615384615385,,,,0.036246071139669045,1.216878056526184
random_5pct_seed4,15,2045,"11,12,13,14,15",legal,0.7739644970414201,0.05428328966238917,0.6615384615384615,,,,0.006422392376083219,1.6661555767059326
affinity_10pct,0,4095,"11,12,13,14,15",legal,0.7857988165680474,0.035581766576030585,0.7384615384615384,,,,0.1299135515733736,0.7751449942588806
affinity_10pct,1,4095,"11,12,13,14,15",legal,0.8142011834319527,0.026356281007479408,0.7461538461538462,,,,0.14666937540308667,0.7626893520355225
affinity_10pct,2,4095,"11,12,13,14,15",legal,0.8319526627218934,0.03232307759466899,0.7307692307692308,,,,0.10530328410764012,0.7610625624656677
affinity_10pct,3,4095,"11,12,13,14,15",legal,0.854437869822485,0.03542397525939826,0.7769230769230769,,,,0.09382136215519987,0.7334709167480469
affinity_10pct,4,4095,"11,12,13,14,15",legal,0.8331360946745562,0.025765137345653537,0.7307692307692306,,,,0.07759555979259192,0.7331693768501282
affinity_10pct,5,4095,"11,12,13,14,15",legal,0.8284023668639054,0.035895268374208554,0.7307692307692308,,,,0.0793012819512322,0.7444342970848083
affinity_10pct,6,4095,"11,12,13,14,15",legal,0.8508875739644969,0.03985197216682307,0.7153846153846153,,,,0.07169680720906624,0.7503010630607605
affinity_10pct,7,4095,"11,12,13,14,15",legal,0.8508875739644971,0.03842055167040927,0.7307692307692306,,,,0.06964703540406292,0.757740318775177
affinity_10pct,8,4095,"11,12,13,14,15",legal,0.8745562130177514,0.039142805700689336,0.7538461538461538,,,,0.05617965115801371,0.7785903811454773
affinity_10pct,9,4095,"11,12,13,14,15",legal,0.8958579881656805,0.03338872421222698,0.7846153846153846,,,,0.047443957867169595,0.8322381377220154
affinity_10pct,10,4095,"11,12,13,14,15",legal,0.9100591715976332,0.03538441748574215,0.8153846153846154,,,,0.056705259799778696,0.91412752866745
affinity_10pct,11,4095,"11,12,13,14,15",legal,0.8994082840236686,0.03907118111057791,0.7846153846153845,,,,0.052468662530434695,0.9621080756187439
affinity_10pct,12,4095,"11,12,13,14,15",legal,0.8970414201183432,0.030078733792044565,0.7923076923076924,,,,0.04539579077936762,1.0006195306777954
affinity_10pct,13,4095,"11,12,13,14,15",legal,0.8686390532544379,0.02979805517636495,0.7692307692307692,,,,0.04158177385718276,1.0500067472457886
affinity_10pct,14,4095,"11,12,13,14,15",legal,0.8284023668639053,0.02970390626748196,0.7384615384615385,,,,0.03570910915654346,1.1397240161895752
affinity_10pct,15,4095,"11,12,13,14,15",legal,0.7786982248520711,0.05443786982248522,0.6923076923076923,,,,0.010856570325763815,1.3767606019973755
coverage_10pct,0,4095,"11,12,13,14,15",legal,0.7857988165680474,0.035581766576030585,0.7384615384615384,,,,0.1299135515733736,0.7751449942588806
coverage_10pct,1,4095,"11,12,13,14,15",legal,0.8142011834319527,0.026356281007479408,0.7461538461538462,,,,0.14666937540308667,0.7626893520355225
coverage_10pct,2,4095,"11,12,13,14,15",legal,0.8319526627218934,0.03232307759466899,0.7307692307692308,,,,0.10530328410764012,0.7610625624656677
coverage_10pct,3,4095,"11,12,13,14,15",legal,0.854437869822485,0.03542397525939826,0.7769230769230769,,,,0.09382136215519987,0.7334709167480469
coverage_10pct,4,4095,"11,12,13,14,15",legal,0.8331360946745562,0.025765137345653537,0.7307692307692306,,,,0.07759555979259192,0.7331693768501282
coverage_10pct,5,4095,"11,12,13,14,15",legal,0.8284023668639054,0.035895268374208554,0.7307692307692308,,,,0.0793012819512322,0.7444342970848083
coverage_10pct,6,4095,"11,12,13,14,15",legal,0.8508875739644969,0.03985197216682307,0.7153846153846153,,,,0.07169680720906624,0.7503010630607605
coverage_10pct,7,4095,"11,12,13,14,15",legal,0.8508875739644971,0.03842055167040927,0.7307692307692306,,,,0.06964703540406292,0.757740318775177
coverage_10pct,8,4095,"11,12,13,14,15",legal,0.8745562130177514,0.039142805700689336,0.7538461538461538,,,,0.05617965115801371,0.7785903811454773
coverage_10pct,9,4095,"11,12,13,14,15",legal,0.8958579881656805,0.03338872421222698,0.7846153846153846,,,,0.047443957867169595,0.8322381377220154
coverage_10pct,10,4095,"11,12,13,14,15",legal,0.9100591715976332,0.03538441748574215,0.8153846153846154,,,,0.056705259799778696,0.91412752866745
coverage_10pct,11,4095,"11,12,13,14,15",legal,0.8934911242603552,0.038711070375848824,0.7923076923076924,,,,0.04937560924379958,0.9678837656974792
coverage_10pct,12,4095,"11,12,13,14,15",legal,0.8970414201183431,0.03317833318077199,0.8076923076923077,,,,0.0555999188072237,1.0532965660095215
coverage_10pct,13,4095,"11,12,13,14,15",legal,0.8698224852071006,0.04506374618854383,0.7538461538461538,,,,0.045151163478561185,1.112156867980957
coverage_10pct,14,4095,"11,12,13,14,15",legal,0.8307692307692307,0.040410345749026945,0.7538461538461538,,,,0.038273536109410644,1.2154364585876465
coverage_10pct,15,4095,"11,12,13,14,15",legal,0.81301775147929,0.056458510967463016,0.7307692307692308,,,,0.014389951927102795,1.4566222429275513
mass_10pct,0,4095,"11,12,13,14,15",legal,0.7857988165680474,0.035581766576030585,0.7384615384615384,,,,0.1299135515733736,0.7751449942588806
mass_10pct,1,4095,"11,12,13,14,15",legal,0.8142011834319527,0.026356281007479408,0.7461538461538462,,,,0.14666937540308667,0.7626893520355225
mass_10pct,2,4095,"11,12,13,14,15",legal,0.8319526627218934,0.03232307759466899,0.7307692307692308,,,,0.10530328410764012,0.7610625624656677
mass_10pct,3,4095,"11,12,13,14,15",legal,0.854437869822485,0.03542397525939826,0.7769230769230769,,,,0.09382136215519987,0.7334709167480469
mass_10pct,4,4095,"11,12,13,14,15",legal,0.8331360946745562,0.025765137345653537,0.7307692307692306,,,,0.07759555979259192,0.7331693768501282
mass_10pct,5,4095,"11,12,13,14,15",legal,0.8284023668639054,0.035895268374208554,0.7307692307692308,,,,0.0793012819512322,0.7444342970848083
mass_10pct,6,4095,"11,12,13,14,15",legal,0.8508875739644969,0.03985197216682307,0.7153846153846153,,,,0.07169680720906624,0.7503010630607605
mass_10pct,7,4095,"11,12,13,14,15",legal,0.8508875739644971,0.03842055167040927,0.7307692307692306,,,,0.06964703540406292,0.757740318775177
mass_10pct,8,4095,"11,12,13,14,15",legal,0.8745562130177514,0.039142805700689336,0.7538461538461538,,,,0.05617965115801371,0.7785903811454773
mass_10pct,9,4095,"11,12,13,14,15",legal,0.8958579881656805,0.03338872421222698,0.7846153846153846,,,,0.047443957867169595,0.8322381377220154
mass_10pct,10,4095,"11,12,13,14,15",legal,0.9100591715976332,0.03538441748574215,0.8153846153846154,,,,0.056705259799778696,0.91412752866745
mass_10pct,11,4095,"11,12,13,14,15",legal,0.8958579881656805,0.040583262010608884,0.8,,,,0.047901330823999166,0.9354355931282043
mass_10pct,12,4095,"11,12,13,14,15",legal,0.8923076923076924,0.031176189046910014,0.8076923076923077,,,,0.05221483807228555,1.0047191381454468
mass_10pct,13,4095,"11,12,13,14,15",legal,0.8698224852071006,0.036475822502775014,0.7538461538461538,,,,0.043374068404065325,1.054460883140564
mass_10pct,14,4095,"11,12,13,14,15",legal,0.8461538461538461,0.042339748686386555,0.7692307692307693,,,,0.036194149824575805,1.1328887939453125
mass_10pct,15,4095,"11,12,13,14,15",legal,0.8071005917159763,0.04143702106511625,0.7538461538461538,,,,0.012575546650600566,1.325286626815796
random_10pct_seed0,0,4095,"11,12,13,14,15",legal,0.7857988165680474,0.035581766576030585,0.7384615384615384,,,,0.1299135515733736,0.7751449942588806
random_10pct_seed0,1,4095,"11,12,13,14,15",legal,0.8142011834319527,0.026356281007479408,0.7461538461538462,,,,0.14666937540308667,0.7626893520355225
random_10pct_seed0,2,4095,"11,12,13,14,15",legal,0.8319526627218934,0.03232307759466899,0.7307692307692308,,,,0.10530328410764012,0.7610625624656677
random_10pct_seed0,3,4095,"11,12,13,14,15",legal,0.854437869822485,0.03542397525939826,0.7769230769230769,,,,0.09382136215519987,0.7334709167480469
random_10pct_seed0,4,4095,"11,12,13,14,15",legal,0.8331360946745562,0.025765137345653537,0.7307692307692306,,,,0.07759555979259192,0.7331693768501282
random_10pct_seed0,5,4095,"11,12,13,14,15",legal,0.8284023668639054,0.035895268374208554,0.7307692307692308,,,,0.0793012819512322,0.7444342970848083
random_10pct_seed0,6,4095,"11,12,13,14,15",legal,0.8508875739644969,0.03985197216682307,0.7153846153846153,,,,0.07169680720906624,0.7503010630607605
random_10pct_seed0,7,4095,"11,12,13,14,15",legal,0.8508875739644971,0.03842055167040927,0.7307692307692306,,,,0.06964703540406292,0.757740318775177
random_10pct_seed0,8,4095,"11,12,13,14,15",legal,0.8745562130177514,0.039142805700689336,0.7538461538461538,,,,0.05617965115801371,0.7785903811454773
random_10pct_seed0,9,4095,"11,12,13,14,15",legal,0.8958579881656805,0.03338872421222698,0.7846153846153846,,,,0.047443957867169595,0.8322381377220154
random_10pct_seed0,10,4095,"11,12,13,14,15",legal,0.9100591715976332,0.03538441748574215,0.8153846153846154,,,,0.056705259799778696,0.91412752866745
random_10pct_seed0,11,4095,"11,12,13,14,15",legal,0.9017751479289942,0.0404103457490269,0.8076923076923077,,,,0.051989961096677084,0.976253092288971
random_10pct_seed0,12,4095,"11,12,13,14,15",legal,0.8934911242603552,0.04047960089109366,0.7923076923076924,,,,0.0543228485013999,1.070007085800171
random_10pct_seed0,13,4095,"11,12,13,14,15",legal,0.867455621301775,0.05084627469571793,0.7769230769230769,,,,0.0448458321047388,1.1066581010818481
random_10pct_seed0,14,4095,"11,12,13,14,15",legal,0.8319526627218936,0.04405801294434625,0.7461538461538462,,,,0.036395489873558784,1.1906187534332275
random_10pct_seed0,15,4095,"11,12,13,14,15",legal,0.8011834319526627,0.07747638960157592,0.7384615384615385,,,,0.006221707826011169,1.552551507949829
random_10pct_seed1,0,4095,"11,12,13,14,15",legal,0.7857988165680474,0.035581766576030585,0.7384615384615384,,,,0.1299135515733736,0.7751449942588806
random_10pct_seed1,1,4095,"11,12,13,14,15",legal,0.8142011834319527,0.026356281007479408,0.7461538461538462,,,,0.14666937540308667,0.7626893520355225
random_10pct_seed1,2,4095,"11,12,13,14,15",legal,0.8319526627218934,0.03232307759466899,0.7307692307692308,,,,0.10530328410764012,0.7610625624656677
random_10pct_seed1,3,4095,"11,12,13,14,15",legal,0.854437869822485,0.03542397525939826,0.7769230769230769,,,,0.09382136215519987,0.7334709167480469
random_10pct_seed1,4,4095,"11,12,13,14,15",legal,0.8331360946745562,0.025765137345653537,0.7307692307692306,,,,0.07759555979259192,0.7331693768501282
random_10pct_seed1,5,4095,"11,12,13,14,15",legal,0.8284023668639054,0.035895268374208554,0.7307692307692308,,,,0.0793012819512322,0.7444342970848083
random_10pct_seed1,6,4095,"11,12,13,14,15",legal,0.8508875739644969,0.03985197216682307,0.7153846153846153,,,,0.07169680720906624,0.7503010630607605
random_10pct_seed1,7,4095,"11,12,13,14,15",legal,0.8508875739644971,0.03842055167040927,0.7307692307692306,,,,0.06964703540406292,0.757740318775177
random_10pct_seed1,8,4095,"11,12,13,14,15",legal,0.8745562130177514,0.039142805700689336,0.7538461538461538,,,,0.05617965115801371,0.7785903811454773
random_10pct_seed1,9,4095,"11,12,13,14,15",legal,0.8958579881656805,0.03338872421222698,0.7846153846153846,,,,0.047443957867169595,0.8322381377220154
random_10pct_seed1,10,4095,"11,12,13,14,15",legal,0.9100591715976332,0.03538441748574215,0.8153846153846154,,,,0.056705259799778696,0.91412752866745
random_10pct_seed1,11,4095,"11,12,13,14,15",legal,0.8958579881656805,0.04243886645453518,0.7923076923076924,,,,0.05075898843598925,0.9771533012390137
random_10pct_seed1,12,4095,"11,12,13,14,15",legal,0.8911242603550296,0.03863864548476805,0.7923076923076924,,,,0.05287027355970164,1.065376877784729
random_10pct_seed1,13,4095,"11,12,13,14,15",legal,0.8710059171597632,0.04354643666976118,0.7538461538461538,,,,0.04479543621871407,1.104716181755066
random_10pct_seed1,14,4095,"11,12,13,14,15",legal,0.8414201183431953,0.03693369593923608,0.7307692307692308,,,,0.03665181760456249,1.19487464427948
random_10pct_seed1,15,4095,"11,12,13,14,15",legal,0.7857988165680474,0.05337264986404586,0.6769230769230768,,,,0.006568093907208139,1.6945807933807373
random_10pct_seed2,0,4095,"11,12,13,14,15",legal,0.7857988165680474,0.035581766576030585,0.7384615384615384,,,,0.1299135515733736,0.7751449942588806
random_10pct_seed2,1,4095,"11,12,13,14,15",legal,0.8142011834319527,0.026356281007479408,0.7461538461538462,,,,0.14666937540308667,0.7626893520355225
random_10pct_seed2,2,4095,"11,12,13,14,15",legal,0.8319526627218934,0.03232307759466899,0.7307692307692308,,,,0.10530328410764012,0.7610625624656677
random_10pct_seed2,3,4095,"11,12,13,14,15",legal,0.854437869822485,0.03542397525939826,0.7769230769230769,,,,0.09382136215519987,0.7334709167480469
random_10pct_seed2,4,4095,"11,12,13,14,15",legal,0.8331360946745562,0.025765137345653537,0.7307692307692306,,,,0.07759555979259192,0.7331693768501282
random_10pct_seed2,5,4095,"11,12,13,14,15",legal,0.8284023668639054,0.035895268374208554,0.7307692307692308,,,,0.0793012819512322,0.7444342970848083
random_10pct_seed2,6,4095,"11,12,13,14,15",legal,0.8508875739644969,0.03985197216682307,0.7153846153846153,,,,0.07169680720906624,0.7503010630607605
random_10pct_seed2,7,4095,"11,12,13,14,15",legal,0.8508875739644971,0.03842055167040927,0.7307692307692306,,,,0.06964703540406292,0.757740318775177
random_10pct_seed2,8,4095,"11,12,13,14,15",legal,0.8745562130177514,0.039142805700689336,0.7538461538461538,,,,0.05617965115801371,0.7785903811454773
random_10pct_seed2,9,4095,"11,12,13,14,15",legal,0.8958579881656805,0.03338872421222698,0.7846153846153846,,,,0.047443957867169595,0.8322381377220154
random_10pct_seed2,10,4095,"11,12,13,14,15",legal,0.9100591715976332,0.03538441748574215,0.8153846153846154,,,,0.056705259799778696,0.91412752866745
random_10pct_seed2,11,4095,"11,12,13,14,15",legal,0.9005917159763314,0.04558901842427983,0.8,,,,0.052213901808254026,0.9812033772468567
random_10pct_seed2,12,4095,"11,12,13,14,15",legal,0.885207100591716,0.03827446539360051,0.8076923076923077,,,,0.05288599965189966,1.0602139234542847
random_10pct_seed2,13,4095,"11,12,13,14,15",legal,0.8603550295857987,0.05043142189979291,0.7846153846153847,,,,0.04458925975869721,1.0998963117599487
random_10pct_seed2,14,4095,"11,12,13,14,15",legal,0.8366863905325443,0.03697159609896639,0.7538461538461538,,,,0.03753158628733344,1.1859360933303833
random_10pct_seed2,15,4095,"11,12,13,14,15",legal,0.7822485207100592,0.052312511491835106,0.6769230769230768,,,,0.00675597690475227,1.58133065700531
random_10pct_seed3,0,4095,"11,12,13,14,15",legal,0.7857988165680474,0.035581766576030585,0.7384615384615384,,,,0.1299135515733736,0.7751449942588806
random_10pct_seed3,1,4095,"11,12,13,14,15",legal,0.8142011834319527,0.026356281007479408,0.7461538461538462,,,,0.14666937540308667,0.7626893520355225
random_10pct_seed3,2,4095,"11,12,13,14,15",legal,0.8319526627218934,0.03232307759466899,0.7307692307692308,,,,0.10530328410764012,0.7610625624656677
random_10pct_seed3,3,4095,"11,12,13,14,15",legal,0.854437869822485,0.03542397525939826,0.7769230769230769,,,,0.09382136215519987,0.7334709167480469
random_10pct_seed3,4,4095,"11,12,13,14,15",legal,0.8331360946745562,0.025765137345653537,0.7307692307692306,,,,0.07759555979259192,0.7331693768501282
random_10pct_seed3,5,4095,"11,12,13,14,15",legal,0.8284023668639054,0.035895268374208554,0.7307692307692308,,,,0.0793012819512322,0.7444342970848083
random_10pct_seed3,6,4095,"11,12,13,14,15",legal,0.8508875739644969,0.03985197216682307,0.7153846153846153,,,,0.07169680720906624,0.7503010630607605
random_10pct_seed3,7,4095,"11,12,13,14,15",legal,0.8508875739644971,0.03842055167040927,0.7307692307692306,,,,0.06964703540406292,0.757740318775177
random_10pct_seed3,8,4095,"11,12,13,14,15",legal,0.8745562130177514,0.039142805700689336,0.7538461538461538,,,,0.05617965115801371,0.7785903811454773
random_10pct_seed3,9,4095,"11,12,13,14,15",legal,0.8958579881656805,0.03338872421222698,0.7846153846153846,,,,0.047443957867169595,0.8322381377220154
random_10pct_seed3,10,4095,"11,12,13,14,15",legal,0.9100591715976332,0.03538441748574215,0.8153846153846154,,,,0.056705259799778696,0.91412752866745
random_10pct_seed3,11,4095,"11,12,13,14,15",legal,0.8923076923076924,0.047099997022798545,0.8,,,,0.05090767609437008,0.9758604168891907
random_10pct_seed3,12,4095,"11,12,13,14,15",legal,0.8899408284023668,0.03338872421222693,0.8,,,,0.05357010610077695,1.0666732788085938
random_10pct_seed3,13,4095,"11,12,13,14,15",legal,0.8639053254437871,0.053320143555355304,0.7384615384615385,,,,0.044795288144117595,1.1136654615402222
random_10pct_seed3,14,4095,"11,12,13,14,15",legal,0.8390532544378699,0.05177430261355591,0.7461538461538462,,,,0.03687823456766304,1.2083386182785034
random_10pct_seed3,15,4095,"11,12,13,14,15",legal,0.7822485207100591,0.05680473372781066,0.6923076923076923,,,,0.0069514727619193195,1.6148136854171753
random_10pct_seed4,0,4095,"11,12,13,14,15",legal,0.7857988165680474,0.035581766576030585,0.7384615384615384,,,,0.1299135515733736,0.7751449942588806
random_10pct_seed4,1,4095,"11,12,13,14,15",legal,0.8142011834319527,0.026356281007479408,0.7461538461538462,,,,0.14666937540308667,0.7626893520355225
random_10pct_seed4,2,4095,"11,12,13,14,15",legal,0.8319526627218934,0.03232307759466899,0.7307692307692308,,,,0.10530328410764012,0.7610625624656677
random_10pct_seed4,3,4095,"11,12,13,14,15",legal,0.854437869822485,0.03542397525939826,0.7769230769230769,,,,0.09382136215519987,0.7334709167480469
random_10pct_seed4,4,4095,"11,12,13,14,15",legal,0.8331360946745562,0.025765137345653537,0.7307692307692306,,,,0.07759555979259192,0.7331693768501282
random_10pct_seed4,5,4095,"11,12,13,14,15",legal,0.8284023668639054,0.035895268374208554,0.7307692307692308,,,,0.0793012819512322,0.7444342970848083
random_10pct_seed4,6,4095,"11,12,13,14,15",legal,0.8508875739644969,0.03985197216682307,0.7153846153846153,,,,0.07169680720906624,0.7503010630607605
random_10pct_seed4,7,4095,"11,12,13,14,15",legal,0.8508875739644971,0.03842055167040927,0.7307692307692306,,,,0.06964703540406292,0.757740318775177
random_10pct_seed4,8,4095,"11,12,13,14,15",legal,0.8745562130177514,0.039142805700689336,0.7538461538461538,,,,0.05617965115801371,0.7785903811454773
random_10pct_seed4,9,4095,"11,12,13,14,15",legal,0.8958579881656805,0.03338872421222698,0.7846153846153846,,,,0.047443957867169595,0.8322381377220154
random_10pct_seed4,10,4095,"11,12,13,14,15",legal,0.9100591715976332,0.03538441748574215,0.8153846153846154,,,,0.056705259799778696,0.91412752866745
random_10pct_seed4,11,4095,"11,12,13,14,15",legal,0.898224852071006,0.04123373110102804,0.7923076923076924,,,,0.05078562782179674,0.975452721118927
random_10pct_seed4,12,4095,"11,12,13,14,15",legal,0.8887573964497042,0.0384205516704093,0.7923076923076923,,,,0.0526782062961465,1.0628540515899658
random_10pct_seed4,13,4095,"11,12,13,14,15",legal,0.8568047337278107,0.048994654543158475,0.776923076923077,,,,0.0452164840597683,1.11229407787323
random_10pct_seed4,14,4095,"11,12,13,14,15",legal,0.829585798816568,0.03731096513712295,0.7461538461538462,,,,0.036521627573741,1.1992342472076416
random_10pct_seed4,15,4095,"11,12,13,14,15",legal,0.7822485207100591,0.05826524792942571,0.7153846153846153,,,,0.0062267602019621116,1.6239087581634521
clean,0,0,"11,12,13,14,15",scientific,0.9413223140495866,0.01794549648810615,0.8727272727272727,0.9514892086220454,0.004995004332827222,0.6704545454545455,0.1386644059975527,0.8206539154052734
clean,1,0,"11,12,13,14,15",scientific,0.9623966942148761,0.022723515842756215,0.8863636363636364,0.9511080857781709,0.0011292074205475205,0.6818181818181818,0.2055466685365187,0.9122084379196167
clean,2,0,"11,12,13,14,15",scientific,0.9632231404958679,0.015702479338842935,0.8954545454545455,0.9730213439542483,0.005687969025395774,0.7159090909090909,0.14213926481377592,0.8649353384971619
clean,3,0,"11,12,13,14,15",scientific,0.9648760330578512,0.014841557847990012,0.8727272727272727,0.9737614563369208,0.008867802417695478,0.7556818181818181,0.14400264948074237,0.8528499007225037
clean,4,0,"11,12,13,14,15",scientific,0.9665289256198347,0.014037427893771107,0.8772727272727272,0.9757384327086098,0.007868469783115646,0.7386363636363638,0.11321062588911257,0.863124430179596
clean,5,0,"11,12,13,14,15",scientific,0.9648760330578512,0.011687715391513207,0.8590909090909091,0.9804740481719004,0.009032106925412618,0.7784090909090909,0.11408396109515706,0.845493495464325
clean,6,0,"11,12,13,14,15",scientific,0.9619834710743802,0.007796678621534373,0.8636363636363636,0.9783448069469016,0.008567316796072479,0.7386363636363638,0.10575540430971253,0.8479272723197937
clean,7,0,"11,12,13,14,15",scientific,0.9578512396694215,0.009917355371900796,0.8590909090909091,0.9777413432478255,0.007937090390264781,0.7159090909090908,0.1064704478651255,0.8758438229560852
clean,8,0,"11,12,13,14,15",scientific,0.9582644628099175,0.013791999395271603,0.8590909090909091,0.9774639954666077,0.00800007641719814,0.6988636363636364,0.07969819419271174,0.9248644113540649
clean,9,0,"11,12,13,14,15",scientific,0.9661157024793388,0.007574505280918713,0.859090909090909,0.9767196982959849,0.006227274399568145,0.7159090909090909,0.06945166420748983,1.0055192708969116
clean,10,0,"11,12,13,14,15",scientific,0.9764462809917356,0.008012693979200548,0.8909090909090909,0.9747513794443217,0.004858062804631915,0.6931818181818181,0.09134154415952211,1.1596715450286865
clean,11,0,"11,12,13,14,15",scientific,0.9780991735537189,0.007228452762204941,0.909090909090909,0.9717099984182269,0.011978462209399974,0.6818181818181818,0.0878597212792257,1.2787619829177856
clean,12,0,"11,12,13,14,15",scientific,0.9764462809917355,0.010502698369536238,0.8772727272727273,0.9747770928546857,0.008925879921527827,0.7215909090909092,0.10262643738585198,1.483727216720581
clean,13,0,"11,12,13,14,15",scientific,0.9570247933884296,0.011496221275407885,0.8681818181818182,0.973078606442577,0.01086211711793912,0.7613636363636364,0.09230148880811317,1.574481725692749
clean,14,0,"11,12,13,14,15",scientific,0.947107438016529,0.021889128327519086,0.8454545454545455,0.9720467010817486,0.0098189834517991,0.7329545454545455,0.07767375193533688,1.8121893405914307
clean,15,0,"11,12,13,14,15",scientific,0.9264462809917354,0.028074855787542246,0.85,0.9670415891137156,0.0054712157000382745,0.7272727272727273,0.011492787163919882,3.06292462348938
affinity_5pct,0,2045,"11,12,13,14,15",scientific,0.9413223140495866,0.01794549648810615,0.8727272727272727,0.9514892086220454,0.004995004332827222,0.6704545454545455,0.1386644059975527,0.8206539154052734
affinity_5pct,1,2045,"11,12,13,14,15",scientific,0.9623966942148761,0.022723515842756215,0.8863636363636364,0.9511080857781709,0.0011292074205475205,0.6818181818181818,0.2055466685365187,0.9122084379196167
affinity_5pct,2,2045,"11,12,13,14,15",scientific,0.9632231404958679,0.015702479338842935,0.8954545454545455,0.9730213439542483,0.005687969025395774,0.7159090909090909,0.14213926481377592,0.8649353384971619
affinity_5pct,3,2045,"11,12,13,14,15",scientific,0.9648760330578512,0.014841557847990012,0.8727272727272727,0.9737614563369208,0.008867802417695478,0.7556818181818181,0.14400264948074237,0.8528499007225037
affinity_5pct,4,2045,"11,12,13,14,15",scientific,0.9665289256198347,0.014037427893771107,0.8772727272727272,0.9757384327086098,0.007868469783115646,0.7386363636363638,0.11321062588911257,0.863124430179596
affinity_5pct,5,2045,"11,12,13,14,15",scientific,0.9648760330578512,0.011687715391513207,0.8590909090909091,0.9804740481719004,0.009032106925412618,0.7784090909090909,0.11408396109515706,0.845493495464325
affinity_5pct,6,2045,"11,12,13,14,15",scientific,0.9619834710743802,0.007796678621534373,0.8636363636363636,0.9783448069469016,0.008567316796072479,0.7386363636363638,0.10575540430971253,0.8479272723197937
affinity_5pct,7,2045,"11,12,13,14,15",scientific,0.9578512396694215,0.009917355371900796,0.8590909090909091,0.9777413432478255,0.007937090390264781,0.7159090909090908,0.1064704478651255,0.8758438229560852
affinity_5pct,8,2045,"11,12,13,14,15",scientific,0.9582644628099175,0.013791999395271603,0.8590909090909091,0.9774639954666077,0.00800007641719814,0.6988636363636364,0.07969819419271174,0.9248644113540649
affinity_5pct,9,2045,"11,12,13,14,15",scientific,0.9661157024793388,0.007574505280918713,0.859090909090909,0.9767196982959849,0.006227274399568145,0.7159090909090909,0.06945166420748983,1.0055192708969116
affinity_5pct,10,2045,"11,12,13,14,15",scientific,0.9764462809917356,0.008012693979200548,0.8909090909090909,0.9747513794443217,0.004858062804631915,0.6931818181818181,0.09134154415952211,1.1596715450286865
affinity_5pct,11,2045,"11,12,13,14,15",scientific,0.9772727272727273,0.005843857695756587,0.9045454545454545,0.9730933395836405,0.01053893924142815,0.6818181818181818,0.08422962197657524,1.237845778465271
affinity_5pct,12,2045,"11,12,13,14,15",scientific,0.9698347107438018,0.010255928633050335,0.8863636363636364,0.9749536697902845,0.009024039682072148,0.7272727272727273,0.07892080025143655,1.317669153213501
affinity_5pct,13,2045,"11,12,13,14,15",scientific,0.9495867768595042,0.011876122200991622,0.8590909090909091,0.9726107260338346,0.011113777149978347,0.7613636363636364,0.07992886988934911,1.385617971420288
affinity_5pct,14,2045,"11,12,13,14,15",scientific,0.9409090909090908,0.01765773604894336,0.8454545454545455,0.9715120848229644,0.00904186698347902,0.7443181818181819,0.07101135844068873,1.552814245223999
affinity_5pct,15,2045,"11,12,13,14,15",scientific,0.9049586776859504,0.03794009564012571,0.8181818181818181,0.970928786810777,0.0062758872598176465,0.75,0.019103814607941638,2.236703872680664
coverage_5pct,0,2045,"11,12,13,14,15",scientific,0.9413223140495866,0.01794549648810615,0.8727272727272727,0.9514892086220454,0.004995004332827222,0.6704545454545455,0.1386644059975527,0.8206539154052734
coverage_5pct,1,2045,"11,12,13,14,15",scientific,0.9623966942148761,0.022723515842756215,0.8863636363636364,0.9511080857781709,0.0011292074205475205,0.6818181818181818,0.2055466685365187,0.9122084379196167
coverage_5pct,2,2045,"11,12,13,14,15",scientific,0.9632231404958679,0.015702479338842935,0.8954545454545455,0.9730213439542483,0.005687969025395774,0.7159090909090909,0.14213926481377592,0.8649353384971619
coverage_5pct,3,2045,"11,12,13,14,15",scientific,0.9648760330578512,0.014841557847990012,0.8727272727272727,0.9737614563369208,0.008867802417695478,0.7556818181818181,0.14400264948074237,0.8528499007225037
coverage_5pct,4,2045,"11,12,13,14,15",scientific,0.9665289256198347,0.014037427893771107,0.8772727272727272,0.9757384327086098,0.007868469783115646,0.7386363636363638,0.11321062588911257,0.863124430179596
coverage_5pct,5,2045,"11,12,13,14,15",scientific,0.9648760330578512,0.011687715391513207,0.8590909090909091,0.9804740481719004,0.009032106925412618,0.7784090909090909,0.11408396109515706,0.845493495464325
coverage_5pct,6,2045,"11,12,13,14,15",scientific,0.9619834710743802,0.007796678621534373,0.8636363636363636,0.9783448069469016,0.008567316796072479,0.7386363636363638,0.10575540430971253,0.8479272723197937
coverage_5pct,7,2045,"11,12,13,14,15",scientific,0.9578512396694215,0.009917355371900796,0.8590909090909091,0.9777413432478255,0.007937090390264781,0.7159090909090908,0.1064704478651255,0.8758438229560852
coverage_5pct,8,2045,"11,12,13,14,15",scientific,0.9582644628099175,0.013791999395271603,0.8590909090909091,0.9774639954666077,0.00800007641719814,0.6988636363636364,0.07969819419271174,0.9248644113540649
coverage_5pct,9,2045,"11,12,13,14,15",scientific,0.9661157024793388,0.007574505280918713,0.859090909090909,0.9767196982959849,0.006227274399568145,0.7159090909090909,0.06945166420748983,1.0055192708969116
coverage_5pct,10,2045,"11,12,13,14,15",scientific,0.9764462809917356,0.008012693979200548,0.8909090909090909,0.9747513794443217,0.004858062804631915,0.6931818181818181,0.09134154415952211,1.1596715450286865
coverage_5pct,11,2045,"11,12,13,14,15",scientific,0.9772727272727273,0.006914545673835371,0.9,0.9726429757758366,0.011446087167922971,0.6931818181818182,0.08538328701913755,1.2678947448730469
coverage_5pct,12,2045,"11,12,13,14,15",scientific,0.974793388429752,0.009276836496133744,0.8818181818181818,0.976086576352032,0.009201661735543319,0.7102272727272727,0.10044709801615725,1.439345359802246
coverage_5pct,13,2045,"11,12,13,14,15",scientific,0.9599173553719009,0.008118546572061354,0.8863636363636364,0.974983683166249,0.011441520110129524,0.7954545454545454,0.08835299614963499,1.520084261894226
coverage_5pct,14,2045,"11,12,13,14,15",scientific,0.9483471074380165,0.018617984010031098,0.85,0.972781544086933,0.00882177265929959,0.7840909090909092,0.08066236289924456,1.723758578300476
coverage_5pct,15,2045,"11,12,13,14,15",scientific,0.9351239669421488,0.026349253829636078,0.840909090909091,0.969585642645216,0.009036592118356486,0.7727272727272728,0.023777170593763164,2.317730188369751
mass_5pct,0,2045,"11,12,13,14,15",scientific,0.9413223140495866,0.01794549648810615,0.8727272727272727,0.9514892086220454,0.004995004332827222,0.6704545454545455,0.1386644059975527,0.8206539154052734
mass_5pct,1,2045,"11,12,13,14,15",scientific,0.9623966942148761,0.022723515842756215,0.8863636363636364,0.9511080857781709,0.0011292074205475205,0.6818181818181818,0.2055466685365187,0.9122084379196167
mass_5pct,2,2045,"11,12,13,14,15",scientific,0.9632231404958679,0.015702479338842935,0.8954545454545455,0.9730213439542483,0.005687969025395774,0.7159090909090909,0.14213926481377592,0.8649353384971619
mass_5pct,3,2045,"11,12,13,14,15",scientific,0.9648760330578512,0.014841557847990012,0.8727272727272727,0.9737614563369208,0.008867802417695478,0.7556818181818181,0.14400264948074237,0.8528499007225037
mass_5pct,4,2045,"11,12,13,14,15",scientific,0.9665289256198347,0.014037427893771107,0.8772727272727272,0.9757384327086098,0.007868469783115646,0.7386363636363638,0.11321062588911257,0.863124430179596
mass_5pct,5,2045,"11,12,13,14,15",scientific,0.9648760330578512,0.011687715391513207,0.8590909090909091,0.9804740481719004,0.009032106925412618,0.7784090909090909,0.11408396109515706,0.845493495464325
mass_5pct,6,2045,"11,12,13,14,15",scientific,0.9619834710743802,0.007796678621534373,0.8636363636363636,0.9783448069469016,0.008567316796072479,0.7386363636363638,0.10575540430971253,0.8479272723197937
mass_5pct,7,2045,"11,12,13,14,15",scientific,0.9578512396694215,0.009917355371900796,0.8590909090909091,0.9777413432478255,0.007937090390264781,0.7159090909090908,0.1064704478651255,0.8758438229560852
mass_5pct,8,2045,"11,12,13,14,15",scientific,0.9582644628099175,0.013791999395271603,0.8590909090909091,0.9774639954666077,0.00800007641719814,0.6988636363636364,0.07969819419271174,0.9248644113540649
mass_5pct,9,2045,"11,12,13,14,15",scientific,0.9661157024793388,0.007574505280918713,0.859090909090909,0.9767196982959849,0.006227274399568145,0.7159090909090909,0.06945166420748983,1.0055192708969116
mass_5pct,10,2045,"11,12,13,14,15",scientific,0.9764462809917356,0.008012693979200548,0.8909090909090909,0.9747513794443217,0.004858062804631915,0.6931818181818181,0.09134154415952211,1.1596715450286865
mass_5pct,11,2045,"11,12,13,14,15",scientific,0.978099173553719,0.00481896850813658,0.9045454545454545,0.9754182868322767,0.007342780083038922,0.6761363636363636,0.08348806715085155,1.2372422218322754
mass_5pct,12,2045,"11,12,13,14,15",scientific,0.9764462809917356,0.008428131427426063,0.8909090909090909,0.9774351626615558,0.007523152264774813,0.7102272727272727,0.09561814134708613,1.3685266971588135
mass_5pct,13,2045,"11,12,13,14,15",scientific,0.9644628099173553,0.009726117599950245,0.8727272727272727,0.9807747578197945,0.007235469056877824,0.7954545454545455,0.08957518454391844,1.4450360536575317
mass_5pct,14,2045,"11,12,13,14,15",scientific,0.952892561983471,0.02004877598464164,0.8727272727272727,0.9783739084998033,0.007230710646952331,0.7897727272727273,0.08104901557190258,1.6323243379592896
mass_5pct,15,2045,"11,12,13,14,15",scientific,0.9433884297520662,0.026957861868264578,0.8681818181818182,0.9736915147089537,0.009437696887020865,0.7954545454545455,0.02150076014639868,2.1506502628326416
random_5pct_seed0,0,2045,"11,12,13,14,15",scientific,0.9413223140495866,0.01794549648810615,0.8727272727272727,0.9514892086220454,0.004995004332827222,0.6704545454545455,0.1386644059975527,0.8206539154052734
random_5pct_seed0,1,2045,"11,12,13,14,15",scientific,0.9623966942148761,0.022723515842756215,0.8863636363636364,0.9511080857781709,0.0011292074205475205,0.6818181818181818,0.2055466685365187,0.9122084379196167
random_5pct_seed0,2,2045,"11,12,13,14,15",scientific,0.9632231404958679,0.015702479338842935,0.8954545454545455,0.9730213439542483,0.005687969025395774,0.7159090909090909,0.14213926481377592,0.8649353384971619
random_5pct_seed0,3,2045,"11,12,13,14,15",scientific,0.9648760330578512,0.014841557847990012,0.8727272727272727,0.9737614563369208,0.008867802417695478,0.7556818181818181,0.14400264948074237,0.8528499007225037
random_5pct_seed0,4,2045,"11,12,13,14,15",scientific,0.9665289256198347,0.014037427893771107,0.8772727272727272,0.9757384327086098,0.007868469783115646,0.7386363636363638,0.11321062588911257,0.863124430179596
random_5pct_seed0,5,2045,"11,12,13,14,15",scientific,0.9648760330578512,0.011687715391513207,0.8590909090909091,0.9804740481719004,0.009032106925412618,0.7784090909090909,0.11408396109515706,0.845493495464325
random_5pct_seed0,6,2045,"11,12,13,14,15",scientific,0.9619834710743802,0.007796678621534373,0.8636363636363636,0.9783448069469016,0.008567316796072479,0.7386363636363638,0.10575540430971253,0.8479272723197937
random_5pct_seed0,7,2045,"11,12,13,14,15",scientific,0.9578512396694215,0.009917355371900796,0.8590909090909091,0.9777413432478255,0.007937090390264781,0.7159090909090908,0.1064704478651255,0.8758438229560852
random_5pct_seed0,8,2045,"11,12,13,14,15",scientific,0.9582644628099175,0.013791999395271603,0.8590909090909091,0.9774639954666077,0.00800007641719814,0.6988636363636364,0.07969819419271174,0.9248644113540649
random_5pct_seed0,9,2045,"11,12,13,14,15",scientific,0.9661157024793388,0.007574505280918713,0.859090909090909,0.9767196982959849,0.006227274399568145,0.7159090909090909,0.06945166420748983,1.0055192708969116
random_5pct_seed0,10,2045,"11,12,13,14,15",scientific,0.9764462809917356,0.008012693979200548,0.8909090909090909,0.9747513794443217,0.004858062804631915,0.6931818181818181,0.09134154415952211,1.1596715450286865
random_5pct_seed0,11,2045,"11,12,13,14,15",scientific,0.978099173553719,0.006212105941476405,0.9045454545454545,0.9724412037292988,0.011718152091182184,0.6818181818181818,0.08756693464538767,1.2747136354446411
random_5pct_seed0,12,2045,"11,12,13,14,15",scientific,0.9768595041322314,0.009726117599950257,0.8818181818181818,0.9752064847320506,0.008542489604805685,0.7272727272727273,0.10283163820105545,1.4731940031051636
random_5pct_seed0,13,2045,"11,12,13,14,15",scientific,0.9574380165289256,0.010664039587242926,0.8727272727272727,0.9738134398496241,0.010274575273409968,0.7556818181818181,0.09185454996879827,1.546957015991211
random_5pct_seed0,14,2045,"11,12,13,14,15",scientific,0.9458677685950413,0.020344683677836633,0.8454545454545455,0.9684907639042459,0.00828318649892708,0.7329545454545454,0.0775603647165084,1.7661218643188477
random_5pct_seed0,15,2045,"11,12,13,14,15",scientific,0.9305785123966942,0.027861169968657142,0.8363636363636363,0.965953832190771,0.005578479212932237,0.7386363636363635,0.011264526513019346,2.9605798721313477
random_5pct_seed1,0,2045,"11,12,13,14,15",scientific,0.9413223140495866,0.01794549648810615,0.8727272727272727,0.9514892086220454,0.004995004332827222,0.6704545454545455,0.1386644059975527,0.8206539154052734
random_5pct_seed1,1,2045,"11,12,13,14,15",scientific,0.9623966942148761,0.022723515842756215,0.8863636363636364,0.9511080857781709,0.0011292074205475205,0.6818181818181818,0.2055466685365187,0.9122084379196167
random_5pct_seed1,2,2045,"11,12,13,14,15",scientific,0.9632231404958679,0.015702479338842935,0.8954545454545455,0.9730213439542483,0.005687969025395774,0.7159090909090909,0.14213926481377592,0.8649353384971619
random_5pct_seed1,3,2045,"11,12,13,14,15",scientific,0.9648760330578512,0.014841557847990012,0.8727272727272727,0.9737614563369208,0.008867802417695478,0.7556818181818181,0.14400264948074237,0.8528499007225037
random_5pct_seed1,4,2045,"11,12,13,14,15",scientific,0.9665289256198347,0.014037427893771107,0.8772727272727272,0.9757384327086098,0.007868469783115646,0.7386363636363638,0.11321062588911257,0.863124430179596
random_5pct_seed1,5,2045,"11,12,13,14,15",scientific,0.9648760330578512,0.011687715391513207,0.8590909090909091,0.9804740481719004,0.009032106925412618,0.7784090909090909,0.11408396109515706,0.845493495464325
random_5pct_seed1,6,2045,"11,12,13,14,15",scientific,0.9619834710743802,0.007796678621534373,0.8636363636363636,0.9783448069469016,0.008567316796072479,0.7386363636363638,0.10575540430971253,0.8479272723197937
random_5pct_seed1,7,2045,"11,12,13,14,15",scientific,0.9578512396694215,0.009917355371900796,0.8590909090909091,0.9777413432478255,0.007937090390264781,0.7159090909090908,0.1064704478651255,0.8758438229560852
random_5pct_seed1,8,2045,"11,12,13,14,15",scientific,0.9582644628099175,0.013791999395271603,0.8590909090909091,0.9774639954666077,0.00800007641719814,0.6988636363636364,0.07969819419271174,0.9248644113540649
random_5pct_seed1,9,2045,"11,12,13,14,15",scientific,0.9661157024793388,0.007574505280918713,0.859090909090909,0.9767196982959849,0.006227274399568145,0.7159090909090909,0.06945166420748983,1.0055192708969116
random_5pct_seed1,10,2045,"11,12,13,14,15",scientific,0.9764462809917356,0.008012693979200548,0.8909090909090909,0.9747513794443217,0.004858062804631915,0.6931818181818181,0.09134154415952211,1.1596715450286865
random_5pct_seed1,11,2045,"11,12,13,14,15",scientific,0.9780991735537189,0.007228452762204941,0.9136363636363637,0.9718534425831737,0.011131280366129759,0.6931818181818182,0.08582154830825217,1.2672189474105835
random_5pct_seed1,12,2045,"11,12,13,14,15",scientific,0.9756198347107438,0.010648015476632314,0.8772727272727272,0.97628980731547,0.008893286003545445,0.7159090909090909,0.10103380469525369,1.4630610942840576
random_5pct_seed1,13,2045,"11,12,13,14,15",scientific,0.9545454545454545,0.012327631314195276,0.8590909090909091,0.9742012333990614,0.010090067042651361,0.7670454545454546,0.09286382030758666,1.5370168685913086
random_5pct_seed1,14,2045,"11,12,13,14,15",scientific,0.9462809917355373,0.01595062732695763,0.8454545454545455,0.9728265881462234,0.008997141915187449,0.7443181818181819,0.07970884672265,1.7685461044311523
random_5pct_seed1,15,2045,"11,12,13,14,15",scientific,0.9243801652892563,0.028044428927201912,0.8363636363636363,0.9655439149343948,0.0060644404128775775,0.7443181818181818,0.011652922067647897,2.9793522357940674
random_5pct_seed2,0,2045,"11,12,13,14,15",scientific,0.9413223140495866,0.01794549648810615,0.8727272727272727,0.9514892086220454,0.004995004332827222,0.6704545454545455,0.1386644059975527,0.8206539154052734
random_5pct_seed2,1,2045,"11,12,13,14,15",scientific,0.9623966942148761,0.022723515842756215,0.8863636363636364,0.9511080857781709,0.0011292074205475205,0.6818181818181818,0.2055466685365187,0.9122084379196167
random_5pct_seed2,2,2045,"11,12,13,14,15",scientific,0.9632231404958679,0.015702479338842935,0.8954545454545455,0.9730213439542483,0.005687969025395774,0.7159090909090909,0.14213926481377592,0.8649353384971619
random_5pct_seed2,3,2045,"11,12,13,14,15",scientific,0.9648760330578512,0.014841557847990012,0.8727272727272727,0.9737614563369208,0.008867802417695478,0.7556818181818181,0.14400264948074237,0.8528499007225037
random_5pct_seed2,4,2045,"11,12,13,14,15",scientific,0.9665289256198347,0.014037427893771107,0.8772727272727272,0.9757384327086098,0.007868469783115646,0.7386363636363638,0.11321062588911257,0.863124430179596
random_5pct_seed2,5,2045,"11,12,13,14,15",scientific,0.9648760330578512,0.011687715391513207,0.8590909090909091,0.9804740481719004,0.009032106925412618,0.7784090909090909,0.11408396109515706,0.845493495464325
random_5pct_seed2,6,2045,"11,12,13,14,15",scientific,0.9619834710743802,0.007796678621534373,0.8636363636363636,0.9783448069469016,0.008567316796072479,0.7386363636363638,0.10575540430971253,0.8479272723197937
random_5pct_seed2,7,2045,"11,12,13,14,15",scientific,0.9578512396694215,0.009917355371900796,0.8590909090909091,0.9777413432478255,0.007937090390264781,0.7159090909090908,0.1064704478651255,0.8758438229560852
random_5pct_seed2,8,2045,"11,12,13,14,15",scientific,0.9582644628099175,0.013791999395271603,0.8590909090909091,0.9774639954666077,0.00800007641719814,0.6988636363636364,0.07969819419271174,0.9248644113540649
random_5pct_seed2,9,2045,"11,12,13,14,15",scientific,0.9661157024793388,0.007574505280918713,0.859090909090909,0.9767196982959849,0.006227274399568145,0.7159090909090909,0.06945166420748983,1.0055192708969116
random_5pct_seed2,10,2045,"11,12,13,14,15",scientific,0.9764462809917356,0.008012693979200548,0.8909090909090909,0.9747513794443217,0.004858062804631915,0.6931818181818181,0.09134154415952211,1.1596715450286865
random_5pct_seed2,11,2045,"11,12,13,14,15",scientific,0.9780991735537189,0.007228452762204941,0.9045454545454545,0.9723923012187331,0.010267348622774605,0.6818181818181818,0.08786659344023695,1.2752982378005981
random_5pct_seed2,12,2045,"11,12,13,14,15",scientific,0.9764462809917355,0.010822975912156054,0.8727272727272727,0.9753174871922454,0.009098947996681204,0.7329545454545454,0.10092746935891161,1.4752119779586792
random_5pct_seed2,13,2045,"11,12,13,14,15",scientific,0.9586776859504132,0.010535164284282604,0.8772727272727272,0.9728912891911151,0.011466751381830727,0.7613636363636364,0.09106965184852989,1.5450249910354614
random_5pct_seed2,14,2045,"11,12,13,14,15",scientific,0.9475206611570248,0.019971976815858807,0.8545454545454545,0.9716187873175586,0.008425353104210704,0.7443181818181819,0.08012662002410864,1.7556061744689941
random_5pct_seed2,15,2045,"11,12,13,14,15",scientific,0.9351239669421487,0.028706370963567568,0.8545454545454545,0.9685696222019509,0.006154441367100865,0.7329545454545455,0.011453178064328218,3.0070698261260986
random_5pct_seed3,0,2045,"11,12,13,14,15",scientific,0.9413223140495866,0.01794549648810615,0.8727272727272727,0.9514892086220454,0.004995004332827222,0.6704545454545455,0.1386644059975527,0.8206539154052734
random_5pct_seed3,1,2045,"11,12,13,14,15",scientific,0.9623966942148761,0.022723515842756215,0.8863636363636364,0.9511080857781709,0.0011292074205475205,0.6818181818181818,0.2055466685365187,0.9122084379196167
random_5pct_seed3,2,2045,"11,12,13,14,15",scientific,0.9632231404958679,0.015702479338842935,0.8954545454545455,0.9730213439542483,0.005687969025395774,0.7159090909090909,0.14213926481377592,0.8649353384971619
random_5pct_seed3,3,2045,"11,12,13,14,15",scientific,0.9648760330578512,0.014841557847990012,0.8727272727272727,0.9737614563369208,0.008867802417695478,0.7556818181818181,0.14400264948074237,0.8528499007225037
random_5pct_seed3,4,2045,"11,12,13,14,15",scientific,0.9665289256198347,0.014037427893771107,0.8772727272727272,0.9757384327086098,0.007868469783115646,0.7386363636363638,0.11321062588911257,0.863124430179596
random_5pct_seed3,5,2045,"11,12,13,14,15",scientific,0.9648760330578512,0.011687715391513207,0.8590909090909091,0.9804740481719004,0.009032106925412618,0.7784090909090909,0.11408396109515706,0.845493495464325
random_5pct_seed3,6,2045,"11,12,13,14,15",scientific,0.9619834710743802,0.007796678621534373,0.8636363636363636,0.9783448069469016,0.008567316796072479,0.7386363636363638,0.10575540430971253,0.8479272723197937
random_5pct_seed3,7,2045,"11,12,13,14,15",scientific,0.9578512396694215,0.009917355371900796,0.8590909090909091,0.9777413432478255,0.007937090390264781,0.7159090909090908,0.1064704478651255,0.8758438229560852
random_5pct_seed3,8,2045,"11,12,13,14,15",scientific,0.9582644628099175,0.013791999395271603,0.8590909090909091,0.9774639954666077,0.00800007641719814,0.6988636363636364,0.07969819419271174,0.9248644113540649
random_5pct_seed3,9,2045,"11,12,13,14,15",scientific,0.9661157024793388,0.007574505280918713,0.859090909090909,0.9767196982959849,0.006227274399568145,0.7159090909090909,0.06945166420748983,1.0055192708969116
random_5pct_seed3,10,2045,"11,12,13,14,15",scientific,0.9764462809917356,0.008012693979200548,0.8909090909090909,0.9747513794443217,0.004858062804631915,0.6931818181818181,0.09134154415952211,1.1596715450286865
random_5pct_seed3,11,2045,"11,12,13,14,15",scientific,0.9772727272727273,0.0069145456738353515,0.9045454545454545,0.973140495233181,0.00968843916721852,0.6761363636363636,0.08689701364646019,1.2758241891860962
random_5pct_seed3,12,2045,"11,12,13,14,15",scientific,0.9764462809917355,0.009202916302198412,0.8818181818181818,0.9747648744256474,0.00857173867505531,0.7102272727272727,0.10102357968490372,1.47061288356781
random_5pct_seed3,13,2045,"11,12,13,14,15",scientific,0.9566115702479339,0.009865567261415973,0.8772727272727273,0.9731591060217947,0.010518324053610037,0.7613636363636364,0.09057479629413634,1.5461397171020508
random_5pct_seed3,14,2045,"11,12,13,14,15",scientific,0.9454545454545455,0.020932107672585056,0.8454545454545453,0.9729502985404688,0.009272430263955835,0.7443181818181819,0.07591026372801912,1.7707103490829468
random_5pct_seed3,15,2045,"11,12,13,14,15",scientific,0.9227272727272726,0.03183695914753426,0.8318181818181818,0.9687735922219766,0.007553898265861047,0.7386363636363636,0.01146392126086071,2.918902635574341
random_5pct_seed4,0,2045,"11,12,13,14,15",scientific,0.9413223140495866,0.01794549648810615,0.8727272727272727,0.9514892086220454,0.004995004332827222,0.6704545454545455,0.1386644059975527,0.8206539154052734
random_5pct_seed4,1,2045,"11,12,13,14,15",scientific,0.9623966942148761,0.022723515842756215,0.8863636363636364,0.9511080857781709,0.0011292074205475205,0.6818181818181818,0.2055466685365187,0.9122084379196167
random_5pct_seed4,2,2045,"11,12,13,14,15",scientific,0.9632231404958679,0.015702479338842935,0.8954545454545455,0.9730213439542483,0.005687969025395774,0.7159090909090909,0.14213926481377592,0.8649353384971619
random_5pct_seed4,3,2045,"11,12,13,14,15",scientific,0.9648760330578512,0.014841557847990012,0.8727272727272727,0.9737614563369208,0.008867802417695478,0.7556818181818181,0.14400264948074237,0.8528499007225037
random_5pct_seed4,4,2045,"11,12,13,14,15",scientific,0.9665289256198347,0.014037427893771107,0.8772727272727272,0.9757384327086098,0.007868469783115646,0.7386363636363638,0.11321062588911257,0.863124430179596
random_5pct_seed4,5,2045,"11,12,13,14,15",scientific,0.9648760330578512,0.011687715391513207,0.8590909090909091,0.9804740481719004,0.009032106925412618,0.7784090909090909,0.11408396109515706,0.845493495464325
random_5pct_seed4,6,2045,"11,12,13,14,15",scientific,0.9619834710743802,0.007796678621534373,0.8636363636363636,0.9783448069469016,0.008567316796072479,0.7386363636363638,0.10575540430971253,0.8479272723197937
random_5pct_seed4,7,2045,"11,12,13,14,15",scientific,0.9578512396694215,0.009917355371900796,0.8590909090909091,0.9777413432478255,0.007937090390264781,0.7159090909090908,0.1064704478651255,0.8758438229560852
random_5pct_seed4,8,2045,"11,12,13,14,15",scientific,0.9582644628099175,0.013791999395271603,0.8590909090909091,0.9774639954666077,0.00800007641719814,0.6988636363636364,0.07969819419271174,0.9248644113540649
random_5pct_seed4,9,2045,"11,12,13,14,15",scientific,0.9661157024793388,0.007574505280918713,0.859090909090909,0.9767196982959849,0.006227274399568145,0.7159090909090909,0.06945166420748983,1.0055192708969116
random_5pct_seed4,10,2045,"11,12,13,14,15",scientific,0.9764462809917356,0.008012693979200548,0.8909090909090909,0.9747513794443217,0.004858062804631915,0.6931818181818181,0.09134154415952211,1.1596715450286865
random_5pct_seed4,11,2045,"11,12,13,14,15",scientific,0.9785123966942149,0.007109359724828625,0.909090909090909,0.9716993924762888,0.010928003369254846,0.6874999999999999,0.08744987804650028,1.2792562246322632
random_5pct_seed4,12,2045,"11,12,13,14,15",scientific,0.9789256198347107,0.011346719188219832,0.8863636363636364,0.9758145939296772,0.008408971279938806,0.7386363636363636,0.10066493999407577,1.4749499559402466
random_5pct_seed4,13,2045,"11,12,13,14,15",scientific,0.9623966942148761,0.008608539940495749,0.8863636363636364,0.9730917079002653,0.011417717274324314,0.7613636363636364,0.08970073547821311,1.5557109117507935
random_5pct_seed4,14,2045,"11,12,13,14,15",scientific,0.9520661157024793,0.01917818410887982,0.8409090909090908,0.9702533178841711,0.011155032850896258,0.7215909090909091,0.07571826176654395,1.7794609069824219
random_5pct_seed4,15,2045,"11,12,13,14,15",scientific,0.9297520661157025,0.03002628450344618,0.840909090909091,0.9645177300635166,0.007868562534716406,0.7329545454545454,0.01096297341534691,3.0876691341400146
affinity_10pct,0,4095,"11,12,13,14,15",scientific,0.9413223140495866,0.01794549648810615,0.8727272727272727,0.9514892086220454,0.004995004332827222,0.6704545454545455,0.1386644059975527,0.8206539154052734
affinity_10pct,1,4095,"11,12,13,14,15",scientific,0.9623966942148761,0.022723515842756215,0.8863636363636364,0.9511080857781709,0.0011292074205475205,0.6818181818181818,0.2055466685365187,0.9122084379196167
affinity_10pct,2,4095,"11,12,13,14,15",scientific,0.9632231404958679,0.015702479338842935,0.8954545454545455,0.9730213439542483,0.005687969025395774,0.7159090909090909,0.14213926481377592,0.8649353384971619
affinity_10pct,3,4095,"11,12,13,14,15",scientific,0.9648760330578512,0.014841557847990012,0.8727272727272727,0.9737614563369208,0.008867802417695478,0.7556818181818181,0.14400264948074237,0.8528499007225037
affinity_10pct,4,4095,"11,12,13,14,15",scientific,0.9665289256198347,0.014037427893771107,0.8772727272727272,0.9757384327086098,0.007868469783115646,0.7386363636363638,0.11321062588911257,0.863124430179596
affinity_10pct,5,4095,"11,12,13,14,15",scientific,0.9648760330578512,0.011687715391513207,0.8590909090909091,0.9804740481719004,0.009032106925412618,0.7784090909090909,0.11408396109515706,0.845493495464325
affinity_10pct,6,4095,"11,12,13,14,15",scientific,0.9619834710743802,0.007796678621534373,0.8636363636363636,0.9783448069469016,0.008567316796072479,0.7386363636363638,0.10575540430971253,0.8479272723197937
affinity_10pct,7,4095,"11,12,13,14,15",scientific,0.9578512396694215,0.009917355371900796,0.8590909090909091,0.9777413432478255,0.007937090390264781,0.7159090909090908,0.1064704478651255,0.8758438229560852
affinity_10pct,8,4095,"11,12,13,14,15",scientific,0.9582644628099175,0.013791999395271603,0.8590909090909091,0.9774639954666077,0.00800007641719814,0.6988636363636364,0.07969819419271174,0.9248644113540649
affinity_10pct,9,4095,"11,12,13,14,15",scientific,0.9661157024793388,0.007574505280918713,0.859090909090909,0.9767196982959849,0.006227274399568145,0.7159090909090909,0.06945166420748983,1.0055192708969116
affinity_10pct,10,4095,"11,12,13,14,15",scientific,0.9764462809917356,0.008012693979200548,0.8909090909090909,0.9747513794443217,0.004858062804631915,0.6931818181818181,0.09134154415952211,1.1596715450286865
affinity_10pct,11,4095,"11,12,13,14,15",scientific,0.9772727272727273,0.004132231404958697,0.9,0.9737648060869084,0.009974605391150925,0.6761363636363636,0.08265636788311026,1.232524037361145
affinity_10pct,12,4095,"11,12,13,14,15",scientific,0.9677685950413222,0.009295224693555381,0.8772727272727273,0.9763179682508968,0.008887541390198364,0.7272727272727273,0.07708360654190649,1.3020679950714111
affinity_10pct,13,4095,"11,12,13,14,15",scientific,0.9487603305785125,0.011861735615212695,0.8545454545454547,0.9731856448719839,0.012388364788514645,0.7556818181818181,0.07609884325727967,1.3512359857559204
affinity_10pct,14,4095,"11,12,13,14,15",scientific,0.9384297520661157,0.018219345194255034,0.8454545454545455,0.9741862603045603,0.010144374456899927,0.7443181818181818,0.06667148418617652,1.4892065525054932
affinity_10pct,15,4095,"11,12,13,14,15",scientific,0.9078512396694215,0.02975780477254354,0.8136363636363637,0.9739455486141825,0.006738572859627466,0.7670454545454546,0.017390822370174086,1.9920495748519897
coverage_10pct,0,4095,"11,12,13,14,15",scientific,0.9413223140495866,0.01794549648810615,0.8727272727272727,0.9514892086220454,0.004995004332827222,0.6704545454545455,0.1386644059975527,0.8206539154052734
coverage_10pct,1,4095,"11,12,13,14,15",scientific,0.9623966942148761,0.022723515842756215,0.8863636363636364,0.9511080857781709,0.0011292074205475205,0.6818181818181818,0.2055466685365187,0.9122084379196167
coverage_10pct,2,4095,"11,12,13,14,15",scientific,0.9632231404958679,0.015702479338842935,0.8954545454545455,0.9730213439542483,0.005687969025395774,0.7159090909090909,0.14213926481377592,0.8649353384971619
coverage_10pct,3,4095,"11,12,13,14,15",scientific,0.9648760330578512,0.014841557847990012,0.8727272727272727,0.9737614563369208,0.008867802417695478,0.7556818181818181,0.14400264948074237,0.8528499007225037
coverage_10pct,4,4095,"11,12,13,14,15",scientific,0.9665289256198347,0.014037427893771107,0.8772727272727272,0.9757384327086098,0.007868469783115646,0.7386363636363638,0.11321062588911257,0.863124430179596
coverage_10pct,5,4095,"11,12,13,14,15",scientific,0.9648760330578512,0.011687715391513207,0.8590909090909091,0.9804740481719004,0.009032106925412618,0.7784090909090909,0.11408396109515706,0.845493495464325
coverage_10pct,6,4095,"11,12,13,14,15",scientific,0.9619834710743802,0.007796678621534373,0.8636363636363636,0.9783448069469016,0.008567316796072479,0.7386363636363638,0.10575540430971253,0.8479272723197937
coverage_10pct,7,4095,"11,12,13,14,15",scientific,0.9578512396694215,0.009917355371900796,0.8590909090909091,0.9777413432478255,0.007937090390264781,0.7159090909090908,0.1064704478651255,0.8758438229560852
coverage_10pct,8,4095,"11,12,13,14,15",scientific,0.9582644628099175,0.013791999395271603,0.8590909090909091,0.9774639954666077,0.00800007641719814,0.6988636363636364,0.07969819419271174,0.9248644113540649
coverage_10pct,9,4095,"11,12,13,14,15",scientific,0.9661157024793388,0.007574505280918713,0.859090909090909,0.9767196982959849,0.006227274399568145,0.7159090909090909,0.06945166420748983,1.0055192708969116
coverage_10pct,10,4095,"11,12,13,14,15",scientific,0.9764462809917356,0.008012693979200548,0.8909090909090909,0.9747513794443217,0.004858062804631915,0.6931818181818181,0.09134154415952211,1.1596715450286865
coverage_10pct,11,4095,"11,12,13,14,15",scientific,0.9780991735537189,0.0069882374071437115,0.9,0.973038706984987,0.010604474951593364,0.6874999999999999,0.08422042028334775,1.27065908908844
coverage_10pct,12,4095,"11,12,13,14,15",scientific,0.9756198347107439,0.008305682331504853,0.8863636363636364,0.9763171620073469,0.009392577896252134,0.7272727272727273,0.09706448529736955,1.4279593229293823
coverage_10pct,13,4095,"11,12,13,14,15",scientific,0.965289256198347,0.00936841656921869,0.8727272727272727,0.9765420175745737,0.01087262816056054,0.7897727272727273,0.08655921150986912,1.5147881507873535
coverage_10pct,14,4095,"11,12,13,14,15",scientific,0.952892561983471,0.015864755223514437,0.8590909090909091,0.9739346835225319,0.009572854047576946,0.7897727272727273,0.08004236068856074,1.7055532932281494
coverage_10pct,15,4095,"11,12,13,14,15",scientific,0.9433884297520662,0.024745132101784913,0.8545454545454545,0.9715342757168657,0.010551827800602544,0.7954545454545455,0.02481087774243318,2.2598814964294434
mass_10pct,0,4095,"11,12,13,14,15",scientific,0.9413223140495866,0.01794549648810615,0.8727272727272727,0.9514892086220454,0.004995004332827222,0.6704545454545455,0.1386644059975527,0.8206539154052734
mass_10pct,1,4095,"11,12,13,14,15",scientific,0.9623966942148761,0.022723515842756215,0.8863636363636364,0.9511080857781709,0.0011292074205475205,0.6818181818181818,0.2055466685365187,0.9122084379196167
mass_10pct,2,4095,"11,12,13,14,15",scientific,0.9632231404958679,0.015702479338842935,0.8954545454545455,0.9730213439542483,0.005687969025395774,0.7159090909090909,0.14213926481377592,0.8649353384971619
mass_10pct,3,4095,"11,12,13,14,15",scientific,0.9648760330578512,0.014841557847990012,0.8727272727272727,0.9737614563369208,0.008867802417695478,0.7556818181818181,0.14400264948074237,0.8528499007225037
mass_10pct,4,4095,"11,12,13,14,15",scientific,0.9665289256198347,0.014037427893771107,0.8772727272727272,0.9757384327086098,0.007868469783115646,0.7386363636363638,0.11321062588911257,0.863124430179596
mass_10pct,5,4095,"11,12,13,14,15",scientific,0.9648760330578512,0.011687715391513207,0.8590909090909091,0.9804740481719004,0.009032106925412618,0.7784090909090909,0.11408396109515706,0.845493495464325
mass_10pct,6,4095,"11,12,13,14,15",scientific,0.9619834710743802,0.007796678621534373,0.8636363636363636,0.9783448069469016,0.008567316796072479,0.7386363636363638,0.10575540430971253,0.8479272723197937
mass_10pct,7,4095,"11,12,13,14,15",scientific,0.9578512396694215,0.009917355371900796,0.8590909090909091,0.9777413432478255,0.007937090390264781,0.7159090909090908,0.1064704478651255,0.8758438229560852
mass_10pct,8,4095,"11,12,13,14,15",scientific,0.9582644628099175,0.013791999395271603,0.8590909090909091,0.9774639954666077,0.00800007641719814,0.6988636363636364,0.07969819419271174,0.9248644113540649
mass_10pct,9,4095,"11,12,13,14,15",scientific,0.9661157024793388,0.007574505280918713,0.859090909090909,0.9767196982959849,0.006227274399568145,0.7159090909090909,0.06945166420748983,1.0055192708969116
mass_10pct,10,4095,"11,12,13,14,15",scientific,0.9764462809917356,0.008012693979200548,0.8909090909090909,0.9747513794443217,0.004858062804631915,0.6931818181818181,0.09134154415952211,1.1596715450286865
mass_10pct,11,4095,"11,12,13,14,15",scientific,0.9793388429752067,0.0043339208602072654,0.9045454545454545,0.9746399258716645,0.007679097932645463,0.6988636363636364,0.08167264986353129,1.2348437309265137
mass_10pct,12,4095,"11,12,13,14,15",scientific,0.9764462809917355,0.0075745052809187315,0.8909090909090909,0.975991190061551,0.008065757572071964,0.6988636363636364,0.09176712212621141,1.3565919399261475
mass_10pct,13,4095,"11,12,13,14,15",scientific,0.9714876033057852,0.006454751798269958,0.8727272727272727,0.9772489204014939,0.008944578497416845,0.7670454545454546,0.08389687412406277,1.4091624021530151
mass_10pct,14,4095,"11,12,13,14,15",scientific,0.9611570247933885,0.012355302799773607,0.8772727272727273,0.9777865024847658,0.007349592635934503,0.7784090909090909,0.07590694070418191,1.5708787441253662
mass_10pct,15,4095,"11,12,13,14,15",scientific,0.952892561983471,0.026245362823471775,0.8818181818181818,0.9746639980005161,0.01252293295063073,0.7784090909090909,0.020982910978904035,2.024003267288208
random_10pct_seed0,0,4095,"11,12,13,14,15",scientific,0.9413223140495866,0.01794549648810615,0.8727272727272727,0.9514892086220454,0.004995004332827222,0.6704545454545455,0.1386644059975527,0.8206539154052734
random_10pct_seed0,1,4095,"11,12,13,14,15",scientific,0.9623966942148761,0.022723515842756215,0.8863636363636364,0.9511080857781709,0.0011292074205475205,0.6818181818181818,0.2055466685365187,0.9122084379196167
random_10pct_seed0,2,4095,"11,12,13,14,15",scientific,0.9632231404958679,0.015702479338842935,0.8954545454545455,0.9730213439542483,0.005687969025395774,0.7159090909090909,0.14213926481377592,0.8649353384971619
random_10pct_seed0,3,4095,"11,12,13,14,15",scientific,0.9648760330578512,0.014841557847990012,0.8727272727272727,0.9737614563369208,0.008867802417695478,0.7556818181818181,0.14400264948074237,0.8528499007225037
random_10pct_seed0,4,4095,"11,12,13,14,15",scientific,0.9665289256198347,0.014037427893771107,0.8772727272727272,0.9757384327086098,0.007868469783115646,0.7386363636363638,0.11321062588911257,0.863124430179596
random_10pct_seed0,5,4095,"11,12,13,14,15",scientific,0.9648760330578512,0.011687715391513207,0.8590909090909091,0.9804740481719004,0.009032106925412618,0.7784090909090909,0.11408396109515706,0.845493495464325
random_10pct_seed0,6,4095,"11,12,13,14,15",scientific,0.9619834710743802,0.007796678621534373,0.8636363636363636,0.9783448069469016,0.008567316796072479,0.7386363636363638,0.10575540430971253,0.8479272723197937
random_10pct_seed0,7,4095,"11,12,13,14,15",scientific,0.9578512396694215,0.009917355371900796,0.8590909090909091,0.9777413432478255,0.007937090390264781,0.7159090909090908,0.1064704478651255,0.8758438229560852
random_10pct_seed0,8,4095,"11,12,13,14,15",scientific,0.9582644628099175,0.013791999395271603,0.8590909090909091,0.9774639954666077,0.00800007641719814,0.6988636363636364,0.07969819419271174,0.9248644113540649
random_10pct_seed0,9,4095,"11,12,13,14,15",scientific,0.9661157024793388,0.007574505280918713,0.859090909090909,0.9767196982959849,0.006227274399568145,0.7159090909090909,0.06945166420748983,1.0055192708969116
random_10pct_seed0,10,4095,"11,12,13,14,15",scientific,0.9764462809917356,0.008012693979200548,0.8909090909090909,0.9747513794443217,0.004858062804631915,0.6931818181818181,0.09134154415952211,1.1596715450286865
random_10pct_seed0,11,4095,"11,12,13,14,15",scientific,0.978099173553719,0.006988237407143729,0.9,0.9729117812146788,0.011716757198958672,0.6875,0.08718992308212004,1.2714574337005615
random_10pct_seed0,12,4095,"11,12,13,14,15",scientific,0.9760330578512397,0.010003073088355534,0.8909090909090909,0.9752631233414418,0.008121808563594537,0.7215909090909091,0.10227797184036325,1.4661246538162231
random_10pct_seed0,13,4095,"11,12,13,14,15",scientific,0.9603305785123967,0.007991355209013914,0.8636363636363636,0.9735627652925205,0.010334818056235645,0.7556818181818182,0.08977849965803553,1.5347143411636353
random_10pct_seed0,14,4095,"11,12,13,14,15",scientific,0.9483471074380165,0.01884587479502704,0.8636363636363636,0.9690817308282962,0.00964106816109971,0.7443181818181819,0.07844103293758597,1.7314045429229736
random_10pct_seed0,15,4095,"11,12,13,14,15",scientific,0.9314049586776859,0.026049450433842138,0.8454545454545455,0.9636428502321981,0.006185043071055511,0.7272727272727273,0.010823137350478351,2.854306936264038
random_10pct_seed1,0,4095,"11,12,13,14,15",scientific,0.9413223140495866,0.01794549648810615,0.8727272727272727,0.9514892086220454,0.004995004332827222,0.6704545454545455,0.1386644059975527,0.8206539154052734
random_10pct_seed1,1,4095,"11,12,13,14,15",scientific,0.9623966942148761,0.022723515842756215,0.8863636363636364,0.9511080857781709,0.0011292074205475205,0.6818181818181818,0.2055466685365187,0.9122084379196167
random_10pct_seed1,2,4095,"11,12,13,14,15",scientific,0.9632231404958679,0.015702479338842935,0.8954545454545455,0.9730213439542483,0.005687969025395774,0.7159090909090909,0.14213926481377592,0.8649353384971619
random_10pct_seed1,3,4095,"11,12,13,14,15",scientific,0.9648760330578512,0.014841557847990012,0.8727272727272727,0.9737614563369208,0.008867802417695478,0.7556818181818181,0.14400264948074237,0.8528499007225037
random_10pct_seed1,4,4095,"11,12,13,14,15",scientific,0.9665289256198347,0.014037427893771107,0.8772727272727272,0.9757384327086098,0.007868469783115646,0.7386363636363638,0.11321062588911257,0.863124430179596
random_10pct_seed1,5,4095,"11,12,13,14,15",scientific,0.9648760330578512,0.011687715391513207,0.8590909090909091,0.9804740481719004,0.009032106925412618,0.7784090909090909,0.11408396109515706,0.845493495464325
random_10pct_seed1,6,4095,"11,12,13,14,15",scientific,0.9619834710743802,0.007796678621534373,0.8636363636363636,0.9783448069469016,0.008567316796072479,0.7386363636363638,0.10575540430971253,0.8479272723197937
random_10pct_seed1,7,4095,"11,12,13,14,15",scientific,0.9578512396694215,0.009917355371900796,0.8590909090909091,0.9777413432478255,0.007937090390264781,0.7159090909090908,0.1064704478651255,0.8758438229560852
random_10pct_seed1,8,4095,"11,12,13,14,15",scientific,0.9582644628099175,0.013791999395271603,0.8590909090909091,0.9774639954666077,0.00800007641719814,0.6988636363636364,0.07969819419271174,0.9248644113540649
random_10pct_seed1,9,4095,"11,12,13,14,15",scientific,0.9661157024793388,0.007574505280918713,0.859090909090909,0.9767196982959849,0.006227274399568145,0.7159090909090909,0.06945166420748983,1.0055192708969116
random_10pct_seed1,10,4095,"11,12,13,14,15",scientific,0.9764462809917356,0.008012693979200548,0.8909090909090909,0.9747513794443217,0.004858062804631915,0.6931818181818181,0.09134154415952211,1.1596715450286865
random_10pct_seed1,11,4095,"11,12,13,14,15",scientific,0.9785123966942149,0.006481151711305014,0.9090909090909092,0.9709916354151309,0.011999428680942548,0.6988636363636364,0.08507283009125144,1.2646634578704834
random_10pct_seed1,12,4095,"11,12,13,14,15",scientific,0.9743801652892563,0.013041102345503715,0.8727272727272727,0.9753741258016364,0.010108194817255207,0.7159090909090909,0.10016628814592321,1.4589742422103882
random_10pct_seed1,13,4095,"11,12,13,14,15",scientific,0.952892561983471,0.012355302799773562,0.85,0.9753506007666224,0.010783505308924983,0.7556818181818182,0.09213478465023661,1.5254311561584473
random_10pct_seed1,14,4095,"11,12,13,14,15",scientific,0.9479338842975207,0.018863987124815382,0.840909090909091,0.9753821210501745,0.007826813328065603,0.75,0.07977926081352726,1.745149850845337
random_10pct_seed1,15,4095,"11,12,13,14,15",scientific,0.9223140495867768,0.02670329656430335,0.8318181818181818,0.9690423016794436,0.006159071275346815,0.7613636363636364,0.011893244855530338,2.8802502155303955
random_10pct_seed2,0,4095,"11,12,13,14,15",scientific,0.9413223140495866,0.01794549648810615,0.8727272727272727,0.9514892086220454,0.004995004332827222,0.6704545454545455,0.1386644059975527,0.8206539154052734
random_10pct_seed2,1,4095,"11,12,13,14,15",scientific,0.9623966942148761,0.022723515842756215,0.8863636363636364,0.9511080857781709,0.0011292074205475205,0.6818181818181818,0.2055466685365187,0.9122084379196167
random_10pct_seed2,2,4095,"11,12,13,14,15",scientific,0.9632231404958679,0.015702479338842935,0.8954545454545455,0.9730213439542483,0.005687969025395774,0.7159090909090909,0.14213926481377592,0.8649353384971619
random_10pct_seed2,3,4095,"11,12,13,14,15",scientific,0.9648760330578512,0.014841557847990012,0.8727272727272727,0.9737614563369208,0.008867802417695478,0.7556818181818181,0.14400264948074237,0.8528499007225037
random_10pct_seed2,4,4095,"11,12,13,14,15",scientific,0.9665289256198347,0.014037427893771107,0.8772727272727272,0.9757384327086098,0.007868469783115646,0.7386363636363638,0.11321062588911257,0.863124430179596
random_10pct_seed2,5,4095,"11,12,13,14,15",scientific,0.9648760330578512,0.011687715391513207,0.8590909090909091,0.9804740481719004,0.009032106925412618,0.7784090909090909,0.11408396109515706,0.845493495464325
random_10pct_seed2,6,4095,"11,12,13,14,15",scientific,0.9619834710743802,0.007796678621534373,0.8636363636363636,0.9783448069469016,0.008567316796072479,0.7386363636363638,0.10575540430971253,0.8479272723197937
random_10pct_seed2,7,4095,"11,12,13,14,15",scientific,0.9578512396694215,0.009917355371900796,0.8590909090909091,0.9777413432478255,0.007937090390264781,0.7159090909090908,0.1064704478651255,0.8758438229560852
random_10pct_seed2,8,4095,"11,12,13,14,15",scientific,0.9582644628099175,0.013791999395271603,0.8590909090909091,0.9774639954666077,0.00800007641719814,0.6988636363636364,0.07969819419271174,0.9248644113540649
random_10pct_seed2,9,4095,"11,12,13,14,15",scientific,0.9661157024793388,0.007574505280918713,0.859090909090909,0.9767196982959849,0.006227274399568145,0.7159090909090909,0.06945166420748983,1.0055192708969116
random_10pct_seed2,10,4095,"11,12,13,14,15",scientific,0.9764462809917356,0.008012693979200548,0.8909090909090909,0.9747513794443217,0.004858062804631915,0.6931818181818181,0.09134154415952211,1.1596715450286865
random_10pct_seed2,11,4095,"11,12,13,14,15",scientific,0.9772727272727272,0.006533631529273539,0.9045454545454545,0.9712691175702737,0.011765326373381825,0.6761363636363636,0.08672098656884908,1.265501618385315
random_10pct_seed2,12,4095,"11,12,13,14,15",scientific,0.9772727272727273,0.008055201937858632,0.8772727272727273,0.9752109862585385,0.008980579045097312,0.7215909090909091,0.09988374251918886,1.4545685052871704
random_10pct_seed2,13,4095,"11,12,13,14,15",scientific,0.9615702479338843,0.009295224693555378,0.8681818181818182,0.9730011494729471,0.010378492140459642,0.7670454545454546,0.09127965877665567,1.5171254873275757
random_10pct_seed2,14,4095,"11,12,13,14,15",scientific,0.9495867768595041,0.01988629655457182,0.8454545454545455,0.9727686345919946,0.008563997145774918,0.7613636363636364,0.0806545697781701,1.7242755889892578
random_10pct_seed2,15,4095,"11,12,13,14,15",scientific,0.9355371900826446,0.027484775451761777,0.8590909090909091,0.9693260226239618,0.007483451754066187,0.7386363636363635,0.012229015480717975,2.9494359493255615
random_10pct_seed3,0,4095,"11,12,13,14,15",scientific,0.9413223140495866,0.01794549648810615,0.8727272727272727,0.9514892086220454,0.004995004332827222,0.6704545454545455,0.1386644059975527,0.8206539154052734
random_10pct_seed3,1,4095,"11,12,13,14,15",scientific,0.9623966942148761,0.022723515842756215,0.8863636363636364,0.9511080857781709,0.0011292074205475205,0.6818181818181818,0.2055466685365187,0.9122084379196167
random_10pct_seed3,2,4095,"11,12,13,14,15",scientific,0.9632231404958679,0.015702479338842935,0.8954545454545455,0.9730213439542483,0.005687969025395774,0.7159090909090909,0.14213926481377592,0.8649353384971619
random_10pct_seed3,3,4095,"11,12,13,14,15",scientific,0.9648760330578512,0.014841557847990012,0.8727272727272727,0.9737614563369208,0.008867802417695478,0.7556818181818181,0.14400264948074237,0.8528499007225037
random_10pct_seed3,4,4095,"11,12,13,14,15",scientific,0.9665289256198347,0.014037427893771107,0.8772727272727272,0.9757384327086098,0.007868469783115646,0.7386363636363638,0.11321062588911257,0.863124430179596
random_10pct_seed3,5,4095,"11,12,13,14,15",scientific,0.9648760330578512,0.011687715391513207,0.8590909090909091,0.9804740481719004,0.009032106925412618,0.7784090909090909,0.11408396109515706,0.845493495464325
random_10pct_seed3,6,4095,"11,12,13,14,15",scientific,0.9619834710743802,0.007796678621534373,0.8636363636363636,0.9783448069469016,0.008567316796072479,0.7386363636363638,0.10575540430971253,0.8479272723197937
random_10pct_seed3,7,4095,"11,12,13,14,15",scientific,0.9578512396694215,0.009917355371900796,0.8590909090909091,0.9777413432478255,0.007937090390264781,0.7159090909090908,0.1064704478651255,0.8758438229560852
random_10pct_seed3,8,4095,"11,12,13,14,15",scientific,0.9582644628099175,0.013791999395271603,0.8590909090909091,0.9774639954666077,0.00800007641719814,0.6988636363636364,0.07969819419271174,0.9248644113540649
random_10pct_seed3,9,4095,"11,12,13,14,15",scientific,0.9661157024793388,0.007574505280918713,0.859090909090909,0.9767196982959849,0.006227274399568145,0.7159090909090909,0.06945166420748983,1.0055192708969116
random_10pct_seed3,10,4095,"11,12,13,14,15",scientific,0.9764462809917356,0.008012693979200548,0.8909090909090909,0.9747513794443217,0.004858062804631915,0.6931818181818181,0.09134154415952211,1.1596715450286865
random_10pct_seed3,11,4095,"11,12,13,14,15",scientific,0.9772727272727273,0.007840357835128198,0.9090909090909092,0.9727855561084082,0.009727583526759039,0.6761363636363636,0.0857073183638063,1.2700830698013306
random_10pct_seed3,12,4095,"11,12,13,14,15",scientific,0.9760330578512397,0.008326215570086682,0.8818181818181818,0.9750362521653397,0.00895363299250504,0.7272727272727273,0.10052760289607787,1.4527413845062256
random_10pct_seed3,13,4095,"11,12,13,14,15",scientific,0.9603305785123967,0.006321098570569567,0.8681818181818182,0.9741514574579831,0.010190685590999273,0.7613636363636362,0.0913034287003659,1.5194361209869385
random_10pct_seed3,14,4095,"11,12,13,14,15",scientific,0.946694214876033,0.018636317824429212,0.840909090909091,0.9725853389601454,0.009158511418309643,0.7443181818181819,0.07648476120360359,1.7317888736724854
random_10pct_seed3,15,4095,"11,12,13,14,15",scientific,0.9264462809917354,0.03307334347729541,0.8363636363636363,0.9706157435561944,0.006870903842496035,0.7386363636363636,0.011633825697147437,2.807795763015747
random_10pct_seed4,0,4095,"11,12,13,14,15",scientific,0.9413223140495866,0.01794549648810615,0.8727272727272727,0.9514892086220454,0.004995004332827222,0.6704545454545455,0.1386644059975527,0.8206539154052734
random_10pct_seed4,1,4095,"11,12,13,14,15",scientific,0.9623966942148761,0.022723515842756215,0.8863636363636364,0.9511080857781709,0.0011292074205475205,0.6818181818181818,0.2055466685365187,0.9122084379196167
random_10pct_seed4,2,4095,"11,12,13,14,15",scientific,0.9632231404958679,0.015702479338842935,0.8954545454545455,0.9730213439542483,0.005687969025395774,0.7159090909090909,0.14213926481377592,0.8649353384971619
random_10pct_seed4,3,4095,"11,12,13,14,15",scientific,0.9648760330578512,0.014841557847990012,0.8727272727272727,0.9737614563369208,0.008867802417695478,0.7556818181818181,0.14400264948074237,0.8528499007225037
random_10pct_seed4,4,4095,"11,12,13,14,15",scientific,0.9665289256198347,0.014037427893771107,0.8772727272727272,0.9757384327086098,0.007868469783115646,0.7386363636363638,0.11321062588911257,0.863124430179596
random_10pct_seed4,5,4095,"11,12,13,14,15",scientific,0.9648760330578512,0.011687715391513207,0.8590909090909091,0.9804740481719004,0.009032106925412618,0.7784090909090909,0.11408396109515706,0.845493495464325
random_10pct_seed4,6,4095,"11,12,13,14,15",scientific,0.9619834710743802,0.007796678621534373,0.8636363636363636,0.9783448069469016,0.008567316796072479,0.7386363636363638,0.10575540430971253,0.8479272723197937
random_10pct_seed4,7,4095,"11,12,13,14,15",scientific,0.9578512396694215,0.009917355371900796,0.8590909090909091,0.9777413432478255,0.007937090390264781,0.7159090909090908,0.1064704478651255,0.8758438229560852
random_10pct_seed4,8,4095,"11,12,13,14,15",scientific,0.9582644628099175,0.013791999395271603,0.8590909090909091,0.9774639954666077,0.00800007641719814,0.6988636363636364,0.07969819419271174,0.9248644113540649
random_10pct_seed4,9,4095,"11,12,13,14,15",scientific,0.9661157024793388,0.007574505280918713,0.859090909090909,0.9767196982959849,0.006227274399568145,0.7159090909090909,0.06945166420748983,1.0055192708969116
random_10pct_seed4,10,4095,"11,12,13,14,15",scientific,0.9764462809917356,0.008012693979200548,0.8909090909090909,0.9747513794443217,0.004858062804631915,0.6931818181818181,0.09134154415952211,1.1596715450286865
random_10pct_seed4,11,4095,"11,12,13,14,15",scientific,0.9789256198347107,0.0063210985705695584,0.9045454545454545,0.9708477209414468,0.01101669597250726,0.6874999999999999,0.08692182914739921,1.2750840187072754
random_10pct_seed4,12,4095,"11,12,13,14,15",scientific,0.9768595041322314,0.00954894215561266,0.8863636363636364,0.975897512239545,0.009427833336831063,0.7329545454545454,0.0992935718332052,1.4596707820892334
random_10pct_seed4,13,4095,"11,12,13,14,15",scientific,0.9628099173553719,0.008958464210197846,0.8954545454545455,0.9726417568123741,0.011794422737102366,0.7613636363636364,0.09049390549165803,1.5339590311050415
random_10pct_seed4,14,4095,"11,12,13,14,15",scientific,0.952892561983471,0.018125381983025875,0.8545454545454547,0.9693613437699641,0.011299263162378972,0.7159090909090908,0.07520357045981418,1.7335337400436401
random_10pct_seed4,15,4095,"11,12,13,14,15",scientific,0.9239669421487603,0.03148098670205107,0.8272727272727272,0.9641769385934198,0.010386103556364563,0.7443181818181819,0.010548749840717964,2.9342148303985596
clean,0,0,"11,12,13,14,15",verb,0.9741496598639456,0.01839951272117986,0.8857142857142858,0.9667960239651416,0.0,0.5952380952380952,0.12785899876469864,0.7527392506599426
clean,1,0,"11,12,13,14,15",verb,0.9845804988662131,0.012286818307613696,0.9476190476190476,0.9856193025455796,0.0,0.5714285714285714,0.12986798800259236,0.7486560940742493
clean,2,0,"11,12,13,14,15",verb,0.9800453514739228,0.014080884078240413,0.9380952380952381,0.9898968724916868,0.0,0.7142857142857143,0.12498541924109496,0.8513121604919434
clean,3,0,"11,12,13,14,15",verb,0.9823129251700682,0.012453088632876185,0.9333333333333333,0.9945372520353171,0.0,0.7380952380952381,0.12200626653297575,0.7982462644577026
clean,4,0,"11,12,13,14,15",verb,0.9755102040816327,0.01567088666047256,0.9047619047619049,0.9967830882352942,0.0,0.7619047619047619,0.10005948828507771,0.8067423105239868
clean,5,0,"11,12,13,14,15",verb,0.9768707482993199,0.018555349247599787,0.9,0.9977022058823529,0.0,0.8571428571428571,0.10486563305237184,0.8301989436149597
clean,6,0,"11,12,13,14,15",verb,0.9736961451247167,0.020861678004535138,0.9047619047619048,0.9977022058823529,0.0,0.8571428571428571,0.09264939712570108,0.8393893837928772
clean,7,0,"11,12,13,14,15",verb,0.9764172335600907,0.01800402108052534,0.9095238095238096,0.9981617647058824,0.0,0.8571428571428571,0.08574040773850633,0.8337516188621521
clean,8,0,"11,12,13,14,15",verb,0.9782312925170068,0.016576568600904378,0.9333333333333333,0.9990808823529411,0.0,0.9047619047619048,0.0677885652492991,0.8910029530525208
clean,9,0,"11,12,13,14,15",verb,0.9746031746031745,0.015801588562525476,0.9285714285714286,0.9986213235294118,0.0,0.8809523809523809,0.06066134897794517,0.916698157787323
clean,10,0,"11,12,13,14,15",verb,0.980498866213152,0.011791383219954649,0.9380952380952381,0.9981617647058824,0.0,0.8809523809523809,0.08336409484143104,1.0956169366836548
clean,11,0,"11,12,13,14,15",verb,0.9750566893424036,0.00962050042430679,0.9285714285714286,0.9977022058823529,0.0,0.8571428571428571,0.07127480143816134,1.152351975440979
clean,12,0,"11,12,13,14,15",verb,0.9746031746031747,0.009663163606649672,0.8952380952380953,0.9977022058823529,0.0,0.8571428571428571,0.06766779091394293,1.2577301263809204
clean,13,0,"11,12,13,14,15",verb,0.962358276643991,0.0148070999703533,0.8523809523809524,0.9910023219814241,0.0,0.7619047619047619,0.056536149749011555,1.3838756084442139
clean,14,0,"11,12,13,14,15",verb,0.9519274376417233,0.022236100992528377,0.8523809523809524,0.9874226006191951,0.0,0.7619047619047619,0.03772275710541828,1.451196312904358
clean,15,0,"11,12,13,14,15",verb,0.9424036281179138,0.016700183800019936,0.8666666666666666,0.9842056888544892,0.0,0.7619047619047619,0.005596245865676974,2.002046585083008
affinity_5pct,0,2045,"11,12,13,14,15",verb,0.9741496598639456,0.01839951272117986,0.8857142857142858,0.9667960239651416,0.0,0.5952380952380952,0.12785899876469864,0.7527392506599426
affinity_5pct,1,2045,"11,12,13,14,15",verb,0.9845804988662131,0.012286818307613696,0.9476190476190476,0.9856193025455796,0.0,0.5714285714285714,0.12986798800259236,0.7486560940742493
affinity_5pct,2,2045,"11,12,13,14,15",verb,0.9800453514739228,0.014080884078240413,0.9380952380952381,0.9898968724916868,0.0,0.7142857142857143,0.12498541924109496,0.8513121604919434
affinity_5pct,3,2045,"11,12,13,14,15",verb,0.9823129251700682,0.012453088632876185,0.9333333333333333,0.9945372520353171,0.0,0.7380952380952381,0.12200626653297575,0.7982462644577026
affinity_5pct,4,2045,"11,12,13,14,15",verb,0.9755102040816327,0.01567088666047256,0.9047619047619049,0.9967830882352942,0.0,0.7619047619047619,0.10005948828507771,0.8067423105239868
affinity_5pct,5,2045,"11,12,13,14,15",verb,0.9768707482993199,0.018555349247599787,0.9,0.9977022058823529,0.0,0.8571428571428571,0.10486563305237184,0.8301989436149597
affinity_5pct,6,2045,"11,12,13,14,15",verb,0.9736961451247167,0.020861678004535138,0.9047619047619048,0.9977022058823529,0.0,0.8571428571428571,0.09264939712570108,0.8393893837928772
affinity_5pct,7,2045,"11,12,13,14,15",verb,0.9764172335600907,0.01800402108052534,0.9095238095238096,0.9981617647058824,0.0,0.8571428571428571,0.08574040773850633,0.8337516188621521
affinity_5pct,8,2045,"11,12,13,14,15",verb,0.9782312925170068,0.016576568600904378,0.9333333333333333,0.9990808823529411,0.0,0.9047619047619048,0.0677885652492991,0.8910029530525208
affinity_5pct,9,2045,"11,12,13,14,15",verb,0.9746031746031745,0.015801588562525476,0.9285714285714286,0.9986213235294118,0.0,0.8809523809523809,0.06066134897794517,0.916698157787323
affinity_5pct,10,2045,"11,12,13,14,15",verb,0.980498866213152,0.011791383219954649,0.9380952380952381,0.9981617647058824,0.0,0.8809523809523809,0.08336409484143104,1.0956169366836548
affinity_5pct,11,2045,"11,12,13,14,15",verb,0.9746031746031745,0.0131753642143619,0.9142857142857144,0.9977022058823529,0.0,0.8571428571428571,0.07117830361685318,1.12904953956604
affinity_5pct,12,2045,"11,12,13,14,15",verb,0.9700680272108843,0.013860051510146135,0.8904761904761905,0.9972426470588236,0.0,0.8571428571428571,0.06005301995690804,1.1863099336624146
affinity_5pct,13,2045,"11,12,13,14,15",verb,0.9573696145124716,0.013785654561061842,0.8714285714285713,0.9935661764705882,0.0,0.7619047619047619,0.05511398085710939,1.2553197145462036
affinity_5pct,14,2045,"11,12,13,14,15",verb,0.9532879818594104,0.018399512721179855,0.8761904761904763,0.9887045278637772,0.0,0.7619047619047619,0.040501758228676965,1.3261319398880005
affinity_5pct,15,2045,"11,12,13,14,15",verb,0.9442176870748298,0.009577647202695142,0.880952380952381,0.9859471749226006,0.0,0.7619047619047619,0.009419143405272945,1.6297507286071777
coverage_5pct,0,2045,"11,12,13,14,15",verb,0.9741496598639456,0.01839951272117986,0.8857142857142858,0.9667960239651416,0.0,0.5952380952380952,0.12785899876469864,0.7527392506599426
coverage_5pct,1,2045,"11,12,13,14,15",verb,0.9845804988662131,0.012286818307613696,0.9476190476190476,0.9856193025455796,0.0,0.5714285714285714,0.12986798800259236,0.7486560940742493
coverage_5pct,2,2045,"11,12,13,14,15",verb,0.9800453514739228,0.014080884078240413,0.9380952380952381,0.9898968724916868,0.0,0.7142857142857143,0.12498541924109496,0.8513121604919434
coverage_5pct,3,2045,"11,12,13,14,15",verb,0.9823129251700682,0.012453088632876185,0.9333333333333333,0.9945372520353171,0.0,0.7380952380952381,0.12200626653297575,0.7982462644577026
coverage_5pct,4,2045,"11,12,13,14,15",verb,0.9755102040816327,0.01567088666047256,0.9047619047619049,0.9967830882352942,0.0,0.7619047619047619,0.10005948828507771,0.8067423105239868
coverage_5pct,5,2045,"11,12,13,14,15",verb,0.9768707482993199,0.018555349247599787,0.9,0.9977022058823529,0.0,0.8571428571428571,0.10486563305237184,0.8301989436149597
coverage_5pct,6,2045,"11,12,13,14,15",verb,0.9736961451247167,0.020861678004535138,0.9047619047619048,0.9977022058823529,0.0,0.8571428571428571,0.09264939712570108,0.8393893837928772
coverage_5pct,7,2045,"11,12,13,14,15",verb,0.9764172335600907,0.01800402108052534,0.9095238095238096,0.9981617647058824,0.0,0.8571428571428571,0.08574040773850633,0.8337516188621521
coverage_5pct,8,2045,"11,12,13,14,15",verb,0.9782312925170068,0.016576568600904378,0.9333333333333333,0.9990808823529411,0.0,0.9047619047619048,0.0677885652492991,0.8910029530525208
coverage_5pct,9,2045,"11,12,13,14,15",verb,0.9746031746031745,0.015801588562525476,0.9285714285714286,0.9986213235294118,0.0,0.8809523809523809,0.06066134897794517,0.916698157787323
coverage_5pct,10,2045,"11,12,13,14,15",verb,0.980498866213152,0.011791383219954649,0.9380952380952381,0.9981617647058824,0.0,0.8809523809523809,0.08336409484143104,1.0956169366836548
coverage_5pct,11,2045,"11,12,13,14,15",verb,0.9773242630385488,0.008723530186699002,0.9190476190476191,0.9977022058823529,0.0,0.8571428571428571,0.06962278773689212,1.1485366821289062
coverage_5pct,12,2045,"11,12,13,14,15",verb,0.9755102040816327,0.008036301653818322,0.8952380952380953,0.9977022058823529,0.0,0.8571428571428571,0.07298542765363569,1.2313456535339355
coverage_5pct,13,2045,"11,12,13,14,15",verb,0.9687074829931973,0.01220283360278792,0.8904761904761905,0.991921439628483,0.0,0.7857142857142857,0.06945042618220487,1.337547779083252
coverage_5pct,14,2045,"11,12,13,14,15",verb,0.965079365079365,0.01862173711351276,0.8666666666666666,0.98640673374613,0.0,0.7619047619047619,0.05746824264761763,1.4305676221847534
coverage_5pct,15,2045,"11,12,13,14,15",verb,0.9519274376417233,0.020802439802593584,0.8666666666666666,0.9831898219814241,0.0,0.7619047619047619,0.014613039379429371,1.7877901792526245
mass_5pct,0,2045,"11,12,13,14,15",verb,0.9741496598639456,0.01839951272117986,0.8857142857142858,0.9667960239651416,0.0,0.5952380952380952,0.12785899876469864,0.7527392506599426
mass_5pct,1,2045,"11,12,13,14,15",verb,0.9845804988662131,0.012286818307613696,0.9476190476190476,0.9856193025455796,0.0,0.5714285714285714,0.12986798800259236,0.7486560940742493
mass_5pct,2,2045,"11,12,13,14,15",verb,0.9800453514739228,0.014080884078240413,0.9380952380952381,0.9898968724916868,0.0,0.7142857142857143,0.12498541924109496,0.8513121604919434
mass_5pct,3,2045,"11,12,13,14,15",verb,0.9823129251700682,0.012453088632876185,0.9333333333333333,0.9945372520353171,0.0,0.7380952380952381,0.12200626653297575,0.7982462644577026
mass_5pct,4,2045,"11,12,13,14,15",verb,0.9755102040816327,0.01567088666047256,0.9047619047619049,0.9967830882352942,0.0,0.7619047619047619,0.10005948828507771,0.8067423105239868
mass_5pct,5,2045,"11,12,13,14,15",verb,0.9768707482993199,0.018555349247599787,0.9,0.9977022058823529,0.0,0.8571428571428571,0.10486563305237184,0.8301989436149597
mass_5pct,6,2045,"11,12,13,14,15",verb,0.9736961451247167,0.020861678004535138,0.9047619047619048,0.9977022058823529,0.0,0.8571428571428571,0.09264939712570108,0.8393893837928772
mass_5pct,7,2045,"11,12,13,14,15",verb,0.9764172335600907,0.01800402108052534,0.9095238095238096,0.9981617647058824,0.0,0.8571428571428571,0.08574040773850633,0.8337516188621521
mass_5pct,8,2045,"11,12,13,14,15",verb,0.9782312925170068,0.016576568600904378,0.9333333333333333,0.9990808823529411,0.0,0.9047619047619048,0.0677885652492991,0.8910029530525208
mass_5pct,9,2045,"11,12,13,14,15",verb,0.9746031746031745,0.015801588562525476,0.9285714285714286,0.9986213235294118,0.0,0.8809523809523809,0.06066134897794517,0.916698157787323
mass_5pct,10,2045,"11,12,13,14,15",verb,0.980498866213152,0.011791383219954649,0.9380952380952381,0.9981617647058824,0.0,0.8809523809523809,0.08336409484143104,1.0956169366836548
mass_5pct,11,2045,"11,12,13,14,15",verb,0.9791383219954648,0.009556148528664621,0.9190476190476191,0.9981617647058824,0.0,0.8809523809523809,0.06881859344792485,1.1302156448364258
mass_5pct,12,2045,"11,12,13,14,15",verb,0.9764172335600907,0.005843128674251731,0.9047619047619048,0.9977022058823529,0.0,0.8571428571428571,0.07286492157099689,1.2026450634002686
mass_5pct,13,2045,"11,12,13,14,15",verb,0.9655328798185941,0.008411445347388379,0.9,0.9931066176470589,0.0,0.7857142857142857,0.0684707859312016,1.2884001731872559
mass_5pct,14,2045,"11,12,13,14,15",verb,0.9623582766439908,0.015684005864662696,0.8952380952380953,0.9876886609907121,0.0,0.7619047619047619,0.056391987434808,1.386374592781067
mass_5pct,15,2045,"11,12,13,14,15",verb,0.9501133786848073,0.020129107502196947,0.8809523809523808,0.9808920278637772,0.0,0.7380952380952381,0.013094552643443613,1.6822710037231445
random_5pct_seed0,0,2045,"11,12,13,14,15",verb,0.9741496598639456,0.01839951272117986,0.8857142857142858,0.9667960239651416,0.0,0.5952380952380952,0.12785899876469864,0.7527392506599426
random_5pct_seed0,1,2045,"11,12,13,14,15",verb,0.9845804988662131,0.012286818307613696,0.9476190476190476,0.9856193025455796,0.0,0.5714285714285714,0.12986798800259236,0.7486560940742493
random_5pct_seed0,2,2045,"11,12,13,14,15",verb,0.9800453514739228,0.014080884078240413,0.9380952380952381,0.9898968724916868,0.0,0.7142857142857143,0.12498541924109496,0.8513121604919434
random_5pct_seed0,3,2045,"11,12,13,14,15",verb,0.9823129251700682,0.012453088632876185,0.9333333333333333,0.9945372520353171,0.0,0.7380952380952381,0.12200626653297575,0.7982462644577026
random_5pct_seed0,4,2045,"11,12,13,14,15",verb,0.9755102040816327,0.01567088666047256,0.9047619047619049,0.9967830882352942,0.0,0.7619047619047619,0.10005948828507771,0.8067423105239868
random_5pct_seed0,5,2045,"11,12,13,14,15",verb,0.9768707482993199,0.018555349247599787,0.9,0.9977022058823529,0.0,0.8571428571428571,0.10486563305237184,0.8301989436149597
random_5pct_seed0,6,2045,"11,12,13,14,15",verb,0.9736961451247167,0.020861678004535138,0.9047619047619048,0.9977022058823529,0.0,0.8571428571428571,0.09264939712570108,0.8393893837928772
random_5pct_seed0,7,2045,"11,12,13,14,15",verb,0.9764172335600907,0.01800402108052534,0.9095238095238096,0.9981617647058824,0.0,0.8571428571428571,0.08574040773850633,0.8337516188621521
random_5pct_seed0,8,2045,"11,12,13,14,15",verb,0.9782312925170068,0.016576568600904378,0.9333333333333333,0.9990808823529411,0.0,0.9047619047619048,0.0677885652492991,0.8910029530525208
random_5pct_seed0,9,2045,"11,12,13,14,15",verb,0.9746031746031745,0.015801588562525476,0.9285714285714286,0.9986213235294118,0.0,0.8809523809523809,0.06066134897794517,0.916698157787323
random_5pct_seed0,10,2045,"11,12,13,14,15",verb,0.980498866213152,0.011791383219954649,0.9380952380952381,0.9981617647058824,0.0,0.8809523809523809,0.08336409484143104,1.0956169366836548
random_5pct_seed0,11,2045,"11,12,13,14,15",verb,0.9732426303854875,0.010674469202666511,0.9190476190476191,0.9981617647058824,0.0,0.8809523809523809,0.07091651880718786,1.1511064767837524
random_5pct_seed0,12,2045,"11,12,13,14,15",verb,0.9768707482993196,0.00900201054026265,0.8952380952380953,0.9977022058823529,0.0,0.8571428571428571,0.06821829400273327,1.2518383264541626
random_5pct_seed0,13,2045,"11,12,13,14,15",verb,0.9646258503401359,0.014240651671752895,0.8666666666666666,0.9923809984520124,0.0,0.7619047619047619,0.057440516045540346,1.373701572418213
random_5pct_seed0,14,2045,"11,12,13,14,15",verb,0.9537414965986395,0.016638491000312134,0.8571428571428571,0.9874226006191951,0.0,0.7619047619047619,0.03927426135711998,1.442618489265442
random_5pct_seed0,15,2045,"11,12,13,14,15",verb,0.9410430839002266,0.014269508138369393,0.8380952380952381,0.9837461300309598,0.0,0.7619047619047619,0.005898440288397033,1.9798744916915894
random_5pct_seed1,0,2045,"11,12,13,14,15",verb,0.9741496598639456,0.01839951272117986,0.8857142857142858,0.9667960239651416,0.0,0.5952380952380952,0.12785899876469864,0.7527392506599426
random_5pct_seed1,1,2045,"11,12,13,14,15",verb,0.9845804988662131,0.012286818307613696,0.9476190476190476,0.9856193025455796,0.0,0.5714285714285714,0.12986798800259236,0.7486560940742493
random_5pct_seed1,2,2045,"11,12,13,14,15",verb,0.9800453514739228,0.014080884078240413,0.9380952380952381,0.9898968724916868,0.0,0.7142857142857143,0.12498541924109496,0.8513121604919434
random_5pct_seed1,3,2045,"11,12,13,14,15",verb,0.9823129251700682,0.012453088632876185,0.9333333333333333,0.9945372520353171,0.0,0.7380952380952381,0.12200626653297575,0.7982462644577026
random_5pct_seed1,4,2045,"11,12,13,14,15",verb,0.9755102040816327,0.01567088666047256,0.9047619047619049,0.9967830882352942,0.0,0.7619047619047619,0.10005948828507771,0.8067423105239868
random_5pct_seed1,5,2045,"11,12,13,14,15",verb,0.9768707482993199,0.018555349247599787,0.9,0.9977022058823529,0.0,0.8571428571428571,0.10486563305237184,0.8301989436149597
random_5pct_seed1,6,2045,"11,12,13,14,15",verb,0.9736961451247167,0.020861678004535138,0.9047619047619048,0.9977022058823529,0.0,0.8571428571428571,0.09264939712570108,0.8393893837928772
random_5pct_seed1,7,2045,"11,12,13,14,15",verb,0.9764172335600907,0.01800402108052534,0.9095238095238096,0.9981617647058824,0.0,0.8571428571428571,0.08574040773850633,0.8337516188621521
random_5pct_seed1,8,2045,"11,12,13,14,15",verb,0.9782312925170068,0.016576568600904378,0.9333333333333333,0.9990808823529411,0.0,0.9047619047619048,0.0677885652492991,0.8910029530525208
random_5pct_seed1,9,2045,"11,12,13,14,15",verb,0.9746031746031745,0.015801588562525476,0.9285714285714286,0.9986213235294118,0.0,0.8809523809523809,0.06066134897794517,0.916698157787323
random_5pct_seed1,10,2045,"11,12,13,14,15",verb,0.980498866213152,0.011791383219954649,0.9380952380952381,0.9981617647058824,0.0,0.8809523809523809,0.08336409484143104,1.0956169366836548
random_5pct_seed1,11,2045,"11,12,13,14,15",verb,0.9768707482993196,0.010674469202666499,0.9238095238095239,0.9981617647058824,0.0,0.8571428571428571,0.07020289026711046,1.146895170211792
random_5pct_seed1,12,2045,"11,12,13,14,15",verb,0.9750566893424036,0.00940428179289239,0.8952380952380953,0.9981617647058824,0.0,0.8571428571428571,0.06728725727521967,1.2393779754638672
random_5pct_seed1,13,2045,"11,12,13,14,15",verb,0.9637188208616779,0.012986685771679222,0.8571428571428571,0.9928405572755419,0.0,0.7619047619047619,0.0579754095896966,1.3406362533569336
random_5pct_seed1,14,2045,"11,12,13,14,15",verb,0.9537414965986395,0.014945357871459489,0.8619047619047618,0.9888012770897833,0.0,0.7619047619047619,0.03929709722031205,1.406280279159546
random_5pct_seed1,15,2045,"11,12,13,14,15",verb,0.9396825396825397,0.014240651671752917,0.8523809523809524,0.9855843653250774,0.0,0.7619047619047619,0.005806503271884811,1.933048963546753
random_5pct_seed2,0,2045,"11,12,13,14,15",verb,0.9741496598639456,0.01839951272117986,0.8857142857142858,0.9667960239651416,0.0,0.5952380952380952,0.12785899876469864,0.7527392506599426
random_5pct_seed2,1,2045,"11,12,13,14,15",verb,0.9845804988662131,0.012286818307613696,0.9476190476190476,0.9856193025455796,0.0,0.5714285714285714,0.12986798800259236,0.7486560940742493
random_5pct_seed2,2,2045,"11,12,13,14,15",verb,0.9800453514739228,0.014080884078240413,0.9380952380952381,0.9898968724916868,0.0,0.7142857142857143,0.12498541924109496,0.8513121604919434
random_5pct_seed2,3,2045,"11,12,13,14,15",verb,0.9823129251700682,0.012453088632876185,0.9333333333333333,0.9945372520353171,0.0,0.7380952380952381,0.12200626653297575,0.7982462644577026
random_5pct_seed2,4,2045,"11,12,13,14,15",verb,0.9755102040816327,0.01567088666047256,0.9047619047619049,0.9967830882352942,0.0,0.7619047619047619,0.10005948828507771,0.8067423105239868
random_5pct_seed2,5,2045,"11,12,13,14,15",verb,0.9768707482993199,0.018555349247599787,0.9,0.9977022058823529,0.0,0.8571428571428571,0.10486563305237184,0.8301989436149597
random_5pct_seed2,6,2045,"11,12,13,14,15",verb,0.9736961451247167,0.020861678004535138,0.9047619047619048,0.9977022058823529,0.0,0.8571428571428571,0.09264939712570108,0.8393893837928772
random_5pct_seed2,7,2045,"11,12,13,14,15",verb,0.9764172335600907,0.01800402108052534,0.9095238095238096,0.9981617647058824,0.0,0.8571428571428571,0.08574040773850633,0.8337516188621521
random_5pct_seed2,8,2045,"11,12,13,14,15",verb,0.9782312925170068,0.016576568600904378,0.9333333333333333,0.9990808823529411,0.0,0.9047619047619048,0.0677885652492991,0.8910029530525208
random_5pct_seed2,9,2045,"11,12,13,14,15",verb,0.9746031746031745,0.015801588562525476,0.9285714285714286,0.9986213235294118,0.0,0.8809523809523809,0.06066134897794517,0.916698157787323
random_5pct_seed2,10,2045,"11,12,13,14,15",verb,0.980498866213152,0.011791383219954649,0.9380952380952381,0.9981617647058824,0.0,0.8809523809523809,0.08336409484143104,1.0956169366836548
random_5pct_seed2,11,2045,"11,12,13,14,15",verb,0.9746031746031747,0.01168625734850352,0.9238095238095239,0.9977022058823529,0.0,0.8571428571428571,0.07067063380338867,1.1442922353744507
random_5pct_seed2,12,2045,"11,12,13,14,15",verb,0.9723356009070295,0.01123765232958175,0.8952380952380953,0.9977022058823529,0.0,0.8571428571428571,0.0661288473325301,1.2386170625686646
random_5pct_seed2,13,2045,"11,12,13,14,15",verb,0.963265306122449,0.01301832208109504,0.8619047619047618,0.9927438080495355,0.0,0.7857142857142857,0.05691132044506675,1.34928297996521
random_5pct_seed2,14,2045,"11,12,13,14,15",verb,0.9537414965986395,0.01884134066017324,0.8571428571428571,0.9887045278637772,0.0,0.7619047619047619,0.041823706288904305,1.3995591402053833
random_5pct_seed2,15,2045,"11,12,13,14,15",verb,0.9419501133786848,0.01555231582719478,0.8523809523809524,0.9859471749226006,0.0,0.7619047619047619,0.005366404994149754,1.9189378023147583
random_5pct_seed3,0,2045,"11,12,13,14,15",verb,0.9741496598639456,0.01839951272117986,0.8857142857142858,0.9667960239651416,0.0,0.5952380952380952,0.12785899876469864,0.7527392506599426
random_5pct_seed3,1,2045,"11,12,13,14,15",verb,0.9845804988662131,0.012286818307613696,0.9476190476190476,0.9856193025455796,0.0,0.5714285714285714,0.12986798800259236,0.7486560940742493
random_5pct_seed3,2,2045,"11,12,13,14,15",verb,0.9800453514739228,0.014080884078240413,0.9380952380952381,0.9898968724916868,0.0,0.7142857142857143,0.12498541924109496,0.8513121604919434
random_5pct_seed3,3,2045,"11,12,13,14,15",verb,0.9823129251700682,0.012453088632876185,0.9333333333333333,0.9945372520353171,0.0,0.7380952380952381,0.12200626653297575,0.7982462644577026
random_5pct_seed3,4,2045,"11,12,13,14,15",verb,0.9755102040816327,0.01567088666047256,0.9047619047619049,0.9967830882352942,0.0,0.7619047619047619,0.10005948828507771,0.8067423105239868
random_5pct_seed3,5,2045,"11,12,13,14,15",verb,0.9768707482993199,0.018555349247599787,0.9,0.9977022058823529,0.0,0.8571428571428571,0.10486563305237184,0.8301989436149597
random_5pct_seed3,6,2045,"11,12,13,14,15",verb,0.9736961451247167,0.020861678004535138,0.9047619047619048,0.9977022058823529,0.0,0.8571428571428571,0.09264939712570108,0.8393893837928772
random_5pct_seed3,7,2045,"11,12,13,14,15",verb,0.9764172335600907,0.01800402108052534,0.9095238095238096,0.9981617647058824,0.0,0.8571428571428571,0.08574040773850633,0.8337516188621521
random_5pct_seed3,8,2045,"11,12,13,14,15",verb,0.9782312925170068,0.016576568600904378,0.9333333333333333,0.9990808823529411,0.0,0.9047619047619048,0.0677885652492991,0.8910029530525208
random_5pct_seed3,9,2045,"11,12,13,14,15",verb,0.9746031746031745,0.015801588562525476,0.9285714285714286,0.9986213235294118,0.0,0.8809523809523809,0.06066134897794517,0.916698157787323
random_5pct_seed3,10,2045,"11,12,13,14,15",verb,0.980498866213152,0.011791383219954649,0.9380952380952381,0.9981617647058824,0.0,0.8809523809523809,0.08336409484143104,1.0956169366836548
random_5pct_seed3,11,2045,"11,12,13,14,15",verb,0.9746031746031747,0.010281890293654998,0.9238095238095239,0.9977022058823529,0.0,0.8571428571428571,0.0708589280455243,1.1518195867538452
random_5pct_seed3,12,2045,"11,12,13,14,15",verb,0.9764172335600907,0.010201561795194544,0.8952380952380953,0.9977022058823529,0.0,0.8571428571428571,0.06744411842424625,1.256176233291626
random_5pct_seed3,13,2045,"11,12,13,14,15",verb,0.9646258503401361,0.01357517419237711,0.8666666666666666,0.9918246904024768,0.0,0.7857142857142857,0.056633157669216505,1.3725221157073975
random_5pct_seed3,14,2045,"11,12,13,14,15",verb,0.9546485260770975,0.016477008729782246,0.8571428571428571,0.9896236455108359,0.0,0.7619047619047619,0.03750011130065767,1.4381767511367798
random_5pct_seed3,15,2045,"11,12,13,14,15",verb,0.943764172335601,0.007227835578462217,0.8666666666666666,0.9859471749226006,0.0,0.7619047619047619,0.005756005494949923,1.9332997798919678
random_5pct_seed4,0,2045,"11,12,13,14,15",verb,0.9741496598639456,0.01839951272117986,0.8857142857142858,0.9667960239651416,0.0,0.5952380952380952,0.12785899876469864,0.7527392506599426
random_5pct_seed4,1,2045,"11,12,13,14,15",verb,0.9845804988662131,0.012286818307613696,0.9476190476190476,0.9856193025455796,0.0,0.5714285714285714,0.12986798800259236,0.7486560940742493
random_5pct_seed4,2,2045,"11,12,13,14,15",verb,0.9800453514739228,0.014080884078240413,0.9380952380952381,0.9898968724916868,0.0,0.7142857142857143,0.12498541924109496,0.8513121604919434
random_5pct_seed4,3,2045,"11,12,13,14,15",verb,0.9823129251700682,0.012453088632876185,0.9333333333333333,0.9945372520353171,0.0,0.7380952380952381,0.12200626653297575,0.7982462644577026
random_5pct_seed4,4,2045,"11,12,13,14,15",verb,0.9755102040816327,0.01567088666047256,0.9047619047619049,0.9967830882352942,0.0,0.7619047619047619,0.10005948828507771,0.8067423105239868
random_5pct_seed4,5,2045,"11,12,13,14,15",verb,0.9768707482993199,0.018555349247599787,0.9,0.9977022058823529,0.0,0.8571428571428571,0.10486563305237184,0.8301989436149597
random_5pct_seed4,6,2045,"11,12,13,14,15",verb,0.9736961451247167,0.020861678004535138,0.9047619047619048,0.9977022058823529,0.0,0.8571428571428571,0.09264939712570108,0.8393893837928772
random_5pct_seed4,7,2045,"11,12,13,14,15",verb,0.9764172335600907,0.01800402108052534,0.9095238095238096,0.9981617647058824,0.0,0.8571428571428571,0.08574040773850633,0.8337516188621521
random_5pct_seed4,8,2045,"11,12,13,14,15",verb,0.9782312925170068,0.016576568600904378,0.9333333333333333,0.9990808823529411,0.0,0.9047619047619048,0.0677885652492991,0.8910029530525208
random_5pct_seed4,9,2045,"11,12,13,14,15",verb,0.9746031746031745,0.015801588562525476,0.9285714285714286,0.9986213235294118,0.0,0.8809523809523809,0.06066134897794517,0.916698157787323
random_5pct_seed4,10,2045,"11,12,13,14,15",verb,0.980498866213152,0.011791383219954649,0.9380952380952381,0.9981617647058824,0.0,0.8809523809523809,0.08336409484143104,1.0956169366836548
random_5pct_seed4,11,2045,"11,12,13,14,15",verb,0.9782312925170068,0.008556898985992413,0.9285714285714286,0.9981617647058824,0.0,0.8571428571428571,0.07093692824367215,1.1514431238174438
random_5pct_seed4,12,2045,"11,12,13,14,15",verb,0.9755102040816327,0.009115533443193555,0.9,0.9977022058823529,0.0,0.8571428571428571,0.06721450894926218,1.2586935758590698
random_5pct_seed4,13,2045,"11,12,13,14,15",verb,0.9650793650793652,0.012633458754815483,0.8761904761904761,0.9922842492260062,0.0,0.7619047619047619,0.05704016391718092,1.3783982992172241
random_5pct_seed4,14,2045,"11,12,13,14,15",verb,0.9560090702947847,0.019326327213299334,0.8714285714285713,0.9877854102167183,0.0,0.7619047619047619,0.038189885383866806,1.4443168640136719
random_5pct_seed4,15,2045,"11,12,13,14,15",verb,0.946031746031746,0.017646327853372994,0.8523809523809524,0.9854876160990712,0.0,0.7619047619047619,0.005693048662135491,1.9664584398269653
affinity_10pct,0,4095,"11,12,13,14,15",verb,0.9741496598639456,0.01839951272117986,0.8857142857142858,0.9667960239651416,0.0,0.5952380952380952,0.12785899876469864,0.7527392506599426
affinity_10pct,1,4095,"11,12,13,14,15",verb,0.9845804988662131,0.012286818307613696,0.9476190476190476,0.9856193025455796,0.0,0.5714285714285714,0.12986798800259236,0.7486560940742493
affinity_10pct,2,4095,"11,12,13,14,15",verb,0.9800453514739228,0.014080884078240413,0.9380952380952381,0.9898968724916868,0.0,0.7142857142857143,0.12498541924109496,0.8513121604919434
affinity_10pct,3,4095,"11,12,13,14,15",verb,0.9823129251700682,0.012453088632876185,0.9333333333333333,0.9945372520353171,0.0,0.7380952380952381,0.12200626653297575,0.7982462644577026
affinity_10pct,4,4095,"11,12,13,14,15",verb,0.9755102040816327,0.01567088666047256,0.9047619047619049,0.9967830882352942,0.0,0.7619047619047619,0.10005948828507771,0.8067423105239868
affinity_10pct,5,4095,"11,12,13,14,15",verb,0.9768707482993199,0.018555349247599787,0.9,0.9977022058823529,0.0,0.8571428571428571,0.10486563305237184,0.8301989436149597
affinity_10pct,6,4095,"11,12,13,14,15",verb,0.9736961451247167,0.020861678004535138,0.9047619047619048,0.9977022058823529,0.0,0.8571428571428571,0.09264939712570108,0.8393893837928772
affinity_10pct,7,4095,"11,12,13,14,15",verb,0.9764172335600907,0.01800402108052534,0.9095238095238096,0.9981617647058824,0.0,0.8571428571428571,0.08574040773850633,0.8337516188621521
affinity_10pct,8,4095,"11,12,13,14,15",verb,0.9782312925170068,0.016576568600904378,0.9333333333333333,0.9990808823529411,0.0,0.9047619047619048,0.0677885652492991,0.8910029530525208
affinity_10pct,9,4095,"11,12,13,14,15",verb,0.9746031746031745,0.015801588562525476,0.9285714285714286,0.9986213235294118,0.0,0.8809523809523809,0.06066134897794517,0.916698157787323
affinity_10pct,10,4095,"11,12,13,14,15",verb,0.980498866213152,0.011791383219954649,0.9380952380952381,0.9981617647058824,0.0,0.8809523809523809,0.08336409484143104,1.0956169366836548
affinity_10pct,11,4095,"11,12,13,14,15",verb,0.9773242630385488,0.011473116227368308,0.9190476190476191,0.9981617647058824,0.0,0.8571428571428571,0.07115694535738104,1.1295050382614136
affinity_10pct,12,4095,"11,12,13,14,15",verb,0.9714285714285715,0.0108843537414966,0.8952380952380953,0.9972426470588236,0.0,0.8571428571428571,0.058792159569240554,1.1746795177459717
affinity_10pct,13,4095,"11,12,13,14,15",verb,0.9564625850340136,0.011773927424713993,0.8761904761904763,0.9940257352941176,0.0,0.7857142857142857,0.05339358461083199,1.231907844543457
affinity_10pct,14,4095,"11,12,13,14,15",verb,0.9523809523809523,0.016663195529137274,0.880952380952381,0.9900832043343653,0.0,0.7619047619047619,0.0394651198305942,1.3003623485565186
affinity_10pct,15,4095,"11,12,13,14,15",verb,0.9419501133786848,0.004884503226425861,0.8666666666666668,0.9876886609907121,0.0,0.7857142857142857,0.00937119333861025,1.6001415252685547
coverage_10pct,0,4095,"11,12,13,14,15",verb,0.9741496598639456,0.01839951272117986,0.8857142857142858,0.9667960239651416,0.0,0.5952380952380952,0.12785899876469864,0.7527392506599426
coverage_10pct,1,4095,"11,12,13,14,15",verb,0.9845804988662131,0.012286818307613696,0.9476190476190476,0.9856193025455796,0.0,0.5714285714285714,0.12986798800259236,0.7486560940742493
coverage_10pct,2,4095,"11,12,13,14,15",verb,0.9800453514739228,0.014080884078240413,0.9380952380952381,0.9898968724916868,0.0,0.7142857142857143,0.12498541924109496,0.8513121604919434
coverage_10pct,3,4095,"11,12,13,14,15",verb,0.9823129251700682,0.012453088632876185,0.9333333333333333,0.9945372520353171,0.0,0.7380952380952381,0.12200626653297575,0.7982462644577026
coverage_10pct,4,4095,"11,12,13,14,15",verb,0.9755102040816327,0.01567088666047256,0.9047619047619049,0.9967830882352942,0.0,0.7619047619047619,0.10005948828507771,0.8067423105239868
coverage_10pct,5,4095,"11,12,13,14,15",verb,0.9768707482993199,0.018555349247599787,0.9,0.9977022058823529,0.0,0.8571428571428571,0.10486563305237184,0.8301989436149597
coverage_10pct,6,4095,"11,12,13,14,15",verb,0.9736961451247167,0.020861678004535138,0.9047619047619048,0.9977022058823529,0.0,0.8571428571428571,0.09264939712570108,0.8393893837928772
coverage_10pct,7,4095,"11,12,13,14,15",verb,0.9764172335600907,0.01800402108052534,0.9095238095238096,0.9981617647058824,0.0,0.8571428571428571,0.08574040773850633,0.8337516188621521
coverage_10pct,8,4095,"11,12,13,14,15",verb,0.9782312925170068,0.016576568600904378,0.9333333333333333,0.9990808823529411,0.0,0.9047619047619048,0.0677885652492991,0.8910029530525208
coverage_10pct,9,4095,"11,12,13,14,15",verb,0.9746031746031745,0.015801588562525476,0.9285714285714286,0.9986213235294118,0.0,0.8809523809523809,0.06066134897794517,0.916698157787323
coverage_10pct,10,4095,"11,12,13,14,15",verb,0.980498866213152,0.011791383219954649,0.9380952380952381,0.9981617647058824,0.0,0.8809523809523809,0.08336409484143104,1.0956169366836548
coverage_10pct,11,4095,"11,12,13,14,15",verb,0.9777777777777779,0.009769006452851708,0.9142857142857144,0.9977022058823529,0.0,0.8571428571428571,0.06821954704583066,1.1473045349121094
coverage_10pct,12,4095,"11,12,13,14,15",verb,0.9750566893424036,0.007984950957668428,0.9,0.9977022058823529,0.0,0.8571428571428571,0.07018044918839883,1.2192186117172241
coverage_10pct,13,4095,"11,12,13,14,15",verb,0.9673469387755101,0.010301874550204586,0.880952380952381,0.9923809984520124,0.0,0.7857142857142857,0.06648380845681812,1.309746503829956
coverage_10pct,14,4095,"11,12,13,14,15",verb,0.9605442176870748,0.01311277305650882,0.8619047619047618,0.9882449690402477,0.0,0.7619047619047619,0.05697458255812171,1.4004615545272827
coverage_10pct,15,4095,"11,12,13,14,15",verb,0.9523809523809523,0.016539303881007227,0.8571428571428571,0.985124806501548,0.0,0.7619047619047619,0.015008597284769887,1.763364315032959
mass_10pct,0,4095,"11,12,13,14,15",verb,0.9741496598639456,0.01839951272117986,0.8857142857142858,0.9667960239651416,0.0,0.5952380952380952,0.12785899876469864,0.7527392506599426
mass_10pct,1,4095,"11,12,13,14,15",verb,0.9845804988662131,0.012286818307613696,0.9476190476190476,0.9856193025455796,0.0,0.5714285714285714,0.12986798800259236,0.7486560940742493
mass_10pct,2,4095,"11,12,13,14,15",verb,0.9800453514739228,0.014080884078240413,0.9380952380952381,0.9898968724916868,0.0,0.7142857142857143,0.12498541924109496,0.8513121604919434
mass_10pct,3,4095,"11,12,13,14,15",verb,0.9823129251700682,0.012453088632876185,0.9333333333333333,0.9945372520353171,0.0,0.7380952380952381,0.12200626653297575,0.7982462644577026
mass_10pct,4,4095,"11,12,13,14,15",verb,0.9755102040816327,0.01567088666047256,0.9047619047619049,0.9967830882352942,0.0,0.7619047619047619,0.10005948828507771,0.8067423105239868
mass_10pct,5,4095,"11,12,13,14,15",verb,0.9768707482993199,0.018555349247599787,0.9,0.9977022058823529,0.0,0.8571428571428571,0.10486563305237184,0.8301989436149597
mass_10pct,6,4095,"11,12,13,14,15",verb,0.9736961451247167,0.020861678004535138,0.9047619047619048,0.9977022058823529,0.0,0.8571428571428571,0.09264939712570108,0.8393893837928772
mass_10pct,7,4095,"11,12,13,14,15",verb,0.9764172335600907,0.01800402108052534,0.9095238095238096,0.9981617647058824,0.0,0.8571428571428571,0.08574040773850633,0.8337516188621521
mass_10pct,8,4095,"11,12,13,14,15",verb,0.9782312925170068,0.016576568600904378,0.9333333333333333,0.9990808823529411,0.0,0.9047619047619048,0.0677885652492991,0.8910029530525208
mass_10pct,9,4095,"11,12,13,14,15",verb,0.9746031746031745,0.015801588562525476,0.9285714285714286,0.9986213235294118,0.0,0.8809523809523809,0.06066134897794517,0.916698157787323
mass_10pct,10,4095,"11,12,13,14,15",verb,0.980498866213152,0.011791383219954649,0.9380952380952381,0.9981617647058824,0.0,0.8809523809523809,0.08336409484143104,1.0956169366836548
mass_10pct,11,4095,"11,12,13,14,15",verb,0.9768707482993196,0.009977324263038536,0.9238095238095239,0.9981617647058824,0.0,0.8571428571428571,0.06692358326263348,1.119962215423584
mass_10pct,12,4095,"11,12,13,14,15",verb,0.9755102040816327,0.007507004697164095,0.9142857142857143,0.9981617647058824,0.0,0.8571428571428571,0.06727854595728056,1.1641157865524292
mass_10pct,13,4095,"11,12,13,14,15",verb,0.9659863945578231,0.008362398600719101,0.8904761904761905,0.9944852941176471,0.0,0.7857142857142857,0.06244265935916793,1.2296916246414185
mass_10pct,14,4095,"11,12,13,14,15",verb,0.963265306122449,0.01486255746773149,0.9,0.9872291021671826,0.0,0.7619047619047619,0.05235673973686017,1.329444169998169
mass_10pct,15,4095,"11,12,13,14,15",verb,0.9473922902494332,0.0227843205207809,0.880952380952381,0.9807952786377709,0.0,0.7142857142857143,0.012340941511592152,1.636215329170227
random_10pct_seed0,0,4095,"11,12,13,14,15",verb,0.9741496598639456,0.01839951272117986,0.8857142857142858,0.9667960239651416,0.0,0.5952380952380952,0.12785899876469864,0.7527392506599426
random_10pct_seed0,1,4095,"11,12,13,14,15",verb,0.9845804988662131,0.012286818307613696,0.9476190476190476,0.9856193025455796,0.0,0.5714285714285714,0.12986798800259236,0.7486560940742493
random_10pct_seed0,2,4095,"11,12,13,14,15",verb,0.9800453514739228,0.014080884078240413,0.9380952380952381,0.9898968724916868,0.0,0.7142857142857143,0.12498541924109496,0.8513121604919434
random_10pct_seed0,3,4095,"11,12,13,14,15",verb,0.9823129251700682,0.012453088632876185,0.9333333333333333,0.9945372520353171,0.0,0.7380952380952381,0.12200626653297575,0.7982462644577026
random_10pct_seed0,4,4095,"11,12,13,14,15",verb,0.9755102040816327,0.01567088666047256,0.9047619047619049,0.9967830882352942,0.0,0.7619047619047619,0.10005948828507771,0.8067423105239868
random_10pct_seed0,5,4095,"11,12,13,14,15",verb,0.9768707482993199,0.018555349247599787,0.9,0.9977022058823529,0.0,0.8571428571428571,0.10486563305237184,0.8301989436149597
random_10pct_seed0,6,4095,"11,12,13,14,15",verb,0.9736961451247167,0.020861678004535138,0.9047619047619048,0.9977022058823529,0.0,0.8571428571428571,0.09264939712570108,0.8393893837928772
random_10pct_seed0,7,4095,"11,12,13,14,15",verb,0.9764172335600907,0.01800402108052534,0.9095238095238096,0.9981617647058824,0.0,0.8571428571428571,0.08574040773850633,0.8337516188621521
random_10pct_seed0,8,4095,"11,12,13,14,15",verb,0.9782312925170068,0.016576568600904378,0.9333333333333333,0.9990808823529411,0.0,0.9047619047619048,0.0677885652492991,0.8910029530525208
random_10pct_seed0,9,4095,"11,12,13,14,15",verb,0.9746031746031745,0.015801588562525476,0.9285714285714286,0.9986213235294118,0.0,0.8809523809523809,0.06066134897794517,0.916698157787323
random_10pct_seed0,10,4095,"11,12,13,14,15",verb,0.980498866213152,0.011791383219954649,0.9380952380952381,0.9981617647058824,0.0,0.8809523809523809,0.08336409484143104,1.0956169366836548
random_10pct_seed0,11,4095,"11,12,13,14,15",verb,0.9741496598639456,0.009577647202695177,0.9190476190476191,0.9981617647058824,0.0,0.8571428571428571,0.0706205784333338,1.1525059938430786
random_10pct_seed0,12,4095,"11,12,13,14,15",verb,0.9741496598639456,0.011615644875161606,0.8952380952380953,0.9981617647058824,0.0,0.8571428571428571,0.0674021344045117,1.250267744064331
random_10pct_seed0,13,4095,"11,12,13,14,15",verb,0.9619047619047618,0.012033105815348364,0.8857142857142856,0.993203366873065,0.0,0.7619047619047619,0.056587622783853764,1.3649674654006958
random_10pct_seed0,14,4095,"11,12,13,14,15",verb,0.9505668934240361,0.01782030177268797,0.8619047619047618,0.9891640866873066,0.0,0.7619047619047619,0.043230504645168866,1.4331568479537964
random_10pct_seed0,15,4095,"11,12,13,14,15",verb,0.9401360544217686,0.018950188132223288,0.8476190476190476,0.9864067337461301,0.0,0.7619047619047619,0.0059516332537388195,2.0071065425872803
random_10pct_seed1,0,4095,"11,12,13,14,15",verb,0.9741496598639456,0.01839951272117986,0.8857142857142858,0.9667960239651416,0.0,0.5952380952380952,0.12785899876469864,0.7527392506599426
random_10pct_seed1,1,4095,"11,12,13,14,15",verb,0.9845804988662131,0.012286818307613696,0.9476190476190476,0.9856193025455796,0.0,0.5714285714285714,0.12986798800259236,0.7486560940742493
random_10pct_seed1,2,4095,"11,12,13,14,15",verb,0.9800453514739228,0.014080884078240413,0.9380952380952381,0.9898968724916868,0.0,0.7142857142857143,0.12498541924109496,0.8513121604919434
random_10pct_seed1,3,4095,"11,12,13,14,15",verb,0.9823129251700682,0.012453088632876185,0.9333333333333333,0.9945372520353171,0.0,0.7380952380952381,0.12200626653297575,0.7982462644577026
random_10pct_seed1,4,4095,"11,12,13,14,15",verb,0.9755102040816327,0.01567088666047256,0.9047619047619049,0.9967830882352942,0.0,0.7619047619047619,0.10005948828507771,0.8067423105239868
random_10pct_seed1,5,4095,"11,12,13,14,15",verb,0.9768707482993199,0.018555349247599787,0.9,0.9977022058823529,0.0,0.8571428571428571,0.10486563305237184,0.8301989436149597
random_10pct_seed1,6,4095,"11,12,13,14,15",verb,0.9736961451247167,0.020861678004535138,0.9047619047619048,0.9977022058823529,0.0,0.8571428571428571,0.09264939712570108,0.8393893837928772
random_10pct_seed1,7,4095,"11,12,13,14,15",verb,0.9764172335600907,0.01800402108052534,0.9095238095238096,0.9981617647058824,0.0,0.8571428571428571,0.08574040773850633,0.8337516188621521
random_10pct_seed1,8,4095,"11,12,13,14,15",verb,0.9782312925170068,0.016576568600904378,0.9333333333333333,0.9990808823529411,0.0,0.9047619047619048,0.0677885652492991,0.8910029530525208
random_10pct_seed1,9,4095,"11,12,13,14,15",verb,0.9746031746031745,0.015801588562525476,0.9285714285714286,0.9986213235294118,0.0,0.8809523809523809,0.06066134897794517,0.916698157787323
random_10pct_seed1,10,4095,"11,12,13,14,15",verb,0.980498866213152,0.011791383219954649,0.9380952380952381,0.9981617647058824,0.0,0.8809523809523809,0.08336409484143104,1.0956169366836548
random_10pct_seed1,11,4095,"11,12,13,14,15",verb,0.9768707482993196,0.010281890293655003,0.9238095238095239,0.9981617647058824,0.0,0.8571428571428571,0.06945450641818052,1.1457463502883911
random_10pct_seed1,12,4095,"11,12,13,14,15",verb,0.9755102040816326,0.007642766234173543,0.9095238095238095,0.9981617647058824,0.0,0.8571428571428571,0.06636803361694588,1.2325297594070435
random_10pct_seed1,13,4095,"11,12,13,14,15",verb,0.9673469387755101,0.011791383219954607,0.880952380952381,0.991921439628483,0.0,0.7619047619047619,0.05795724058278218,1.3317662477493286
random_10pct_seed1,14,4095,"11,12,13,14,15",verb,0.961451247165533,0.01690825567556212,0.8571428571428571,0.9883417182662538,0.0,0.7619047619047619,0.03877437368558545,1.3919535875320435
random_10pct_seed1,15,4095,"11,12,13,14,15",verb,0.9496598639455783,0.013253187479548697,0.8619047619047618,0.9859471749226006,0.0,0.7619047619047619,0.0058000955581090086,1.8982287645339966
random_10pct_seed2,0,4095,"11,12,13,14,15",verb,0.9741496598639456,0.01839951272117986,0.8857142857142858,0.9667960239651416,0.0,0.5952380952380952,0.12785899876469864,0.7527392506599426
random_10pct_seed2,1,4095,"11,12,13,14,15",verb,0.9845804988662131,0.012286818307613696,0.9476190476190476,0.9856193025455796,0.0,0.5714285714285714,0.12986798800259236,0.7486560940742493
random_10pct_seed2,2,4095,"11,12,13,14,15",verb,0.9800453514739228,0.014080884078240413,0.9380952380952381,0.9898968724916868,0.0,0.7142857142857143,0.12498541924109496,0.8513121604919434
random_10pct_seed2,3,4095,"11,12,13,14,15",verb,0.9823129251700682,0.012453088632876185,0.9333333333333333,0.9945372520353171,0.0,0.7380952380952381,0.12200626653297575,0.7982462644577026
random_10pct_seed2,4,4095,"11,12,13,14,15",verb,0.9755102040816327,0.01567088666047256,0.9047619047619049,0.9967830882352942,0.0,0.7619047619047619,0.10005948828507771,0.8067423105239868
random_10pct_seed2,5,4095,"11,12,13,14,15",verb,0.9768707482993199,0.018555349247599787,0.9,0.9977022058823529,0.0,0.8571428571428571,0.10486563305237184,0.8301989436149597
random_10pct_seed2,6,4095,"11,12,13,14,15",verb,0.9736961451247167,0.020861678004535138,0.9047619047619048,0.9977022058823529,0.0,0.8571428571428571,0.09264939712570108,0.8393893837928772
random_10pct_seed2,7,4095,"11,12,13,14,15",verb,0.9764172335600907,0.01800402108052534,0.9095238095238096,0.9981617647058824,0.0,0.8571428571428571,0.08574040773850633,0.8337516188621521
random_10pct_seed2,8,4095,"11,12,13,14,15",verb,0.9782312925170068,0.016576568600904378,0.9333333333333333,0.9990808823529411,0.0,0.9047619047619048,0.0677885652492991,0.8910029530525208
random_10pct_seed2,9,4095,"11,12,13,14,15",verb,0.9746031746031745,0.015801588562525476,0.9285714285714286,0.9986213235294118,0.0,0.8809523809523809,0.06066134897794517,0.916698157787323
random_10pct_seed2,10,4095,"11,12,13,14,15",verb,0.980498866213152,0.011791383219954649,0.9380952380952381,0.9981617647058824,0.0,0.8809523809523809,0.08336409484143104,1.0956169366836548
random_10pct_seed2,11,4095,"11,12,13,14,15",verb,0.9741496598639454,0.012135227356244595,0.9238095238095239,0.9981617647058824,0.0,0.8571428571428571,0.07083835715432951,1.1424328088760376
random_10pct_seed2,12,4095,"11,12,13,14,15",verb,0.9723356009070294,0.010865440862322828,0.8952380952380953,0.9981617647058824,0.0,0.8571428571428571,0.0666992091667773,1.2394304275512695
random_10pct_seed2,13,4095,"11,12,13,14,15",verb,0.9664399092970521,0.013175364214361853,0.8761904761904761,0.993203366873065,0.0,0.7857142857142857,0.05769723542703353,1.3438982963562012
random_10pct_seed2,14,4095,"11,12,13,14,15",verb,0.9560090702947847,0.018174571346497866,0.8761904761904761,0.9891640866873066,0.0,0.7619047619047619,0.04181946414029314,1.389318585395813
random_10pct_seed2,15,4095,"11,12,13,14,15",verb,0.9501133786848073,0.014124636283353717,0.8666666666666666,0.9868662925696595,0.0,0.7619047619047619,0.005868959430768039,1.9243978261947632
random_10pct_seed3,0,4095,"11,12,13,14,15",verb,0.9741496598639456,0.01839951272117986,0.8857142857142858,0.9667960239651416,0.0,0.5952380952380952,0.12785899876469864,0.7527392506599426
random_10pct_seed3,1,4095,"11,12,13,14,15",verb,0.9845804988662131,0.012286818307613696,0.9476190476190476,0.9856193025455796,0.0,0.5714285714285714,0.12986798800259236,0.7486560940742493
random_10pct_seed3,2,4095,"11,12,13,14,15",verb,0.9800453514739228,0.014080884078240413,0.9380952380952381,0.9898968724916868,0.0,0.7142857142857143,0.12498541924109496,0.8513121604919434
random_10pct_seed3,3,4095,"11,12,13,14,15",verb,0.9823129251700682,0.012453088632876185,0.9333333333333333,0.9945372520353171,0.0,0.7380952380952381,0.12200626653297575,0.7982462644577026
random_10pct_seed3,4,4095,"11,12,13,14,15",verb,0.9755102040816327,0.01567088666047256,0.9047619047619049,0.9967830882352942,0.0,0.7619047619047619,0.10005948828507771,0.8067423105239868
random_10pct_seed3,5,4095,"11,12,13,14,15",verb,0.9768707482993199,0.018555349247599787,0.9,0.9977022058823529,0.0,0.8571428571428571,0.10486563305237184,0.8301989436149597
random_10pct_seed3,6,4095,"11,12,13,14,15",verb,0.9736961451247167,0.020861678004535138,0.9047619047619048,0.9977022058823529,0.0,0.8571428571428571,0.09264939712570108,0.8393893837928772
random_10pct_seed3,7,4095,"11,12,13,14,15",verb,0.9764172335600907,0.01800402108052534,0.9095238095238096,0.9981617647058824,0.0,0.8571428571428571,0.08574040773850633,0.8337516188621521
random_10pct_seed3,8,4095,"11,12,13,14,15",verb,0.9782312925170068,0.016576568600904378,0.9333333333333333,0.9990808823529411,0.0,0.9047619047619048,0.0677885652492991,0.8910029530525208
random_10pct_seed3,9,4095,"11,12,13,14,15",verb,0.9746031746031745,0.015801588562525476,0.9285714285714286,0.9986213235294118,0.0,0.8809523809523809,0.06066134897794517,0.916698157787323
random_10pct_seed3,10,4095,"11,12,13,14,15",verb,0.980498866213152,0.011791383219954649,0.9380952380952381,0.9981617647058824,0.0,0.8809523809523809,0.08336409484143104,1.0956169366836548
random_10pct_seed3,11,4095,"11,12,13,14,15",verb,0.9746031746031745,0.011237652329581743,0.9190476190476191,0.9981617647058824,0.0,0.8571428571428571,0.06891743252062954,1.141594648361206
random_10pct_seed3,12,4095,"11,12,13,14,15",verb,0.9746031746031747,0.008532828898969063,0.9,0.9972426470588236,0.0,0.8571428571428571,0.06731536421548956,1.2369102239608765
random_10pct_seed3,13,4095,"11,12,13,14,15",verb,0.963718820861678,0.013065632916905136,0.8714285714285713,0.9940257352941176,0.0,0.7857142857142857,0.057545106708235094,1.3422073125839233
random_10pct_seed3,14,4095,"11,12,13,14,15",verb,0.9523809523809523,0.01802685434408323,0.8619047619047618,0.9890449418071322,0.0,0.7619047619047619,0.037822524906990895,1.4053542613983154
random_10pct_seed3,15,4095,"11,12,13,14,15",verb,0.9405895691609978,0.00888703761553985,0.8571428571428571,0.9889705882352942,0.0,0.7619047619047619,0.005990900772199437,1.8725825548171997
random_10pct_seed4,0,4095,"11,12,13,14,15",verb,0.9741496598639456,0.01839951272117986,0.8857142857142858,0.9667960239651416,0.0,0.5952380952380952,0.12785899876469864,0.7527392506599426
random_10pct_seed4,1,4095,"11,12,13,14,15",verb,0.9845804988662131,0.012286818307613696,0.9476190476190476,0.9856193025455796,0.0,0.5714285714285714,0.12986798800259236,0.7486560940742493
random_10pct_seed4,2,4095,"11,12,13,14,15",verb,0.9800453514739228,0.014080884078240413,0.9380952380952381,0.9898968724916868,0.0,0.7142857142857143,0.12498541924109496,0.8513121604919434
random_10pct_seed4,3,4095,"11,12,13,14,15",verb,0.9823129251700682,0.012453088632876185,0.9333333333333333,0.9945372520353171,0.0,0.7380952380952381,0.12200626653297575,0.7982462644577026
random_10pct_seed4,4,4095,"11,12,13,14,15",verb,0.9755102040816327,0.01567088666047256,0.9047619047619049,0.9967830882352942,0.0,0.7619047619047619,0.10005948828507771,0.8067423105239868
random_10pct_seed4,5,4095,"11,12,13,14,15",verb,0.9768707482993199,0.018555349247599787,0.9,0.9977022058823529,0.0,0.8571428571428571,0.10486563305237184,0.8301989436149597
random_10pct_seed4,6,4095,"11,12,13,14,15",verb,0.9736961451247167,0.020861678004535138,0.9047619047619048,0.9977022058823529,0.0,0.8571428571428571,0.09264939712570108,0.8393893837928772
random_10pct_seed4,7,4095,"11,12,13,14,15",verb,0.9764172335600907,0.01800402108052534,0.9095238095238096,0.9981617647058824,0.0,0.8571428571428571,0.08574040773850633,0.8337516188621521
random_10pct_seed4,8,4095,"11,12,13,14,15",verb,0.9782312925170068,0.016576568600904378,0.9333333333333333,0.9990808823529411,0.0,0.9047619047619048,0.0677885652492991,0.8910029530525208
random_10pct_seed4,9,4095,"11,12,13,14,15",verb,0.9746031746031745,0.015801588562525476,0.9285714285714286,0.9986213235294118,0.0,0.8809523809523809,0.06066134897794517,0.916698157787323
random_10pct_seed4,10,4095,"11,12,13,14,15",verb,0.980498866213152,0.011791383219954649,0.9380952380952381,0.9981617647058824,0.0,0.8809523809523809,0.08336409484143104,1.0956169366836548
random_10pct_seed4,11,4095,"11,12,13,14,15",verb,0.9782312925170068,0.007802562600492235,0.9238095238095239,0.9981617647058824,0.0,0.8571428571428571,0.06904655317079522,1.141603708267212
random_10pct_seed4,12,4095,"11,12,13,14,15",verb,0.9768707482993196,0.010181380644282806,0.9047619047619048,0.9981617647058824,0.0,0.8571428571428571,0.06596711277093559,1.243213415145874
random_10pct_seed4,13,4095,"11,12,13,14,15",verb,0.9678004535147393,0.011773927424713936,0.880952380952381,0.993203366873065,0.0,0.7619047619047619,0.05717875469571643,1.348738193511963
random_10pct_seed4,14,4095,"11,12,13,14,15",verb,0.9596371882086169,0.023098107171422855,0.8761904761904763,0.9891640866873066,0.0,0.7619047619047619,0.03774846888939376,1.403737187385559
random_10pct_seed4,15,4095,"11,12,13,14,15",verb,0.9469387755102041,0.018174571346497834,0.8666666666666666,0.9891640866873065,0.0,0.7619047619047619,0.005379001920220783,1.861311435699463
